$hessian                                                                        
        0.2104246720   0.0451988658  -0.1247248504   0.0273070255  -0.0199816818
        0.0174302115  -0.0036376503  -0.0022010571   0.0006190238  -0.1125056860
        0.0090931259   0.0568067270   0.0011942860   0.0021464016   0.0005036882
       -0.0016130684  -0.0039768472   0.0006640445  -0.0001067046   0.0006086159
       -0.0004198189  -0.0000299888  -0.0000599587   0.0002058591   0.0004456383
       -0.0001050381  -0.0007443165  -0.0001335950   0.0003897767  -0.0000883702
       -0.0145424106   0.0007092666   0.0045520572  -0.0060077066  -0.0002097192
        0.0047340939  -0.0009278272   0.0014448784   0.0002530503  -0.0027453826
        0.0003970852   0.0001942347   0.0000631342  -0.0009435313   0.0003732199
        0.0007706170   0.0006276307   0.0005997943   0.0000817516  -0.0000345400
       -0.0003521504   0.0002666989   0.0001827971   0.0001390451  -0.0006366343
        0.0000212645  -0.0001355016  -0.0002299560  -0.0003150940  -0.0001232603
        0.0010436320   0.0008578631  -0.0002185976   0.0004212096  -0.0006028130
       -0.0005802515  -0.0003175409   0.0001399226   0.0000796053   0.0001995871
       -0.0000509245   0.0004532016  -0.0003040617   0.0000075801  -0.0000300235
        0.0007149291   0.0005391683  -0.0001409070   0.0002108049   0.0001000722
       -0.0001720937   0.0001160336  -0.0001706141   0.0001960349  -0.0003713733
       -0.0003988070  -0.0001160747  -0.0000681613  -0.0000690995   0.0003942661
        0.0001386865  -0.0001028030  -0.0003543283  -0.0004679025   0.0001954488
        0.0001660137   0.0000462207  -0.0000193536  -0.0001508517  -0.0001664895
       -0.0000171949  -0.0001592274  -0.0001704746   0.0000737762   0.0001560465
        0.0001100730   0.0001785076  -0.0000205073   0.0001717074   0.0003366119
       -0.0002091684   0.0004897520   0.0001914900  -0.0000389044  -0.0002339379
       -0.0001509182   0.0000079064  -0.0003947930  -0.0002383952   0.0001887362
       -0.0396955900  -0.0287514721   0.0524556321  -0.0607929221  -0.0040884090
       -0.0119410750   0.0001411460   0.0007569212  -0.0007631617  -0.0003221945
       -0.0002548272   0.0003014558  -0.0000568424   0.0001900732  -0.0000554083
        0.0000716348  -0.0000380702   0.0001588729   0.0017674786  -0.0012270588
       -0.0001224804   0.0000541623   0.0001393047  -0.0000302143  -0.0002580820
       -0.0003478668  -0.0000529240  -0.0000190893  -0.0000805495  -0.0001206064
        0.0000122257  -0.0001517138   0.0001551545   0.0001270421   0.0000289823
        0.0001051089   0.0001130425  -0.0001019875  -0.0000314321   0.0001358675
        0.0000295508   0.0000716577   0.0001170064   0.0001053636  -0.0000682365
        0.0451988658   0.1808873890  -0.1707378018  -0.0164009523  -0.1048246620
        0.0693589706  -0.0006605683  -0.0083531431  -0.0035986885  -0.0417329885
       -0.0018644081   0.0156333457   0.0016582107   0.0010273769   0.0006031894
       -0.0014704366  -0.0084047208   0.0057804811   0.0008350136   0.0023590386
        0.0012210946   0.0004991983   0.0005155916  -0.0000107634  -0.0029697730
       -0.0015897965   0.0000876679   0.0001390615  -0.0008433083  -0.0001810710
        0.0152931976  -0.0004202056  -0.0052456672   0.0014508819  -0.0004260212
        0.0016129028   0.0044159843   0.0004917065  -0.0021042932   0.0021767521
       -0.0007154730  -0.0000905803  -0.0005341834   0.0013335322  -0.0005830744
        0.0004018934  -0.0005762697  -0.0013634682   0.0003968727   0.0003625148
        0.0012561851  -0.0002635360  -0.0002185345  -0.0006446538   0.0001821248
       -0.0000786830  -0.0000214358   0.0000519081   0.0001878381   0.0001326683
       -0.0003497081  -0.0008890632   0.0006355395   0.0007777192   0.0001520894
        0.0007337202  -0.0000124609   0.0001832249   0.0000306814  -0.0009694390
        0.0001779639  -0.0010074912   0.0004635895   0.0001208991   0.0001509280
       -0.0006616882  -0.0011369630   0.0005671398  -0.0002338984   0.0004593838
        0.0000334226   0.0000573641   0.0000812120   0.0000536636   0.0005804079
        0.0003417048   0.0000400390   0.0000900727   0.0001686478  -0.0003923905
       -0.0002834257   0.0003275424   0.0003518902   0.0006690442  -0.0008966586
        0.0000311664   0.0003821667   0.0005564488   0.0004880056  -0.0000920788
        0.0000431171  -0.0002394304   0.0000049874  -0.0003755231  -0.0003026328
       -0.0005847363  -0.0003956301  -0.0001236402  -0.0001932822  -0.0001203384
        0.0003218768  -0.0003867240  -0.0002516597   0.0000610952   0.0001509104
        0.0003536636  -0.0000957415   0.0003117371   0.0001283881  -0.0001050410
       -0.0299784538  -0.0495197023   0.0719432215   0.0235340463  -0.0095632320
        0.0152562647  -0.0004817824   0.0008637413   0.0004580274  -0.0001283555
       -0.0002832744  -0.0002133601  -0.0001582377  -0.0001893756   0.0000107786
       -0.0003009396  -0.0000302051  -0.0000001611  -0.0005399292   0.0002384320
        0.0004290677  -0.0001038373  -0.0000049298   0.0000351641  -0.0000207968
        0.0004867188  -0.0001801329  -0.0000975954   0.0000985917  -0.0000034337
        0.0001655772   0.0000400388   0.0000184715  -0.0000876340  -0.0000414205
       -0.0000441266  -0.0000416366   0.0001324102  -0.0000159408  -0.0001089868
       -0.0000196489  -0.0000234866  -0.0000395229  -0.0000863561  -0.0000081618
       -0.1247248504  -0.1707378018   0.3183585309   0.0224635298   0.1059840274
       -0.0764983494   0.0020740099   0.0015014460   0.0007571290   0.0721984195
       -0.0111797133  -0.0591122355  -0.0007199007  -0.0015926004  -0.0011018860
       -0.0003249314   0.0015742874  -0.0009880805  -0.0001070870  -0.0010640815
        0.0003300622   0.0000113450   0.0000311836  -0.0000497954  -0.0013439913
       -0.0014669244   0.0001864740   0.0000578702  -0.0001339282   0.0001958828
        0.0029702345   0.0009382097  -0.0000271812  -0.0024569749  -0.0011861861
        0.0020211639   0.0005283914   0.0013714551  -0.0003119430   0.0007591563
        0.0001097050   0.0012325205   0.0006647105   0.0003715560   0.0001998830
        0.0000281010  -0.0003587628   0.0000324108  -0.0000780809  -0.0001581573
       -0.0000413838  -0.0001979836   0.0001365243   0.0000158999   0.0000691395
       -0.0000315498  -0.0002720456   0.0000332170   0.0000591135  -0.0000959941
       -0.0004021052  -0.0002402529   0.0007965509   0.0007083843  -0.0003662823
       -0.0011725791  -0.0002661296   0.0003721939   0.0004542553  -0.0002949893
       -0.0000106147  -0.0001973937  -0.0001690479  -0.0000257871   0.0000840494
       -0.0001572671  -0.0000485104  -0.0000370151   0.0002028641   0.0001982027
        0.0000308791   0.0001244915  -0.0000610853   0.0000721141  -0.0000689796
        0.0001758950   0.0002102746  -0.0000151734  -0.0000419069  -0.0000842105
       -0.0002518411  -0.0001267187  -0.0003741016  -0.0002780146  -0.0001934889
        0.0002179810   0.0002730980   0.0003606378   0.0000194633   0.0001133325
        0.0001895524  -0.0000203677   0.0000281746  -0.0001983019   0.0000041279
       -0.0000565290   0.0000043061   0.0000053315   0.0000469656  -0.0000627211
       -0.0001391041  -0.0001361992  -0.0000384917   0.0000938326   0.0000588289
        0.0002086403  -0.0000476314   0.0002027449   0.0000361311  -0.0000408979
        0.0566600869   0.0673810639  -0.1590384750  -0.0278723904   0.0078242160
       -0.0248455859  -0.0003289923  -0.0002943863   0.0000455155   0.0001198164
        0.0001373188  -0.0001661718   0.0000322747  -0.0001368071  -0.0000559529
       -0.0000071659   0.0000568180  -0.0001500391  -0.0002479212   0.0006708687
       -0.0004334670   0.0000109304  -0.0001060535   0.0000098363   0.0000429186
        0.0002110244  -0.0002320359   0.0000827884  -0.0000065450   0.0000813082
        0.0001851857   0.0000585214   0.0000325143  -0.0000721220  -0.0000254516
       -0.0000395553  -0.0000428020  -0.0000042571   0.0000365184  -0.0000491108
       -0.0000471606   0.0000079593  -0.0000804293  -0.0000183700   0.0000410098
        0.0273070255  -0.0164009523   0.0224635298   0.0668778096   0.0204585478
       -0.0101321250  -0.0180079000  -0.0196469879   0.0071648022  -0.0103162858
        0.0081110222  -0.0001928920  -0.0002275615  -0.0047403766   0.0044185522
       -0.0093244154  -0.0035351217   0.0011820898   0.0014012667   0.0027384143
        0.0023971375   0.0002660039  -0.0006900967  -0.0004564423  -0.0032195662
       -0.0007919752  -0.0019192583  -0.0000507060  -0.0006181945  -0.0001945626
       -0.0019986426  -0.0022076382  -0.0004175725  -0.0122959200   0.0029309811
        0.0011774620  -0.0065140834  -0.0000074913  -0.0001381381   0.0019997364
       -0.0002698875   0.0000877694  -0.0007064992  -0.0014586300  -0.0003476939
        0.0005464717   0.0008904683   0.0013566373  -0.0011616325  -0.0011844267
       -0.0005765955  -0.0004531778   0.0007524946   0.0003264308  -0.0003116990
       -0.0006841979  -0.0004507675   0.0004489972  -0.0002985754   0.0001850576
       -0.0017228911   0.0001662610  -0.0004951736  -0.0022443632  -0.0002460402
       -0.0007758768   0.0006643084   0.0004587626   0.0002729371   0.0014795387
       -0.0000075600   0.0010574146  -0.0002608261  -0.0001193142   0.0001363642
        0.0004691132   0.0003128732  -0.0003767069   0.0003368597   0.0002875326
       -0.0000597700   0.0000947806   0.0001889434  -0.0001685188  -0.0003895876
       -0.0002449540   0.0000813471  -0.0000266938  -0.0001536739   0.0002744624
        0.0001376203  -0.0002036219  -0.0001013297  -0.0004698836   0.0006597092
       -0.0001403934  -0.0002124401  -0.0003684102  -0.0004482558  -0.0000531604
       -0.0001323999   0.0001177701  -0.0000232176   0.0002511685   0.0001261383
        0.0003320477   0.0003197906   0.0001188317   0.0001523943   0.0001406037
       -0.0001911226   0.0001987708   0.0001398150  -0.0000428068  -0.0001723615
       -0.0003147968   0.0000568960  -0.0002021779  -0.0002073945   0.0001761735
       -0.0031979433  -0.0018971734  -0.0005265233  -0.0297731401   0.0093958350
       -0.0199488659   0.0018123792   0.0070557153  -0.0048890927  -0.0004500030
        0.0001734219  -0.0004813220  -0.0002312424   0.0001708814   0.0001920586
        0.0001147120   0.0004394499   0.0000287393  -0.0012985718   0.0006320349
        0.0002909217  -0.0000810488   0.0001515560  -0.0000676347   0.0005189729
       -0.0005235632   0.0000321441  -0.0000060351  -0.0000061053  -0.0001404385
       -0.0001927479  -0.0000926552  -0.0000197139   0.0000758524   0.0000511886
        0.0000975097   0.0001161764  -0.0000297277  -0.0000348861   0.0001411864
        0.0000927614  -0.0000158685   0.0001044009   0.0001117099  -0.0000688291
       -0.0199816818  -0.1048246620   0.1059840274   0.0204585478   0.2261046824
       -0.1226242322  -0.0085707181  -0.0402596882   0.0699608536   0.0209877652
       -0.0204662171  -0.0186701748  -0.0034887044  -0.0042745415   0.0034586102
        0.0028345732  -0.0265032571  -0.0322313745  -0.0026130588  -0.0153848889
       -0.0072388495   0.0002161777  -0.0009385541  -0.0005580718  -0.0013393438
       -0.0031576999   0.0009809212   0.0008269572   0.0012267809   0.0005911192
       -0.0007294812  -0.0005689289   0.0087531127   0.0053057414   0.0013148431
       -0.0043683901  -0.0020173851  -0.0018808000   0.0018591128  -0.0031580261
        0.0003139324   0.0016749576  -0.0005879649   0.0000713343   0.0000842125
        0.0003815067   0.0009449268   0.0020814585  -0.0005452116   0.0001027785
       -0.0027843628   0.0005452643  -0.0004629430   0.0005198859   0.0004120052
       -0.0001870127   0.0008062514  -0.0002390124  -0.0002017767  -0.0000397117
        0.0007730326   0.0003117013  -0.0007228580   0.0017345418   0.0018573694
        0.0000927186   0.0010551088  -0.0012299830  -0.0001715765  -0.0001480249
        0.0001489259  -0.0001544818  -0.0004292368  -0.0002070341  -0.0001600747
       -0.0000737037  -0.0000063432  -0.0013045072   0.0000096690  -0.0008164788
        0.0002152208  -0.0000023552  -0.0002423052  -0.0001353222  -0.0007338242
        0.0001508329   0.0002177685   0.0000388767  -0.0001217710   0.0003496107
        0.0000683770   0.0000738606   0.0003520785   0.0001173250   0.0004463896
       -0.0005053274  -0.0000725472  -0.0003938661   0.0000764890   0.0000454456
        0.0001280848   0.0001227634  -0.0003281266   0.0000397513  -0.0000322049
        0.0004748424   0.0001015457   0.0004563578   0.0004933883  -0.0001797723
       -0.0002693682   0.0000746199   0.0003707708  -0.0000285287  -0.0003774207
        0.0001803301  -0.0000268697  -0.0001664855  -0.0003845066   0.0000649615
       -0.0027473046  -0.0084687103  -0.0025980476  -0.0083074799   0.0007681296
       -0.0080102613  -0.0009976772  -0.0041168738   0.0039692685  -0.0001968830
        0.0013423884   0.0016467015   0.0000356379   0.0000379732  -0.0000174352
        0.0002134541   0.0000118880   0.0001420958   0.0007477195  -0.0007865747
       -0.0020578552   0.0000713742   0.0001690874  -0.0000014573  -0.0003486598
       -0.0000858405   0.0002844528  -0.0000319863   0.0000320399  -0.0001496215
       -0.0001412865  -0.0001544339  -0.0000127276   0.0001643710  -0.0000039547
        0.0000568175   0.0000838728  -0.0000851743   0.0000097293   0.0001202399
        0.0000029017   0.0000913519   0.0000831549   0.0001413436  -0.0000292163
        0.0174302115   0.0693589706  -0.0764983494  -0.0101321250  -0.1226242322
        0.1484579295  -0.0099218028   0.0229428417  -0.0671735975  -0.0200477300
        0.0062697677   0.0013839471   0.0122322426   0.0117734519   0.0052590532
        0.0058032588  -0.0002284922  -0.0007901833   0.0010869344  -0.0063664689
       -0.0020421108   0.0002079223  -0.0001789758  -0.0001707239  -0.0068951623
       -0.0045080908   0.0020264185   0.0007988164  -0.0005098570  -0.0006395894
        0.0030544818   0.0001584606  -0.0012015885   0.0035489617   0.0019636226
        0.0024404630   0.0010801290  -0.0007821916  -0.0048001928   0.0028194822
       -0.0006486318  -0.0003377678  -0.0003644491   0.0002128795  -0.0017665993
       -0.0010871336   0.0010300501  -0.0003042973  -0.0009771822  -0.0006433516
       -0.0001621461  -0.0009736197   0.0007882594   0.0005696836   0.0012720173
       -0.0008106068  -0.0008657106   0.0007023258   0.0002229457   0.0001348289
       -0.0003630246  -0.0003765366   0.0001204883  -0.0003014850  -0.0008177787
        0.0002883165   0.0003682633   0.0007468309   0.0004466464  -0.0005135597
        0.0000733492  -0.0003870325  -0.0002614317  -0.0001553268   0.0003785442
       -0.0006670242  -0.0013449544   0.0002719485  -0.0006432877   0.0002871001
        0.0001426709  -0.0002626046   0.0003295769  -0.0005874162   0.0005454175
        0.0005123703   0.0004315454  -0.0001721287   0.0002342654  -0.0002889300
        0.0000027923   0.0002934538  -0.0000177734   0.0003558997  -0.0006134763
        0.0003904843   0.0003777670   0.0004408303   0.0000929387  -0.0000901267
       -0.0001082878  -0.0002252140   0.0000371471  -0.0002384779  -0.0002863867
       -0.0004490986  -0.0005385292  -0.0001569210  -0.0002091371  -0.0002801490
        0.0000533518  -0.0001442022  -0.0001776791   0.0002014804   0.0001416504
        0.0002829358  -0.0000529463   0.0001707404   0.0002122402  -0.0001290834
        0.0008654502   0.0100447890   0.0011278814   0.0020432740  -0.0018601054
       -0.0004830295   0.0012837506   0.0146448163  -0.0067048795  -0.0009955056
        0.0006075959   0.0003000951  -0.0001040479  -0.0000503065   0.0003303431
       -0.0001716218   0.0000204262  -0.0000970018  -0.0003530534   0.0001558639
        0.0012110186  -0.0001965942  -0.0000366142   0.0000308947   0.0001507167
        0.0001731821  -0.0001014451  -0.0000229980   0.0000379844   0.0001315446
        0.0001027465   0.0001118077   0.0000157126  -0.0000529832  -0.0000079706
       -0.0000215582   0.0000119856   0.0000991762   0.0000529374  -0.0000823812
       -0.0000341060  -0.0000123830  -0.0000388841  -0.0000886472   0.0000136907
       -0.0036376503  -0.0006605683   0.0020740099  -0.0180079000  -0.0085707181
       -0.0099218028   0.3235821756   0.0321560245   0.1766716565   0.0016038860
        0.0010365752  -0.0024893148  -0.1790727041  -0.0459802976  -0.0537083582
       -0.0057297511   0.0058181608  -0.0154286903   0.0013581273   0.0026518248
        0.0034192727  -0.0002825524  -0.0004933044   0.0006467419  -0.0049552579
       -0.0022751213  -0.0021909601   0.0001976087   0.0004400369  -0.0004674015
       -0.0005849409   0.0004492294   0.0005181215  -0.0025013922  -0.0009960112
       -0.0004487566  -0.0078566522   0.0017861095  -0.0155739754   0.0007795198
        0.0005527702  -0.0002677311   0.0003801182  -0.0003277500   0.0009273919
       -0.0020191796   0.0021970888   0.0005720935  -0.0003597313  -0.0003919742
       -0.0005219220  -0.0007628811   0.0008825825   0.0009606067   0.0006258565
       -0.0010680370  -0.0015091496   0.0005566127  -0.0001747192  -0.0001875607
       -0.0000589326   0.0004558654   0.0001791355   0.0001134025  -0.0010534287
       -0.0005221990  -0.0007107488   0.0004361209  -0.0004523592   0.0003924908
       -0.0002173514   0.0004217441   0.0002450379  -0.0001290123   0.0001465354
       -0.0001429652  -0.0001834960   0.0002442266  -0.0000990813   0.0005820207
        0.0002390100   0.0000984903   0.0000233363  -0.0001371193   0.0000024457
       -0.0001725395   0.0002191122  -0.0001436136   0.0003178586   0.0001418293
        0.0001822419  -0.0002582801  -0.0000488750  -0.0003247863   0.0004402874
        0.0000335809  -0.0000608979  -0.0000768100  -0.0001018142  -0.0000180631
       -0.0000553314  -0.0000625615  -0.0000942050   0.0000959331  -0.0000205941
       -0.0000743085   0.0000432960   0.0000061498   0.0000218801   0.0002713889
       -0.0002266757   0.0003803881   0.0000288660   0.0001295191  -0.0001168984
       -0.0000678075   0.0000112552  -0.0002390018  -0.0001415948   0.0001600028
        0.0010521914  -0.0014102297   0.0007860343   0.0002991838  -0.0038723245
        0.0075537647  -0.1026127720   0.0180500311  -0.0907080672  -0.0011236603
       -0.0002308290  -0.0010502029   0.0001094479   0.0003017035  -0.0003064618
        0.0001140922  -0.0001065345   0.0001599762  -0.0002447604  -0.0000011537
        0.0002715364  -0.0001674926   0.0001398938  -0.0000227073  -0.0000527625
       -0.0001610536  -0.0000371853  -0.0001590407  -0.0000896979  -0.0001390042
       -0.0001401881  -0.0000798291   0.0000475599   0.0000281956   0.0000314340
        0.0000764818   0.0000843676  -0.0000200967  -0.0000176053   0.0000681225
        0.0000362034   0.0000311513   0.0000788889   0.0000412605  -0.0000794453
       -0.0022010571  -0.0083531431   0.0015014460  -0.0196469879  -0.0402596882
        0.0229428417   0.0321560245   0.0999156255  -0.0404490675   0.0041604637
       -0.0081377115   0.0067029094  -0.0377464812  -0.0157489767  -0.0065520486
        0.0113991871  -0.0021781078   0.0019525048   0.0010705411  -0.0018485739
       -0.0032617886  -0.0000233716   0.0009418494  -0.0001939959  -0.0104933286
        0.0022542299  -0.0072689467   0.0006368328  -0.0010878643  -0.0009243627
       -0.0013188446   0.0009596773  -0.0029320079   0.0008332481  -0.0011559725
        0.0042210029   0.0015350060  -0.0000943014  -0.0038665658   0.0010190757
       -0.0001496231  -0.0006655162  -0.0003314497  -0.0008276409  -0.0003301540
        0.0023155356   0.0018452013  -0.0011147785   0.0006318421  -0.0007278816
        0.0018454564  -0.0013479457   0.0008712645   0.0000579259  -0.0005583949
       -0.0011692870  -0.0011776568   0.0004722364   0.0000693981   0.0002599535
        0.0001713950  -0.0004381090   0.0001821808  -0.0001642842  -0.0014108572
        0.0002394129  -0.0007636902   0.0005173561   0.0002510186  -0.0008270512
       -0.0000742684  -0.0004041209   0.0004787659  -0.0001739170   0.0003133348
       -0.0001104788  -0.0005363701   0.0008331460   0.0002830579   0.0014909562
       -0.0003298099   0.0002270684   0.0002650527  -0.0000318300  -0.0000216570
       -0.0000428531   0.0003375981   0.0001254527  -0.0000223406  -0.0001125137
        0.0001925831   0.0000264525  -0.0002292590   0.0000491048  -0.0002777374
        0.0005320871   0.0001667919   0.0002570235   0.0000271576  -0.0001065080
        0.0000014253  -0.0002203418   0.0002069610  -0.0002149566  -0.0001248658
       -0.0004290925   0.0000202439  -0.0001462889  -0.0000287715  -0.0000124627
       -0.0000215739  -0.0001776691  -0.0001552093   0.0001791002   0.0000117842
        0.0002424068  -0.0000383454   0.0002842597   0.0000443463  -0.0000550227
        0.0015952547   0.0014095661   0.0017525557   0.0002584096  -0.0056763981
        0.0075357291   0.0167860164  -0.0205178179   0.0175360900  -0.0001965750
        0.0001766080   0.0000455721  -0.0002659980   0.0000689664   0.0005189137
       -0.0004023882  -0.0001246676  -0.0002796511   0.0001856967  -0.0000304548
        0.0011914389  -0.0001855135  -0.0000588836  -0.0001014825   0.0002192180
        0.0000529036  -0.0000949844  -0.0000034660   0.0000051780  -0.0000142827
        0.0001086401   0.0001087104   0.0000119632  -0.0000792932  -0.0000158871
       -0.0000231915  -0.0000207365   0.0000560834   0.0000085388  -0.0000650653
       -0.0000334893  -0.0000206100  -0.0000643539  -0.0000450732   0.0000051853
        0.0006190238  -0.0035986885   0.0007571290   0.0071648022   0.0699608536
       -0.0671735975   0.1766716565  -0.0404490675   0.2820873926   0.0003527449
        0.0007961682  -0.0020284640  -0.0857804538  -0.0222885317  -0.0492810550
       -0.0011929535  -0.0240127844  -0.0332015565  -0.0005885154  -0.0012636097
       -0.0036625928   0.0002381559   0.0009752754   0.0000851719  -0.0086398851
        0.0009683232  -0.0084868435  -0.0003171143  -0.0004089740  -0.0003195225
       -0.0012009114  -0.0000351104   0.0003956556  -0.0007367867   0.0008852813
       -0.0007033256   0.0023948450  -0.0015461865   0.0042976495   0.0010142279
       -0.0000594302   0.0000591998  -0.0008209983  -0.0003057002  -0.0005290061
        0.0012011478  -0.0017317404  -0.0015684431   0.0006406324   0.0009756592
        0.0001650338   0.0001922206  -0.0003973360  -0.0006360431  -0.0013429632
        0.0000760076   0.0003214101  -0.0002222577  -0.0003638851  -0.0001127640
        0.0000165508   0.0001969705  -0.0003277550  -0.0003120875  -0.0000433348
        0.0001206886  -0.0004409886  -0.0003034447  -0.0002792935   0.0002057383
       -0.0000614858   0.0000787590   0.0003469644   0.0000179594  -0.0001034085
        0.0005097901   0.0003334672   0.0003266727   0.0002998503   0.0004060905
       -0.0000813891   0.0002087276   0.0000436614   0.0005437931  -0.0001743674
       -0.0004971078  -0.0002779574   0.0002581053  -0.0001335393   0.0001112055
        0.0001941078  -0.0000361782   0.0001194486  -0.0000770161   0.0004841699
       -0.0001931315  -0.0002618444  -0.0003810910  -0.0001284327  -0.0001095964
        0.0000086932  -0.0000153268  -0.0000972152   0.0001954174   0.0001238132
        0.0001242936   0.0003932715   0.0000765357   0.0000515876   0.0002336622
        0.0000847541  -0.0000392104   0.0001259189  -0.0001112536  -0.0002186802
       -0.0002674556   0.0000175659  -0.0002146533  -0.0002621956   0.0001183808
       -0.0003032560   0.0013659912   0.0002426905  -0.0002046764   0.0012621495
       -0.0018856711  -0.0894796865   0.0192895602  -0.1198802875   0.0002196123
        0.0000162279   0.0008087676  -0.0003882406   0.0002086750   0.0001174282
       -0.0001246067  -0.0001248259   0.0000947104   0.0000528375  -0.0004127617
       -0.0001087554   0.0000235356   0.0001787160  -0.0000371940  -0.0000585408
       -0.0003055330   0.0001082136  -0.0000621373  -0.0000284269  -0.0001681724
       -0.0001323845  -0.0002039685   0.0000178992   0.0001332605   0.0000339817
        0.0001109002   0.0001235066  -0.0001039656  -0.0000576192   0.0001641007
        0.0000504212   0.0000418098   0.0001200020   0.0001437856  -0.0000738175
       -0.1125056860  -0.0417329885   0.0721984195  -0.0103162858   0.0209877652
       -0.0200477300   0.0016038860   0.0041604637   0.0003527449   0.3027137641
       -0.0285480392  -0.0997829727   0.0022194300   0.0027848876   0.0022851980
       -0.0021422875   0.0076929794  -0.0038648119   0.0001988017  -0.0008851564
        0.0004217775   0.0005262438  -0.0001577790   0.0001430739  -0.0012120842
       -0.0012264850  -0.0006051261   0.0004237993  -0.0005526728  -0.0000656819
       -0.0374834865   0.0628571477  -0.0005434213  -0.1025216967  -0.0371681827
        0.0292424550  -0.0015286950  -0.0129086766  -0.0037450629  -0.0207383072
       -0.0001204501   0.0032028947  -0.0007453003   0.0023833400  -0.0006222760
        0.0004186326   0.0004628034  -0.0000348410   0.0003102557   0.0000681037
        0.0008395993  -0.0005502790  -0.0000606762  -0.0001441311   0.0002859806
       -0.0001182201   0.0003531099   0.0001758134   0.0000685405  -0.0001660073
        0.0005453737  -0.0039745796   0.0014361028   0.0026892724   0.0042469200
        0.0019817218   0.0006582238  -0.0013258959   0.0003783306  -0.0038118441
        0.0007087814  -0.0036171336   0.0009772179   0.0003562509  -0.0000153580
       -0.0020821035  -0.0012733282   0.0000078955   0.0002359968  -0.0000178662
       -0.0000635674   0.0002068683   0.0002882580   0.0000187137  -0.0000564776
        0.0012351595   0.0008459796  -0.0000085227  -0.0001079434  -0.0003321152
       -0.0011662434   0.0010981642   0.0006403241   0.0019784342  -0.0024403270
       -0.0002424897   0.0008273365   0.0014573873   0.0013243523  -0.0000441203
        0.0007265994  -0.0006064841  -0.0003542447  -0.0012311024  -0.0004693711
       -0.0010928888  -0.0009645790   0.0004632528   0.0004000325  -0.0009912163
       -0.0001156311  -0.0006827112   0.0001695830   0.0003740494  -0.0002019749
        0.0017231051  -0.0004932124   0.0006894650   0.0000073333  -0.0003248789
       -0.0090071340   0.0062153105   0.0079514890  -0.0073515030   0.0141252281
        0.0100669275  -0.0000878545  -0.0019083672   0.0005779123  -0.0003398868
        0.0004297010  -0.0002879389  -0.0001781202  -0.0002062281  -0.0000108310
       -0.0001814185  -0.0000231300  -0.0001019392  -0.0027918632   0.0030192338
        0.0014536179  -0.0000402051  -0.0000431028   0.0000385821   0.0007478040
        0.0010550033  -0.0005514950   0.0001035360   0.0000774414   0.0000393437
        0.0005047122  -0.0000468621   0.0000349380   0.0000369398  -0.0001302609
        0.0000071873  -0.0000569800   0.0000550198  -0.0000549928  -0.0001016194
       -0.0002563721   0.0001826373  -0.0000959960  -0.0000400238   0.0000468702
        0.0090931259  -0.0018644081  -0.0111797133   0.0081110222  -0.0204662171
        0.0062697677   0.0010365752  -0.0081377115   0.0007961682  -0.0285480392
        0.1183439748   0.0048548236  -0.0031646406  -0.0062393911  -0.0001949021
        0.0044774718  -0.0063806077   0.0032205541   0.0000572022   0.0000407584
        0.0008014451  -0.0006760436   0.0002043273  -0.0003570112  -0.0009228512
       -0.0014990698   0.0002071739   0.0000966990   0.0001018559   0.0001373668
        0.0209870561  -0.0554973768  -0.0024756726  -0.0222931385  -0.0017036122
        0.0051251554  -0.0069684901  -0.0104493771  -0.0004610358   0.0075288839
       -0.0012306668  -0.0021892201  -0.0006291153   0.0007259463  -0.0008889678
        0.0000629461   0.0000210112   0.0008044006   0.0008075888   0.0003171212
        0.0009168174  -0.0001425150   0.0000024716  -0.0000689000  -0.0010156235
       -0.0003449706  -0.0000787038   0.0000200386   0.0001461071   0.0001421752
        0.0003302237   0.0009075914   0.0004904777  -0.0015451292  -0.0014609047
       -0.0004669569   0.0001497647   0.0003862549  -0.0003632424   0.0009500229
       -0.0004264370   0.0006528594   0.0000748247  -0.0000720860  -0.0000650003
       -0.0004311417  -0.0004459489   0.0002391550   0.0002398685   0.0006824971
        0.0000491282   0.0001778365  -0.0001404354   0.0003798265   0.0002768672
       -0.0000008012  -0.0001785683   0.0001728114   0.0001411160  -0.0003164367
        0.0001929496  -0.0003817030  -0.0004729624  -0.0007149141   0.0005149820
        0.0003301030  -0.0001289647  -0.0003323970   0.0000050351   0.0001675852
       -0.0000723797   0.0001336552   0.0002056552   0.0002764298  -0.0000307391
        0.0001280321   0.0002648295  -0.0002080180  -0.0002308501   0.0000961445
        0.0002579857  -0.0003851542  -0.0002955835  -0.0000678472   0.0001789438
       -0.0003988994   0.0001050103   0.0002332292   0.0000931907  -0.0000376479
       -0.0027249806   0.0036055004   0.0031262502   0.0006396125  -0.0014350437
       -0.0056822334  -0.0005263434   0.0016576091  -0.0001183496   0.0005628630
       -0.0000486596   0.0000558920   0.0002064604   0.0001748702  -0.0001066475
       -0.0000070474  -0.0000784564  -0.0000031738   0.0147236235  -0.0095490031
       -0.0030810004  -0.0000488392  -0.0000452129  -0.0000574463  -0.0004215491
       -0.0000495187   0.0002024885  -0.0000245231   0.0001079014  -0.0000301397
       -0.0000716676   0.0001289430   0.0000108353  -0.0001205228   0.0000168089
       -0.0000246406  -0.0000338467   0.0000456824  -0.0000204319  -0.0000574891
        0.0000741932  -0.0000937009  -0.0000563635  -0.0000312395   0.0000047596
        0.0568067270   0.0156333457  -0.0591122355  -0.0001928920  -0.0186701748
        0.0013839471  -0.0024893148   0.0067029094  -0.0020284640  -0.0997829727
        0.0048548236   0.0965989113   0.0022213896   0.0035077907   0.0010613186
        0.0024575981  -0.0021196624  -0.0022283881  -0.0005772912  -0.0003453646
       -0.0004993569  -0.0002722326   0.0002190697   0.0001603661  -0.0006343566
       -0.0008865611  -0.0012576205  -0.0001167363   0.0002163832   0.0000379603
        0.0030218376  -0.0111087106  -0.0159334312   0.0302817381   0.0054287055
       -0.0197794058  -0.0001347562   0.0034821219   0.0014579163  -0.0024240443
        0.0014219343   0.0003280013   0.0003537714  -0.0008634243   0.0004958979
        0.0005715814  -0.0009685381   0.0002702505   0.0005912305  -0.0007219851
       -0.0001872026   0.0002734938   0.0003824740  -0.0001139238  -0.0006336485
        0.0001315222   0.0001210539  -0.0002854640  -0.0001401611  -0.0000977826
        0.0014710962   0.0009144924   0.0004348887   0.0008416855  -0.0005628448
        0.0013491657  -0.0003166683  -0.0005139856  -0.0002748645   0.0004935803
        0.0000824041   0.0002226795   0.0000052417   0.0000110041  -0.0002012310
        0.0003403541   0.0006661186  -0.0001845574   0.0002590532   0.0001031927
       -0.0001323173   0.0001405352   0.0000138304   0.0001560766  -0.0003691804
       -0.0003198741  -0.0000850741  -0.0000013248  -0.0001278165   0.0001716314
        0.0001871084  -0.0002343691  -0.0003428037  -0.0002664824   0.0003313725
        0.0001219822  -0.0002336815  -0.0003130032  -0.0001092152   0.0000161760
        0.0000042139   0.0000866297   0.0000516948   0.0002170233   0.0001480040
        0.0002170935   0.0001679801  -0.0000248270   0.0000709455   0.0001000973
       -0.0000300071   0.0002052587   0.0001373869  -0.0000912741  -0.0000604205
       -0.0002046449   0.0000660093  -0.0001656099  -0.0000722457   0.0000510609
        0.0123500230  -0.0040056626  -0.0052089521  -0.0060950412  -0.0017466654
        0.0001141958   0.0002377585   0.0000448374  -0.0002500581   0.0001787525
        0.0000488856   0.0000613708   0.0000692824   0.0000944945  -0.0000197370
        0.0000052252  -0.0001879359  -0.0000397205   0.0016095205  -0.0005380801
        0.0031785824   0.0000737099  -0.0000048998   0.0000020164  -0.0003876999
       -0.0002830476   0.0001380327  -0.0000104700  -0.0000065975   0.0000020242
       -0.0000379881   0.0000271961   0.0000254963   0.0000207794  -0.0000026964
        0.0000247040  -0.0000023691  -0.0000377110  -0.0000261992   0.0000326919
        0.0000214370  -0.0000136898   0.0000337112   0.0000196152   0.0000021654
        0.0011942860   0.0016582107  -0.0007199007  -0.0002275615  -0.0034887044
        0.0122322426  -0.1790727041  -0.0377464812  -0.0857804538   0.0022194300
       -0.0031646406   0.0022213896   0.2930971620   0.0065261964   0.0986902922
       -0.0231639933   0.0043296438   0.0185839834  -0.0040743193  -0.0033112429
        0.0057355085  -0.0006930366  -0.0008646084  -0.0012011636   0.0080053304
       -0.0036133100  -0.0208441708  -0.0007544249  -0.0002340645   0.0007756548
       -0.0007914885  -0.0009456328   0.0002893379  -0.0004143803   0.0108549891
       -0.0034176211  -0.0727935547   0.0357547197  -0.0079534450   0.0013590728
       -0.0011558407   0.0005716497  -0.0060806345   0.0032509601  -0.0115789674
       -0.0079802465  -0.0070875223  -0.0088890735  -0.0025006038   0.0002500850
       -0.0024039716   0.0016194402  -0.0009092865  -0.0009840137   0.0022987406
        0.0044024085   0.0028522756  -0.0006047998   0.0000113070   0.0001945039
       -0.0003599229  -0.0001111775   0.0002594499  -0.0008541573   0.0012694124
        0.0001278266   0.0018885955  -0.0003156677   0.0015241341  -0.0006895777
        0.0004136874  -0.0003618514  -0.0012683859   0.0000044966  -0.0000346464
        0.0005507030   0.0002344680  -0.0006247360  -0.0011362623  -0.0028892312
        0.0008499702  -0.0007044928   0.0002707735  -0.0000897588   0.0006183407
        0.0006658392  -0.0006530608   0.0001887090  -0.0000767965  -0.0002696610
       -0.0000212067   0.0005121070  -0.0001572983   0.0004888142  -0.0004651586
        0.0000509227   0.0001760911  -0.0000097290  -0.0000459725  -0.0000994302
        0.0000093873   0.0000438585   0.0000427092   0.0001560506   0.0001722800
        0.0004776283  -0.0001697714  -0.0000122559  -0.0003794465  -0.0003162464
        0.0003549443  -0.0003824816  -0.0002241925  -0.0002178205   0.0002935930
       -0.0003209781   0.0000023424  -0.0000144286   0.0001783575  -0.0000896544
       -0.0008455725   0.0000086343  -0.0009618678  -0.0004324291   0.0007977060
       -0.0019027711  -0.0085868656  -0.0060353783   0.0007503639  -0.0005941841
        0.0017998093   0.0026789737   0.0001568130   0.0001005359  -0.0001743504
        0.0001485778   0.0000944689   0.0000968497   0.0001120889  -0.0002344484
       -0.0000184705   0.0002504092  -0.0000152250   0.0001444691   0.0000403464
        0.0000236189  -0.0001112151   0.0001077753   0.0000957264   0.0002365289
        0.0001311125  -0.0000359090   0.0000358536   0.0000475585  -0.0000028187
        0.0000212777  -0.0000090744   0.0000085982  -0.0000027827   0.0000165918
        0.0000626034  -0.0000714069  -0.0000002535  -0.0000007388   0.0000754783
        0.0021464016   0.0010273769  -0.0015926004  -0.0047403766  -0.0042745415
        0.0117734519  -0.0459802976  -0.0157489767  -0.0222885317   0.0027848876
       -0.0062393911   0.0035077907   0.0065261964   0.0829706920  -0.0004104218
        0.0053774246  -0.0049599306  -0.0008887594   0.0011866103   0.0012448906
       -0.0031074636   0.0004894343   0.0003359940   0.0004214822  -0.0026114410
       -0.0099371412  -0.0004906903  -0.0002823669   0.0002705636   0.0001250432
       -0.0006618701   0.0003857573   0.0003038955   0.0037690210  -0.0105811072
        0.0056706045   0.0412842278  -0.0363082907   0.0147530144   0.0013570298
        0.0001915512   0.0000404245  -0.0019662623  -0.0000652783  -0.0005043943
       -0.0040314371   0.0010877818   0.0002915968  -0.0042584520   0.0000149499
       -0.0062722908  -0.0001694055  -0.0007802956   0.0002997018   0.0029588149
        0.0016147551   0.0003454127   0.0003188718   0.0002267823   0.0000817727
       -0.0003460781   0.0005001696  -0.0003765207  -0.0005338609  -0.0002205908
       -0.0002412584   0.0004794202   0.0000801735  -0.0002729789   0.0007778574
       -0.0001893090   0.0005291281  -0.0006694297   0.0003970331  -0.0002233941
        0.0000278556   0.0003142019   0.0001081036  -0.0012775342  -0.0017148708
        0.0006543027  -0.0006672614   0.0000323436  -0.0002376309   0.0011539242
       -0.0000778679  -0.0005769522  -0.0000709994   0.0003661328  -0.0003468644
       -0.0000997127  -0.0000336058  -0.0001669719  -0.0001886586   0.0000358274
       -0.0000483005  -0.0002080514  -0.0001186186  -0.0001873796   0.0001311374
       -0.0001183438   0.0001514963  -0.0000214369   0.0003483671   0.0001377097
        0.0000219239  -0.0002606438  -0.0002202533  -0.0004511151   0.0001440848
        0.0002845682  -0.0000205451  -0.0003440490  -0.0000581583   0.0003124471
       -0.0005360428   0.0000458811  -0.0002243856   0.0003090898   0.0000003602
       -0.0001761485  -0.0002146991  -0.0006224296  -0.0007966789   0.0003466790
       -0.0008279635  -0.0003725644   0.0011776261   0.0012106752   0.0001087640
       -0.0007600969  -0.0008266403   0.0000399459  -0.0002293129   0.0002447084
        0.0001027151   0.0003913446   0.0000437649  -0.0005708883   0.0001234485
       -0.0007272329   0.0000246176  -0.0001028779   0.0001004551   0.0000000143
       -0.0000700359   0.0000773624   0.0000214907  -0.0000576166   0.0002512706
       -0.0000775211   0.0000160022   0.0000216977   0.0000113701   0.0000286988
        0.0000064291   0.0000120002  -0.0000280546   0.0000632066   0.0000282431
        0.0000348152  -0.0000417848   0.0000221323  -0.0000455437   0.0000125557
        0.0005036882   0.0006031894  -0.0011018860   0.0044185522   0.0034586102
        0.0052590532  -0.0537083582  -0.0065520486  -0.0492810550   0.0022851980
       -0.0001949021   0.0010613186   0.0986902922  -0.0004104218   0.2008026644
        0.0259367337  -0.0011619325  -0.0095771488  -0.0024989244   0.0021669864
       -0.0029810827  -0.0001218777  -0.0003540727   0.0000720165  -0.0186708965
       -0.0246141058  -0.1120634722   0.0000498087   0.0001577807   0.0004031023
       -0.0003432901  -0.0000393317   0.0003679460  -0.0012363464  -0.0007101466
        0.0009883239  -0.0374622738   0.0280406018  -0.0219699464  -0.0003061934
        0.0003553709   0.0002003631   0.0034695184   0.0013612033   0.0014637559
       -0.0114742986  -0.0022600942  -0.0128806105  -0.0020599577   0.0025273494
       -0.0024190097   0.0010665103  -0.0011918084  -0.0003379922   0.0019647571
        0.0014175709   0.0009379800  -0.0004041232   0.0001927624   0.0004063933
        0.0000136320  -0.0000614691  -0.0000889413  -0.0002528321   0.0004511451
        0.0000619020   0.0005591753  -0.0002824352  -0.0005172663   0.0002181927
        0.0000026471   0.0001098876   0.0000244321   0.0004322432  -0.0004410525
       -0.0003575252  -0.0001243255   0.0001804207  -0.0003045084  -0.0008885965
        0.0007198833   0.0000215550   0.0003012516  -0.0004805628   0.0004613401
        0.0000055703  -0.0004700174  -0.0000512334  -0.0000096970   0.0002229337
       -0.0000248452  -0.0000070801   0.0001891104   0.0001981471  -0.0000349493
       -0.0001068865  -0.0001733737  -0.0001148996   0.0000922766  -0.0000412610
       -0.0001486480   0.0000820413  -0.0000145395   0.0001689261   0.0000382777
        0.0000418747  -0.0001173266  -0.0000411335  -0.0000385055   0.0001166442
        0.0003084858   0.0000452290  -0.0001783422  -0.0001333682   0.0001670954
       -0.0002478147  -0.0000400179  -0.0001625731   0.0001463081  -0.0000241909
       -0.0000179549   0.0005692547  -0.0004635803   0.0006179435   0.0012167968
       -0.0013010994  -0.0124984689  -0.0037010873   0.0026821183   0.0018263933
       -0.0009551599   0.0005317122  -0.0000676681  -0.0001004438   0.0001485335
       -0.0000034831   0.0004361351   0.0001281017  -0.0001919752   0.0001078519
       -0.0004028089   0.0000832838   0.0001413493  -0.0000975292  -0.0000153872
        0.0000499466   0.0000229012  -0.0000740696  -0.0000756846  -0.0001799587
       -0.0000635908   0.0000156759  -0.0000137251  -0.0000095759   0.0000345431
       -0.0000164104  -0.0000492781   0.0000181881  -0.0000357907  -0.0000110875
        0.0000512053   0.0000024497   0.0000469236  -0.0000102842  -0.0000174097
       -0.0016130684  -0.0014704366  -0.0003249314  -0.0093244154   0.0028345732
        0.0058032588  -0.0057297511   0.0113991871  -0.0011929535  -0.0021422875
        0.0044774718   0.0024575981  -0.0231639933   0.0053774246   0.0259367337
        0.2149997281  -0.0431925555  -0.0360345898  -0.0355461666   0.0272400058
        0.0332960248   0.0028069011   0.0046814523   0.0026608288  -0.1168136970
       -0.0036596903  -0.0409083248   0.0009863992   0.0002384822  -0.0007555077
       -0.0004024215   0.0000441013  -0.0008819767   0.0024677849  -0.0012216235
       -0.0016637542  -0.0096523597  -0.0022298956   0.0025032218   0.0005418589
       -0.0004323095   0.0003082322  -0.0005525186   0.0006223589   0.0011096679
       -0.0053211570  -0.0002939828   0.0035013579  -0.0085976484  -0.0007703954
       -0.0024178530  -0.0001991420   0.0009885224   0.0008546347   0.0016302146
       -0.0002518445  -0.0001259099   0.0003312620   0.0002112605   0.0006602698
       -0.0004475189  -0.0003208227   0.0001665317  -0.0000313746   0.0006003048
        0.0002667045  -0.0006273784  -0.0004575680  -0.0002525265  -0.0001269782
        0.0000483571  -0.0001703585  -0.0000917454  -0.0001492580  -0.0001543292
       -0.0009627170   0.0008314402  -0.0002676021  -0.0006862395  -0.0008756187
        0.0002765090  -0.0004062387   0.0001775648  -0.0007889441   0.0006431828
        0.0001304109  -0.0001120851   0.0002251530   0.0001695143  -0.0002761185
       -0.0001589207   0.0002465926   0.0003397195   0.0003791443  -0.0003226249
       -0.0002152014   0.0000973588   0.0001721457  -0.0000355470  -0.0000439362
       -0.0001453707  -0.0000143917  -0.0000023820  -0.0000327301   0.0000760775
       -0.0000596880  -0.0000964319  -0.0000245010  -0.0001459970  -0.0002436503
        0.0001394269  -0.0001709732  -0.0002785632   0.0000666154   0.0002180994
        0.0000138366   0.0000703128   0.0001062331   0.0002882588  -0.0000601545
       -0.0002607804   0.0002305941   0.0000671929  -0.0002954499  -0.0070610911
       -0.0003896904   0.0011010847  -0.0038201300  -0.0045726596  -0.0016851464
        0.0073867058   0.0112142218  -0.0006220633  -0.0007349111   0.0000604690
       -0.0005272400  -0.0003014129   0.0000653517   0.0001669050  -0.0001284646
        0.0000033351  -0.0000676578  -0.0001068808  -0.0000591177   0.0000447536
        0.0001849596  -0.0001593098  -0.0001063974  -0.0000174196   0.0000913244
        0.0000514374   0.0000258757  -0.0000277198  -0.0000646299   0.0000003991
       -0.0000817455  -0.0000515061   0.0000678061   0.0000549387  -0.0000581567
        0.0000291572  -0.0001130477  -0.0000377585  -0.0001030813   0.0000302918
       -0.0039768472  -0.0084047208   0.0015742874  -0.0035351217  -0.0265032571
       -0.0002284922   0.0058181608  -0.0021781078  -0.0240127844   0.0076929794
       -0.0063806077  -0.0021196624   0.0043296438  -0.0049599306  -0.0011619325
       -0.0431925555   0.1565495526   0.1023637512   0.0430054287  -0.0780157583
       -0.0625611603  -0.0027763518  -0.0134520864  -0.0092641453  -0.0096672444
       -0.0122099546  -0.0049690965   0.0005852767   0.0014917372   0.0013417449
        0.0005673387  -0.0016401479  -0.0022178033  -0.0042359746   0.0006512094
        0.0008035703   0.0071973286   0.0011623539  -0.0014587976  -0.0014068321
        0.0001247942  -0.0000911500   0.0007860976  -0.0008115961   0.0009182099
        0.0034942903  -0.0007191145   0.0006127072  -0.0058506063  -0.0028530689
       -0.0031163889   0.0005730209   0.0017502594   0.0007452636  -0.0014452897
       -0.0001574521  -0.0006969007   0.0001444092  -0.0000474178  -0.0007331589
        0.0003305677   0.0002867638  -0.0006436217  -0.0008296160  -0.0000667765
        0.0005402849  -0.0002920157  -0.0001581661  -0.0004263556   0.0006044067
       -0.0000117285   0.0002778083   0.0006431694   0.0004296816  -0.0001840131
        0.0008563279   0.0008292453   0.0001562418   0.0007593645  -0.0002821182
       -0.0000093065  -0.0001816315  -0.0000704670   0.0004859794  -0.0007381851
       -0.0004808588  -0.0000527115  -0.0001682719   0.0000729053   0.0001110606
        0.0000471455  -0.0003034163   0.0000823177  -0.0001697300   0.0005060852
       -0.0001156358  -0.0004703096  -0.0003007264  -0.0001250158  -0.0000247218
       -0.0000442235   0.0000810513   0.0000384249   0.0001848742   0.0001979882
        0.0003137006   0.0002460216   0.0000113960   0.0000763248   0.0004067365
       -0.0002512354   0.0005472813   0.0001608154  -0.0000308270  -0.0001964929
       -0.0002098035   0.0000111349  -0.0002241478  -0.0001313430   0.0001957899
        0.0000871361   0.0017863490   0.0004153417  -0.0008449456  -0.0058335402
        0.0013386435  -0.0000800130  -0.0011389899  -0.0001958784   0.0008995230
        0.0007107514   0.0005592212   0.0001776075   0.0011344571   0.0008866997
        0.0006146965  -0.0007536058   0.0004787587  -0.0000133316  -0.0001809364
        0.0003233970   0.0000863440   0.0000651492   0.0000302928  -0.0000395100
       -0.0002101445   0.0002251879   0.0000628880  -0.0000181120   0.0000064840
       -0.0001110456  -0.0000469525  -0.0000315585   0.0000329691   0.0000129549
        0.0000464950  -0.0000078507  -0.0000323696  -0.0000505474   0.0000516176
        0.0000214228  -0.0000301733   0.0000551721   0.0000233790  -0.0000427560
        0.0006640445   0.0057804811  -0.0009880805   0.0011820898  -0.0322313745
       -0.0007901833  -0.0154286903   0.0019525048  -0.0332015565  -0.0038648119
        0.0032205541  -0.0022283881   0.0185839834  -0.0008887594  -0.0095771488
       -0.0360345898   0.1023637512   0.1540715037   0.0469628113  -0.0575704587
       -0.0773639813   0.0023444557  -0.0052344323  -0.0013753858  -0.0179018622
       -0.0004803573  -0.0130804808   0.0006662208   0.0009185981   0.0003635174
        0.0034013967  -0.0006981362   0.0003306501   0.0004451176  -0.0002409895
       -0.0007880033   0.0022675486   0.0001213377  -0.0013189727  -0.0024408674
        0.0000405509   0.0003664121   0.0011974890  -0.0006743348   0.0007305079
       -0.0058524037  -0.0009313259   0.0030909346  -0.0060263353  -0.0011372778
       -0.0017045774   0.0009622163   0.0005581085   0.0002651195   0.0007336232
        0.0002720135   0.0003202967   0.0000670044   0.0000964398   0.0005251042
       -0.0001190670  -0.0000058537   0.0001171368   0.0002817142   0.0012639834
       -0.0002163948   0.0013493077  -0.0005091398   0.0001592021   0.0001889965
        0.0001109173   0.0000564235  -0.0004848522   0.0002722875  -0.0002420432
       -0.0007675157   0.0002960644  -0.0008428675  -0.0002338296  -0.0008605970
        0.0003609937  -0.0000734281  -0.0004542920  -0.0005232009   0.0001247126
        0.0002615209   0.0001760984  -0.0001597516   0.0002114542   0.0000928317
       -0.0002525861   0.0000141294   0.0001601433   0.0002082150  -0.0001198518
       -0.0002152230   0.0000949749  -0.0000935472   0.0001873503   0.0000160025
        0.0000749907   0.0000249027  -0.0001180299  -0.0000017110   0.0000081973
       -0.0000180602  -0.0001138168   0.0000442948   0.0000002450   0.0003721087
       -0.0002387559   0.0003174484  -0.0001369958  -0.0000243829   0.0001233817
        0.0000000320  -0.0001037543  -0.0000883136  -0.0000667881   0.0001893845
       -0.0004391310  -0.0016980532  -0.0008105091  -0.0000509623   0.0020426391
        0.0001541056   0.0026442823  -0.0063276264  -0.0070646831   0.0062770909
       -0.0100183017  -0.0095406370  -0.0004103137  -0.0004479062   0.0008922801
        0.0000251244   0.0004996590   0.0000622237  -0.0003068929   0.0002980113
       -0.0003890041   0.0000614128  -0.0000524598  -0.0000027665   0.0000374029
        0.0001359901  -0.0000596433  -0.0000490583  -0.0000985012  -0.0000570016
        0.0000221781  -0.0000222314  -0.0000297626  -0.0000057882  -0.0000235753
       -0.0000264612  -0.0000613335  -0.0000036490   0.0000177386  -0.0000346868
       -0.0000187415   0.0000326516  -0.0000273303  -0.0000170420   0.0000038449
       -0.0001067046   0.0008350136  -0.0001070870   0.0014012667  -0.0026130588
        0.0010869344   0.0013581273   0.0010705411  -0.0005885154   0.0001988017
        0.0000572022  -0.0005772912  -0.0040743193   0.0011866103  -0.0024989244
       -0.0355461666   0.0430054287   0.0469628113   0.1711859206   0.0244288920
       -0.1095307982  -0.0318755342  -0.0323876473  -0.0005892490  -0.0109399983
       -0.0028910822  -0.0032962060  -0.0052677547  -0.0043564888  -0.0024720621
        0.0001947840  -0.0003079980   0.0001305573  -0.0000226985   0.0003051580
       -0.0001762537  -0.0005804419   0.0023366617   0.0021247015  -0.0002584517
       -0.0001688823   0.0000615654   0.0006455993  -0.0004111564  -0.0004740907
       -0.0001147002   0.0003927342  -0.0011956754  -0.0005969419  -0.0009268081
        0.0012896466   0.0010616277  -0.0015471236  -0.0001425114  -0.0003309239
        0.0000920241   0.0000975871  -0.0010643792  -0.0001627886  -0.0010494056
        0.0001297592  -0.0001714514   0.0000588175  -0.0000360831   0.0003174850
        0.0000367518   0.0002357063  -0.0002552661   0.0001513655  -0.0001262017
        0.0001197905  -0.0001468048   0.0001066710   0.0000319220  -0.0001001124
       -0.0000681330  -0.0000008353   0.0000698761   0.0001601922   0.0002522904
       -0.0000881818   0.0001244308  -0.0001566378   0.0005608302  -0.0002017382
       -0.0001517329  -0.0001650251   0.0000122786   0.0000961026   0.0002411824
        0.0000233629   0.0000874114   0.0001551478   0.0001071344   0.0000000871
       -0.0001146696   0.0000536269  -0.0000403331   0.0000241343  -0.0001393591
       -0.0000215827  -0.0000345206  -0.0000785418  -0.0000152712   0.0000242737
       -0.0000278050   0.0000002688   0.0000969565   0.0001030425   0.0001214679
        0.0000414676   0.0002836526   0.0002057914  -0.0000869903  -0.0001217846
        0.0000209459  -0.0000372239  -0.0001710212  -0.0001937344   0.0000436178
       -0.0000388831  -0.0001881987  -0.0001037845   0.0000124746   0.0000288429
       -0.0000984458  -0.0002915457  -0.0005054727  -0.0007664476  -0.0899820085
       -0.0371329353   0.0734433979   0.0042673839   0.0081345036  -0.0016008277
        0.0000313158   0.0013854761  -0.0002678208   0.0000754978  -0.0001439958
       -0.0001205351   0.0001831849   0.0002573919  -0.0000366313  -0.0000386582
       -0.0000929750  -0.0000172992  -0.0001008283   0.0000114154  -0.0001618417
       -0.0000271384  -0.0000892720   0.0000191790   0.0000642215   0.0000198974
        0.0000497657   0.0000536860  -0.0000023622  -0.0000841194   0.0000655348
        0.0000516144   0.0000240556   0.0000894611   0.0000821201  -0.0000652713
        0.0006086159   0.0023590386  -0.0010640815   0.0027384143  -0.0153848889
       -0.0063664689   0.0026518248  -0.0018485739  -0.0012636097  -0.0008851564
        0.0000407584  -0.0003453646  -0.0033112429   0.0012448906   0.0021669864
        0.0272400058  -0.0780157583  -0.0575704587   0.0244288920   0.2561599508
        0.0310112333  -0.0103721973  -0.1096403345  -0.0036279696   0.0088822086
        0.0023855579  -0.0005191732  -0.0111712872  -0.0075556397  -0.0043258643
        0.0004461898   0.0002933092   0.0011359308   0.0003369521   0.0001324898
       -0.0006275026  -0.0002503026  -0.0007657713   0.0009600910   0.0003072894
       -0.0002731483   0.0000833882  -0.0015040928   0.0003437821  -0.0001673554
       -0.0000687808   0.0001203657   0.0010298051  -0.0013302769   0.0011858588
        0.0002845959   0.0014817239  -0.0000917912  -0.0008784869   0.0000126308
       -0.0006280703   0.0001092058   0.0003739973  -0.0000318602   0.0003301612
       -0.0001826064  -0.0001210411   0.0000619104   0.0000825382   0.0001694303
       -0.0002446609   0.0003282188  -0.0001239780   0.0000895599  -0.0000204279
       -0.0000227251   0.0000557381  -0.0004592524  -0.0001685713   0.0001005783
        0.0002818241   0.0000241959  -0.0003820551  -0.0001533576   0.0001053013
       -0.0001599072   0.0003431711   0.0002041835  -0.0002251371  -0.0001199849
        0.0002519707   0.0000962517  -0.0000473624  -0.0002478996   0.0001183242
        0.0000106127   0.0000414479  -0.0000118110  -0.0000049289  -0.0000514768
       -0.0000180342   0.0000863102   0.0000523940  -0.0000126048   0.0000378092
        0.0000491794   0.0000153703  -0.0000809883  -0.0001402726  -0.0000352946
        0.0000304272   0.0000945997   0.0000494600   0.0001472141  -0.0002296896
       -0.0000503066  -0.0001674105   0.0000088917   0.0001276123  -0.0000430450
        0.0001807031   0.0000239259   0.0001287040   0.0000351588  -0.0000393171
        0.0001680402  -0.0004374858  -0.0003172185   0.0003114657   0.0015998806
       -0.0002902163  -0.0004140545   0.0006902005   0.0011410329  -0.0362134826
       -0.0378963499   0.0422917345  -0.0049003412  -0.0143197450  -0.0025030999
        0.0003756902  -0.0000158126   0.0000337957  -0.0001370577   0.0001801302
       -0.0001974044  -0.0000590466   0.0000397599  -0.0000114527   0.0000691978
        0.0000455971  -0.0000720434  -0.0000216201  -0.0000066391  -0.0000352746
        0.0000179399  -0.0000006164  -0.0000091556   0.0000028356  -0.0000116054
       -0.0000129677   0.0000024162  -0.0000053595   0.0000223930   0.0000005718
       -0.0000158262   0.0000284800  -0.0000154278   0.0000119038   0.0000167321
       -0.0004198189   0.0012210946   0.0003300622   0.0023971375  -0.0072388495
       -0.0020421108   0.0034192727  -0.0032617886  -0.0036625928   0.0004217775
        0.0008014451  -0.0004993569   0.0057355085  -0.0031074636  -0.0029810827
        0.0332960248  -0.0625611603  -0.0773639813  -0.1095307982   0.0310112333
        0.2088712300  -0.0018168051  -0.0033063062  -0.0236505004  -0.0002809326
        0.0016770183  -0.0009003173  -0.0062873484  -0.0021388460   0.0005338682
       -0.0011337943   0.0001381935   0.0008023524   0.0002833713  -0.0006562838
       -0.0003908933  -0.0021175796  -0.0014340654  -0.0014008276  -0.0000406364
        0.0001385550   0.0001273178  -0.0007009362   0.0006993076   0.0005805814
       -0.0008384199   0.0008199869   0.0006154793   0.0004813466  -0.0003235785
       -0.0003926165   0.0004589924   0.0015646315   0.0004487780   0.0000773617
       -0.0002834661   0.0004463610   0.0011127680   0.0005453357  -0.0011399153
        0.0000581637   0.0002353252   0.0000328390   0.0006012700  -0.0002750246
       -0.0001081708  -0.0002380613   0.0000789791  -0.0004879365   0.0001830770
       -0.0001481658   0.0001903743  -0.0001514835  -0.0000868839   0.0000036768
        0.0001022954  -0.0000812614  -0.0001507891  -0.0001743552  -0.0002479707
        0.0000950161  -0.0007599019  -0.0000287452   0.0004586450  -0.0000864094
        0.0001675926  -0.0000757160  -0.0001301811   0.0002167336  -0.0001933259
       -0.0000407896  -0.0001669610  -0.0001456081  -0.0002231677   0.0000481394
        0.0000574307  -0.0000219730   0.0000383886   0.0000527641   0.0001757192
        0.0000597005   0.0001030057   0.0000552229   0.0000184139  -0.0000240247
        0.0001823156  -0.0000221568  -0.0000529575  -0.0001058674  -0.0001854412
        0.0000389376  -0.0000635082  -0.0000795443   0.0000352007   0.0000767191
        0.0000009796   0.0000814976   0.0001668230   0.0001915183  -0.0001477739
        0.0001604223  -0.0002976602  -0.0003464641   0.0002089120   0.0007525008
        0.0000157990   0.0000908013   0.0006814574   0.0009917902   0.0747839425
        0.0430338389  -0.1028749380  -0.0002611749   0.0043373355   0.0037489126
        0.0010187388  -0.0026684030   0.0003739946   0.0002385479   0.0000507855
       -0.0002523428  -0.0000382891  -0.0001678580   0.0000800635  -0.0000901870
        0.0001373128   0.0000424711   0.0000444657   0.0000893804   0.0001645012
        0.0000223294   0.0001203756  -0.0000259658  -0.0000845149  -0.0000354686
       -0.0000767629  -0.0000632690   0.0000251662   0.0000552521  -0.0000877872
       -0.0000262671  -0.0000388852  -0.0000653371  -0.0000711054   0.0000476542
       -0.0000299888   0.0004991983   0.0000113450   0.0002660039   0.0002161777
        0.0002079223  -0.0002825524  -0.0000233716   0.0002381559   0.0005262438
       -0.0006760436  -0.0002722326  -0.0006930366   0.0004894343  -0.0001218777
        0.0028069011  -0.0027763518   0.0023444557  -0.0318755342  -0.0103721973
       -0.0018168051   0.2405796489  -0.0517288253   0.0825276717  -0.0007945577
        0.0029546039   0.0008817403  -0.0973595019  -0.0150575091  -0.0564142061
        0.0002661163   0.0002127890  -0.0000006994  -0.0001767745  -0.0000835938
        0.0003065473   0.0004095117  -0.0000920977  -0.0003030472  -0.0001140971
       -0.0000462449  -0.0000942665   0.0003580609  -0.0002951412  -0.0006454901
       -0.0001672598  -0.0000628387  -0.0002098159  -0.0033162776  -0.0022995117
        0.0010187860  -0.0177948187   0.0047679775   0.0037059053  -0.0003640136
        0.0001680104  -0.0000423230   0.0033515076   0.0003084997  -0.0016156453
        0.0000186800   0.0001086975  -0.0000792496  -0.0000243693  -0.0000530079
        0.0000443740   0.0000131248   0.0000213750   0.0001773274  -0.0001067886
        0.0000372726  -0.0000203027   0.0000325627  -0.0000727646   0.0000204463
       -0.0000575560  -0.0001637368  -0.0001808448   0.0002311786  -0.0002241800
        0.0000323731  -0.0010053832   0.0004514755   0.0003048248  -0.0002207296
        0.0001031729   0.0001823178  -0.0003448207   0.0003370664   0.0001188743
        0.0001690165   0.0000169066   0.0001354908   0.0001097049   0.0001171552
       -0.0000373142   0.0000007199  -0.0000676333  -0.0000500679  -0.0001486077
       -0.0000902997  -0.0000544816  -0.0000702880   0.0000267171   0.0000339275
        0.0000443579  -0.0000380603   0.0000357319   0.0000151449   0.0001213902
       -0.0001487115   0.0004115013   0.0000212857   0.0000826733  -0.0000967148
        0.0000115678  -0.0000315680  -0.0001888097  -0.0000863005   0.0000508114
       -0.0000849378  -0.0001008340   0.0001527245  -0.0000806947   0.0001008861
       -0.0000643840  -0.0000278091  -0.0000489503   0.0000844132   0.0000257297
       -0.0118288633   0.0027538299  -0.0911144816   0.0881289089  -0.0335698408
       -0.0027041675  -0.0026682843   0.0000223142  -0.0000769190  -0.0000397728
        0.0001081759  -0.0005068623  -0.0001516461   0.0001715412   0.0000192969
       -0.0000663723   0.0000032995   0.0000187444   0.0000060794  -0.0000143091
       -0.0000464464  -0.0000743873   0.0000112380   0.0000550114   0.0000208014
        0.0000452543   0.0000340861  -0.0000216320  -0.0000392096   0.0000505744
        0.0000236198   0.0000448558   0.0000613702   0.0000393831  -0.0000326558
       -0.0000599587   0.0005155916   0.0000311836  -0.0006900967  -0.0009385541
       -0.0001789758  -0.0004933044   0.0009418494   0.0009752754  -0.0001577790
        0.0002043273   0.0002190697  -0.0008646084   0.0003359940  -0.0003540727
        0.0046814523  -0.0134520864  -0.0052344323  -0.0323876473  -0.1096403345
       -0.0033063062  -0.0517288253   0.2714749730  -0.0280061472   0.0020338058
       -0.0025565775  -0.0014605263  -0.0013524665  -0.0221611665  -0.0043510859
        0.0004576229  -0.0001528865  -0.0000390081   0.0002131125   0.0000700291
        0.0000418770  -0.0002910978   0.0002324044   0.0003890120  -0.0001518441
       -0.0000963922   0.0000027885   0.0006757276  -0.0003668679  -0.0003606678
        0.0003376124   0.0006747957  -0.0001640174   0.0052767556  -0.0045645806
        0.0015909127  -0.0086388347   0.0021970065   0.0022743315   0.0008951326
       -0.0010428152  -0.0002287591   0.0011183988   0.0009138472  -0.0026536831
       -0.0001047861  -0.0000784423  -0.0000108827  -0.0001889562   0.0002440268
        0.0000457537   0.0003965734   0.0000041708  -0.0001031409   0.0001409088
       -0.0000240676   0.0000564798  -0.0000394427   0.0000210999  -0.0001027852
       -0.0006734163  -0.0000769882   0.0002893049  -0.0001765208  -0.0004457933
        0.0000943972  -0.0014974290  -0.0001978045   0.0000954120   0.0000466949
        0.0002968862   0.0001045088  -0.0001373606   0.0004912180   0.0001379270
       -0.0001604057  -0.0000131004  -0.0000458136   0.0000176761  -0.0000693371
       -0.0000443276  -0.0000018514  -0.0000417335   0.0000651299   0.0001267416
        0.0000310785   0.0001230041   0.0000982136   0.0000522644  -0.0000020243
        0.0000500370  -0.0001448361  -0.0000284268  -0.0001548162  -0.0000198347
       -0.0000756864   0.0003942672  -0.0000277593  -0.0000686112   0.0000948884
        0.0000169836  -0.0000320504   0.0000096690   0.0000849410  -0.0000473544
       -0.0000154761  -0.0000800691  -0.0002171220   0.0002283725   0.0000441536
       -0.0000633494   0.0001603501  -0.0003444222  -0.0000346106  -0.0026796852
       -0.0096634756  -0.0017310075   0.0865613530  -0.1167999324   0.0425444446
       -0.0011692951   0.0038385732  -0.0004767370  -0.0000696889   0.0001629254
       -0.0000521245  -0.0000519444   0.0000514511   0.0002908403   0.0000519246
        0.0000858460   0.0000093655   0.0000748291   0.0000282015   0.0001257987
        0.0000321641   0.0000689742  -0.0000325291  -0.0000475150  -0.0000167465
       -0.0000502024  -0.0000769427   0.0000198520   0.0000097577  -0.0000678063
       -0.0000326060   0.0000143979  -0.0000444822  -0.0000542543   0.0000254954
        0.0002058591  -0.0000107634  -0.0000497954  -0.0004564423  -0.0005580718
       -0.0001707239   0.0006467419  -0.0001939959   0.0000851719   0.0001430739
       -0.0003570112   0.0001603661  -0.0012011636   0.0004214822   0.0000720165
        0.0026608288  -0.0092641453  -0.0013753858  -0.0005892490  -0.0036279696
       -0.0236505004   0.0825276717  -0.0280061472   0.1241680474   0.0009146419
        0.0012262670   0.0007276931  -0.0398031213  -0.0122749030  -0.0547845891
        0.0005161569   0.0000480843   0.0000330804  -0.0001404331  -0.0001422751
        0.0000519547   0.0001809752   0.0002657114   0.0004465006   0.0001002594
        0.0000064047  -0.0001075778   0.0003446187  -0.0005288206  -0.0006167698
        0.0000925297  -0.0005135320  -0.0000190710  -0.0010291769  -0.0001213801
        0.0016990439  -0.0011798622   0.0017968680   0.0007342708   0.0002270246
       -0.0000521203  -0.0008057466  -0.0004713548  -0.0010541136   0.0005174013
       -0.0000844662  -0.0000701410  -0.0000141747  -0.0002824956   0.0000504984
       -0.0000685482   0.0001128507   0.0000539837   0.0001457458   0.0000078297
       -0.0000079339   0.0000444981  -0.0000074266  -0.0001577158   0.0000563040
       -0.0003433174   0.0001468111   0.0002482894   0.0001021563  -0.0000684315
       -0.0000604553   0.0000893889   0.0000455663  -0.0009822161   0.0002430774
        0.0000043115   0.0001399818   0.0003981954   0.0000007945   0.0003289553
        0.0000334755   0.0000041083   0.0001115943   0.0000662570   0.0000971857
       -0.0000786974   0.0000473900  -0.0000464400  -0.0001087936  -0.0000220218
       -0.0000361405   0.0000071935   0.0000183976  -0.0000048562   0.0000286576
       -0.0001421927   0.0000992529   0.0000077889  -0.0000207832   0.0000076875
       -0.0000310586   0.0000608480  -0.0000867504  -0.0000038245   0.0000039667
        0.0000048005  -0.0000125814  -0.0000276281  -0.0000366737   0.0000348134
        0.0000258282   0.0001016491  -0.0000629058  -0.0000149830   0.0003110431
       -0.0001997286  -0.0003626420   0.0001504203   0.0000096633   0.0047434885
        0.0084993159   0.0002761288  -0.0336093228   0.0445409139  -0.0381327854
       -0.0142587587  -0.0008118798  -0.0085029103  -0.0001804637   0.0000606719
        0.0000374782  -0.0003078234   0.0001836882  -0.0000653969   0.0000718949
       -0.0000390668  -0.0000345405  -0.0000972481  -0.0000695519  -0.0001798977
       -0.0000303994  -0.0000274927  -0.0000246621   0.0000106640   0.0000118176
       -0.0000037141   0.0000214706  -0.0000033367  -0.0000088488   0.0000319891
       -0.0000074202   0.0000036510   0.0000132253   0.0000397425  -0.0000203904
        0.0004456383  -0.0029697730  -0.0013439913  -0.0032195662  -0.0013393438
       -0.0068951623  -0.0049552579  -0.0104933286  -0.0086398851  -0.0012120842
       -0.0009228512  -0.0006343566   0.0080053304  -0.0026114410  -0.0186708965
       -0.1168136970  -0.0096672444  -0.0179018622  -0.0109399983   0.0088822086
       -0.0002809326  -0.0007945577   0.0020338058   0.0009146419   0.3367287101
        0.0314490115   0.1239118859  -0.0003408251   0.0008216535   0.0003624479
       -0.0004790520  -0.0000444055  -0.0001458798  -0.0000316709  -0.0019368423
        0.0003980646  -0.0169611990   0.0052504130   0.0079857126  -0.0012018431
        0.0015235957  -0.0006405329  -0.0157146567   0.0046804497   0.0038303405
       -0.1068826572   0.0374139138  -0.0580203395  -0.0523872491  -0.0589490848
       -0.0213578828   0.0000395683  -0.0022289903  -0.0027412308  -0.0127756898
       -0.0005749079  -0.0022648202  -0.0008119668   0.0001616065  -0.0008265091
        0.0005450208   0.0005919624  -0.0001864044   0.0006509959  -0.0021528947
       -0.0001491881  -0.0025451356   0.0012289176  -0.0014319897   0.0005570923
       -0.0000786524   0.0002926774  -0.0000478448   0.0000570350   0.0005719057
        0.0027685662  -0.0003115566   0.0016913400  -0.0000061870   0.0021800354
       -0.0012818754   0.0004936865  -0.0005520596   0.0012702825  -0.0008823996
       -0.0004670316   0.0000371173  -0.0004938085  -0.0001218797   0.0004411212
        0.0000481792  -0.0004883001  -0.0004415629  -0.0006939184   0.0001310447
        0.0003151557  -0.0002640225   0.0002201989   0.0000974033   0.0000966024
       -0.0000170302  -0.0000222966   0.0000020029  -0.0000437195  -0.0001844831
        0.0002213359  -0.0000857304  -0.0001517321   0.0001730272  -0.0000411294
        0.0000262513   0.0006268916   0.0005514251  -0.0003616957  -0.0002321305
       -0.0000447312   0.0001421166  -0.0004002669   0.0000042262  -0.0000900776
        0.0004323835   0.0008537140   0.0007307403  -0.0006354105  -0.0008106158
       -0.0001994702  -0.0009831066   0.0012657344   0.0001519960   0.0020222519
       -0.0022070722  -0.0001096066  -0.0010737233   0.0001135572   0.0005482674
       -0.0001053197  -0.0000570057   0.0002586481   0.0000264921  -0.0001949904
        0.0005120696   0.0001364920   0.0001644748   0.0000951126  -0.0002334360
       -0.0001752172   0.0002300875   0.0000846602   0.0000629502  -0.0000262775
       -0.0000260997   0.0000748602   0.0000995953   0.0000018637   0.0000271760
        0.0000457906   0.0000025262  -0.0000556577  -0.0000885238  -0.0000253515
       -0.0000691225   0.0001555476   0.0000608147  -0.0000313601  -0.0000268540
       -0.0001050381  -0.0015897965  -0.0014669244  -0.0007919752  -0.0031576999
       -0.0045080908  -0.0022751213   0.0022542299   0.0009683232  -0.0012264850
       -0.0014990698  -0.0008865611  -0.0036133100  -0.0099371412  -0.0246141058
       -0.0036596903  -0.0122099546  -0.0004803573  -0.0028910822   0.0023855579
        0.0016770183   0.0029546039  -0.0025565775   0.0012262670   0.0314490115
        0.1145813155   0.0523461947  -0.0003216458  -0.0008771355   0.0008074714
       -0.0004175001   0.0001862819   0.0002256313   0.0017470245  -0.0046309116
       -0.0030958915  -0.0033751410  -0.0126345779  -0.0093828896  -0.0008187754
       -0.0002789997  -0.0001456857   0.0071273587   0.0037528300   0.0010800761
        0.0146929186  -0.0054712813   0.0183201708  -0.0283069483  -0.0551018449
       -0.0204314325  -0.0042114907  -0.0127153413  -0.0084666089  -0.0047667552
        0.0009019251  -0.0007946389  -0.0021910388  -0.0003197266   0.0006310297
        0.0005336801  -0.0004464724   0.0004833710   0.0008534005   0.0003245939
       -0.0000786559   0.0003937213  -0.0000901271  -0.0005978686  -0.0006861050
       -0.0000007030  -0.0003732021   0.0000430373  -0.0000412075  -0.0002188555
       -0.0024859830   0.0000151506  -0.0001783002   0.0005896096   0.0026852568
       -0.0003244314   0.0019350869  -0.0010456286   0.0011085598   0.0008419787
       -0.0002065034  -0.0007220360   0.0003037706  -0.0000578872  -0.0001630545
       -0.0000763377   0.0001789785  -0.0000960682   0.0000534419  -0.0003732477
        0.0000483150   0.0002440707   0.0001865310   0.0003294759   0.0000783173
        0.0001930078  -0.0000141295  -0.0000441336  -0.0000032081  -0.0000939510
       -0.0001581247  -0.0000013676   0.0000510464  -0.0000055773  -0.0000416463
        0.0004102342  -0.0007594253  -0.0001070925  -0.0000928146   0.0001653188
       -0.0000921109  -0.0001018677   0.0004012449  -0.0000032940  -0.0000893089
        0.0003274641   0.0002196474   0.0001355744  -0.0003907404  -0.0013967657
        0.0002710486   0.0000803221   0.0009884683  -0.0006684527  -0.0013187530
        0.0004763116  -0.0013967084   0.0000986533  -0.0011119034  -0.0008492105
       -0.0002456385  -0.0011205592   0.0002493725   0.0003932989  -0.0001026319
        0.0002215015  -0.0000043826  -0.0001731414  -0.0001077038  -0.0001072162
        0.0001009216  -0.0001518910  -0.0000677722   0.0000112839  -0.0000951563
        0.0000906633  -0.0000077857   0.0000361749  -0.0000158928  -0.0000262515
       -0.0000243452   0.0000057222  -0.0000149464   0.0000506650  -0.0000122178
       -0.0000098432   0.0000096975  -0.0000534220   0.0000120915   0.0000239792
       -0.0007443165   0.0000876679   0.0001864740  -0.0019192583   0.0009809212
        0.0020264185  -0.0021909601  -0.0072689467  -0.0084868435  -0.0006051261
        0.0002071739  -0.0012576205  -0.0208441708  -0.0004906903  -0.1120634722
       -0.0409083248  -0.0049690965  -0.0130804808  -0.0032962060  -0.0005191732
       -0.0009003173   0.0008817403  -0.0014605263   0.0007276931   0.1239118859
        0.0523461947   0.1846436557  -0.0014470338  -0.0007168094  -0.0009118648
        0.0001643220  -0.0012425531  -0.0002301874  -0.0005516163   0.0008439379
       -0.0025684932   0.0124552472  -0.0149045467   0.0042071721  -0.0003546144
       -0.0004136039  -0.0000716323  -0.0007179630  -0.0010655445   0.0000946012
       -0.0354309910   0.0240774911  -0.0318772846  -0.0217510769  -0.0352437335
       -0.0249150442  -0.0018422066  -0.0053783236  -0.0008616079  -0.0081367179
       -0.0021940220   0.0025085912   0.0004808847   0.0002399259   0.0005090986
        0.0001236640  -0.0004317600   0.0002729423   0.0000434817   0.0000889102
       -0.0001442806  -0.0012066071  -0.0002392970   0.0001887328   0.0001132747
       -0.0000320114  -0.0003058257   0.0010819830   0.0001239626   0.0001804374
        0.0030681020  -0.0009965503   0.0004884621   0.0003617916   0.0017709476
       -0.0001120698   0.0001018502  -0.0002636430   0.0012407127  -0.0018762926
       -0.0005531571  -0.0002292677  -0.0003606881  -0.0009586329   0.0004381747
       -0.0003900607   0.0000006949  -0.0004603011  -0.0003423080  -0.0003992794
        0.0001074656  -0.0000099587   0.0002219814   0.0004919573   0.0002170836
        0.0004211371  -0.0000187559   0.0000214315  -0.0004272861  -0.0001425247
        0.0000959366   0.0003488697   0.0000096774   0.0006015924  -0.0003662986
        0.0001296778  -0.0000610412   0.0005582471  -0.0000417968  -0.0004189990
        0.0005032314   0.0000970158   0.0000916790  -0.0001858537  -0.0001917492
        0.0002825050   0.0000535903   0.0006944514  -0.0002383229  -0.0006642336
        0.0006850501  -0.0001125193  -0.0008980002  -0.0015831750   0.0003037550
        0.0001518426   0.0003051204   0.0002918768  -0.0003410078  -0.0003540847
        0.0006508145   0.0001237762  -0.0000129044   0.0005309839  -0.0004285332
        0.0003540579  -0.0000048970  -0.0001308938   0.0000245347  -0.0000622198
        0.0000259823   0.0000893480   0.0000370297   0.0001685193   0.0000322899
        0.0001561143   0.0000341855   0.0000744954  -0.0000276033  -0.0000673120
        0.0000097224  -0.0000981671  -0.0000048569  -0.0001441673  -0.0000860951
       -0.0000840122   0.0001162867  -0.0000326674  -0.0000390020   0.0000314344
       -0.0001335950   0.0001390615   0.0000578702  -0.0000507060   0.0008269572
        0.0007988164   0.0001976087   0.0006368328  -0.0003171143   0.0004237993
        0.0000966990  -0.0001167363  -0.0007544249  -0.0002823669   0.0000498087
        0.0009863992   0.0005852767   0.0006662208  -0.0052677547  -0.0111712872
       -0.0062873484  -0.0973595019  -0.0013524665  -0.0398031213  -0.0003408251
       -0.0003216458  -0.0014470338   0.2343925972   0.0110794562  -0.0155206970
        0.0001283306  -0.0002546476  -0.0001001936  -0.0000198319  -0.0000212955
       -0.0000591450   0.0009042538  -0.0001021589  -0.0001328463  -0.0002002210
        0.0001478207   0.0000885119  -0.0015406603   0.0007705420   0.0008737163
        0.0000662925  -0.0008936395  -0.0000838958  -0.0036797171   0.0112549177
       -0.0006194534  -0.0993602034  -0.0102285972   0.0590301829   0.0012352790
       -0.0002171793   0.0015042316  -0.0098957473   0.0004966726   0.0042933470
        0.0001628035  -0.0001543507  -0.0000290300  -0.0001429554  -0.0000874329
        0.0000938620   0.0004173907  -0.0002735985   0.0006281159  -0.0000836829
        0.0000954990  -0.0001304329  -0.0004676064   0.0002761613  -0.0000413409
        0.0012324373  -0.0005186418  -0.0005413520  -0.0008816302   0.0004236545
        0.0003131433   0.0022795316  -0.0007361027   0.0030788041  -0.0004873997
       -0.0001500800  -0.0003827073  -0.0008305922  -0.0002813735  -0.0007703238
       -0.0000236790  -0.0000260062   0.0000261896   0.0000671527  -0.0000490673
        0.0000273138  -0.0002554836   0.0001240812  -0.0003263510  -0.0000348492
       -0.0000012507  -0.0000211934   0.0000250067   0.0002099136  -0.0000129314
        0.0005819264  -0.0000719779   0.0001928325  -0.0001613215   0.0001177288
        0.0001724728  -0.0003836893   0.0003981544   0.0000643426  -0.0000864759
       -0.0003114282  -0.0000948826   0.0001141185   0.0000257962  -0.0000361427
        0.0000190315  -0.0000933087  -0.0000708011  -0.0000144732  -0.0000467300
        0.0001452709   0.0000061882  -0.0001553833  -0.0000677918  -0.0005064154
        0.0022176994  -0.0002019773  -0.0100278913  -0.0057454890  -0.0079463394
       -0.0122093473   0.0025714089   0.0039364557  -0.0000311608  -0.0000423985
        0.0000096515   0.0021504559   0.0011404149  -0.0008248779  -0.0000300433
       -0.0000505039  -0.0000071028  -0.0000966701  -0.0000854054  -0.0000807781
       -0.0000151437   0.0000137583   0.0000105612  -0.0000141813   0.0000073744
       -0.0000067410   0.0000486604  -0.0000230108   0.0000824950  -0.0000257429
        0.0000759843  -0.0000689184  -0.0000256405   0.0000169590   0.0000053845
        0.0003897767  -0.0008433083  -0.0001339282  -0.0006181945   0.0012267809
       -0.0005098570   0.0004400369  -0.0010878643  -0.0004089740  -0.0005526728
        0.0001018559   0.0002163832  -0.0002340645   0.0002705636   0.0001577807
        0.0002384822   0.0014917372   0.0009185981  -0.0043564888  -0.0075556397
       -0.0021388460  -0.0150575091  -0.0221611665  -0.0122749030   0.0008216535
       -0.0008771355  -0.0007168094   0.0110794562   0.0666906521   0.0193605203
        0.0002107506   0.0001180477  -0.0001258611   0.0001469147  -0.0002174360
       -0.0000359789   0.0003202570   0.0005383632   0.0004408304   0.0002681112
        0.0000563097  -0.0001119196  -0.0000174382  -0.0007705499  -0.0002601036
        0.0003772458  -0.0023004730   0.0001433063  -0.0027918561  -0.0028810909
        0.0001211194   0.0091249656  -0.0105741810  -0.0074227851  -0.0000336145
        0.0016321779  -0.0009660133  -0.0094111456  -0.0012244431   0.0061688004
       -0.0000384828  -0.0000904172  -0.0000075672  -0.0001348994  -0.0002207896
       -0.0000359843  -0.0004973668   0.0001079971   0.0005276486   0.0000134403
       -0.0000220559   0.0000100904   0.0002069854  -0.0002313825   0.0001071500
       -0.0001553654   0.0001535105  -0.0000902236   0.0004505446   0.0004935909
       -0.0001241893   0.0022876686  -0.0010875057  -0.0010632571   0.0003750810
       -0.0002166285   0.0003309194  -0.0000169839  -0.0005914308   0.0000395734
       -0.0000047904   0.0000276097   0.0000347597   0.0000057991   0.0000437079
       -0.0000465896   0.0000299570   0.0000480749  -0.0002053703   0.0000328410
       -0.0000167359   0.0000097878   0.0000582893  -0.0000656119   0.0000077564
       -0.0002556763   0.0001351788   0.0000513609   0.0000697745  -0.0001618190
        0.0000645014  -0.0003466605   0.0000352556   0.0001440689   0.0000255435
        0.0001126304  -0.0000064815   0.0000597193   0.0000779323  -0.0000433952
       -0.0000567893   0.0002273641   0.0002478798  -0.0001483496  -0.0000734561
       -0.0001618756  -0.0001301903   0.0001733292   0.0001810042  -0.0000291825
        0.0003959089   0.0004045903   0.0074368282   0.0016085874   0.0053518689
       -0.0000757487  -0.0221003352  -0.0076675993  -0.0001166723   0.0000000996
        0.0001114888   0.0005328546  -0.0002669207  -0.0006330558   0.0000275625
       -0.0000363913  -0.0000210832   0.0000617542  -0.0000173715   0.0000362988
       -0.0000094802  -0.0000169423   0.0000017714  -0.0000008339   0.0000031135
        0.0000006005   0.0000148696  -0.0000098390   0.0000183515   0.0000118759
       -0.0000237008  -0.0000213240  -0.0000285826  -0.0000277568   0.0000251655
       -0.0000883702  -0.0001810710   0.0001958828  -0.0001945626   0.0005911192
       -0.0006395894  -0.0004674015  -0.0009243627  -0.0003195225  -0.0000656819
        0.0001373668   0.0000379603   0.0007756548   0.0001250432   0.0004031023
       -0.0007555077   0.0013417449   0.0003635174  -0.0024720621  -0.0043258643
        0.0005338682  -0.0564142061  -0.0043510859  -0.0547845891   0.0003624479
        0.0008074714  -0.0009118648  -0.0155206970   0.0193605203   0.3251540695
       -0.0001616067   0.0000669527  -0.0000406111   0.0002316323  -0.0000329523
        0.0000208359  -0.0003297572  -0.0000208099  -0.0001459350  -0.0000479767
       -0.0000035850   0.0000625762   0.0000722312   0.0002942475   0.0005673702
        0.0005960891  -0.0002083566   0.0001273685   0.0025466604  -0.0107725544
        0.0003342100   0.0694345918   0.0060852906  -0.0662690302  -0.0003080503
       -0.0004503824   0.0002933952   0.0123210424   0.0008823169  -0.0027870447
        0.0000387664   0.0000349373  -0.0000890428   0.0000810691  -0.0000909023
        0.0000531088  -0.0000075570  -0.0004073699   0.0000520364  -0.0000417816
        0.0000034576  -0.0000102656   0.0003829373  -0.0001217095  -0.0001665826
       -0.0006434966  -0.0000240436  -0.0000361006   0.0004641393  -0.0007972121
       -0.0004381005  -0.0032614575   0.0021970232   0.0011255237  -0.0005370808
        0.0005044174   0.0005585221  -0.0005975700   0.0003912432  -0.0000919390
        0.0000643725  -0.0000671015   0.0000524961   0.0001013547   0.0000811503
        0.0000746077  -0.0001403209  -0.0000324509   0.0000344536   0.0000255777
       -0.0000596811   0.0000609010   0.0001498983   0.0000208671   0.0000060155
        0.0000195035  -0.0002187551  -0.0000322224  -0.0000957387  -0.0001097531
       -0.0001647955   0.0005916376   0.0001288060   0.0001737594   0.0000114255
        0.0001650819  -0.0000280654  -0.0001332854   0.0001966810  -0.0001326977
        0.0000496443   0.0000283633  -0.0001122571   0.0000745871  -0.0000535849
        0.0001118765   0.0001568934   0.0001519283   0.0001880704   0.0011130694
       -0.0003307613   0.0007550553  -0.0075510746  -0.0018847108   0.0021743601
        0.0017419248  -0.0073457400  -0.2062713803   0.0000432540   0.0001335460
       -0.0000311667  -0.0013540241  -0.0009085605  -0.0001845000   0.0000170759
        0.0000731626   0.0000702793   0.0000316753   0.0000517198   0.0001491237
        0.0000038984   0.0000830440  -0.0000589114  -0.0000547369  -0.0000286676
       -0.0000613179  -0.0001006983   0.0000018434   0.0000101426  -0.0001105050
       -0.0000579754   0.0000036669  -0.0000478468  -0.0001293417   0.0000593762
       -0.0145424106   0.0152931976   0.0029702345  -0.0019986426  -0.0007294812
        0.0030544818  -0.0005849409  -0.0013188446  -0.0012009114  -0.0374834865
        0.0209870561   0.0030218376  -0.0007914885  -0.0006618701  -0.0003432901
       -0.0004024215   0.0005673387   0.0034013967   0.0001947840   0.0004461898
       -0.0011337943   0.0002661163   0.0004576229   0.0005161569  -0.0004790520
       -0.0004175001   0.0001643220   0.0001283306   0.0002107506  -0.0001616067
        0.1312036749   0.0599446486  -0.0126056690   0.0175500296  -0.0446092769
        0.0014843366  -0.0053717362  -0.0017060394   0.0006108909  -0.0568378338
       -0.0056232874   0.0012432580   0.0010067545   0.0004296557   0.0007785887
       -0.0000720583   0.0001025570   0.0000348194   0.0002360105   0.0005557168
        0.0002267290   0.0002065837  -0.0000102870  -0.0000195369  -0.0006151198
       -0.0006673823  -0.0004109866  -0.0001320979   0.0001207899   0.0002176917
       -0.0149016316  -0.0007525515  -0.0006401782  -0.0016744686  -0.0012096979
        0.0027900619  -0.0015476961   0.0011205250  -0.0005390621   0.0013198709
       -0.0002132729  -0.0001082985  -0.0006072999  -0.0002803213  -0.0000812606
       -0.0002257824  -0.0007774450  -0.0000997793  -0.0000880514   0.0007017282
        0.0001578134  -0.0001249752  -0.0002063841   0.0000448260   0.0003702895
       -0.0004797719  -0.0001502457   0.0001329804   0.0002594300  -0.0000945793
        0.0005390869  -0.0000653054   0.0003497688  -0.0008585497   0.0005111979
       -0.0003627230   0.0000610383  -0.0001163976  -0.0004946256  -0.0003153819
       -0.0007661206   0.0004122618   0.0000830556   0.0003465245   0.0000626488
        0.0003545017   0.0001975045  -0.0004662248  -0.0003425527   0.0005225327
        0.0003014178   0.0000682124  -0.0002774633  -0.0002646707   0.0002686877
       -0.0007290439   0.0002695461  -0.0001844088   0.0000638304   0.0001004074
        0.0019486619  -0.0016328013  -0.0014465884  -0.0019647512  -0.0007631207
       -0.0002380692  -0.0003274254   0.0009198760   0.0000535329   0.0000640456
       -0.0002858211   0.0000248637  -0.0000127928  -0.0000231330  -0.0001589983
       -0.0001545127  -0.0000654443   0.0000228229  -0.0128321373  -0.0389297339
       -0.0018398135  -0.0000851096   0.0000650322  -0.0000374595  -0.0003420231
       -0.0007154121   0.0009494279  -0.0001449458   0.0000747881  -0.0000649855
        0.0000513725  -0.0001756386  -0.0000460646  -0.0000453813   0.0001157669
       -0.0001142609   0.0000413303   0.0000625195   0.0000400665  -0.0000329215
        0.0001557693  -0.0001523919   0.0000286696  -0.0000236996  -0.0000281350
        0.0007092666  -0.0004202056   0.0009382097  -0.0022076382  -0.0005689289
        0.0001584606   0.0004492294   0.0009596773  -0.0000351104   0.0628571477
       -0.0554973768  -0.0111087106  -0.0009456328   0.0003857573  -0.0000393317
        0.0000441013  -0.0016401479  -0.0006981362  -0.0003079980   0.0002933092
        0.0001381935   0.0002127890  -0.0001528865   0.0000480843  -0.0000444055
        0.0001862819  -0.0012425531  -0.0002546476   0.0001180477   0.0000669527
        0.0599446486   0.4747286592  -0.0243489267  -0.0409325878  -0.1875909577
        0.0263706297  -0.0001042839   0.0000177041   0.0037618516  -0.0494852394
       -0.0197485394   0.0024754229   0.0006552682  -0.0002660886   0.0009105444
        0.0004099846  -0.0003786537  -0.0004278260  -0.0000264946  -0.0002692987
       -0.0004910031   0.0001868614  -0.0002016465  -0.0002844984   0.0002168867
       -0.0000769226  -0.0003576275  -0.0002331018  -0.0001753892  -0.0002461082
        0.0052578949   0.0008488085  -0.0000203342   0.0013976469  -0.0002013098
        0.0006020167   0.0004686076  -0.0010564962  -0.0001230112   0.0023259024
        0.0000654303   0.0009476698  -0.0000102007   0.0002181926  -0.0003675663
        0.0002464029   0.0004857784  -0.0000768383   0.0003561706   0.0002124474
       -0.0000607953   0.0003080464  -0.0001183464   0.0001787369  -0.0003383293
       -0.0000240966   0.0000071698  -0.0000312958  -0.0000698449   0.0003918562
       -0.0008948302   0.0003028435   0.0001572577   0.0003260386  -0.0006907201
       -0.0006080835   0.0000253854   0.0001537288   0.0003358343   0.0001117957
        0.0001528152  -0.0000964922  -0.0003189272  -0.0001545574   0.0000279676
       -0.0001404800  -0.0001382046   0.0002083872   0.0002645198   0.0000282025
       -0.0000533470   0.0003526864   0.0002846129  -0.0000495628  -0.0002149998
        0.0002745605  -0.0001545108  -0.0003155632  -0.0002147445   0.0000686018
       -0.0005383193  -0.0001974559   0.0004495160  -0.0005357326   0.0004532458
        0.0001180071  -0.0001249481  -0.0001382369  -0.0000950149  -0.0000034899
       -0.0000920190   0.0001055176  -0.0000653478   0.0000238265  -0.0000639840
        0.0000694354  -0.0000849225   0.0001653209  -0.0397625558  -0.2095981510
        0.0025251908   0.0000117624   0.0001115505   0.0000908154   0.0004167644
       -0.0003133420  -0.0002440789  -0.0000860800  -0.0000448053  -0.0001286122
       -0.0001033471  -0.0001214030   0.0001568792   0.0001518437   0.0000014150
        0.0001257019   0.0000729733  -0.0000633805  -0.0001626719   0.0000772177
       -0.0000413046   0.0001088955   0.0000991985   0.0000434878  -0.0000549563
        0.0045520572  -0.0052456672  -0.0000271812  -0.0004175725   0.0087531127
       -0.0012015885   0.0005181215  -0.0029320079   0.0003956556  -0.0005434213
       -0.0024756726  -0.0159334312   0.0002893379   0.0003038955   0.0003679460
       -0.0008819767  -0.0022178033   0.0003306501   0.0001305573   0.0011359308
        0.0008023524  -0.0000006994  -0.0000390081   0.0000330804  -0.0001458798
        0.0002256313  -0.0002301874  -0.0001001936  -0.0001258611  -0.0000406111
       -0.0126056690  -0.0243489267   0.0488050312   0.0021502090   0.0237703480
       -0.0017423051   0.0001260329   0.0000289900  -0.0015687688   0.0107669113
       -0.0005106905  -0.0163702909   0.0001174722  -0.0002304734   0.0002117477
        0.0000340005  -0.0001238828   0.0000019448   0.0000874676  -0.0001082693
       -0.0000215603  -0.0000046302   0.0000201108  -0.0000873572   0.0001770831
        0.0003401073   0.0003571781  -0.0000053023   0.0000053309  -0.0000064014
       -0.0006805391   0.0001159719   0.0007605369  -0.0059949936  -0.0019030877
        0.0007951275   0.0005707466   0.0020760505   0.0004806630   0.0015025628
       -0.0000308558   0.0012335723  -0.0003644466   0.0002994757   0.0001673415
        0.0004053627  -0.0001783046  -0.0001214395  -0.0001546738  -0.0001829777
        0.0000563051  -0.0001065154   0.0001563168  -0.0001475931   0.0000982568
        0.0001587909  -0.0000153069  -0.0000266905   0.0000401308   0.0000097892
        0.0000726611   0.0002703489  -0.0003748085   0.0000544188  -0.0008652187
        0.0004843625   0.0000293778   0.0003749878  -0.0000765768  -0.0002163807
       -0.0003383433  -0.0003243850   0.0000409994  -0.0000176112  -0.0000080654
       -0.0002176166  -0.0003172157  -0.0002552045  -0.0001564007  -0.0000675236
        0.0000335998   0.0000773701  -0.0000648946   0.0000303835   0.0000598239
       -0.0000815640   0.0000014301  -0.0000308458   0.0001445418  -0.0000668682
       -0.0004931176   0.0002824625   0.0004629640   0.0013918933  -0.0004174270
        0.0007447039  -0.0000037603  -0.0000762490  -0.0000637194  -0.0001018303
       -0.0000595375  -0.0001742925  -0.0000125266  -0.0000068883   0.0000062010
        0.0000033454  -0.0000000689  -0.0000126396  -0.0009909626   0.0043875027
       -0.0174792373   0.0000129452  -0.0000003583   0.0000315966   0.0008510956
       -0.0000754414  -0.0003031658   0.0000124681  -0.0000459615  -0.0000001120
        0.0001130100   0.0001720872  -0.0000128119  -0.0000198912   0.0000576791
        0.0000717393   0.0000302704   0.0000017427  -0.0000266095  -0.0000052328
       -0.0000173020   0.0000139223   0.0000059107  -0.0000164527   0.0000026944
       -0.0060077066   0.0014508819  -0.0024569749  -0.0122959200   0.0053057414
        0.0035489617  -0.0025013922   0.0008332481  -0.0007367867  -0.1025216967
       -0.0222931385   0.0302817381  -0.0004143803   0.0037690210  -0.0012363464
        0.0024677849  -0.0042359746   0.0004451176  -0.0000226985   0.0003369521
        0.0002833713  -0.0001767745   0.0002131125  -0.0001404331  -0.0000316709
        0.0017470245  -0.0005516163  -0.0000198319   0.0001469147   0.0002316323
        0.0175500296  -0.0409325878   0.0021502090   0.2228342917   0.0156104149
       -0.0248107708  -0.0081845563  -0.0102364041   0.0012164068  -0.0760521970
        0.0546618266  -0.0000744444  -0.0052910773  -0.0079511957  -0.0039081147
        0.0003735842  -0.0005879082   0.0007693564   0.0002749338   0.0004124463
       -0.0002532813   0.0002162280  -0.0000144822  -0.0003405430  -0.0012432826
       -0.0004990820  -0.0002046630  -0.0002267647  -0.0000178309  -0.0000107333
       -0.0037590718  -0.0005742423   0.0010153780  -0.0178103785  -0.0003014668
       -0.0038955270   0.0005865987   0.0020744310   0.0001360436   0.0004366315
        0.0003549963  -0.0002390444   0.0004222734  -0.0000006423   0.0005177553
       -0.0005814519  -0.0018272904  -0.0007284332   0.0002366182   0.0007745936
        0.0001943450   0.0002760712  -0.0005202951   0.0004732058   0.0001634433
       -0.0001725449  -0.0001435878   0.0001169159   0.0002386512  -0.0001621996
        0.0002824516  -0.0009725327   0.0000734348  -0.0004530043   0.0019268725
        0.0001357953  -0.0002556086  -0.0006050941  -0.0004602610   0.0001872113
       -0.0000958176   0.0003223254   0.0000779528   0.0003779360  -0.0001654132
        0.0004645092   0.0007010907  -0.0000930659  -0.0000597277   0.0004683611
       -0.0000166292  -0.0003332762  -0.0003825509  -0.0000155295   0.0000678881
       -0.0006480648   0.0002102574   0.0001632508  -0.0000623858   0.0001091127
        0.0002215869   0.0004448846   0.0000273282  -0.0022244336  -0.0009297529
       -0.0015657610  -0.0002339081   0.0010540193  -0.0000119566   0.0002906685
       -0.0002006274  -0.0000840726   0.0001097111   0.0000456006  -0.0000405889
       -0.0000719688  -0.0000963874   0.0000126174  -0.0046851463   0.0007497275
        0.0003742499  -0.0000040439   0.0000387950  -0.0000190293  -0.0018980226
        0.0003441839   0.0001777666  -0.0001309078   0.0000918765  -0.0001182868
       -0.0001207192  -0.0002354437  -0.0001786802  -0.0001972826  -0.0000033503
        0.0000552933   0.0000120746   0.0000339826   0.0000422780   0.0000030650
        0.0001338977  -0.0000934187  -0.0000268730   0.0000556093  -0.0000477868
       -0.0002097192  -0.0004260212  -0.0011861861   0.0029309811   0.0013148431
        0.0019636226  -0.0009960112  -0.0011559725   0.0008852813  -0.0371681827
       -0.0017036122   0.0054287055   0.0108549891  -0.0105811072  -0.0007101466
       -0.0012216235   0.0006512094  -0.0002409895   0.0003051580   0.0001324898
       -0.0006562838  -0.0000835938   0.0000700291  -0.0001422751  -0.0019368423
       -0.0046309116   0.0008439379  -0.0000212955  -0.0002174360  -0.0000329523
       -0.0446092769  -0.1875909577   0.0237703480   0.0156104149   0.3852072818
       -0.0172803770  -0.0174432169  -0.1108785205  -0.0046940155   0.0747433139
       -0.0444708739  -0.0005198738  -0.0096948703  -0.0099347053  -0.0076874522
       -0.0004411371  -0.0057654595  -0.0015299105  -0.0008407911  -0.0018952331
       -0.0012266753   0.0005623646   0.0001010960  -0.0005832179  -0.0017423509
       -0.0006028831  -0.0010219294  -0.0000824315  -0.0001513974   0.0000662075
        0.0016585281   0.0011303147  -0.0000888436   0.0051591768  -0.0015542438
       -0.0005358281   0.0020122463  -0.0011756601   0.0005923129  -0.0015686642
       -0.0003001150   0.0009526434  -0.0013211385  -0.0002257492   0.0003429131
        0.0016400745  -0.0008502380  -0.0007605431   0.0010243990   0.0014153526
       -0.0006840027   0.0004963389  -0.0005932830   0.0003456289  -0.0003979136
       -0.0001442717   0.0000623096  -0.0000283374  -0.0001092878   0.0004159239
        0.0012483601  -0.0008281471  -0.0007252922  -0.0011931282   0.0011442208
        0.0005775884   0.0000660456  -0.0005363206  -0.0004721294  -0.0000608946
       -0.0000285791   0.0000305479   0.0001387612   0.0002498540   0.0000830553
        0.0003755673   0.0004868955  -0.0003502491  -0.0000499561   0.0007564693
       -0.0001506625   0.0003498990  -0.0000515020  -0.0001192449  -0.0000250440
       -0.0005971199   0.0001404821  -0.0001974756  -0.0001506476   0.0002659912
        0.0004684666  -0.0002007597  -0.0000419319   0.0011024275  -0.0015483093
        0.0004991019   0.0005202593  -0.0006783894  -0.0002082656  -0.0001145508
       -0.0001126095  -0.0000718913  -0.0001174947   0.0000378436   0.0001846220
       -0.0000732436   0.0000931550   0.0000525611   0.0009168913  -0.0024467482
        0.0039799266  -0.0000000687   0.0000153696   0.0000124406  -0.0004772573
       -0.0007617813   0.0001053827  -0.0000447285  -0.0000116958  -0.0000962730
       -0.0002179010  -0.0000279925   0.0001374867   0.0000079235   0.0000126561
        0.0000259112   0.0000529295  -0.0000506459   0.0000793171   0.0000789834
        0.0000785969   0.0000353779   0.0000546400   0.0000915105  -0.0000621851
        0.0047340939   0.0016129028   0.0020211639   0.0011774620  -0.0043683901
        0.0024404630  -0.0004487566   0.0042210029  -0.0007033256   0.0292424550
        0.0051251554  -0.0197794058  -0.0034176211   0.0056706045   0.0009883239
       -0.0016637542   0.0008035703  -0.0007880033  -0.0001762537  -0.0006275026
       -0.0003908933   0.0003065473   0.0000418770   0.0000519547   0.0003980646
       -0.0030958915  -0.0025684932  -0.0000591450  -0.0000359789   0.0000208359
        0.0014843366   0.0263706297  -0.0017423051  -0.0248107708  -0.0172803770
        0.0531637854  -0.0006134351  -0.0118551036  -0.0192420850  -0.0073696264
        0.0037343504  -0.0133652850  -0.0022765627  -0.0026671492   0.0010027252
       -0.0004583888  -0.0059959700  -0.0024772523   0.0000253254  -0.0011987555
        0.0002049174  -0.0000532785  -0.0001738400  -0.0001916076   0.0006916019
        0.0003199204  -0.0002322468  -0.0000547859  -0.0000629463   0.0000624638
        0.0011413859  -0.0002505815   0.0028670398   0.0023678994   0.0018905818
        0.0012872835  -0.0003713823  -0.0023095633  -0.0003326157  -0.0003839560
       -0.0001476204   0.0000938151   0.0006130159  -0.0004555302  -0.0001406633
       -0.0003924039   0.0005565602   0.0003925363  -0.0003950277  -0.0003315030
        0.0001395839   0.0000269858   0.0001433116  -0.0000489312   0.0000553992
       -0.0001760844  -0.0001441912   0.0000250902  -0.0000321345  -0.0001913953
        0.0002015577  -0.0001722248   0.0008324251   0.0002485911   0.0006935614
       -0.0011415640   0.0000341413  -0.0003335699  -0.0000344482   0.0003742089
        0.0003365321   0.0004068344  -0.0000320942  -0.0000568853   0.0000043171
        0.0001531721   0.0002625167   0.0003244765   0.0000191326  -0.0002837147
        0.0000059767  -0.0002000782   0.0000315726   0.0000868713  -0.0000888402
        0.0001937333   0.0000199177   0.0001394878   0.0000228890  -0.0000594132
       -0.0003242972   0.0004724972   0.0002216837   0.0009970010   0.0000784997
       -0.0003342750  -0.0002008821   0.0001641060   0.0000228827  -0.0002034839
        0.0000853766  -0.0000085399  -0.0000706961  -0.0000622792   0.0000095440
       -0.0000426881  -0.0000582077   0.0000002774   0.0007487516  -0.0010685540
       -0.0025287226   0.0000290083  -0.0000167713   0.0000124672  -0.0007500676
        0.0004853796  -0.0000142554  -0.0000163284  -0.0000202254   0.0000102217
       -0.0002390292  -0.0001874956  -0.0001972543  -0.0000752673   0.0000113525
       -0.0000552588  -0.0000205708   0.0000142172   0.0000425912  -0.0000040151
       -0.0000106960  -0.0000403846  -0.0000212286  -0.0000071551   0.0000154372
       -0.0009278272   0.0044159843   0.0005283914  -0.0065140834  -0.0020173851
        0.0010801290  -0.0078566522   0.0015350060   0.0023948450  -0.0015286950
       -0.0069684901  -0.0001347562  -0.0727935547   0.0412842278  -0.0374622738
       -0.0096523597   0.0071973286   0.0022675486  -0.0005804419  -0.0002503026
       -0.0021175796   0.0004095117  -0.0002910978   0.0001809752  -0.0169611990
       -0.0033751410   0.0124552472   0.0009042538   0.0003202570  -0.0003297572
       -0.0053717362  -0.0001042839   0.0001260329  -0.0081845563  -0.0174432169
       -0.0006134351   0.2503796236  -0.0010384964   0.0659811047   0.0008091571
        0.0063604122   0.0007724039  -0.1022622241  -0.0275685551  -0.0155394344
        0.0017009303  -0.0025979037  -0.0169475003   0.0008805317  -0.0013283295
        0.0005747471   0.0000758712   0.0000675973  -0.0006593540   0.0007350081
       -0.0030194644  -0.0046451000   0.0002424377   0.0007012920   0.0009069191
       -0.0024748535  -0.0009624328   0.0000954168  -0.0034462604   0.0001355367
       -0.0004331309  -0.0202843948   0.0042052752  -0.0065431385   0.0003407111
       -0.0000041120   0.0002344425   0.0022302530  -0.0001818462  -0.0000468823
       -0.0006288561   0.0031497705  -0.0021563319   0.0000799229   0.0004886093
        0.0010862183   0.0001791714   0.0003174993  -0.0017691494  -0.0013106130
       -0.0011757585   0.0010374807  -0.0003221251   0.0000720377   0.0003501124
        0.0001243239   0.0002445436   0.0005321304   0.0002225561   0.0002291585
       -0.0004712759  -0.0005423578   0.0001628048  -0.0000684987   0.0000331574
       -0.0003220316   0.0001027143   0.0000360552  -0.0000828259   0.0001340441
       -0.0000572803  -0.0001128262   0.0004896397   0.0009333953  -0.0005513998
       -0.0004438280   0.0002112179   0.0006062998   0.0004111263  -0.0003728048
        0.0009095269  -0.0000671438   0.0001672315  -0.0001489999  -0.0000773102
        0.0006274204  -0.0001488432  -0.0000730625  -0.0004082242  -0.0013930867
       -0.0003816589   0.0002598503  -0.0002004000  -0.0002285886   0.0002139994
       -0.0003190185   0.0001451001  -0.0002056505  -0.0001526286   0.0002206004
       -0.0003053629   0.0001652537  -0.0001588050   0.0002811152  -0.0002956158
        0.0000043877   0.0000465420   0.0000375633  -0.0000687703   0.0010210914
       -0.0000640636  -0.0004588799  -0.0000729206  -0.0003453209  -0.0001336132
       -0.0000970334  -0.0000095394  -0.0001282609   0.0000187407   0.0000556943
       -0.0000123340   0.0000055328  -0.0000431554   0.0000502032   0.0000027328
       -0.0000945675  -0.0000323256  -0.0000102786  -0.0000505395   0.0000402183
        0.0014448784   0.0004917065   0.0013714551  -0.0000074913  -0.0018808000
       -0.0007821916   0.0017861095  -0.0000943014  -0.0015461865  -0.0129086766
       -0.0104493771   0.0034821219   0.0357547197  -0.0363082907   0.0280406018
       -0.0022298956   0.0011623539   0.0001213377   0.0023366617  -0.0007657713
       -0.0014340654  -0.0000920977   0.0002324044   0.0002657114   0.0052504130
       -0.0126345779  -0.0149045467  -0.0001021589   0.0005383632  -0.0000208099
       -0.0017060394   0.0000177041   0.0000289900  -0.0102364041  -0.1108785205
       -0.0118551036  -0.0010384964   0.2282863165   0.0260345411   0.0125105268
       -0.0164450352   0.0021339558  -0.0267576536  -0.0175156414  -0.0031388299
       -0.0001156449  -0.0128260852  -0.0124306514   0.0036618712  -0.0051080577
       -0.0074676208  -0.0005213126   0.0002573864   0.0008517173  -0.0032269394
       -0.0034214932  -0.0040572867  -0.0004096076  -0.0000608941  -0.0001591054
       -0.0003442716  -0.0012647649   0.0003880368   0.0005594839  -0.0030933101
        0.0010978291  -0.0021479784  -0.0007159871  -0.0018144392  -0.0006929910
        0.0001933439  -0.0010981183   0.0024700980   0.0005674574  -0.0010979309
       -0.0035663711  -0.0001805551   0.0002203411  -0.0000563090   0.0017618465
       -0.0006466989   0.0003137379  -0.0008293391   0.0007656598   0.0003350215
       -0.0001981086  -0.0002446655   0.0006788369   0.0002304219   0.0001050042
       -0.0000693600  -0.0000378298   0.0001491964   0.0001111454  -0.0001636897
        0.0003280795  -0.0005299374   0.0003366115   0.0002172206  -0.0002029361
       -0.0000575791  -0.0003026485  -0.0000873801   0.0000874358  -0.0001558496
       -0.0000329999  -0.0001314877   0.0002269455  -0.0000645174  -0.0000601930
        0.0002674919  -0.0003501188   0.0000607392  -0.0001365196  -0.0000187322
       -0.0000426212  -0.0000203262   0.0001591204  -0.0000086422  -0.0001547893
       -0.0005045488  -0.0002366524  -0.0001388009   0.0004266603   0.0009999837
       -0.0002502077  -0.0001578690  -0.0003077603  -0.0001880322   0.0002274935
       -0.0001351926  -0.0002862181   0.0000232475   0.0001819782  -0.0001653628
        0.0001378409  -0.0001836436   0.0000242063   0.0005441163   0.0003641444
       -0.0011514943   0.0000111369   0.0001321797  -0.0000954092  -0.0004152196
        0.0002669346  -0.0000668647  -0.0002455428  -0.0001152467  -0.0002673229
        0.0001745835   0.0000031927  -0.0000493959  -0.0000437956  -0.0000037803
       -0.0000142732  -0.0000065683  -0.0000157304   0.0000558079  -0.0000148395
       -0.0000262235  -0.0000191323  -0.0000129984   0.0000246787  -0.0000153528
        0.0002530503  -0.0021042932  -0.0003119430  -0.0001381381   0.0018591128
       -0.0048001928  -0.0155739754  -0.0038665658   0.0042976495  -0.0037450629
       -0.0004610358   0.0014579163  -0.0079534450   0.0147530144  -0.0219699464
        0.0025032218  -0.0014587976  -0.0013189727   0.0021247015   0.0009600910
       -0.0014008276  -0.0003030472   0.0003890120   0.0004465006   0.0079857126
       -0.0093828896   0.0042071721  -0.0001328463   0.0004408304  -0.0001459350
        0.0006108909   0.0037618516  -0.0015687688   0.0012164068  -0.0046940155
       -0.0192420850   0.0659811047   0.0260345411   0.0839389573   0.0024148297
       -0.0044220399   0.0018823307  -0.0554143377  -0.0165416779  -0.0224057387
       -0.0058492670   0.0004471986  -0.0247503215   0.0036898303  -0.0023318491
       -0.0013312541  -0.0008239755  -0.0004162764   0.0009998486  -0.0037949962
       -0.0004685814  -0.0025823472  -0.0001201596  -0.0000054361  -0.0002116986
        0.0002534028   0.0004490477   0.0000163256  -0.0002139145   0.0000150757
        0.0009798633   0.0035641494   0.0008884110   0.0024158342  -0.0002099300
       -0.0000562629  -0.0006389303  -0.0004481890   0.0001065212   0.0002590811
        0.0034219676  -0.0006176279  -0.0001831584   0.0008917656  -0.0020780703
       -0.0011815367  -0.0011134025  -0.0009811248   0.0004372706  -0.0000616611
       -0.0000382597  -0.0002431520   0.0001532534   0.0002061371  -0.0003531576
       -0.0002041409   0.0000874525  -0.0005222031  -0.0000713978  -0.0005798504
        0.0005563158   0.0004712970   0.0004673906   0.0003114589  -0.0001465974
       -0.0000381183  -0.0003701766  -0.0000076701  -0.0002374527  -0.0000301103
       -0.0001335691  -0.0004001763  -0.0000662791   0.0000102205   0.0001642282
       -0.0000336676   0.0002076219  -0.0001886163  -0.0000430573  -0.0000321234
        0.0001676310  -0.0001167532  -0.0000478591   0.0000226169   0.0000937320
        0.0001211639   0.0003351146   0.0004271115  -0.0002470974  -0.0008025647
        0.0006406676  -0.0000524941   0.0000563699  -0.0003058843   0.0001786717
       -0.0006409039  -0.0006598500   0.0000263858   0.0001906489  -0.0000042760
        0.0001089182   0.0000372757  -0.0000278928   0.0005469764   0.0003981340
        0.0029317122  -0.0001035923   0.0000237883  -0.0000244974  -0.0001871822
        0.0001881480   0.0001067102   0.0001572216   0.0002856349   0.0003045496
        0.0002226550   0.0000736207   0.0001840290  -0.0000076629   0.0000108080
        0.0000815160   0.0000082613   0.0000378795  -0.0000421022  -0.0000077199
       -0.0000047367  -0.0000615959   0.0000217739  -0.0000403631  -0.0000282408
       -0.0027453826   0.0021767521   0.0007591563   0.0019997364  -0.0031580261
        0.0028194822   0.0007795198   0.0010190757   0.0010142279  -0.0207383072
        0.0075288839  -0.0024240443   0.0013590728   0.0013570298  -0.0003061934
        0.0005418589  -0.0014068321  -0.0024408674  -0.0002584517   0.0003072894
       -0.0000406364  -0.0001140971  -0.0001518441   0.0001002594  -0.0012018431
       -0.0008187754  -0.0003546144  -0.0002002210   0.0002681112  -0.0000479767
       -0.0568378338  -0.0494852394   0.0107669113  -0.0760521970   0.0747433139
       -0.0073696264   0.0008091571   0.0125105268   0.0024148297   0.3159587676
       -0.0460234166   0.0044580126  -0.0013357527  -0.0022369909  -0.0000088702
       -0.0001814215  -0.0006228768   0.0004471094   0.0006566513  -0.0011457744
       -0.0002991715  -0.0001212499   0.0003356072   0.0000495810  -0.0013828554
       -0.0006091628  -0.0009029523  -0.0000039851  -0.0004835193  -0.0002751290
       -0.0574626230   0.0644519993  -0.0017952057  -0.0635979608  -0.0478201415
       -0.0037953315  -0.0081115233  -0.0147202077  -0.0037904249  -0.0182937267
        0.0023584260   0.0001925949   0.0016036388  -0.0001496971  -0.0013313807
        0.0002107863   0.0042775645   0.0003420258   0.0014690003   0.0004577038
       -0.0007282998   0.0006306010   0.0000917137   0.0007450584  -0.0011280529
       -0.0001788399  -0.0005197198  -0.0001010356  -0.0006686476   0.0004244458
        0.0019389013  -0.0027798031  -0.0025855284  -0.0016032792  -0.0001537418
        0.0009904380   0.0002376608   0.0006879884   0.0011162758  -0.0000499228
        0.0011660670  -0.0017317551   0.0001735416  -0.0001664149   0.0006470281
       -0.0006220745  -0.0001749968   0.0002492566   0.0003435385   0.0001475252
       -0.0000169441   0.0008064631   0.0007343511   0.0002490398  -0.0005565522
        0.0009113322  -0.0003628026  -0.0002779508  -0.0003274124   0.0002353778
       -0.0000846870  -0.0011107997  -0.0006204756   0.0009205833  -0.0006292541
        0.0024207891   0.0004085125  -0.0009323126  -0.0001928724  -0.0002678885
       -0.0001217330  -0.0000945777  -0.0000248750   0.0000742832   0.0000826620
        0.0001164032  -0.0000686842   0.0000695174  -0.0100251467  -0.0029762767
        0.0014779391   0.0000433766   0.0000137874  -0.0000658779  -0.0078183406
        0.0033870260  -0.0009112490   0.0000570572  -0.0000184176  -0.0001118288
       -0.0000138177   0.0006923664   0.0010273563  -0.0000705369  -0.0002588151
        0.0000820747  -0.0000616419  -0.0001295176  -0.0000602431   0.0001208843
       -0.0001576030   0.0000835867   0.0001595214  -0.0000129498  -0.0000804374
        0.0003970852  -0.0007154730   0.0001097050  -0.0002698875   0.0003139324
       -0.0006486318   0.0005527702  -0.0001496231  -0.0000594302  -0.0001204501
       -0.0012306668   0.0014219343  -0.0011558407   0.0001915512   0.0003553709
       -0.0004323095   0.0001247942   0.0000405509  -0.0001688823  -0.0002731483
        0.0001385550  -0.0000462449  -0.0000963922   0.0000064047   0.0015235957
       -0.0002789997  -0.0004136039   0.0001478207   0.0000563097  -0.0000035850
       -0.0056232874  -0.0197485394  -0.0005106905   0.0546618266  -0.0444708739
        0.0037343504   0.0063604122  -0.0164450352  -0.0044220399  -0.0460234166
        0.1529626493   0.0022222862   0.0004753602  -0.0034538452  -0.0000502519
       -0.0003965383   0.0007342877   0.0003192687   0.0003281731   0.0003588782
        0.0003211911  -0.0001897194   0.0004429841   0.0003037425   0.0006942780
        0.0010154915   0.0011226254  -0.0000624599  -0.0001818846   0.0001750014
        0.0173365300  -0.0382892714  -0.0010986007  -0.0229950459  -0.0166110598
       -0.0007697545  -0.0082470091  -0.0071261876  -0.0026492360   0.0030977388
        0.0008092587   0.0011178175   0.0007162470  -0.0003920696  -0.0002964593
       -0.0011621165   0.0008131779  -0.0004537077  -0.0005735735  -0.0013091485
        0.0000387442  -0.0002120602   0.0005137364  -0.0001879436   0.0003014740
        0.0001953893   0.0001851847   0.0000982202  -0.0000272142  -0.0001663051
       -0.0002488532   0.0000195109   0.0000140644  -0.0006071932  -0.0003036057
       -0.0008558508   0.0002637760   0.0001945818   0.0000802134  -0.0001498948
       -0.0003595392   0.0001260226  -0.0001635291  -0.0001793520  -0.0000436522
       -0.0005095811  -0.0004148340   0.0003151109   0.0000780636  -0.0002425044
       -0.0000776087  -0.0001089092   0.0001095464   0.0001529388  -0.0000032566
        0.0004403683  -0.0001650123   0.0001514655  -0.0000131383  -0.0000389534
       -0.0001583288   0.0002660600   0.0002244593  -0.0000010909   0.0002392089
       -0.0003996223  -0.0001126661  -0.0000210201  -0.0000425193   0.0000058992
        0.0001023206   0.0001747265   0.0000018633   0.0000390636  -0.0000559336
        0.0000142349  -0.0000644006   0.0000312511  -0.0142295363  -0.0023100715
        0.0013013810   0.0000270892   0.0000210576  -0.0001012283   0.0167312983
       -0.0053753541  -0.0003297642  -0.0000080663  -0.0000656091  -0.0000121364
       -0.0000059202   0.0000178840  -0.0001086992  -0.0000093081   0.0001807587
       -0.0000830415   0.0000190873   0.0000144842  -0.0000088497   0.0000071349
       -0.0000260322   0.0000354016   0.0000035314  -0.0000023921  -0.0000151904
        0.0001942347  -0.0000905803   0.0012325205   0.0000877694   0.0016749576
       -0.0003377678  -0.0002677311  -0.0006655162   0.0000591998   0.0032028947
       -0.0021892201   0.0003280013   0.0005716497   0.0000404245   0.0002003631
        0.0003082322  -0.0000911500   0.0003664121   0.0000615654   0.0000833882
        0.0001273178  -0.0000942665   0.0000027885  -0.0001075778  -0.0006405329
       -0.0001456857  -0.0000716323   0.0000885119  -0.0001119196   0.0000625762
        0.0012432580   0.0024754229  -0.0163702909  -0.0000744444  -0.0005198738
       -0.0133652850   0.0007724039   0.0021339558   0.0018823307   0.0044580126
        0.0022222862   0.0483343212  -0.0002381354  -0.0007497335  -0.0011578350
        0.0002301443  -0.0002242686   0.0009910595  -0.0000077054  -0.0002206616
       -0.0001259764   0.0000885410   0.0001662544  -0.0002600050  -0.0003554886
       -0.0001970259   0.0002807388  -0.0001091007  -0.0001146688  -0.0000331381
       -0.0005966192   0.0013570297  -0.0173435231  -0.0025980306  -0.0035620860
       -0.0143107273  -0.0011977882  -0.0000822982   0.0020741836  -0.0104875426
       -0.0003175797  -0.0002860536  -0.0006900591   0.0000716005   0.0004091572
        0.0000763768  -0.0008612615  -0.0007270794   0.0000831403   0.0004201247
        0.0000950962   0.0000722085  -0.0001647584  -0.0000361966  -0.0001071628
        0.0001132692   0.0003329204  -0.0000400716   0.0000732283   0.0000737778
        0.0002134808   0.0011090457   0.0013710872   0.0011247631  -0.0002052361
        0.0000860465   0.0001861154  -0.0000999813   0.0000303628  -0.0001890534
        0.0000236583   0.0001689475   0.0000161416  -0.0001752224  -0.0000091230
        0.0000439660   0.0000318364  -0.0001733486   0.0000306279   0.0002292995
        0.0000177339  -0.0001199290  -0.0001182102  -0.0000152329  -0.0000329448
        0.0000594603   0.0000089505   0.0001041378  -0.0001089039   0.0000714788
       -0.0001979147  -0.0000202399  -0.0000218824   0.0005121497  -0.0002909707
        0.0000112513  -0.0000010068   0.0000461259  -0.0000938434  -0.0000140959
       -0.0000222906   0.0000195384  -0.0000111611   0.0000368332  -0.0000018522
       -0.0000447400   0.0000187700   0.0000157274   0.0023544959   0.0003026548
        0.0034785351   0.0000215129   0.0000646212   0.0000303087   0.0014612114
       -0.0011743839   0.0029104547   0.0000168728   0.0000404756  -0.0000205879
        0.0001466238  -0.0002260270  -0.0000118735   0.0002537651  -0.0001072900
       -0.0001921909   0.0000410160  -0.0000151467   0.0000296526   0.0000308262
        0.0000228246   0.0000084648   0.0000188751   0.0000518546  -0.0000354935
        0.0000631342  -0.0005341834   0.0006647105  -0.0007064992  -0.0005879649
       -0.0003644491   0.0003801182  -0.0003314497  -0.0008209983  -0.0007453003
       -0.0006291153   0.0003537714  -0.0060806345  -0.0019662623   0.0034695184
       -0.0005525186   0.0007860976   0.0011974890   0.0006455993  -0.0015040928
       -0.0007009362   0.0003580609   0.0006757276   0.0003446187  -0.0157146567
        0.0071273587  -0.0007179630  -0.0015406603  -0.0000174382   0.0000722312
        0.0010067545   0.0006552682   0.0001174722  -0.0052910773  -0.0096948703
       -0.0022765627  -0.1022622241  -0.0267576536  -0.0554143377  -0.0013357527
        0.0004753602  -0.0002381354   0.3516772776   0.0113716644  -0.0060422203
       -0.0523169249   0.0134512643   0.0657659489  -0.0004622695  -0.0016697803
        0.0042119405   0.0012286305  -0.0019260067  -0.0009561332  -0.0051801339
        0.0058788523  -0.0035261969  -0.0001782387  -0.0004544972   0.0003043500
        0.0000845379  -0.0001855605  -0.0009062011  -0.0047456869   0.0115983326
        0.0010539371  -0.0627270807   0.0479681021   0.0232324463   0.0014447844
       -0.0008241454   0.0003265210  -0.0251376904  -0.0017075331   0.0007404604
       -0.0707154281  -0.0450317811  -0.0221864135  -0.0002236308  -0.0085769008
       -0.0076788136  -0.0011234169   0.0001696787   0.0012479658  -0.0004386983
        0.0013249183  -0.0004952595  -0.0001678338  -0.0003288553   0.0003895203
       -0.0003799106   0.0002718500  -0.0006495510   0.0002426708  -0.0005861327
        0.0004762603  -0.0005181795  -0.0003373672  -0.0020792942  -0.0003219019
        0.0002825534   0.0001171933  -0.0001206568   0.0002595928  -0.0003052083
        0.0016508054   0.0019439302   0.0004426735   0.0003930461  -0.0000658754
       -0.0007681521   0.0002969173  -0.0003024267  -0.0002435109  -0.0006777753
       -0.0012135641   0.0005805784  -0.0001935249  -0.0001641847   0.0001405237
       -0.0000657373   0.0004089232   0.0004956228  -0.0001804452   0.0000846772
       -0.0002272242   0.0000284228   0.0002928606   0.0002084157   0.0001187867
        0.0001493796   0.0000461057  -0.0000717388  -0.0001656810  -0.0002203002
        0.0001337146   0.0001578468   0.0000407277  -0.0004772130   0.0002721244
       -0.0002061501  -0.0000485653  -0.0001709831  -0.0000283361   0.0005759560
       -0.0003490979   0.0005328742   0.0001037043   0.0004547530   0.0001564693
        0.0001867585   0.0000358590   0.0000211500   0.0000632827  -0.0001448626
       -0.0000299924   0.0002129087  -0.0001018622   0.0002816322  -0.0000332350
        0.0001027529   0.0000638775  -0.0001606309   0.0001303999  -0.0000146664
       -0.0009435313   0.0013335322   0.0003715560  -0.0014586300   0.0000713343
        0.0002128795  -0.0003277500  -0.0008276409  -0.0003057002   0.0023833400
        0.0007259463  -0.0008634243   0.0032509601  -0.0000652783   0.0013612033
        0.0006223589  -0.0008115961  -0.0006743348  -0.0004111564   0.0003437821
        0.0006993076  -0.0002951412  -0.0003668679  -0.0005288206   0.0046804497
        0.0037528300  -0.0010655445   0.0007705420  -0.0007705499   0.0002942475
        0.0004296557  -0.0002660886  -0.0002304734  -0.0079511957  -0.0099347053
       -0.0026671492  -0.0275685551  -0.0175156414  -0.0165416779  -0.0022369909
       -0.0034538452  -0.0007497335   0.0113716644   0.0954675679   0.0466555671
        0.0183812217  -0.0009445147  -0.0026373735   0.0060249757  -0.0090322197
       -0.0048289953  -0.0006113045   0.0035637959   0.0001233021   0.0034952010
       -0.0104497113  -0.0085996641  -0.0011982336  -0.0008374106   0.0000337241
       -0.0002427955   0.0000467858   0.0010521982   0.0048581251  -0.0096771292
       -0.0015141058   0.0212915626  -0.0210611338  -0.0043669098  -0.0006357775
        0.0001783158   0.0000773987  -0.0001544578   0.0012808897   0.0025450529
       -0.0264349695  -0.0063734819   0.0006808459  -0.0063952995  -0.0141080125
       -0.0061225839  -0.0023210060   0.0016415680   0.0005487527  -0.0011918839
       -0.0009016996  -0.0021173512  -0.0006058134  -0.0016041225  -0.0000441556
        0.0004333689   0.0004207177   0.0009704044   0.0007268397   0.0005109434
       -0.0009201824   0.0012010401   0.0002229224  -0.0005264304  -0.0000282120
       -0.0004356563   0.0002377986   0.0001542942  -0.0006861351   0.0006944938
        0.0003400448  -0.0003290894  -0.0015615010   0.0000212239  -0.0007785732
       -0.0004747159   0.0017064385   0.0010455333   0.0002010100  -0.0001039802
        0.0008628221   0.0003663809  -0.0006335271   0.0001059196   0.0000475899
        0.0002143401  -0.0001087604   0.0000596246  -0.0001979985  -0.0005881296
       -0.0000685355  -0.0000669453   0.0000839608  -0.0000484392  -0.0001390574
        0.0000309150   0.0001544124   0.0000796890   0.0001328922   0.0001750931
       -0.0000228249  -0.0000839006   0.0000633467  -0.0001912197   0.0000211713
        0.0003598853   0.0001304191  -0.0000625954   0.0000769773  -0.0001059085
        0.0003602891  -0.0008985575   0.0000448496  -0.0001859962   0.0006549241
       -0.0003466694  -0.0000317050  -0.0000966775  -0.0000034338   0.0001093277
       -0.0000501853   0.0000470904   0.0001230937  -0.0000635435   0.0000306676
        0.0000168797  -0.0001583287   0.0001339060  -0.0001615450   0.0000071178
        0.0003732199  -0.0005830744   0.0001998830  -0.0003476939   0.0000842125
       -0.0017665993   0.0009273919  -0.0003301540  -0.0005290061  -0.0006222760
       -0.0008889678   0.0004958979  -0.0115789674  -0.0005043943   0.0014637559
        0.0011096679   0.0009182099   0.0007305079  -0.0004740907  -0.0001673554
        0.0005805814  -0.0006454901  -0.0003606678  -0.0006167698   0.0038303405
        0.0010800761   0.0000946012   0.0008737163  -0.0002601036   0.0005673702
        0.0007785887   0.0009105444   0.0002117477  -0.0039081147  -0.0076874522
        0.0010027252  -0.0155394344  -0.0031388299  -0.0224057387  -0.0000088702
       -0.0000502519  -0.0011578350  -0.0060422203   0.0466555671   0.1071519686
        0.0594068719   0.0024342394  -0.0410463803  -0.0002211336   0.0042990346
       -0.0068937586  -0.0010664184   0.0017900541   0.0013239625  -0.0111635258
       -0.0305500923  -0.0220516316  -0.0010743463  -0.0006965674   0.0000130259
       -0.0011594046   0.0013439360  -0.0005327503   0.0006054386  -0.0047746199
        0.0013976400   0.0108925517  -0.0014829575  -0.0167548835   0.0014366851
        0.0000443708   0.0014791005   0.0018129923  -0.0000648059   0.0017126014
       -0.0318872917  -0.0050235492  -0.0011892517   0.0004268580  -0.0025917095
       -0.0064704807  -0.0002358594  -0.0010456372   0.0035717302   0.0038506745
       -0.0001004815  -0.0017471613   0.0020190331   0.0005886001  -0.0002772494
        0.0002123143  -0.0001953769   0.0006787089  -0.0000212111   0.0003398148
       -0.0007367841  -0.0002845695  -0.0008722894   0.0003922488   0.0001394982
       -0.0009206530   0.0007364481   0.0002415201   0.0007234573   0.0000084479
       -0.0013258988  -0.0003556261   0.0004628740  -0.0004882589   0.0009483418
        0.0004156313  -0.0011791079  -0.0007045211  -0.0004610615   0.0008998330
       -0.0007557745  -0.0005042035   0.0003540118  -0.0002454921   0.0001496209
       -0.0000137718   0.0000566291  -0.0000143859  -0.0000052457   0.0007641539
       -0.0001345822  -0.0001691442   0.0000707728   0.0000034565   0.0001785163
        0.0001532914   0.0003957485   0.0001330707   0.0002380967   0.0000293324
       -0.0001003019  -0.0003179215   0.0003124894  -0.0003235472   0.0004331291
        0.0003373248  -0.0003351907  -0.0001823468  -0.0007275694   0.0000014215
        0.0001346777  -0.0000560897  -0.0000432183   0.0004330368   0.0000905622
       -0.0000405045  -0.0000229497  -0.0000827178   0.0000507420   0.0001372431
       -0.0000007946  -0.0001481301  -0.0000270434  -0.0000224330   0.0000206970
        0.0001113130   0.0001585468  -0.0001224167   0.0002088633   0.0000115778
        0.0007706170   0.0004018934   0.0000281010   0.0005464717   0.0003815067
       -0.0010871336  -0.0020191796   0.0023155356   0.0012011478   0.0004186326
        0.0000629461   0.0005715814  -0.0079802465  -0.0040314371  -0.0114742986
       -0.0053211570   0.0034942903  -0.0058524037  -0.0001147002  -0.0000687808
       -0.0008384199  -0.0001672598   0.0003376124   0.0000925297  -0.1068826572
        0.0146929186  -0.0354309910   0.0000662925   0.0003772458   0.0005960891
       -0.0000720583   0.0004099846   0.0000340005   0.0003735842  -0.0004411371
       -0.0004583888   0.0017009303  -0.0001156449  -0.0058492670  -0.0001814215
       -0.0003965383   0.0002301443  -0.0523169249   0.0183812217   0.0594068719
        0.3054306199   0.0354721448   0.0212600947   0.0225199734   0.0362363870
        0.0062934304  -0.0022650724   0.0018821459  -0.0024813689  -0.1305229124
       -0.1034198284  -0.0379010534  -0.0009694833  -0.0009784750   0.0000423237
        0.0003197805  -0.0008614169  -0.0000139108   0.0003506038   0.0014454196
        0.0002982746   0.0000444513  -0.0054804496   0.0025042513  -0.0015077911
        0.0003937363  -0.0006458666   0.0001458060  -0.0002518164  -0.0014724596
       -0.0235226986  -0.0030227106   0.0075628815  -0.0021917140   0.0008135064
        0.0048825418   0.0008358311   0.0016668156  -0.0005147129   0.0028380868
        0.0009274351  -0.0000980223   0.0006923870   0.0011469747  -0.0010745133
        0.0001561230   0.0005394101   0.0005195608   0.0009800285  -0.0001262380
       -0.0001917648   0.0002712125  -0.0004635606  -0.0002478224  -0.0001887483
        0.0000647546  -0.0000985924   0.0003090739   0.0003942757   0.0000730617
       -0.0011709178  -0.0000042690  -0.0000579399  -0.0008883421   0.0000187296
        0.0008288830  -0.0018212993  -0.0008136645   0.0000595100   0.0008364916
       -0.0005314619  -0.0004380333   0.0004677211   0.0001182012  -0.0000959404
       -0.0002331546   0.0000065056  -0.0002248102   0.0003124145   0.0008021326
       -0.0003112698  -0.0004509973  -0.0006201646   0.0001136347   0.0002723310
       -0.0001999837   0.0002652692  -0.0001418141   0.0001060703  -0.0003181923
        0.0000373972  -0.0010304536   0.0003770799  -0.0002057624   0.0002551774
       -0.0001182805   0.0000924771  -0.0000848781  -0.0000321184   0.0000377579
        0.0000341774  -0.0002961440   0.0000883023  -0.0001098033   0.0002272669
        0.0000364666  -0.0001682413  -0.0000879916   0.0000672975   0.0000040387
        0.0000155861   0.0000978818  -0.0000479993   0.0002124747   0.0000910496
        0.0000385268  -0.0000635262  -0.0000717817   0.0000472326   0.0000786461
        0.0006276307  -0.0005762697  -0.0003587628   0.0008904683   0.0009449268
        0.0010300501   0.0021970888   0.0018452013  -0.0017317404   0.0004628034
        0.0000210112  -0.0009685381  -0.0070875223   0.0010877818  -0.0022600942
       -0.0002939828  -0.0007191145  -0.0009313259   0.0003927342   0.0001203657
        0.0008199869  -0.0000628387   0.0006747957  -0.0005135320   0.0374139138
       -0.0054712813   0.0240774911  -0.0008936395  -0.0023004730  -0.0002083566
        0.0001025570  -0.0003786537  -0.0001238828  -0.0005879082  -0.0057654595
       -0.0059959700  -0.0025979037  -0.0128260852   0.0004471986  -0.0006228768
        0.0007342877  -0.0002242686   0.0134512643  -0.0009445147   0.0024342394
        0.0354721448   0.2212209443  -0.0008328903   0.0302518959  -0.1161179778
        0.0118976867   0.0024706373  -0.0036875425  -0.0008570789  -0.1120901383
       -0.0790512210  -0.0236643068   0.0010327724  -0.0004425605   0.0000149904
       -0.0003234822   0.0000997343   0.0000627924   0.0001282894  -0.0005230859
        0.0003343774   0.0017651734   0.0007787358  -0.0034459907   0.0004276887
       -0.0000266427   0.0004667911  -0.0007587398  -0.0010309998  -0.0001763406
       -0.0029860689   0.0024340806  -0.0008036006   0.0011139925  -0.0035652152
        0.0031024287   0.0004097135   0.0019602590  -0.0027452990  -0.0002923855
        0.0004326274   0.0007383841  -0.0002933068   0.0003209965  -0.0004521411
        0.0000304188  -0.0001219866  -0.0000818967  -0.0003301849   0.0001533514
       -0.0000046012  -0.0000464248   0.0006078127  -0.0004572772   0.0000598554
       -0.0001279512  -0.0000104298   0.0000040659  -0.0000219092   0.0000284472
        0.0001628820  -0.0000620729   0.0007514356   0.0004405600  -0.0005647164
       -0.0008823793   0.0001039093   0.0001653229   0.0006823318  -0.0003408768
        0.0005721978  -0.0001215747   0.0000906394  -0.0002383969   0.0000922713
       -0.0000808093   0.0000676118   0.0000023851   0.0000766857   0.0006675227
       -0.0001853501  -0.0003281949  -0.0002001454   0.0000266085  -0.0000829676
        0.0000724421  -0.0001078060  -0.0000849342  -0.0001783570  -0.0000640626
        0.0000466304   0.0004577483  -0.0002691455   0.0001269921  -0.0002917911
        0.0006983039   0.0000018531  -0.0001988410   0.0006848698   0.0000530432
       -0.0000616079  -0.0002654345   0.0001529162   0.0000991292   0.0001949809
       -0.0000063826  -0.0000205086   0.0000424736   0.0000356537   0.0000033529
        0.0000513936   0.0001320011  -0.0000207776   0.0001236665   0.0000825290
       -0.0000379143  -0.0000713503  -0.0000198353   0.0000318332   0.0000098427
        0.0005997943  -0.0013634682   0.0000324108   0.0013566373   0.0020814585
       -0.0003042973   0.0005720935  -0.0011147785  -0.0015684431  -0.0000348410
        0.0008044006   0.0002702505  -0.0088890735   0.0002915968  -0.0128806105
        0.0035013579   0.0006127072   0.0030909346  -0.0011956754   0.0010298051
        0.0006154793  -0.0002098159  -0.0001640174  -0.0000190710  -0.0580203395
        0.0183201708  -0.0318772846  -0.0000838958   0.0001433063   0.0001273685
        0.0000348194  -0.0004278260   0.0000019448   0.0007693564  -0.0015299105
       -0.0024772523  -0.0169475003  -0.0124306514  -0.0247503215   0.0004471094
        0.0003192687   0.0009910595   0.0657659489  -0.0026373735  -0.0410463803
        0.0212600947  -0.0008328903   0.1186818322   0.0107672130   0.0032202439
        0.0052313760  -0.0014288003  -0.0004839958   0.0005545891  -0.0170000781
       -0.0042034767  -0.0156694048   0.0002006324  -0.0007464387  -0.0003274331
       -0.0004291740  -0.0003514666   0.0003509492   0.0001596875  -0.0008331015
        0.0002871523  -0.0019179320   0.0011225246  -0.0022332362   0.0002524710
       -0.0002804194   0.0002698898  -0.0015797207  -0.0003413690  -0.0000028926
        0.0035537584   0.0010672919   0.0006478917  -0.0030577927  -0.0024842586
        0.0031208036   0.0012579822   0.0011426119  -0.0015306651   0.0009163899
       -0.0009686710  -0.0000763532  -0.0006124896   0.0009588385  -0.0000490175
        0.0000044279  -0.0000278116  -0.0000280889  -0.0002283957   0.0000080090
       -0.0000084984  -0.0001458518   0.0010042224  -0.0006254806   0.0000358701
        0.0000450549  -0.0000898269   0.0001213566   0.0001312183   0.0000912471
        0.0004967549  -0.0002991541   0.0002521452  -0.0000505694  -0.0003589660
       -0.0001852900   0.0000604231   0.0000381178   0.0006415555  -0.0000743834
       -0.0000999557   0.0000029739  -0.0001925750  -0.0000148175  -0.0000345805
       -0.0001952004   0.0001689050   0.0000396909   0.0001819063   0.0004755438
        0.0001403362  -0.0002230913  -0.0000698251   0.0003467465   0.0001178630
        0.0001634766   0.0001275314  -0.0000407827  -0.0001448300   0.0000896384
       -0.0001919031  -0.0001834898   0.0000129349   0.0000047078  -0.0001683280
       -0.0000093493  -0.0001017931  -0.0002421917   0.0002958234   0.0002510570
        0.0000396152  -0.0005144088  -0.0000794966  -0.0001650169  -0.0001285411
       -0.0000047371  -0.0000442649  -0.0000013532   0.0000283316  -0.0000516330
        0.0000126898   0.0002345211  -0.0000614954   0.0002407425   0.0000450090
       -0.0000257442  -0.0001311885  -0.0000616659  -0.0000367508   0.0000012820
        0.0000817516   0.0003968727  -0.0000780809  -0.0011616325  -0.0005452116
       -0.0009771822  -0.0003597313   0.0006318421   0.0006406324   0.0003102557
        0.0008075888   0.0005912305  -0.0025006038  -0.0042584520  -0.0020599577
       -0.0085976484  -0.0058506063  -0.0060263353  -0.0005969419  -0.0013302769
        0.0004813466  -0.0033162776   0.0052767556  -0.0010291769  -0.0523872491
       -0.0283069483  -0.0217510769  -0.0036797171  -0.0027918561   0.0025466604
        0.0002360105  -0.0000264946   0.0000874676   0.0002749338  -0.0008407911
        0.0000253254   0.0008805317   0.0036618712   0.0036898303   0.0006566513
        0.0003281731  -0.0000077054  -0.0004622695   0.0060249757  -0.0002211336
        0.0225199734   0.0302518959   0.0107672130   0.1288304406  -0.0046960114
        0.0253749382  -0.0012052978   0.0124400361  -0.0032941662  -0.0529060376
        0.0030434803  -0.0107440281  -0.0020741923  -0.0051344199   0.0033669709
       -0.0003510855  -0.0000968495   0.0000315591  -0.0005548516  -0.0012765562
        0.0000616206  -0.0024303579   0.0010567239   0.0017491710   0.0006432429
       -0.0001970837   0.0005555238  -0.0007337633  -0.0009351025   0.0003920867
        0.0018552268  -0.0006272218  -0.0050465645  -0.0184982397  -0.0031736924
        0.0029415871  -0.0036605053  -0.0029211795  -0.0030739983  -0.0003154935
        0.0007429404   0.0010358145   0.0001993723   0.0001205398  -0.0003995901
       -0.0001591008   0.0000373944   0.0001411033  -0.0001098398   0.0000926286
       -0.0004060180  -0.0000354055   0.0002742692  -0.0012862211   0.0001194939
       -0.0001838724   0.0002409717   0.0001706468  -0.0000987074   0.0000530979
        0.0004796184   0.0001295897   0.0005318490   0.0000936384  -0.0001357979
       -0.0002212840   0.0004984300  -0.0003557059   0.0001176312   0.0001335703
        0.0000703563   0.0002196420  -0.0004466954  -0.0001913632   0.0001814268
       -0.0000871094  -0.0001632723  -0.0001180876  -0.0001002498  -0.0005530568
       -0.0000947309  -0.0000001628   0.0002572312  -0.0001208105  -0.0001303992
        0.0006053344   0.0004088802  -0.0012983282  -0.0003588657  -0.0003164947
        0.0004192541  -0.0008835395   0.0012158041  -0.0003049077  -0.0000751815
       -0.0000189863  -0.0003493748  -0.0006630629   0.0000136361   0.0001859162
       -0.0000264646  -0.0002376188   0.0000423299   0.0001867687   0.0002311185
       -0.0000548555   0.0000264796  -0.0000307806  -0.0000039941   0.0000253487
       -0.0000209186   0.0001505136   0.0000692646   0.0001110830   0.0000788548
        0.0001019669  -0.0002179797   0.0000116619   0.0000373162  -0.0000062952
       -0.0000345400   0.0003625148  -0.0001581573  -0.0011844267   0.0001027785
       -0.0006433516  -0.0003919742  -0.0007278816   0.0009756592   0.0000681037
        0.0003171212  -0.0007219851   0.0002500850   0.0000149499   0.0025273494
       -0.0007703954  -0.0028530689  -0.0011372778  -0.0009268081   0.0011858588
       -0.0003235785  -0.0022995117  -0.0045645806  -0.0001213801  -0.0589490848
       -0.0551018449  -0.0352437335   0.0112549177  -0.0028810909  -0.0107725544
        0.0005557168  -0.0002692987  -0.0001082693   0.0004124463  -0.0018952331
       -0.0011987555  -0.0013283295  -0.0051080577  -0.0023318491  -0.0011457744
        0.0003588782  -0.0002206616  -0.0016697803  -0.0090322197   0.0042990346
        0.0362363870  -0.1161179778   0.0032202439  -0.0046960114   0.3897166067
        0.0418817554   0.0014592380  -0.1699735497   0.0031436779   0.0254899702
       -0.0092296143  -0.0023108791   0.0027960585  -0.0146595957  -0.0018072142
        0.0000073255   0.0002964462  -0.0002333787  -0.0004276913   0.0024411454
        0.0000293334   0.0028823237  -0.0020009777  -0.0013172033   0.0002029554
        0.0001049912  -0.0000506731   0.0006870308  -0.0000785712  -0.0004699076
       -0.0002587892  -0.0005298149   0.0013806689  -0.0015385722  -0.0018633207
       -0.0022796723  -0.0058745291   0.0025423740  -0.0007277571  -0.0008323406
        0.0000445319   0.0021584820  -0.0004117402   0.0006879321   0.0011391802
        0.0000118300   0.0000796490   0.0001959022   0.0003792383   0.0001201208
       -0.0000226356  -0.0001551536  -0.0003087262   0.0007146237  -0.0001321382
       -0.0001656017  -0.0000145985   0.0001761925  -0.0000795182   0.0001364336
       -0.0007099088  -0.0005011094  -0.0003719739  -0.0000010348  -0.0001441062
       -0.0004486488   0.0017556402   0.0003194279  -0.0000059980  -0.0000582664
        0.0004104969  -0.0000783602  -0.0009132081   0.0001840506  -0.0000784278
        0.0000008420  -0.0000178443   0.0001927312   0.0000093345  -0.0004968700
        0.0001637090   0.0003721915   0.0001533276  -0.0001202459   0.0001840527
        0.0001481608   0.0003292081   0.0012624928   0.0006610689   0.0004259301
       -0.0002236108  -0.0004086173  -0.0013261021  -0.0000017279   0.0000229413
        0.0002886757  -0.0011898973  -0.0009579350   0.0008342428  -0.0000796921
        0.0001117778   0.0002259759  -0.0001172096  -0.0000009821   0.0003166281
        0.0000103995  -0.0000491758  -0.0000199162   0.0000512342  -0.0000271033
        0.0000393153  -0.0001875148  -0.0000379879  -0.0001619957  -0.0000933200
       -0.0001188397   0.0001851574   0.0000869744  -0.0001860354   0.0000232239
       -0.0003521504   0.0012561851  -0.0000413838  -0.0005765955  -0.0027843628
       -0.0001621461  -0.0005219220   0.0018454564   0.0001650338   0.0008395993
        0.0009168174  -0.0001872026  -0.0024039716  -0.0062722908  -0.0024190097
       -0.0024178530  -0.0031163889  -0.0017045774   0.0012896466   0.0002845959
       -0.0003926165   0.0010187860   0.0015909127   0.0016990439  -0.0213578828
       -0.0204314325  -0.0249150442  -0.0006194534   0.0001211194   0.0003342100
        0.0002267290  -0.0004910031  -0.0000215603  -0.0002532813  -0.0012266753
        0.0002049174   0.0005747471  -0.0074676208  -0.0013312541  -0.0002991715
        0.0003211911  -0.0001259764   0.0042119405  -0.0048289953  -0.0068937586
        0.0062934304   0.0118976867   0.0052313760   0.0253749382   0.0418817554
        0.0576970874   0.0027967464  -0.0124082133  -0.0156892621  -0.0129070558
       -0.0018486293  -0.0136270890  -0.0005193398   0.0033481811   0.0031827540
       -0.0001592098   0.0001267475   0.0000653626  -0.0005376707  -0.0002841939
        0.0002563226  -0.0014245491   0.0012826324  -0.0010527192   0.0002022969
       -0.0000528393   0.0002122057  -0.0007555142   0.0002350150   0.0008833224
        0.0031174991  -0.0003630291  -0.0013541600  -0.0035052555  -0.0012979621
        0.0030472223   0.0008512214  -0.0002822623  -0.0014221932  -0.0013090785
        0.0001759498   0.0009200723   0.0006738107   0.0001607316   0.0001021122
       -0.0000717450  -0.0000513632  -0.0000695669  -0.0002268856  -0.0000454627
       -0.0001390190   0.0000408435   0.0000512991  -0.0000944891   0.0001592369
       -0.0000830501   0.0001905988  -0.0002829372  -0.0001040576   0.0000497399
        0.0006396039  -0.0000021573  -0.0000844844   0.0002614185  -0.0000073848
       -0.0008641360   0.0002347583   0.0001761696   0.0003106287  -0.0002477498
        0.0003963600   0.0001401162   0.0001840603  -0.0003751415   0.0002373917
        0.0000501750  -0.0001460555  -0.0002296960   0.0001133982  -0.0001911675
       -0.0002532788  -0.0003393104   0.0003256109   0.0000839899   0.0003437178
       -0.0002536358  -0.0003476451   0.0001420788  -0.0004856994  -0.0010599167
        0.0009844127  -0.0017762664  -0.0003442738  -0.0000125037  -0.0000353775
        0.0001484255   0.0006861724   0.0002153508   0.0003173240   0.0000305104
        0.0000866633  -0.0001447351  -0.0001734458  -0.0002852221  -0.0003691315
        0.0000024258   0.0000925362  -0.0000003141  -0.0000391943   0.0000444237
       -0.0000417498  -0.0000106785   0.0000601386  -0.0000287271   0.0000069123
        0.0000414443   0.0000221299  -0.0000267115   0.0000629664  -0.0000902701
        0.0002666989  -0.0002635360  -0.0001979836  -0.0004531778   0.0005452643
       -0.0009736197  -0.0007628811  -0.0013479457   0.0001922206  -0.0005502790
       -0.0001425150   0.0002734938   0.0016194402  -0.0001694055   0.0010665103
       -0.0001991420   0.0005730209   0.0009622163   0.0010616277   0.0014817239
        0.0004589924  -0.0177948187  -0.0086388347  -0.0011798622   0.0000395683
       -0.0042114907  -0.0018422066  -0.0993602034   0.0091249656   0.0694345918
        0.0002065837   0.0001868614  -0.0000046302   0.0002162280   0.0005623646
       -0.0000532785   0.0000758712  -0.0005213126  -0.0008239755  -0.0001212499
       -0.0001897194   0.0000885410   0.0012286305  -0.0006113045  -0.0010664184
       -0.0022650724   0.0024706373  -0.0014288003  -0.0012052978   0.0014592380
        0.0027967464   0.2015453892   0.0512042990  -0.0806969997  -0.0069439412
        0.0047135270  -0.0018802310  -0.0588135026  -0.0643404953   0.0165492679
       -0.0000619686  -0.0001631397   0.0000143329   0.0002454885   0.0011566656
        0.0001192331   0.0006215619  -0.0014587003  -0.0014113114  -0.0002429017
        0.0000801377   0.0000482861   0.0005774491  -0.0001324041  -0.0002274535
       -0.0018388347   0.0013139873   0.0023176273  -0.0016396517   0.0040810309
        0.0002188123  -0.0063338725   0.0051926385  -0.0018073043   0.0001252284
       -0.0006824812  -0.0010472154  -0.0005874787  -0.0038854606  -0.0018531383
        0.0000581755   0.0000635511   0.0001029198   0.0000895792   0.0001979403
       -0.0000069802   0.0000888180  -0.0009079604   0.0005328249   0.0000558809
        0.0000444311  -0.0001250953   0.0000948475  -0.0001388408  -0.0001707891
       -0.0007589290   0.0004988241  -0.0002146154  -0.0000541487   0.0004465474
        0.0002074223  -0.0011026409   0.0008067658   0.0000666563   0.0001242485
        0.0000352818  -0.0002368978   0.0005286585  -0.0002157223   0.0003310408
        0.0000257130   0.0001265688   0.0000178145   0.0000055751   0.0000744653
       -0.0000634873  -0.0001176876   0.0002055776  -0.0001452402  -0.0005600476
        0.0000975702  -0.0005356371   0.0021907906   0.0020085558   0.0000682046
       -0.0063698441   0.0001056077   0.0003254246  -0.0001064462   0.0001016134
        0.0000057306  -0.0030282503  -0.0006969597   0.0023305043  -0.0000361095
        0.0000146718  -0.0000875087   0.0002556984  -0.0003726277  -0.0005242253
       -0.0000102872  -0.0000390983  -0.0000150663   0.0000301561   0.0000232162
        0.0000300385  -0.0000465230   0.0000006175   0.0000195555   0.0000019375
        0.0000500602   0.0000780533  -0.0000146564   0.0000817267  -0.0000370909
        0.0001827971  -0.0002185345   0.0001365243   0.0007524946  -0.0004629430
        0.0007882594   0.0008825825   0.0008712645  -0.0003973360  -0.0000606762
        0.0000024716   0.0003824740  -0.0009092865  -0.0007802956  -0.0011918084
        0.0009885224   0.0017502594   0.0005581085  -0.0015471236  -0.0000917912
        0.0015646315   0.0047679775   0.0021970065   0.0017968680  -0.0022289903
       -0.0127153413  -0.0053783236  -0.0102285972  -0.0105741810   0.0060852906
       -0.0000102870  -0.0002016465   0.0000201108  -0.0000144822   0.0001010960
       -0.0001738400   0.0000675973   0.0002573864  -0.0004162764   0.0003356072
        0.0004429841   0.0001662544  -0.0019260067   0.0035637959   0.0017900541
        0.0018821459  -0.0036875425  -0.0004839958   0.0124400361  -0.1699735497
       -0.0124082133   0.0512042990   0.2827285544  -0.0165258251   0.0095627547
       -0.0126152091   0.0050432460  -0.0456023127  -0.0794176423   0.0181097267
       -0.0000395151  -0.0003062427  -0.0000797787  -0.0003000037  -0.0006389325
        0.0001512858   0.0000200761   0.0002999740   0.0010269997   0.0002165301
        0.0000468765   0.0000480432  -0.0010531758  -0.0001943848   0.0001449676
        0.0022353555   0.0000631760  -0.0022119164  -0.0012071876  -0.0001797388
        0.0008071854  -0.0072813257   0.0042021106  -0.0006410960  -0.0008099901
       -0.0004540637  -0.0008179576   0.0006679869  -0.0019084377  -0.0012670650
       -0.0001442224   0.0000198946  -0.0000865044  -0.0001555840  -0.0001770093
       -0.0000371312  -0.0001593875   0.0002624419  -0.0007016600  -0.0000106028
        0.0000816853   0.0000489459   0.0000004599  -0.0000906325  -0.0000298463
        0.0004592573   0.0005539289   0.0003531682   0.0005480697  -0.0000630368
        0.0003587138  -0.0006742150   0.0000197235  -0.0000631815  -0.0001200092
       -0.0001330285   0.0000980264   0.0001704150  -0.0002580705   0.0000789448
       -0.0001270318   0.0000363216  -0.0000651719   0.0000659365   0.0003000089
       -0.0001545233  -0.0001327379  -0.0000706694   0.0001889684  -0.0004812228
       -0.0007683937  -0.0003997590   0.0002955337  -0.0004843861  -0.0013901643
        0.0008255357   0.0064854187  -0.0003867952  -0.0000577657  -0.0000984596
       -0.0000346754  -0.0138900367  -0.0080906007   0.0058831843   0.0000850048
       -0.0000843138  -0.0000383521   0.0002202824   0.0002541643  -0.0002232186
        0.0000562589  -0.0000127698   0.0000126098   0.0000219521  -0.0000037066
        0.0000131716   0.0001211532   0.0000201281   0.0000465579   0.0000820223
        0.0000670897  -0.0001088624   0.0000131315   0.0001277923   0.0000109568
        0.0001390451  -0.0006446538   0.0000158999   0.0003264308   0.0005198859
        0.0005696836   0.0009606067   0.0000579259  -0.0006360431  -0.0001441311
       -0.0000689000  -0.0001139238  -0.0009840137   0.0002997018  -0.0003379922
        0.0008546347   0.0007452636   0.0002651195  -0.0001425114  -0.0008784869
        0.0004487780   0.0037059053   0.0022743315   0.0007342708  -0.0027412308
       -0.0084666089  -0.0008616079   0.0590301829  -0.0074227851  -0.0662690302
       -0.0000195369  -0.0002844984  -0.0000873572  -0.0003405430  -0.0005832179
       -0.0001916076  -0.0006593540   0.0008517173   0.0009998486   0.0000495810
        0.0003037425  -0.0002600050  -0.0009561332   0.0001233021   0.0013239625
       -0.0024813689  -0.0008570789   0.0005545891  -0.0032941662   0.0031436779
       -0.0156892621  -0.0806969997  -0.0165258251   0.1080929883  -0.0005697485
        0.0038783435   0.0002971788   0.0036729642   0.0187634141  -0.0256162930
        0.0000541554  -0.0000216431   0.0000925173  -0.0001213207  -0.0006825889
       -0.0002201246  -0.0004853495   0.0012992726   0.0008645099   0.0001064781
       -0.0001502751  -0.0000037328  -0.0007188274  -0.0003937213   0.0003565499
        0.0008678860   0.0004523887  -0.0003140734  -0.0009224782  -0.0010316945
       -0.0003355191   0.0015380254  -0.0018953564  -0.0003865552   0.0011018565
        0.0004859205   0.0001961944   0.0030781216   0.0023120706   0.0009533907
       -0.0000886097  -0.0000227119  -0.0000803087  -0.0001455043  -0.0000813590
       -0.0000517576   0.0002524173   0.0004409820  -0.0003343392   0.0000450944
        0.0000996855   0.0000601355  -0.0000265635  -0.0001351882   0.0000725266
        0.0000610648   0.0002189163  -0.0000514004   0.0001013303  -0.0004365020
        0.0001151161  -0.0002370666  -0.0012736569  -0.0004731680   0.0001156289
        0.0001106225   0.0002233842   0.0003582975   0.0001584969  -0.0000392057
       -0.0000613678   0.0001542906   0.0000876440  -0.0000300835   0.0000662181
       -0.0001147204  -0.0000815803   0.0000107143   0.0001148278  -0.0002243333
        0.0002400886   0.0000442028  -0.0009728313  -0.0010152877  -0.0004924640
        0.0148109097   0.0016846247  -0.0069805276   0.0000543045  -0.0001057118
        0.0001860291   0.0054926033   0.0041062736   0.0026000185   0.0000453484
       -0.0000324835  -0.0000126699   0.0001277341   0.0003040191   0.0007614073
        0.0000193490   0.0000037318   0.0000055119  -0.0000175167  -0.0000309862
       -0.0000320566   0.0000877704   0.0000279366   0.0000372396   0.0000950873
       -0.0000832421  -0.0000949734   0.0000103567  -0.0000130952   0.0000071943
       -0.0006366343   0.0001821248   0.0000691395  -0.0003116990   0.0004120052
        0.0012720173   0.0006258565  -0.0005583949  -0.0013429632   0.0002859806
       -0.0010156235  -0.0006336485   0.0022987406   0.0029588149   0.0019647571
        0.0016302146  -0.0014452897   0.0007336232  -0.0003309239   0.0000126308
        0.0000773617  -0.0003640136   0.0008951326   0.0002270246  -0.0127756898
       -0.0047667552  -0.0081367179   0.0012352790  -0.0000336145  -0.0003080503
       -0.0006151198   0.0002168867   0.0001770831  -0.0012432826  -0.0017423509
        0.0006916019   0.0007350081  -0.0032269394  -0.0037949962  -0.0013828554
        0.0006942780  -0.0003554886  -0.0051801339   0.0034952010  -0.0111635258
       -0.1305229124  -0.1120901383  -0.0170000781  -0.0529060376   0.0254899702
       -0.0129070558  -0.0069439412   0.0095627547  -0.0005697485   0.3207460548
        0.1368563389   0.0298285504  -0.0008105773  -0.0001605768  -0.0017913480
        0.0006054438   0.0002831248  -0.0003970729   0.0007531324  -0.0014238749
       -0.0010425720  -0.0044281644   0.0026081477   0.0056440177  -0.0007994813
        0.0008210971  -0.0003159749   0.0061450752  -0.0006109151   0.0001494237
       -0.0196390871   0.0141306385   0.0157958223  -0.0803575390  -0.0572611610
       -0.0118760788   0.0007504446  -0.0056148922   0.0067830073  -0.0124534941
       -0.0046314385   0.0046375243  -0.0012237604  -0.0041221419   0.0017326997
        0.0001900965  -0.0003723786  -0.0006381720  -0.0006783507  -0.0004349187
        0.0008034414  -0.0001595593  -0.0005198558   0.0015187172  -0.0000524019
        0.0002180694  -0.0002213016  -0.0005429930  -0.0011013763  -0.0004658914
       -0.0013740262  -0.0000969819  -0.0003651074   0.0015611884   0.0013514726
        0.0003052871   0.0007571560   0.0016227377  -0.0003066099  -0.0007462782
        0.0010703099   0.0004574777  -0.0002750309  -0.0001076235   0.0003327157
        0.0002038800  -0.0001538128   0.0000399265  -0.0001130085  -0.0002985070
        0.0002994809   0.0000762123  -0.0002112344  -0.0003045312  -0.0001895211
       -0.0001591199  -0.0000302635  -0.0001583330  -0.0000625326  -0.0001442188
       -0.0002316783  -0.0008639864   0.0001681007   0.0001624831   0.0000612325
       -0.0000386126  -0.0008591026   0.0000297486   0.0001271655  -0.0004006402
       -0.0003077601   0.0006331917   0.0002823520   0.0004680232  -0.0000074412
        0.0001260610   0.0000824541   0.0001230689  -0.0000180714   0.0000134482
        0.0000145456  -0.0004583021   0.0001029564  -0.0006950502  -0.0001556448
       -0.0000795714   0.0003528848   0.0001676297  -0.0001658320  -0.0001071379
        0.0000212645  -0.0000786830  -0.0000315498  -0.0006841979  -0.0001870127
       -0.0008106068  -0.0010680370  -0.0011692870   0.0000760076  -0.0001182201
       -0.0003449706   0.0001315222   0.0044024085   0.0016147551   0.0014175709
       -0.0002518445  -0.0001574521   0.0002720135   0.0000920241  -0.0006280703
       -0.0002834661   0.0001680104  -0.0010428152  -0.0000521203  -0.0005749079
        0.0009019251  -0.0021940220  -0.0002171793   0.0016321779  -0.0004503824
       -0.0006673823  -0.0000769226   0.0003401073  -0.0004990820  -0.0006028831
        0.0003199204  -0.0030194644  -0.0034214932  -0.0004685814  -0.0006091628
        0.0010154915  -0.0001970259   0.0058788523  -0.0104497113  -0.0305500923
       -0.1034198284  -0.0790512210  -0.0042034767   0.0030434803  -0.0092296143
       -0.0018486293   0.0047135270  -0.0126152091   0.0038783435   0.1368563389
        0.1710361791   0.0291875434   0.0025745604   0.0027456439  -0.0004493546
        0.0004384140  -0.0004462232  -0.0000639454   0.0006557276   0.0008119640
        0.0005254578   0.0032247259  -0.0062485786  -0.0080962773   0.0003340721
       -0.0000861378   0.0003360163   0.0033325987  -0.0024426098  -0.0013139686
       -0.0010519306  -0.0005435142   0.0103581295  -0.0420220918  -0.0391549334
       -0.0058269488  -0.0034615576  -0.0122683758   0.0064219630  -0.0033700661
        0.0007821689   0.0025640481  -0.0021020714  -0.0021217510   0.0014095331
       -0.0001431605  -0.0000246923  -0.0001150628  -0.0001127701  -0.0001896708
        0.0001748303  -0.0009621320  -0.0002933347   0.0006040457   0.0001157453
       -0.0000062904  -0.0000948894   0.0003690600  -0.0001072484  -0.0002832082
       -0.0020635340   0.0003831506   0.0002927029   0.0019125183  -0.0002150043
       -0.0007873142  -0.0006642994  -0.0001649154   0.0009493083  -0.0006786865
        0.0011610901  -0.0003291365   0.0003392159  -0.0000996687   0.0002135013
        0.0001085553  -0.0000452569  -0.0000129783   0.0000461518  -0.0001946332
        0.0001256998   0.0000545003   0.0000560660  -0.0001282670   0.0000012584
        0.0001203663  -0.0000198853   0.0003316837   0.0001218861   0.0002424291
       -0.0001124714   0.0007633350  -0.0005212992   0.0000036151  -0.0000459300
       -0.0000524682  -0.0009928702   0.0000961077  -0.0004442867  -0.0000386801
       -0.0000815597  -0.0000061143   0.0000896621   0.0006712806  -0.0002413590
       -0.0000284428   0.0000507438   0.0000340565   0.0000023989   0.0000308901
        0.0000146059  -0.0001770966   0.0000002257  -0.0002179704  -0.0000133972
       -0.0001748858   0.0002514559   0.0000141952   0.0000151128  -0.0000461247
       -0.0001355016  -0.0000214358  -0.0002720456  -0.0004507675   0.0008062514
       -0.0008657106  -0.0015091496  -0.0011776568   0.0003214101   0.0003531099
       -0.0000787038   0.0001210539   0.0028522756   0.0003454127   0.0009379800
       -0.0001259099  -0.0006969007   0.0003202967   0.0000975871   0.0001092058
        0.0004463610  -0.0000423230  -0.0002287591  -0.0008057466  -0.0022648202
       -0.0007946389   0.0025085912   0.0015042316  -0.0009660133   0.0002933952
       -0.0004109866  -0.0003576275   0.0003571781  -0.0002046630  -0.0010219294
       -0.0002322468  -0.0046451000  -0.0040572867  -0.0025823472  -0.0009029523
        0.0011226254   0.0002807388  -0.0035261969  -0.0085996641  -0.0220516316
       -0.0379010534  -0.0236643068  -0.0156694048  -0.0107440281  -0.0023108791
       -0.0136270890  -0.0018802310   0.0050432460   0.0002971788   0.0298285504
        0.0291875434   0.0691314836  -0.0024286097   0.0007916854  -0.0013980104
        0.0006092742  -0.0009055879   0.0000936432   0.0019934718  -0.0009032256
        0.0006878046   0.0007861941  -0.0059720049  -0.0020246833  -0.0008511860
        0.0005650691  -0.0002944315  -0.0020966004  -0.0011526270  -0.0003085118
        0.0122506572   0.0018636734  -0.0038312958   0.0105263969   0.0160283161
       -0.0180834123   0.0008023730  -0.0063895510   0.0057077192   0.0033448800
        0.0010840389   0.0008301540   0.0038621388   0.0006293124  -0.0006144185
        0.0001193241   0.0002766457   0.0001015928   0.0001881435   0.0000328435
        0.0000374249   0.0002645348  -0.0000438926  -0.0003492766  -0.0001192259
        0.0001148635  -0.0002328447   0.0001326093  -0.0000140964  -0.0001808861
       -0.0010297835   0.0003839416   0.0006249342  -0.0001038643   0.0000842867
       -0.0009931082   0.0006848473   0.0007854762  -0.0002962791   0.0000788297
        0.0002196560  -0.0000634377   0.0005311800  -0.0003830088   0.0001077607
        0.0000559498   0.0000391455   0.0000670504  -0.0000405063  -0.0003368447
        0.0001186825   0.0000430305   0.0002070619   0.0000009468   0.0000575295
        0.0000285879  -0.0000530621  -0.0000208477   0.0000375457   0.0003682147
       -0.0002583630   0.0000472147   0.0000415077  -0.0001336460  -0.0000293011
       -0.0001445346   0.0005253168   0.0001754532   0.0007348948  -0.0002238038
       -0.0002981879  -0.0002261972   0.0002680075   0.0004735909   0.0004915652
        0.0000751457  -0.0001471632   0.0000040257   0.0001092422  -0.0000055564
        0.0001241210   0.0001251692  -0.0000470611   0.0000949749   0.0001015401
       -0.0000128696  -0.0000578452  -0.0001214212   0.0001340874   0.0000057728
       -0.0002299560   0.0000519081   0.0000332170   0.0004489972  -0.0002390124
        0.0007023258   0.0005566127   0.0004722364  -0.0002222577   0.0001758134
        0.0000200386  -0.0002854640  -0.0006047998   0.0003188718  -0.0004041232
        0.0003312620   0.0001444092   0.0000670044  -0.0010643792   0.0003739973
        0.0011127680   0.0033515076   0.0011183988  -0.0004713548  -0.0008119668
       -0.0021910388   0.0004808847  -0.0098957473  -0.0094111456   0.0123210424
       -0.0001320979  -0.0002331018  -0.0000053023  -0.0002267647  -0.0000824315
       -0.0000547859   0.0002424377  -0.0004096076  -0.0001201596  -0.0000039851
       -0.0000624599  -0.0001091007  -0.0001782387  -0.0011982336  -0.0010743463
       -0.0009694833   0.0010327724   0.0002006324  -0.0020741923   0.0027960585
       -0.0005193398  -0.0588135026  -0.0456023127   0.0036729642  -0.0008105773
        0.0025745604  -0.0024286097   0.2144859055  -0.0569575856  -0.0035362913
       -0.0000314878  -0.0001292954   0.0001214091   0.0003324980  -0.0004518897
       -0.0003803845  -0.0007918013   0.0007474822   0.0002509878   0.0000332092
        0.0000840680  -0.0000726292  -0.0008004962   0.0006003508   0.0002536680
        0.0001088376   0.0002807853   0.0003874176  -0.0044609578   0.0066774633
        0.0049551191  -0.1169370267   0.0699135426  -0.0126066383   0.0014944367
        0.0003584083  -0.0015574811  -0.0043965111   0.0088610416   0.0086929404
       -0.0001798498  -0.0000688540  -0.0002685352  -0.0004059638  -0.0003322563
        0.0000637210   0.0007161986   0.0007691585   0.0000002402   0.0000502546
        0.0001406407   0.0000436980  -0.0002665614  -0.0007864761  -0.0000802560
       -0.0005193218   0.0002869441  -0.0000034361   0.0011880542  -0.0006563333
        0.0008808568   0.0001651050  -0.0011571522  -0.0007125333  -0.0000891599
        0.0006850704   0.0002765825   0.0006203307  -0.0002591964  -0.0001160788
        0.0000230588  -0.0000027360   0.0000102308   0.0000143093  -0.0000149985
       -0.0000096538   0.0000349813  -0.0001038898   0.0000750976  -0.0001411023
       -0.0007485189  -0.0000747056  -0.0000108637  -0.0003348575  -0.0003176615
       -0.0003168159   0.0012553851   0.0010029400   0.0001164394  -0.0000970200
        0.0000659635  -0.0196656229   0.0217686604  -0.0101032102  -0.0000735658
       -0.0000902669   0.0000533016  -0.0000369976   0.0001185622  -0.0001391250
        0.0001337658  -0.0000163480   0.0000748942   0.0000174501  -0.0000023182
        0.0000285420   0.0000769000   0.0000574941  -0.0001124189   0.0001465659
       -0.0000107448   0.0000035583   0.0000748654   0.0001417728  -0.0000461245
       -0.0003150940   0.0001878381   0.0000591135  -0.0002985754  -0.0002017767
        0.0002229457  -0.0001747192   0.0000693981  -0.0003638851   0.0000685405
        0.0001461071  -0.0001401611   0.0000113070   0.0002267823   0.0001927624
        0.0002112605  -0.0000474178   0.0000964398  -0.0001627886  -0.0000318602
        0.0005453357   0.0003084997   0.0009138472  -0.0010541136   0.0001616065
       -0.0003197266   0.0002399259   0.0004966726  -0.0012244431   0.0008823169
        0.0001207899  -0.0001753892   0.0000053309  -0.0000178309  -0.0001513974
       -0.0000629463   0.0007012920  -0.0000608941  -0.0000054361  -0.0004835193
       -0.0001818846  -0.0001146688  -0.0004544972  -0.0008374106  -0.0006965674
       -0.0009784750  -0.0004425605  -0.0007464387  -0.0051344199  -0.0146595957
        0.0033481811  -0.0643404953  -0.0794176423   0.0187634141  -0.0001605768
        0.0027456439   0.0007916854  -0.0569575856   0.3839732106  -0.0774275871
        0.0000424682  -0.0001198975   0.0001805965   0.0003314164   0.0003889345
        0.0000231395  -0.0001868496   0.0002922750  -0.0002745657  -0.0000034266
       -0.0001820922   0.0000122777   0.0001693547  -0.0001287651  -0.0001923334
        0.0002931752  -0.0004427504   0.0004188920   0.0049570570  -0.0079962565
       -0.0017893818   0.0969322945  -0.0858778714   0.0107864834  -0.0006209730
       -0.0003880832   0.0004565025   0.0017942445  -0.0024867127  -0.0019285949
       -0.0001884611  -0.0001460306  -0.0000217543  -0.0000450281  -0.0001591667
       -0.0000170641   0.0000696166  -0.0001131169   0.0001556009   0.0002398929
        0.0001930544   0.0001263272   0.0001917122  -0.0002923753  -0.0001453428
       -0.0001530504   0.0000194519  -0.0001029195  -0.0000731670  -0.0000025924
        0.0000908899  -0.0004613864   0.0016650419   0.0005904173  -0.0000210820
        0.0004429957  -0.0000652354   0.0005752076  -0.0000450236  -0.0003449479
        0.0001487989  -0.0000508183  -0.0002623886   0.0001969608   0.0000616993
        0.0001099010   0.0001972153  -0.0001415479   0.0001474972   0.0001476473
        0.0000017559  -0.0001260124   0.0000089593  -0.0002402616   0.0002087956
        0.0001295097  -0.0007722561  -0.0003712680   0.0000987623   0.0001889061
        0.0000507674   0.0228263385  -0.1939353271   0.0475310721  -0.0000442355
        0.0002591836  -0.0000530422   0.0005625411  -0.0005505595   0.0003907941
        0.0000468625   0.0001885456  -0.0000829557  -0.0001719554  -0.0000748706
       -0.0001654672  -0.0001861880   0.0000600316   0.0000629982  -0.0002136006
       -0.0000249794  -0.0000466898  -0.0001920232  -0.0001013491   0.0001113640
       -0.0001232603   0.0001326683  -0.0000959941   0.0001850576  -0.0000397117
        0.0001348289  -0.0001875607   0.0002599535  -0.0001127640  -0.0001660073
        0.0001421752  -0.0000977826   0.0001945039   0.0000817727   0.0004063933
        0.0006602698  -0.0007331589   0.0005251042  -0.0010494056   0.0003301612
       -0.0011399153  -0.0016156453  -0.0026536831   0.0005174013  -0.0008265091
        0.0006310297   0.0005090986   0.0042933470   0.0061688004  -0.0027870447
        0.0002176917  -0.0002461082  -0.0000064014  -0.0000107333   0.0000662075
        0.0000624638   0.0009069191  -0.0001591054  -0.0002116986  -0.0002751290
        0.0001750014  -0.0000331381   0.0003043500   0.0000337241   0.0000130259
        0.0000423237   0.0000149904  -0.0003274331   0.0033669709  -0.0018072142
        0.0031827540   0.0165492679   0.0181097267  -0.0256162930  -0.0017913480
       -0.0004493546  -0.0013980104  -0.0035362913  -0.0774275871   0.0805284981
        0.0000929818  -0.0002658987  -0.0000123501   0.0001417853  -0.0003068289
       -0.0000311389   0.0002333374  -0.0000758027  -0.0001432744  -0.0000995120
        0.0002043887  -0.0000991789  -0.0002936604   0.0006287946   0.0000449964
        0.0001376281  -0.0010021640   0.0001847986  -0.0015862139   0.0086841731
        0.0006504541  -0.0141006980   0.0068875308  -0.0143279594   0.0003215466
       -0.0017388156  -0.0003568384   0.0032849955  -0.0050316580  -0.0053769723
       -0.0001249941  -0.0000759918  -0.0000955510  -0.0000944227  -0.0001270361
        0.0000793342   0.0000853369  -0.0000642872   0.0000680119   0.0000854636
        0.0001196007  -0.0000275810  -0.0000960952   0.0001230316  -0.0000960962
        0.0001571027   0.0000367659   0.0001305102  -0.0001037150   0.0005632586
       -0.0001791436  -0.0005011112   0.0009026388  -0.0002139005  -0.0000194863
       -0.0003614345  -0.0001389257  -0.0001843500  -0.0003322184   0.0003503623
        0.0000482578  -0.0000663236  -0.0000332139   0.0000032374   0.0000218734
        0.0001059834   0.0000254776  -0.0001557722  -0.0001061205   0.0001715899
        0.0000081737   0.0001676128   0.0004471930   0.0004666338   0.0004048846
        0.0001132044   0.0002615571   0.0003095019  -0.0000243846  -0.0000458942
        0.0000175323  -0.0058664249   0.0484021933  -0.0343093155  -0.0000715462
       -0.0000442787   0.0000048132   0.0007645850  -0.0004570101  -0.0010708444
        0.0000396792   0.0000184098   0.0000272836  -0.0000259220  -0.0000011152
       -0.0000025876   0.0000025027  -0.0000412963   0.0000143175  -0.0000484947
        0.0000825488   0.0001057747  -0.0000536854   0.0001519656  -0.0000982724
        0.0010436320  -0.0003497081  -0.0004021052  -0.0017228911   0.0007730326
       -0.0003630246  -0.0000589326   0.0001713950   0.0000165508   0.0005453737
        0.0003302237   0.0014710962  -0.0003599229  -0.0003460781   0.0000136320
       -0.0004475189   0.0003305677  -0.0001190670   0.0001297592  -0.0001826064
        0.0000581637   0.0000186800  -0.0001047861  -0.0000844662   0.0005450208
        0.0005336801   0.0001236640   0.0001628035  -0.0000384828   0.0000387664
       -0.0149016316   0.0052578949  -0.0006805391  -0.0037590718   0.0016585281
        0.0011413859  -0.0024748535  -0.0003442716   0.0002534028  -0.0574626230
        0.0173365300  -0.0005966192   0.0000845379  -0.0002427955  -0.0011594046
        0.0003197805  -0.0003234822  -0.0004291740  -0.0003510855   0.0000073255
       -0.0001592098  -0.0000619686  -0.0000395151   0.0000541554   0.0006054438
        0.0004384140   0.0006092742  -0.0000314878   0.0000424682   0.0000929818
        0.1381032879   0.0081626775   0.0243055661   0.0289306577  -0.0138284138
        0.0054919382  -0.0023230226   0.0036857371  -0.0004343407  -0.0667932783
       -0.0136489608  -0.0182631433  -0.0003007627   0.0000029487   0.0012668555
       -0.0002488604  -0.0007622282  -0.0006161026  -0.0004462382  -0.0004296340
        0.0000217389  -0.0001822345   0.0000896294  -0.0002299087   0.0001440555
       -0.0001622586   0.0006398150  -0.0000875189   0.0000432060  -0.0000336365
       -0.0127504541  -0.0050936658  -0.0043484347  -0.0023521357  -0.0020115241
       -0.0084147399  -0.0005802552   0.0013232293  -0.0011902404   0.0003235311
       -0.0021058935  -0.0001578198  -0.0003011556  -0.0004344870  -0.0005537667
       -0.0004776346  -0.0002783212   0.0006374137   0.0004363941  -0.0001186066
       -0.0002482586  -0.0001984140   0.0000165855  -0.0002042171   0.0001352568
        0.0000243297  -0.0000834877   0.0000453395  -0.0000503798  -0.0000866775
        0.0001389900   0.0003817812   0.0002001704  -0.0003989971   0.0001413183
       -0.0005410080  -0.0001344359   0.0001056102  -0.0000026302   0.0000674051
        0.0000348505   0.0000248537  -0.0000105576   0.0000024504   0.0000205217
       -0.0000311048   0.0000388321   0.0000213168  -0.0000640237   0.0004756049
       -0.0002933650  -0.0000187048   0.0000005924   0.0000257421  -0.0018486088
       -0.0010779882   0.0025728942   0.0000062451  -0.0000048082   0.0000563546
        0.0003040272  -0.0002075424   0.0003123585  -0.0008219744   0.0006248226
        0.0000807263   0.0000495806   0.0000952497  -0.0000063338  -0.0000759230
        0.0000135948   0.0001204058  -0.0000615196   0.0000433281   0.0000299760
        0.0008578631  -0.0008890632  -0.0002402529   0.0001662610   0.0003117013
       -0.0003765366   0.0004558654  -0.0004381090   0.0001969705  -0.0039745796
        0.0009075914   0.0009144924  -0.0001111775   0.0005001696  -0.0000614691
       -0.0003208227   0.0002867638  -0.0000058537  -0.0001714514  -0.0001210411
        0.0002353252   0.0001086975  -0.0000784423  -0.0000701410   0.0005919624
       -0.0004464724  -0.0004317600  -0.0001543507  -0.0000904172   0.0000349373
       -0.0007525515   0.0008488085   0.0001159719  -0.0005742423   0.0011303147
       -0.0002505815  -0.0009624328  -0.0012647649   0.0004490477   0.0644519993
       -0.0382892714   0.0013570297  -0.0001855605   0.0000467858   0.0013439360
       -0.0008614169   0.0000997343  -0.0003514666  -0.0000968495   0.0002964462
        0.0001267475  -0.0001631397  -0.0003062427  -0.0000216431   0.0002831248
       -0.0004462232  -0.0009055879  -0.0001292954  -0.0001198975  -0.0002658987
        0.0081626775   0.4464194233   0.0793505459  -0.0152268429  -0.1670012699
       -0.0068974056  -0.0003552265  -0.0081487827  -0.0007940455  -0.0563062276
       -0.0294327164  -0.0261648185   0.0030559364  -0.0003890727  -0.0003042998
       -0.0007678951   0.0025943608   0.0012456456   0.0004863005   0.0000456037
       -0.0007158330   0.0006606273   0.0000577321   0.0006071330  -0.0003755247
        0.0000997931  -0.0007890850   0.0001879951  -0.0004915776   0.0003322607
        0.0011869063   0.0020565674   0.0017073078   0.0013363248  -0.0023436621
        0.0002103891  -0.0002035017   0.0009290109   0.0013509024   0.0009975224
        0.0015119434   0.0005917354  -0.0006291331  -0.0006347814  -0.0000992407
       -0.0004761650   0.0000776525   0.0010687276   0.0009404640  -0.0010604164
        0.0000786379  -0.0005231238   0.0008838622  -0.0000011112  -0.0004962393
        0.0014684063  -0.0003287303   0.0001426312  -0.0002813299  -0.0002808349
       -0.0001401130   0.0002257021   0.0003344695  -0.0001227979   0.0001394010
        0.0000298567  -0.0000485353  -0.0000339196  -0.0000680724  -0.0000807711
        0.0001042731   0.0001107810  -0.0000697250  -0.0000281846  -0.0000398120
        0.0000654505  -0.0000474978   0.0000721865  -0.0005725470  -0.0003269932
        0.0001362335   0.0000543186  -0.0000116863  -0.0000461756  -0.0006049015
       -0.2072716638  -0.0533450043   0.0000389856  -0.0000182863  -0.0000512669
        0.0005101482  -0.0006833042   0.0005633239   0.0005860113  -0.0000634765
        0.0001697171  -0.0000287529  -0.0001586015  -0.0001612121   0.0001033476
       -0.0001839476   0.0003362394   0.0000544734   0.0000590676  -0.0000024126
       -0.0002185976   0.0006355395   0.0007965509  -0.0004951736  -0.0007228580
        0.0001204883   0.0001791355   0.0001821808  -0.0003277550   0.0014361028
        0.0004904777   0.0004348887   0.0002594499  -0.0003765207  -0.0000889413
        0.0001665317  -0.0006436217   0.0001171368   0.0000588175   0.0000619104
        0.0000328390  -0.0000792496  -0.0000108827  -0.0000141747  -0.0001864044
        0.0004833710   0.0002729423  -0.0000290300  -0.0000075672  -0.0000890428
       -0.0006401782  -0.0000203342   0.0007605369   0.0010153780  -0.0000888436
        0.0028670398   0.0000954168   0.0003880368   0.0000163256  -0.0017952057
       -0.0010986007  -0.0173435231  -0.0009062011   0.0010521982  -0.0005327503
       -0.0000139108   0.0000627924   0.0003509492   0.0000315591  -0.0002333787
        0.0000653626   0.0000143329  -0.0000797787   0.0000925173  -0.0003970729
       -0.0000639454   0.0000936432   0.0001214091   0.0001805965  -0.0000123501
        0.0243055661   0.0793505459   0.0701400777   0.0036538583  -0.0196662481
        0.0010096633   0.0013667225   0.0008291484  -0.0011349216  -0.0208501939
       -0.0086740802  -0.0240720647  -0.0014387260   0.0015705198   0.0009016366
        0.0008252058  -0.0011086655   0.0003746881  -0.0002511879   0.0006162658
        0.0002634447  -0.0001372676  -0.0001236067  -0.0000001939   0.0001990168
       -0.0005527349   0.0000544325   0.0000500270   0.0001990912  -0.0001258447
       -0.0079055965  -0.0013177041  -0.0027476779   0.0010710366   0.0020130020
       -0.0006649523  -0.0014788178  -0.0021459643  -0.0004412436  -0.0000167806
       -0.0010660052   0.0007619952   0.0001842376   0.0003982308   0.0000023880
       -0.0005088478  -0.0002055677  -0.0007347003  -0.0001453511   0.0000446709
        0.0001848636  -0.0000234330  -0.0000589662  -0.0003567261   0.0002465056
       -0.0008217879   0.0002519606  -0.0003406192   0.0002745843  -0.0001404711
       -0.0001142741   0.0000926893   0.0000616112  -0.0004553236  -0.0000487537
       -0.0003889846   0.0000540947  -0.0000480372  -0.0000933298   0.0000293806
        0.0000229214  -0.0000073943  -0.0000105686   0.0000145172  -0.0000037663
        0.0000260034  -0.0000168858  -0.0000375235  -0.0001572913   0.0000172951
       -0.0007803986  -0.0000154273  -0.0000297676   0.0000106193   0.0033299239
       -0.0500596075  -0.0292734356   0.0000302690   0.0000041051  -0.0000074513
       -0.0005052045   0.0003500565  -0.0004421267   0.0003994056  -0.0000443127
       -0.0000658205   0.0000020091  -0.0000683059  -0.0001524718  -0.0000216747
        0.0000734319   0.0000069481  -0.0000137860  -0.0000048462   0.0000344872
        0.0004212096   0.0007777192   0.0007083843  -0.0022443632   0.0017345418
       -0.0003014850   0.0001134025  -0.0001642842  -0.0003120875   0.0026892724
       -0.0015451292   0.0008416855  -0.0008541573  -0.0005338609  -0.0002528321
       -0.0000313746  -0.0008296160   0.0002817142  -0.0000360831   0.0000825382
        0.0006012700  -0.0000243693  -0.0001889562  -0.0002824956   0.0006509959
        0.0008534005   0.0000434817  -0.0001429554  -0.0001348994   0.0000810691
       -0.0016744686   0.0013976469  -0.0059949936  -0.0178103785   0.0051591768
        0.0023678994  -0.0034462604   0.0005594839  -0.0002139145  -0.0635979608
       -0.0229950459  -0.0025980306  -0.0047456869   0.0048581251   0.0006054386
        0.0003506038   0.0001282894   0.0001596875  -0.0005548516  -0.0004276913
       -0.0005376707   0.0002454885  -0.0003000037  -0.0001213207   0.0007531324
        0.0006557276   0.0019934718   0.0003324980   0.0003314164   0.0001417853
        0.0289306577  -0.0152268429   0.0036538583   0.1543744558   0.0383510490
        0.0330210061  -0.0066143628  -0.0269382555  -0.0023145034  -0.0500336469
        0.0248214891  -0.0226464075  -0.0093229155  -0.0076232403  -0.0020664950
        0.0000540741  -0.0005377552  -0.0007750001  -0.0012129523  -0.0005376345
        0.0005003187  -0.0007809432   0.0000135476  -0.0006964193  -0.0005503685
       -0.0004081998   0.0008723459  -0.0003559416   0.0003549266  -0.0001178047
       -0.0053119867   0.0042680618   0.0074074186  -0.0127464214  -0.0015253818
       -0.0105692498  -0.0005718149   0.0004509072  -0.0018140447  -0.0007517406
       -0.0030417958   0.0018753281   0.0001745555   0.0006322792  -0.0006097382
        0.0001574842  -0.0017273011  -0.0007028737  -0.0005724628   0.0001478364
       -0.0001226536   0.0006322164  -0.0005446952  -0.0003130736   0.0003337768
       -0.0013244522   0.0000088690  -0.0004740465   0.0003667704   0.0000283840
       -0.0000240969   0.0003392281   0.0002373518  -0.0002625611   0.0002289883
       -0.0009122073  -0.0000291649   0.0001480666   0.0000240493   0.0001064420
        0.0001010725   0.0000439952   0.0000224954  -0.0000210375   0.0000152570
        0.0000400846   0.0000981212  -0.0000340711  -0.0023054259  -0.0002766627
        0.0004704892  -0.0000667501  -0.0000293757   0.0000938464  -0.0032870304
       -0.0001704555   0.0003692987   0.0000316757  -0.0000814893   0.0001194501
       -0.0005007775  -0.0000345957  -0.0018742707   0.0003751206   0.0002974230
       -0.0005481851   0.0001995071   0.0000393726   0.0000362794  -0.0000426263
        0.0000175524   0.0000426957  -0.0000082023  -0.0000461000   0.0000856992
       -0.0006028130   0.0001520894  -0.0003662823  -0.0002460402   0.0018573694
       -0.0008177787  -0.0010534287  -0.0014108572  -0.0000433348   0.0042469200
       -0.0014609047  -0.0005628448   0.0012694124  -0.0002205908   0.0004511451
        0.0006003048  -0.0000667765   0.0012639834   0.0003174850   0.0001694303
       -0.0002750246  -0.0000530079   0.0002440268   0.0000504984  -0.0021528947
        0.0003245939   0.0000889102  -0.0000874329  -0.0002207896  -0.0000909023
       -0.0012096979  -0.0002013098  -0.0019030877  -0.0003014668  -0.0015542438
        0.0018905818   0.0001355367  -0.0030933101   0.0000150757  -0.0478201415
       -0.0166110598  -0.0035620860   0.0115983326  -0.0096771292  -0.0047746199
        0.0014454196  -0.0005230859  -0.0008331015  -0.0012765562   0.0024411454
       -0.0002841939   0.0011566656  -0.0006389325  -0.0006825889  -0.0014238749
        0.0008119640  -0.0009032256  -0.0004518897   0.0003889345  -0.0003068289
       -0.0138284138  -0.1670012699  -0.0196662481   0.0383510490   0.3855250012
        0.0195078027  -0.0263826812  -0.1420777215  -0.0145409121   0.0478827101
       -0.0208014150   0.0204438479  -0.0208596180  -0.0091672614  -0.0055647478
        0.0031539823  -0.0109037321   0.0033764868  -0.0001887319   0.0033822911
        0.0017331492  -0.0002380054  -0.0013587630  -0.0004491116   0.0006997688
        0.0003953580   0.0009518538  -0.0003998038   0.0017649216   0.0006313193
        0.0050025894  -0.0029209966  -0.0014832004   0.0032413425   0.0059310837
        0.0023033477   0.0052127127  -0.0057301081  -0.0008005835  -0.0012651245
       -0.0010626561   0.0002820814   0.0000160807   0.0004010080  -0.0001344520
        0.0008592392  -0.0005959330  -0.0029905381  -0.0020083585   0.0024202043
        0.0004718693   0.0002855841  -0.0020792953  -0.0007395393   0.0007378457
       -0.0030711977   0.0005641723  -0.0006501798   0.0005290735   0.0004019047
        0.0001147168  -0.0002195407  -0.0002187747   0.0000425600  -0.0001028438
        0.0000103561  -0.0000436042   0.0003463472   0.0000321220   0.0000375266
       -0.0001066747  -0.0000738534  -0.0000232067   0.0000309530  -0.0000449047
       -0.0000231115   0.0000482764   0.0000962167  -0.0000383570  -0.0001867709
        0.0006181954  -0.0000150975   0.0002344902   0.0002695908  -0.0020601419
       -0.0044718703   0.0072441153  -0.0000872723  -0.0000831060  -0.0002674893
       -0.0013015229  -0.0000352427  -0.0005410761  -0.0004475120   0.0000563830
        0.0001011603   0.0002067290  -0.0000944187   0.0002373852  -0.0000892859
        0.0002189181  -0.0000717542   0.0000147597   0.0000759442  -0.0000440860
       -0.0005802515   0.0007337202  -0.0011725791  -0.0007758768   0.0000927186
        0.0002883165  -0.0005221990   0.0002394129   0.0001206886   0.0019817218
       -0.0004669569   0.0013491657   0.0001278266  -0.0002412584   0.0000619020
        0.0002667045   0.0005402849  -0.0002163948   0.0000367518  -0.0002446609
       -0.0001081708   0.0000443740   0.0000457537  -0.0000685482  -0.0001491881
       -0.0000786559  -0.0001442806   0.0000938620  -0.0000359843   0.0000531088
        0.0027900619   0.0006020167   0.0007951275  -0.0038955270  -0.0005358281
        0.0012872835  -0.0004331309   0.0010978291   0.0009798633  -0.0037953315
       -0.0007697545  -0.0143107273   0.0010539371  -0.0015141058   0.0013976400
        0.0002982746   0.0003343774   0.0002871523   0.0000616206   0.0000293334
        0.0002563226   0.0001192331   0.0001512858  -0.0002201246  -0.0010425720
        0.0005254578   0.0006878046  -0.0003803845   0.0000231395  -0.0000311389
        0.0054919382  -0.0068974056   0.0010096633   0.0330210061   0.0195078027
        0.0506309942  -0.0040399439  -0.0250640419  -0.0241335153  -0.0195325304
        0.0135711704  -0.0204220720   0.0024804326  -0.0007750906   0.0028951277
       -0.0018074930  -0.0037199092  -0.0022777244   0.0000543556   0.0007905358
        0.0005090427   0.0001105807  -0.0004952503   0.0001679732   0.0003748663
       -0.0009243943   0.0006161558  -0.0000054930   0.0000176390   0.0002600350
       -0.0070700716   0.0008170649  -0.0024410652  -0.0052985692   0.0000567265
        0.0017496927   0.0009938619   0.0034515951  -0.0005067261  -0.0000611865
        0.0015165304  -0.0007083251  -0.0003133983  -0.0004689089  -0.0003151007
        0.0006670705   0.0006899758   0.0008171302   0.0004291021   0.0006723059
        0.0000070648  -0.0002263679  -0.0003131485  -0.0003557198   0.0000114632
       -0.0001392271   0.0000581038   0.0000670382  -0.0003032354   0.0001525687
        0.0003759642  -0.0002522071  -0.0002422032  -0.0000004719   0.0001218276
        0.0000266292  -0.0000998221   0.0001570064   0.0000507975   0.0000018962
       -0.0000621602   0.0000385664   0.0000122048   0.0000266720   0.0000309572
        0.0000027314  -0.0000040506   0.0000693089  -0.0007797085   0.0000134252
        0.0004026512   0.0000476352   0.0000494249   0.0000570113  -0.0012070838
       -0.0020734300   0.0002112512  -0.0000025398  -0.0000257508  -0.0000493216
        0.0010562102  -0.0001746856   0.0005441976  -0.0000724890  -0.0005190355
       -0.0001637414   0.0000821028   0.0001284930   0.0000006370  -0.0000248570
        0.0000452785   0.0000222419  -0.0000383410   0.0000503324  -0.0000046976
       -0.0003175409  -0.0000124609  -0.0002661296   0.0006643084   0.0010551088
        0.0003682633  -0.0007107488  -0.0007636902  -0.0004409886   0.0006582238
        0.0001497647  -0.0003166683   0.0018885955   0.0004794202   0.0005591753
       -0.0006273784  -0.0002920157   0.0013493077   0.0002357063   0.0003282188
       -0.0002380613   0.0000131248   0.0003965734   0.0001128507  -0.0025451356
        0.0003937213  -0.0012066071   0.0004173907  -0.0004973668  -0.0000075570
       -0.0015476961   0.0004686076   0.0005707466   0.0005865987   0.0020122463
       -0.0003713823  -0.0202843948  -0.0021479784   0.0035641494  -0.0081115233
       -0.0082470091  -0.0011977882  -0.0627270807   0.0212915626   0.0108925517
        0.0000444513   0.0017651734  -0.0019179320  -0.0024303579   0.0028823237
       -0.0014245491   0.0006215619   0.0000200761  -0.0004853495  -0.0044281644
        0.0032247259   0.0007861941  -0.0007918013  -0.0001868496   0.0002333374
       -0.0023230226  -0.0003552265   0.0013667225  -0.0066143628  -0.0263826812
       -0.0040399439   0.2120847745   0.0397485156   0.0093124985   0.0008012731
        0.0016555404   0.0005019075  -0.0959688077  -0.0404350949  -0.0109172282
        0.0218297719  -0.0008865536   0.0023338259  -0.0006472268  -0.0025479655
        0.0006604730   0.0003297812   0.0003578274   0.0006432681  -0.0005004720
       -0.0049067321  -0.0035457122   0.0006929744  -0.0007496486  -0.0003698539
       -0.0013789291  -0.0022506475  -0.0011226601  -0.0075794437   0.0007556289
       -0.0006906515  -0.0243480636   0.0061610210  -0.0046646602   0.0006524851
        0.0004326757  -0.0007735282   0.0014127226   0.0002900132   0.0012049488
       -0.0019936386   0.0026144767   0.0005895925   0.0017884717  -0.0009494245
        0.0000288445   0.0003062027   0.0027479755   0.0005365671  -0.0004361502
        0.0027875677   0.0000792936  -0.0002023473  -0.0006531400  -0.0001542561
        0.0000609322  -0.0000358781  -0.0002494062   0.0000665275  -0.0002076112
        0.0001126074   0.0000539770   0.0000862322  -0.0000413536  -0.0000609736
       -0.0001022366  -0.0002152232  -0.0001350144  -0.0000086746   0.0000006130
       -0.0001040765  -0.0000812815   0.0000403746   0.0008402243   0.0001158902
        0.0001977775   0.0000449365   0.0000395722  -0.0000796556   0.0001716649
        0.0006755370  -0.0012628102  -0.0000086004   0.0000252300  -0.0002221305
        0.0003376206  -0.0000615839   0.0007983123   0.0000256436  -0.0000817258
        0.0000947365  -0.0000729570  -0.0001070459  -0.0003330639   0.0001476885
        0.0000766034  -0.0003364327   0.0001182749  -0.0000873074  -0.0000473560
        0.0001399226   0.0001832249   0.0003721939   0.0004587626  -0.0012299830
        0.0007468309   0.0004361209   0.0005173561  -0.0003034447  -0.0013258959
        0.0003862549  -0.0005139856  -0.0003156677   0.0000801735  -0.0002824352
       -0.0004575680  -0.0001581661  -0.0005091398  -0.0002552661  -0.0001239780
        0.0000789791   0.0000213750   0.0000041708   0.0000539837   0.0012289176
       -0.0000901271  -0.0002392970  -0.0002735985   0.0001079971  -0.0004073699
        0.0011205250  -0.0010564962   0.0020760505   0.0020744310  -0.0011756601
       -0.0023095633   0.0042052752  -0.0007159871   0.0008884110  -0.0147202077
       -0.0071261876  -0.0000822982   0.0479681021  -0.0210611338  -0.0014829575
       -0.0054804496   0.0007787358   0.0011225246   0.0010567239  -0.0020009777
        0.0012826324  -0.0014587003   0.0002999740   0.0012992726   0.0026081477
       -0.0062485786  -0.0059720049   0.0007474822   0.0002922750  -0.0000758027
        0.0036857371  -0.0081487827   0.0008291484  -0.0269382555  -0.1420777215
       -0.0250640419   0.0397485156   0.3333697543   0.0795872558   0.0095040126
       -0.0127709910   0.0044404718  -0.0530737583  -0.0361446416  -0.0050691943
       -0.0060997570  -0.0867959152  -0.0448899249   0.0014204631   0.0044043588
        0.0009716648   0.0005895544  -0.0000421103   0.0016990124  -0.0072773761
       -0.0099294429  -0.0059261277   0.0006352419  -0.0010793013  -0.0013986896
       -0.0022531972   0.0025762512   0.0024413923   0.0029096002  -0.0084050041
       -0.0002242500  -0.0045237602   0.0045794068  -0.0019267611  -0.0012225425
       -0.0011032144  -0.0004122304   0.0018448560   0.0009817726  -0.0004345339
        0.0003902565  -0.0012895272   0.0031936617   0.0015652830  -0.0016206200
       -0.0004433576   0.0003627152   0.0019552267  -0.0000311192  -0.0005905651
        0.0014321995  -0.0012071595   0.0001043454  -0.0010582955   0.0001783361
       -0.0001270284   0.0001056949   0.0001115734   0.0000024074  -0.0000844354
       -0.0000294829   0.0000210479  -0.0001055073   0.0000165644  -0.0000414243
        0.0000986778   0.0000166100  -0.0000309311  -0.0000486175   0.0000074996
        0.0001937231  -0.0001230981  -0.0001186061   0.0001658031   0.0000100824
       -0.0006497721  -0.0000177925  -0.0002466676  -0.0002587602  -0.0003953764
        0.0000412714  -0.0013463262   0.0002062016   0.0001817276   0.0002786743
        0.0010612697  -0.0002111278   0.0000697016   0.0002226268  -0.0000333699
       -0.0000951109  -0.0000620455  -0.0000434907  -0.0002249391   0.0001805169
       -0.0000848623   0.0000421919   0.0000612007   0.0000474331   0.0001240488
        0.0000796053   0.0000306814   0.0004542553   0.0002729371  -0.0001715765
        0.0004466464  -0.0004523592   0.0002510186  -0.0002792935   0.0003783306
       -0.0003632424  -0.0002748645   0.0015241341  -0.0002729789  -0.0005172663
       -0.0002525265  -0.0004263556   0.0001592021   0.0001513655   0.0000895599
       -0.0004879365   0.0001773274  -0.0001031409   0.0001457458  -0.0014319897
       -0.0005978686   0.0001887328   0.0006281159   0.0005276486   0.0000520364
       -0.0005390621  -0.0001230112   0.0004806630   0.0001360436   0.0005923129
       -0.0003326157  -0.0065431385  -0.0018144392   0.0024158342  -0.0037904249
       -0.0026492360   0.0020741836   0.0232324463  -0.0043669098  -0.0167548835
        0.0025042513  -0.0034459907  -0.0022332362   0.0017491710  -0.0013172033
       -0.0010527192  -0.0014113114   0.0010269997   0.0008645099   0.0056440177
       -0.0080962773  -0.0020246833   0.0002509878  -0.0002745657  -0.0001432744
       -0.0004343407  -0.0007940455  -0.0011349216  -0.0023145034  -0.0145409121
       -0.0241335153   0.0093124985   0.0795872558   0.0742251792   0.0011467588
        0.0000785613   0.0016126479  -0.0265575060  -0.0090435989  -0.0189556944
        0.0007547774  -0.0335527375  -0.0189437812   0.0005879697   0.0007597192
       -0.0007420143   0.0003100382   0.0008682739   0.0005215030  -0.0019443504
       -0.0001173028  -0.0000244400  -0.0003188569  -0.0011586317  -0.0001699496
       -0.0004123847   0.0000630381  -0.0004942084  -0.0015799278   0.0005074062
        0.0011616655  -0.0022635797   0.0000281578   0.0030749437   0.0001956118
       -0.0007085577  -0.0003517545   0.0001015150   0.0009125002   0.0003841312
        0.0021029595  -0.0003730363  -0.0011676543  -0.0009821103  -0.0015463833
        0.0004678388   0.0019850812   0.0013356101   0.0000547988  -0.0005951217
       -0.0003448358   0.0000755930  -0.0010751072   0.0005869601  -0.0002503863
       -0.0000936177   0.0001392513   0.0000893556  -0.0000696582  -0.0000771165
       -0.0001619623   0.0001118797  -0.0000519510  -0.0000017604  -0.0000548323
       -0.0000828844  -0.0001863642   0.0000009573  -0.0000113047   0.0000877058
       -0.0002389672  -0.0000356105  -0.0000455308   0.0000361099  -0.0000303171
       -0.0004739858  -0.0000423421  -0.0001191759  -0.0000960936  -0.0003259519
       -0.0006576099   0.0022095059   0.0000464879   0.0001572360   0.0001052583
       -0.0000802795   0.0004278697   0.0000902880   0.0000456939   0.0000239530
        0.0000148274   0.0000774672  -0.0001518356   0.0001454491   0.0000456725
       -0.0002630707  -0.0002039819   0.0002140382  -0.0003102997   0.0000362712
        0.0001995871  -0.0009694390  -0.0002949893   0.0014795387  -0.0001480249
       -0.0005135597   0.0003924908  -0.0008270512   0.0002057383  -0.0038118441
        0.0009500229   0.0004935803  -0.0006895777   0.0007778574   0.0002181927
       -0.0001269782   0.0006044067   0.0001889965  -0.0001262017  -0.0000204279
        0.0001830770  -0.0001067886   0.0001409088   0.0000078297   0.0005570923
       -0.0006861050   0.0001132747  -0.0000836829   0.0000134403  -0.0000417816
        0.0013198709   0.0023259024   0.0015025628   0.0004366315  -0.0015686642
       -0.0003839560   0.0003407111  -0.0006929910  -0.0002099300  -0.0182937267
        0.0030977388  -0.0104875426   0.0014447844  -0.0006357775   0.0014366851
       -0.0015077911   0.0004276887   0.0002524710   0.0006432429   0.0002029554
        0.0002022969  -0.0002429017   0.0002165301   0.0001064781  -0.0007994813
        0.0003340721  -0.0008511860   0.0000332092  -0.0000034266  -0.0000995120
       -0.0667932783  -0.0563062276  -0.0208501939  -0.0500336469   0.0478827101
       -0.0195325304   0.0008012731   0.0095040126   0.0011467588   0.2838733331
        0.0351019388   0.1069261933  -0.0042310395  -0.0008814958  -0.0041246760
       -0.0016357830  -0.0009148149   0.0022089368   0.0006773199   0.0004271652
       -0.0000677265   0.0003916412  -0.0001649242   0.0000801876   0.0000118155
        0.0014532761   0.0001167992   0.0004764485   0.0000372956  -0.0003394376
       -0.0270917658   0.0303349462  -0.0446680915  -0.0943413819  -0.0492953266
        0.0042182702  -0.0041596156  -0.0174716013  -0.0001764808  -0.0126848890
        0.0013242222  -0.0091176846   0.0014273186   0.0015788586   0.0006589197
       -0.0004044091  -0.0003126726  -0.0014613454  -0.0010042497  -0.0003771795
        0.0000078422  -0.0011065051  -0.0002016534   0.0006839732   0.0000677393
        0.0000444058   0.0003695854   0.0008336510   0.0001191656  -0.0000759823
       -0.0001160965   0.0000441092   0.0000766763   0.0002290432   0.0000690112
        0.0003556536   0.0000900638  -0.0000243260   0.0000935897  -0.0000103971
        0.0000912076   0.0000200435  -0.0000437016  -0.0000845992  -0.0000438330
       -0.0000592833  -0.0001870868  -0.0001125156   0.0009241482   0.0000601783
       -0.0001749429   0.0000419840  -0.0001116942  -0.0000921768  -0.0078775739
       -0.0017779387  -0.0038304636   0.0000736491   0.0000792554   0.0000503134
       -0.0005192752  -0.0001180296  -0.0029471906   0.0015505904  -0.0033731596
       -0.0013414073  -0.0003263893  -0.0002677909   0.0000440420   0.0000756810
        0.0001644154  -0.0001139256  -0.0001646039   0.0000147308  -0.0000159063
       -0.0000509245   0.0001779639  -0.0000106147  -0.0000075600   0.0001489259
        0.0000733492  -0.0002173514  -0.0000742684  -0.0000614858   0.0007087814
       -0.0004264370   0.0000824041   0.0004136874  -0.0001893090   0.0000026471
        0.0000483571  -0.0000117285   0.0001109173   0.0001197905  -0.0000227251
       -0.0001481658   0.0000372726  -0.0000240676  -0.0000079339  -0.0000786524
       -0.0000007030  -0.0000320114   0.0000954990  -0.0000220559   0.0000034576
       -0.0002132729   0.0000654303  -0.0000308558   0.0003549963  -0.0003001150
       -0.0001476204  -0.0000041120   0.0001933439  -0.0000562629   0.0023584260
        0.0008092587  -0.0003175797  -0.0008241454   0.0001783158   0.0000443708
        0.0003937363  -0.0000266427  -0.0002804194  -0.0001970837   0.0001049912
       -0.0000528393   0.0000801377   0.0000468765  -0.0001502751   0.0008210971
       -0.0000861378   0.0005650691   0.0000840680  -0.0001820922   0.0002043887
       -0.0136489608  -0.0294327164  -0.0086740802   0.0248214891  -0.0208014150
        0.0135711704   0.0016555404  -0.0127709910   0.0000785613   0.0351019388
        0.1273476348  -0.0049140282   0.0007267155  -0.0036328933   0.0021501941
        0.0001011670   0.0000675606  -0.0021099985  -0.0001653840  -0.0010802786
       -0.0001808137  -0.0002955898   0.0003201223  -0.0004090993  -0.0000051743
        0.0010117269   0.0008267925  -0.0000826158  -0.0001676076  -0.0000844814
        0.0033979725  -0.0203775283   0.0055888356  -0.0416690332  -0.0275489646
       -0.0060240410  -0.0069363915  -0.0104409321  -0.0033804577  -0.0012842566
        0.0011107705  -0.0003488299   0.0004757206   0.0012399536   0.0006916872
        0.0007483499  -0.0000523800  -0.0001572898  -0.0002537805   0.0000163942
       -0.0002175623   0.0000918209  -0.0002235940   0.0002219240  -0.0000685556
       -0.0002429476   0.0000231289   0.0002409427  -0.0000564184   0.0000866668
       -0.0000101446  -0.0000246554   0.0000365107  -0.0000683476  -0.0000852271
       -0.0000733445  -0.0000442188   0.0000315764  -0.0000689617  -0.0000268724
       -0.0000599810   0.0000236369  -0.0000147966   0.0000656071   0.0000022005
       -0.0000108576   0.0000469033   0.0000580941  -0.0002815981  -0.0001349998
       -0.0000256024  -0.0000071803   0.0000961186   0.0000052105  -0.0137434915
       -0.0037761526  -0.0068857562  -0.0000682143  -0.0000463031  -0.0000609979
        0.0083960788  -0.0005353163   0.0098774711  -0.0011390856  -0.0002511841
        0.0008441008  -0.0000276262  -0.0001872938  -0.0000095776   0.0001193515
        0.0001660825  -0.0002320433   0.0000523409   0.0000505051  -0.0000197595
        0.0004532016  -0.0010074912  -0.0001973937   0.0010574146  -0.0001544818
       -0.0003870325   0.0004217441  -0.0004041209   0.0000787590  -0.0036171336
        0.0006528594   0.0002226795  -0.0003618514   0.0005291281   0.0001098876
       -0.0001703585   0.0002778083   0.0000564235  -0.0001468048   0.0000557381
        0.0001903743  -0.0000203027   0.0000564798   0.0000444981   0.0002926774
       -0.0003732021  -0.0003058257  -0.0001304329   0.0000100904  -0.0000102656
       -0.0001082985   0.0009476698   0.0012335723  -0.0002390444   0.0009526434
        0.0000938151   0.0002344425  -0.0010981183  -0.0006389303   0.0001925949
        0.0011178175  -0.0002860536   0.0003265210   0.0000773987   0.0014791005
       -0.0006458666   0.0004667911   0.0002698898   0.0005555238  -0.0000506731
        0.0002122057   0.0000482861   0.0000480432  -0.0000037328  -0.0003159749
        0.0003360163  -0.0002944315  -0.0000726292   0.0000122777  -0.0000991789
       -0.0182631433  -0.0261648185  -0.0240720647  -0.0226464075   0.0204438479
       -0.0204220720   0.0005019075   0.0044404718   0.0016126479   0.1069261933
       -0.0049140282   0.1142113995  -0.0006222128  -0.0005183395  -0.0011820823
       -0.0004666876  -0.0008788699   0.0009338492   0.0002739417   0.0002491714
       -0.0002987908  -0.0000293943   0.0000169468  -0.0000588420   0.0002185746
        0.0005947347   0.0004188352   0.0001887312  -0.0001236180  -0.0000158681
       -0.0111239140   0.0247674980  -0.0480598933  -0.0246024239  -0.0218726443
       -0.0141351491   0.0037104281   0.0016343487   0.0028390169  -0.0124417362
       -0.0014944729  -0.0049324439  -0.0000750008  -0.0000951997   0.0003003764
       -0.0010714224  -0.0004746285  -0.0002638038  -0.0000568801  -0.0005871890
        0.0002515934  -0.0006332301   0.0002562519  -0.0001004615   0.0002394375
        0.0005336789   0.0001184119   0.0001750115   0.0002224342  -0.0003068349
       -0.0001175543   0.0000862982   0.0001569379   0.0001260134   0.0001148354
        0.0002909439   0.0000126374  -0.0000735027   0.0000388512  -0.0000262931
        0.0000656734   0.0000018191  -0.0000500287  -0.0000610096  -0.0000579225
       -0.0000217454  -0.0000923111  -0.0000609485   0.0005944324  -0.0000556901
       -0.0000094454   0.0000351695  -0.0000334560  -0.0000497646  -0.0070390804
       -0.0018893362   0.0001428288   0.0000266421   0.0000824111   0.0000306817
       -0.0101149304   0.0024335576  -0.0089481276  -0.0011455546   0.0010604196
       -0.0003181886  -0.0001444092  -0.0001318036   0.0000034927  -0.0000403489
        0.0000051309   0.0001677048  -0.0000504303   0.0000005329   0.0000049525
       -0.0003040617   0.0004635895  -0.0001690479  -0.0002608261  -0.0004292368
       -0.0002614317   0.0002450379   0.0004787659   0.0003469644   0.0009772179
        0.0000748247   0.0000052417  -0.0012683859  -0.0006694297   0.0000244321
       -0.0000917454   0.0006431694  -0.0004848522   0.0001066710  -0.0004592524
       -0.0001514835   0.0000325627  -0.0000394427  -0.0000074266  -0.0000478448
        0.0000430373   0.0010819830  -0.0004676064   0.0002069854   0.0003829373
       -0.0006072999  -0.0000102007  -0.0003644466   0.0004222734  -0.0013211385
        0.0006130159   0.0022302530   0.0024700980  -0.0004481890   0.0016036388
        0.0007162470  -0.0006900591  -0.0251376904  -0.0001544578   0.0018129923
        0.0001458060  -0.0007587398  -0.0015797207  -0.0007337633   0.0006870308
       -0.0007555142   0.0005774491  -0.0010531758  -0.0007188274   0.0061450752
        0.0033325987  -0.0020966004  -0.0008004962   0.0001693547  -0.0002936604
       -0.0003007627   0.0030559364  -0.0014387260  -0.0093229155  -0.0208596180
        0.0024804326  -0.0959688077  -0.0530737583  -0.0265575060  -0.0042310395
        0.0007267155  -0.0006222128   0.3576704639   0.0011552187   0.0018794158
       -0.0839847304   0.0525905793   0.0330365058  -0.0045706006   0.0074951094
        0.0035905998  -0.0017200107  -0.0009868435   0.0017541382  -0.0014737992
        0.0021569329   0.0029457392   0.0010198727   0.0012739721   0.0007317201
        0.0001654494   0.0009719060  -0.0015284310   0.0001979457   0.0135892087
       -0.0045290598  -0.0497614451   0.0493291870   0.0056747192   0.0005799520
        0.0014005175   0.0015331090  -0.0160799203  -0.0004383541   0.0014283049
       -0.0692172772  -0.0501828760  -0.0189172618  -0.0072082877  -0.0088928137
       -0.0021373755  -0.0018872569  -0.0012762144  -0.0019344359   0.0030577656
       -0.0044082145   0.0025331994  -0.0006273835   0.0010696831   0.0006903303
        0.0000568747  -0.0001546607  -0.0001465524  -0.0000195548   0.0000249799
        0.0000560476  -0.0000593298   0.0000206029   0.0000584790   0.0001106304
        0.0000970379   0.0002009015   0.0000319427   0.0000055455  -0.0000760952
        0.0000403349   0.0001081701   0.0001504682  -0.0000633214   0.0000460766
        0.0001183064   0.0001149823   0.0000863711  -0.0000606115   0.0003585437
       -0.0002067402   0.0009085407  -0.0001582534  -0.0001811836  -0.0002156172
        0.0000030364  -0.0001173511  -0.0006754972  -0.0002321214  -0.0001399456
       -0.0001158554   0.0007375508  -0.0006509014   0.0035923893   0.0002171163
        0.0013628398  -0.0014295501  -0.0002419090   0.0006122576   0.0007751339
        0.0000075801   0.0001208991  -0.0000257871  -0.0001193142  -0.0002070341
       -0.0001553268  -0.0001290123  -0.0001739170   0.0000179594   0.0003562509
       -0.0000720860   0.0000110041   0.0000044966   0.0003970331   0.0004322432
       -0.0001492580   0.0004296816   0.0002722875   0.0000319220  -0.0001685713
       -0.0000868839  -0.0000727646   0.0000210999  -0.0001577158   0.0000570350
       -0.0000412075   0.0001239626   0.0002761613  -0.0002313825  -0.0001217095
       -0.0002803213   0.0002181926   0.0002994757  -0.0000006423  -0.0002257492
       -0.0004555302  -0.0001818462   0.0005674574   0.0001065212  -0.0001496971
       -0.0003920696   0.0000716005  -0.0017075331   0.0012808897  -0.0000648059
       -0.0002518164  -0.0010309998  -0.0003413690  -0.0009351025  -0.0000785712
        0.0002350150  -0.0001324041  -0.0001943848  -0.0003937213  -0.0006109151
       -0.0024426098  -0.0011526270   0.0006003508  -0.0001287651   0.0006287946
        0.0000029487  -0.0003890727   0.0015705198  -0.0076232403  -0.0091672614
       -0.0007750906  -0.0404350949  -0.0361446416  -0.0090435989  -0.0008814958
       -0.0036328933  -0.0005183395   0.0011552187   0.1456268808   0.0291633403
        0.0536834056  -0.0171018143  -0.0158565695   0.0063646442  -0.0063783099
       -0.0014892757   0.0013519071  -0.0006867836  -0.0021805629  -0.0013541194
       -0.0074836574   0.0045572161  -0.0004594198  -0.0017445622  -0.0006420990
        0.0003418116  -0.0009255957  -0.0000945579   0.0039873794  -0.0141894812
        0.0027262085   0.0251516272  -0.0279311872   0.0007573450  -0.0000061714
        0.0000827446  -0.0025589496   0.0006193692   0.0045745483   0.0020762296
       -0.0322810248  -0.0058038035  -0.0050136435  -0.0071239316  -0.0152029237
       -0.0008726143  -0.0003520501  -0.0014023121  -0.0003302954   0.0013889084
       -0.0010297996  -0.0000473788   0.0005356204   0.0009835019  -0.0005863082
        0.0000344605   0.0000578197   0.0000153589  -0.0000570804  -0.0000334806
       -0.0000541907  -0.0000053073   0.0000487790  -0.0000297011  -0.0000030656
        0.0000505483   0.0000427504  -0.0000456885  -0.0000018946   0.0000660766
       -0.0000831972  -0.0000270132  -0.0000230526   0.0000827470   0.0000049427
       -0.0001307364   0.0000063195   0.0000141920   0.0000252665   0.0001344441
        0.0000853258  -0.0010558723   0.0002483964   0.0002713399   0.0002543688
       -0.0008715243   0.0002587643   0.0009573894   0.0000529166  -0.0000870645
        0.0002369280  -0.0004174981  -0.0003191541  -0.0000915187   0.0003738490
       -0.0001773713  -0.0010055787  -0.0001292336   0.0001527848   0.0007075489
       -0.0000300235   0.0001509280   0.0000840494   0.0001363642  -0.0001600747
        0.0003785442   0.0001465354   0.0003133348  -0.0001034085  -0.0000153580
       -0.0000650003  -0.0002012310  -0.0000346464  -0.0002233941  -0.0004410525
       -0.0001543292  -0.0001840131  -0.0002420432  -0.0001001124   0.0001005783
        0.0000036768   0.0000204463  -0.0001027852   0.0000563040   0.0005719057
       -0.0002188555   0.0001804374  -0.0000413409   0.0001071500  -0.0001665826
       -0.0000812606  -0.0003675663   0.0001673415   0.0005177553   0.0003429131
       -0.0001406633  -0.0000468823  -0.0010979309   0.0002590811  -0.0013313807
       -0.0002964593   0.0004091572   0.0007404604   0.0025450529   0.0017126014
       -0.0014724596  -0.0001763406  -0.0000028926   0.0003920867  -0.0004699076
        0.0008833224  -0.0002274535   0.0001449676   0.0003565499   0.0001494237
       -0.0013139686  -0.0003085118   0.0002536680  -0.0001923334   0.0000449964
        0.0012668555  -0.0003042998   0.0009016366  -0.0020664950  -0.0055647478
        0.0028951277  -0.0109172282  -0.0050691943  -0.0189556944  -0.0041246760
        0.0021501941  -0.0011820823   0.0018794158   0.0291633403   0.0574764180
        0.0183331372  -0.0084741336  -0.0125669193   0.0021127469  -0.0081795686
       -0.0010861488   0.0014626337   0.0005533483  -0.0001257778  -0.0009677047
       -0.0022865414  -0.0130109249   0.0001271014  -0.0003993469   0.0008577395
       -0.0004250785  -0.0008569046   0.0000172452  -0.0001209693   0.0014892337
        0.0019477220   0.0023854960   0.0050827578  -0.0116480393  -0.0006466774
        0.0023158258  -0.0002813464   0.0047203458  -0.0045954344  -0.0002628736
       -0.0147449371  -0.0086126167  -0.0117145779  -0.0014413475  -0.0004371038
        0.0009430617   0.0031863425   0.0027772805   0.0025354791   0.0002595421
        0.0035393335  -0.0007416942  -0.0016153737  -0.0004811117   0.0010178833
       -0.0000183634  -0.0000285956  -0.0000538886   0.0000380118   0.0000625242
        0.0000410264   0.0000213970  -0.0000323096   0.0000253343  -0.0000412632
        0.0000319177  -0.0000773236  -0.0000177708  -0.0000355311   0.0000267157
        0.0000778491   0.0000376435  -0.0000512319   0.0000760670   0.0000560971
       -0.0000411548   0.0000934573  -0.0001160351  -0.0000649211  -0.0002356609
       -0.0000066516  -0.0004348872  -0.0000531686  -0.0001312070   0.0000093706
        0.0000615531  -0.0004362742  -0.0001295443  -0.0000858872  -0.0002006410
        0.0000049372   0.0015096489   0.0006507789   0.0005727302   0.0001003479
       -0.0002150502   0.0002383504   0.0004172542  -0.0002832712  -0.0000114235
        0.0007149291  -0.0006616882  -0.0001572671   0.0004691132  -0.0000737037
       -0.0006670242  -0.0001429652  -0.0001104788   0.0005097901  -0.0020821035
       -0.0004311417   0.0003403541   0.0005507030   0.0000278556  -0.0003575252
       -0.0009627170   0.0008563279  -0.0007675157  -0.0000681330   0.0002818241
        0.0001022954  -0.0000575560  -0.0006734163  -0.0003433174   0.0027685662
       -0.0024859830   0.0030681020   0.0012324373  -0.0001553654  -0.0006434966
       -0.0002257824   0.0002464029   0.0004053627  -0.0005814519   0.0016400745
       -0.0003924039  -0.0006288561  -0.0035663711   0.0034219676   0.0002107863
       -0.0011621165   0.0000763768  -0.0707154281  -0.0264349695  -0.0318872917
       -0.0235226986  -0.0029860689   0.0035537584   0.0018552268  -0.0002587892
        0.0031174991  -0.0018388347   0.0022353555   0.0008678860  -0.0196390871
       -0.0010519306   0.0122506572   0.0001088376   0.0002931752   0.0001376281
       -0.0002488604  -0.0007678951   0.0008252058   0.0000540741   0.0031539823
       -0.0018074930   0.0218297719  -0.0060997570   0.0007547774  -0.0016357830
        0.0001011670  -0.0004666876  -0.0839847304   0.0536834056   0.0183331372
        0.2400311569   0.0262626768  -0.0185987499   0.0196175935   0.0150706719
       -0.0084376026  -0.0030815151   0.0037805919  -0.0011955930  -0.0568802102
       -0.0594922814   0.0112053016   0.0000390657  -0.0026674281   0.0019312504
       -0.0002653788  -0.0000237723  -0.0000339306   0.0001599063  -0.0006595809
        0.0001698816  -0.0012474771  -0.0032543932   0.0045333409   0.0002074099
        0.0004842273  -0.0010372136  -0.0009334924   0.0002298663  -0.0000016767
       -0.0221246574  -0.0004598785   0.0034709233   0.0017268618   0.0022486822
       -0.0008463504  -0.0007924767  -0.0017245451   0.0011047839   0.0001877281
        0.0030485579  -0.0015011477   0.0006333983   0.0004446153  -0.0010024046
       -0.0000759502   0.0002222534   0.0001476684   0.0002113908   0.0003914096
       -0.0000205482   0.0000016928  -0.0000032033   0.0001215257  -0.0000374515
        0.0000501848  -0.0001966564   0.0000757105  -0.0000090893   0.0002262275
       -0.0000891862   0.0000935001  -0.0002154496   0.0003252995   0.0000965541
        0.0000213670   0.0000005068  -0.0000730085   0.0001064306  -0.0002667830
        0.0001282942  -0.0004465192  -0.0003413923   0.0011568764  -0.0002876673
        0.0000645001  -0.0002397628   0.0000628763   0.0000582312  -0.0000628854
        0.0001322180  -0.0007509320  -0.0000905381  -0.0004187801  -0.0000222537
       -0.0005791317   0.0006071348   0.0001092462   0.0000306409   0.0001245842
        0.0005391683  -0.0011369630  -0.0000485104   0.0003128732  -0.0000063432
       -0.0013449544  -0.0001834960  -0.0005363701   0.0003334672  -0.0012733282
       -0.0004459489   0.0006661186   0.0002344680   0.0003142019  -0.0001243255
        0.0008314402   0.0008292453   0.0002960644  -0.0000008353   0.0000241959
       -0.0000812614  -0.0001637368  -0.0000769882   0.0001468111  -0.0003115566
        0.0000151506  -0.0009965503  -0.0005186418   0.0001535105  -0.0000240436
       -0.0007774450   0.0004857784  -0.0001783046  -0.0018272904  -0.0008502380
        0.0005565602   0.0031497705  -0.0001805551  -0.0006176279   0.0042775645
        0.0008131779  -0.0008612615  -0.0450317811  -0.0063734819  -0.0050235492
       -0.0030227106   0.0024340806   0.0010672919  -0.0006272218  -0.0005298149
       -0.0003630291   0.0013139873   0.0000631760   0.0004523887   0.0141306385
       -0.0005435142   0.0018636734   0.0002807853  -0.0004427504  -0.0010021640
       -0.0007622282   0.0025943608  -0.0011086655  -0.0005377552  -0.0109037321
       -0.0037199092  -0.0008865536  -0.0867959152  -0.0335527375  -0.0009148149
        0.0000675606  -0.0008788699   0.0525905793  -0.0171018143  -0.0084741336
        0.0262626768   0.2233479273   0.0724860182   0.0084952999  -0.0533766417
       -0.0322136515  -0.0025062912  -0.0057329799  -0.0044615544  -0.0515079874
       -0.0417773383   0.0165418718   0.0034528332   0.0008781482   0.0024998770
        0.0003858059  -0.0000515106  -0.0000997721  -0.0003643800   0.0002666016
        0.0000709114  -0.0000507809  -0.0019923763  -0.0033968514   0.0002068205
        0.0003119591   0.0005115989  -0.0008120606   0.0011054783  -0.0004114068
        0.0014705888   0.0032443936  -0.0012548128  -0.0025093059   0.0010171288
        0.0013925289  -0.0075390722  -0.0067510893  -0.0017822483   0.0021328663
       -0.0043263417   0.0008784662   0.0017356347   0.0005616104  -0.0001575624
       -0.0000349171   0.0000681889   0.0000734939   0.0000989032   0.0003623725
        0.0001268300  -0.0000286529   0.0000574761   0.0000168415   0.0000630982
       -0.0000215956   0.0000916767   0.0000892444   0.0000779471  -0.0000194714
        0.0000686531   0.0001681638  -0.0000332693   0.0000921312   0.0000387031
        0.0000878248   0.0002649726   0.0003972094   0.0005778256  -0.0000324119
       -0.0000432615   0.0013558062  -0.0001785001  -0.0010488670  -0.0004143406
       -0.0000494024   0.0001981878   0.0000855698  -0.0001452215  -0.0000006301
       -0.0001445519   0.0005746690   0.0000272425   0.0008445740   0.0000457028
        0.0004220604  -0.0005147083  -0.0005027960   0.0007018242   0.0002800085
       -0.0001409070   0.0005671398  -0.0000370151  -0.0003767069  -0.0013045072
        0.0002719485   0.0002442266   0.0008331460   0.0003266727   0.0000078955
        0.0002391550  -0.0001845574  -0.0006247360   0.0001081036   0.0001804207
       -0.0002676021   0.0001562418  -0.0008428675   0.0000698761  -0.0003820551
       -0.0001507891  -0.0001808448   0.0002893049   0.0002482894   0.0016913400
       -0.0001783002   0.0004884621  -0.0005413520  -0.0000902236  -0.0000361006
       -0.0000997793  -0.0000768383  -0.0001214395  -0.0007284332  -0.0007605431
        0.0003925363  -0.0021563319   0.0002203411  -0.0001831584   0.0003420258
       -0.0004537077  -0.0007270794  -0.0221864135   0.0006808459  -0.0011892517
        0.0075628815  -0.0008036006   0.0006478917  -0.0050465645   0.0013806689
       -0.0013541600   0.0023176273  -0.0022119164  -0.0003140734   0.0157958223
        0.0103581295  -0.0038312958   0.0003874176   0.0004188920   0.0001847986
       -0.0006161026   0.0012456456   0.0003746881  -0.0007750001   0.0033764868
       -0.0022777244   0.0023338259  -0.0448899249  -0.0189437812   0.0022089368
       -0.0021099985   0.0009338492   0.0330365058  -0.0158565695  -0.0125669193
       -0.0185987499   0.0724860182   0.0517168022  -0.0055143208  -0.0327914210
       -0.0147803352  -0.0024648699   0.0013397293  -0.0031113323  -0.0057617973
        0.0045731029   0.0069678948  -0.0010915465  -0.0016032817  -0.0007542615
       -0.0003938915  -0.0002919588   0.0001417449  -0.0004013761  -0.0010486551
       -0.0007849629  -0.0026465672   0.0001019969  -0.0017558285   0.0002400540
       -0.0000841978   0.0006955565  -0.0011515741   0.0001371922   0.0010616744
        0.0022968864   0.0019880980   0.0022396649   0.0001020459  -0.0015161206
       -0.0017846337   0.0022608791   0.0023907045  -0.0001679654  -0.0000080333
        0.0007335480   0.0004081143   0.0006519429   0.0003660894  -0.0001214251
        0.0001171061  -0.0002273702  -0.0001574409   0.0000628788  -0.0001033837
        0.0000225951  -0.0000824384  -0.0000972652  -0.0001840077  -0.0000772871
       -0.0000423021   0.0001349282   0.0000624201   0.0000871870  -0.0002122079
        0.0002408931  -0.0000245424  -0.0000744501   0.0001263756  -0.0000617030
        0.0001197175   0.0000189217   0.0004923140   0.0001954616   0.0002349543
        0.0004279323   0.0002629035  -0.0002948712   0.0015768334  -0.0007527680
       -0.0000511535   0.0002224036   0.0000311494  -0.0001683344  -0.0000020064
       -0.0002665944  -0.0003150336   0.0000196479   0.0000248230   0.0000753253
        0.0001517902  -0.0003396395   0.0002735541   0.0000437046  -0.0000645218
        0.0002108049  -0.0002338984   0.0002028641   0.0003368597   0.0000096690
       -0.0006432877  -0.0000990813   0.0002830579   0.0002998503   0.0002359968
        0.0002398685   0.0002590532  -0.0011362623  -0.0012775342  -0.0003045084
       -0.0006862395   0.0007593645  -0.0002338296   0.0001601922  -0.0001533576
       -0.0001743552   0.0002311786  -0.0001765208   0.0001021563  -0.0000061870
        0.0005896096   0.0003617916  -0.0008816302   0.0004505446   0.0004641393
       -0.0000880514   0.0003561706  -0.0001546738   0.0002366182   0.0010243990
       -0.0003950277   0.0000799229  -0.0000563090   0.0008917656   0.0014690003
       -0.0005735735   0.0000831403  -0.0002236308  -0.0063952995   0.0004268580
       -0.0021917140   0.0011139925  -0.0030577927  -0.0184982397  -0.0015385722
       -0.0035052555  -0.0016396517  -0.0012071876  -0.0009224782  -0.0803575390
       -0.0420220918   0.0105263969  -0.0044609578   0.0049570570  -0.0015862139
       -0.0004462382   0.0004863005  -0.0002511879  -0.0012129523  -0.0001887319
        0.0000543556  -0.0006472268   0.0014204631   0.0005879697   0.0006773199
       -0.0001653840   0.0002739417  -0.0045706006   0.0063646442   0.0021127469
        0.0196175935   0.0084952999  -0.0055143208   0.2025016512  -0.0180190633
       -0.0230932587  -0.0249986367   0.0479952666  -0.0165401495  -0.0677115278
        0.0020833917   0.0242672479  -0.0041989318  -0.0008450201  -0.0021933371
        0.0000057996   0.0000453600   0.0000819871  -0.0001411177   0.0002491391
       -0.0000677652   0.0011891548   0.0004362387  -0.0008431980   0.0000699082
       -0.0002885565   0.0001991576  -0.0004336710   0.0004058962  -0.0000829218
        0.0032215525  -0.0005770145  -0.0002242547  -0.0098047704  -0.0007680393
        0.0123316422  -0.0081645868  -0.0050512744   0.0086057043   0.0019006209
       -0.0029361453   0.0004909470   0.0001852209   0.0011185189  -0.0003069847
       -0.0001301175   0.0001110712   0.0000292905  -0.0000086824   0.0001447774
       -0.0001876233  -0.0000527461   0.0000893619   0.0000800745   0.0001649685
        0.0000789644   0.0000127542   0.0000840042  -0.0000191777  -0.0000114605
        0.0000147890   0.0002647444  -0.0001676770  -0.0000180475  -0.0000160589
       -0.0000056430  -0.0004086096   0.0006536967   0.0003060995   0.0000881852
        0.0000482234   0.0000730284   0.0003709254   0.0023718574  -0.0019451446
        0.0000293687  -0.0000420952  -0.0000156578   0.0000227697   0.0000535016
        0.0000339695   0.0003769512  -0.0000192195   0.0006216085   0.0000885793
        0.0004134515  -0.0004854875  -0.0003522886  -0.0005437770  -0.0008670461
        0.0001000722   0.0004593838   0.0001982027   0.0002875326  -0.0008164788
        0.0002871001   0.0005820207   0.0014909562   0.0004060905  -0.0000178662
        0.0006824971   0.0001031927  -0.0028892312  -0.0017148708  -0.0008885965
       -0.0008756187  -0.0002821182  -0.0008605970   0.0002522904   0.0001053013
       -0.0002479707  -0.0002241800  -0.0004457933  -0.0000684315   0.0021800354
        0.0026852568   0.0017709476   0.0004236545   0.0004935909  -0.0007972121
        0.0007017282   0.0002124474  -0.0001829777   0.0007745936   0.0014153526
       -0.0003315030   0.0004886093   0.0017618465  -0.0020780703   0.0004577038
       -0.0013091485   0.0004201247  -0.0085769008  -0.0141080125  -0.0025917095
        0.0008135064  -0.0035652152  -0.0024842586  -0.0031736924  -0.0018633207
       -0.0012979621   0.0040810309  -0.0001797388  -0.0010316945  -0.0572611610
       -0.0391549334   0.0160283161   0.0066774633  -0.0079962565   0.0086841731
       -0.0004296340   0.0000456037   0.0006162658  -0.0005376345   0.0033822911
        0.0007905358  -0.0025479655   0.0044043588   0.0007597192   0.0004271652
       -0.0010802786   0.0002491714   0.0074951094  -0.0063783099  -0.0081795686
        0.0150706719  -0.0533766417  -0.0327914210  -0.0180190633   0.2415887964
        0.0018216688   0.0429503608  -0.1209419968   0.0134954072   0.0186324762
       -0.0077077904  -0.0109456723  -0.0049747030   0.0073831397   0.0126725953
       -0.0001055361   0.0000662227   0.0005521061   0.0005468712  -0.0006103268
       -0.0000009718  -0.0015176680  -0.0002598575   0.0002101002  -0.0002626155
       -0.0001568584  -0.0001927938  -0.0003904412   0.0004920834   0.0004349490
       -0.0010102647  -0.0020183223  -0.0004654919  -0.0027901099  -0.0002449781
        0.0010924796   0.0011823691  -0.0020841881   0.0059915524  -0.0000702718
       -0.0002113963   0.0002128351  -0.0021826829   0.0008828311  -0.0005448072
       -0.0001490283  -0.0000523468  -0.0000581360   0.0000203369   0.0000036178
       -0.0001342086  -0.0000748631  -0.0000854977   0.0000733886   0.0000893800
       -0.0000128706  -0.0000703580   0.0000085667   0.0000060126   0.0000472486
        0.0002990911   0.0001174707  -0.0001204505  -0.0000389412   0.0000460844
        0.0000778636   0.0016570220  -0.0006005968   0.0004502355   0.0003238565
        0.0004022290  -0.0006509694   0.0017818778  -0.0003677297  -0.0000518422
       -0.0001371591  -0.0000591835   0.0000579450   0.0000416239   0.0000064944
        0.0000147667  -0.0001988283  -0.0000003636  -0.0002220663  -0.0001262520
        0.0000110977   0.0000329117   0.0002352933  -0.0004595457  -0.0002621520
       -0.0001720937   0.0000334226   0.0000308791  -0.0000597700   0.0002152208
        0.0001426709   0.0002390100  -0.0003298099  -0.0000813891  -0.0000635674
        0.0000491282  -0.0001323173   0.0008499702   0.0006543027   0.0007198833
        0.0002765090  -0.0000093065   0.0003609937  -0.0000881818  -0.0001599072
        0.0000950161   0.0000323731   0.0000943972  -0.0000604553  -0.0012818754
       -0.0003244314  -0.0001120698   0.0003131433  -0.0001241893  -0.0004381005
        0.0001578134  -0.0000607953   0.0000563051   0.0001943450  -0.0006840027
        0.0001395839   0.0010862183  -0.0006466989  -0.0011815367  -0.0007282998
        0.0000387442   0.0000950962  -0.0076788136  -0.0061225839  -0.0064704807
        0.0048825418   0.0031024287   0.0031208036   0.0029415871  -0.0022796723
        0.0030472223   0.0002188123   0.0008071854  -0.0003355191  -0.0118760788
       -0.0058269488  -0.0180834123   0.0049551191  -0.0017893818   0.0006504541
        0.0000217389  -0.0007158330   0.0002634447   0.0005003187   0.0017331492
        0.0005090427   0.0006604730   0.0009716648  -0.0007420143  -0.0000677265
       -0.0001808137  -0.0002987908   0.0035905998  -0.0014892757  -0.0010861488
       -0.0084376026  -0.0322136515  -0.0147803352  -0.0230932587   0.0018216688
        0.1165692174  -0.0207294877   0.0418645579  -0.0223617141   0.0531927321
       -0.0054625920  -0.0413873409  -0.0041218089   0.0026994350  -0.0110073378
       -0.0001433660   0.0000976247  -0.0000522672   0.0002602705  -0.0009128233
        0.0001925934  -0.0004131312  -0.0000253538   0.0011758695  -0.0000905401
        0.0003885545  -0.0002656066   0.0003502875  -0.0008526079  -0.0004284098
       -0.0017803186  -0.0000820879   0.0008306307   0.0019668478  -0.0003709956
        0.0006484583   0.0056897076   0.0048688244  -0.0068749931  -0.0011429989
        0.0009839446   0.0000388656   0.0001178617   0.0005243924  -0.0013876338
        0.0000744346  -0.0000333450   0.0000199524  -0.0000172867  -0.0001042064
        0.0001469899   0.0001098241  -0.0000426876  -0.0000671488  -0.0000880060
        0.0000438719  -0.0000067010  -0.0000434244  -0.0000184687   0.0000393389
       -0.0000491909  -0.0000834258  -0.0000337327  -0.0000462547   0.0000133041
       -0.0000311112  -0.0000748009   0.0004745172   0.0010494274   0.0000982458
        0.0000562018  -0.0002001134  -0.0004374286  -0.0004162620  -0.0023787233
        0.0000070395  -0.0000241528   0.0000612579   0.0000092527  -0.0000212621
        0.0000098242  -0.0002724903  -0.0000064098  -0.0005121732  -0.0002517308
       -0.0001018516   0.0003220373   0.0004524562  -0.0000207069   0.0004617182
        0.0001160336   0.0000573641   0.0001244915   0.0000947806  -0.0000023552
       -0.0002626046   0.0000984903   0.0002270684   0.0002087276   0.0002068683
        0.0001778365   0.0001405352  -0.0007044928  -0.0006672614   0.0000215550
       -0.0004062387  -0.0001816315  -0.0000734281   0.0001244308   0.0003431711
       -0.0007599019  -0.0010053832  -0.0014974290   0.0000893889   0.0004936865
        0.0019350869   0.0001018502   0.0022795316   0.0022876686  -0.0032614575
       -0.0001249752   0.0003080464  -0.0001065154   0.0002760712   0.0004963389
        0.0000269858   0.0001791714   0.0003137379  -0.0011134025   0.0006306010
       -0.0002120602   0.0000722085  -0.0011234169  -0.0023210060  -0.0002358594
        0.0008358311   0.0004097135   0.0012579822  -0.0036605053  -0.0058745291
        0.0008512214  -0.0063338725  -0.0072813257   0.0015380254   0.0007504446
       -0.0034615576   0.0008023730  -0.1169370267   0.0969322945  -0.0141006980
       -0.0001822345   0.0006606273  -0.0001372676  -0.0007809432  -0.0002380054
        0.0001105807   0.0003297812   0.0005895544   0.0003100382   0.0003916412
       -0.0002955898  -0.0000293943  -0.0017200107   0.0013519071   0.0014626337
       -0.0030815151  -0.0025062912  -0.0024648699  -0.0249986367   0.0429503608
       -0.0207294877   0.1947435455  -0.1496274885  -0.0066149153  -0.0088230931
        0.0123471054   0.0111001263  -0.0231172825   0.0093790573   0.0298694703
        0.0001470883   0.0001686162   0.0000583059   0.0005134974   0.0003266052
       -0.0001860504  -0.0009309644   0.0001800166   0.0001260226  -0.0001692540
       -0.0002491496   0.0001546267   0.0003222149   0.0017595073   0.0003679348
        0.0023983187  -0.0008277397   0.0000497063  -0.0015701841   0.0008327640
       -0.0023294992  -0.0055881605   0.0043226495   0.0022034628   0.0003598081
       -0.0021661721  -0.0001728687  -0.0007067930  -0.0000279395  -0.0005036471
       -0.0000792514   0.0000546561   0.0000594777  -0.0000626207  -0.0000037729
       -0.0000824866   0.0000000718   0.0000438676   0.0000301383   0.0001937766
        0.0001820395   0.0000201168   0.0001435923   0.0000526492   0.0003090024
        0.0006391146   0.0004631715  -0.0000355061  -0.0000294745   0.0000226136
       -0.0000690134  -0.0057029323   0.0025340021   0.0033634050   0.0001571299
        0.0000984264   0.0001649946   0.0018436771  -0.0039310390  -0.0019053723
       -0.0001240684  -0.0000023952  -0.0000982803   0.0000253168   0.0000151255
       -0.0000066077  -0.0000261659  -0.0002035531   0.0000114892  -0.0001694853
       -0.0001027225   0.0000720327  -0.0001355339  -0.0001426351   0.0002002245
       -0.0001706141   0.0000812120  -0.0000610853   0.0001889434  -0.0002423052
        0.0003295769   0.0000233363   0.0002650527   0.0000436614   0.0002882580
       -0.0001404354   0.0000138304   0.0002707735   0.0000323436   0.0003012516
        0.0001775648  -0.0000704670  -0.0004542920  -0.0001566378   0.0002041835
       -0.0000287452   0.0004514755  -0.0001978045   0.0000455663  -0.0005520596
       -0.0010456286  -0.0002636430  -0.0007361027  -0.0010875057   0.0021970232
       -0.0002063841  -0.0001183464   0.0001563168  -0.0005202951  -0.0005932830
        0.0001433116   0.0003174993  -0.0008293391  -0.0009811248   0.0000917137
        0.0005137364  -0.0001647584   0.0001696787   0.0016415680  -0.0010456372
        0.0016668156   0.0019602590   0.0011426119  -0.0029211795   0.0025423740
       -0.0002822623   0.0051926385   0.0042021106  -0.0018953564  -0.0056148922
       -0.0122683758  -0.0063895510   0.0699135426  -0.0858778714   0.0068875308
        0.0000896294   0.0000577321  -0.0001236067   0.0000135476  -0.0013587630
       -0.0004952503   0.0003578274  -0.0000421103   0.0008682739  -0.0001649242
        0.0003201223   0.0000169468  -0.0009868435  -0.0006867836   0.0005533483
        0.0037805919  -0.0057329799   0.0013397293   0.0479952666  -0.1209419968
        0.0418645579  -0.1496274885   0.2519700118  -0.0035096390   0.0078204231
       -0.0066189824  -0.0064133704   0.0090500993  -0.0216724067  -0.0316330569
        0.0000507709  -0.0001692342  -0.0001340372  -0.0005023192   0.0001884130
        0.0001328684   0.0004712416  -0.0002057006  -0.0006747912   0.0001328722
        0.0000904718  -0.0000274065  -0.0001895190  -0.0001855209  -0.0001817283
       -0.0002414295   0.0009303418   0.0005721127  -0.0000772655   0.0001887358
        0.0005714380  -0.0039493277   0.0000227426   0.0003819092   0.0004966314
       -0.0005197450  -0.0000081882   0.0002721684   0.0002555618   0.0006989692
        0.0000155631  -0.0000161230   0.0000067729  -0.0000430755  -0.0000155153
       -0.0000155537   0.0000295357  -0.0000120736  -0.0000390054   0.0000521419
       -0.0001380624  -0.0000060947   0.0000204235   0.0000484270  -0.0001409244
       -0.0001082217   0.0005958402   0.0005683733   0.0000216008  -0.0000282158
       -0.0000344349   0.0156408488  -0.0062318067   0.0007128890  -0.0000859968
       -0.0001677249   0.0001760649   0.0017390860   0.0011041365  -0.0048667144
        0.0000757734  -0.0000145460   0.0000472801  -0.0000186306  -0.0000196109
        0.0000225804   0.0001052577   0.0000089208   0.0001974910   0.0000200860
        0.0000990935  -0.0000438315  -0.0001304196  -0.0000741264  -0.0000781970
        0.0001960349   0.0000536636   0.0000721141  -0.0001685188  -0.0001353222
       -0.0005874162  -0.0001371193  -0.0000318300   0.0005437931   0.0000187137
        0.0003798265   0.0001560766  -0.0000897588  -0.0002376309  -0.0004805628
       -0.0007889441   0.0004859794  -0.0005232009   0.0005608302  -0.0002251371
        0.0004586450   0.0003048248   0.0000954120  -0.0009822161   0.0012702825
        0.0011085598   0.0012407127   0.0030788041  -0.0010632571   0.0011255237
        0.0000448260   0.0001787369  -0.0001475931   0.0004732058   0.0003456289
       -0.0000489312  -0.0017691494   0.0007656598   0.0004372706   0.0007450584
       -0.0001879436  -0.0000361966   0.0012479658   0.0005487527   0.0035717302
       -0.0005147129  -0.0027452990  -0.0015306651  -0.0030739983  -0.0007277571
       -0.0014221932  -0.0018073043  -0.0006410960  -0.0003865552   0.0067830073
        0.0064219630   0.0057077192  -0.0126066383   0.0107864834  -0.0143279594
       -0.0002299087   0.0006071330  -0.0000001939  -0.0006964193  -0.0004491116
        0.0001679732   0.0006432681   0.0016990124   0.0005215030   0.0000801876
       -0.0004090993  -0.0000588420   0.0017541382  -0.0021805629  -0.0001257778
       -0.0011955930  -0.0044615544  -0.0031113323  -0.0165401495   0.0134954072
       -0.0223617141  -0.0066149153  -0.0035096390   0.1204065466   0.0005192136
        0.0041665102   0.0066445116   0.0159980902  -0.0160151627  -0.0843344296
        0.0003252607   0.0001857043   0.0005009899   0.0006182956   0.0003926829
       -0.0002239603  -0.0000731367   0.0000761894  -0.0000038007  -0.0002651082
       -0.0004723012  -0.0001022028  -0.0002111436  -0.0000826651   0.0003183511
       -0.0002864855  -0.0011385246   0.0002861029  -0.0005415937  -0.0009451284
       -0.0009412012   0.0116969393  -0.0037376272  -0.0021649505  -0.0002949822
        0.0009793202  -0.0003774370  -0.0023533287   0.0015391794  -0.0002651157
       -0.0000450827  -0.0000298064  -0.0000106328   0.0000124065  -0.0000251508
       -0.0000019389  -0.0000670136   0.0001192105   0.0000288463  -0.0000081211
       -0.0000663483  -0.0000462486   0.0000867368  -0.0000051399   0.0001521284
       -0.0006290395   0.0001964585  -0.0000855482  -0.0000358828  -0.0000373676
        0.0000530906  -0.0030537555   0.0025729322   0.0039877897   0.0001680798
        0.0001647825  -0.0000284710   0.0070690501  -0.0073363833  -0.0117385918
       -0.0002332744  -0.0000111794  -0.0000824266   0.0000172086   0.0000289047
       -0.0000359073  -0.0000408155   0.0000017968   0.0000230274   0.0000038902
       -0.0001269270   0.0000526099   0.0006555753  -0.0003609384   0.0001171567
       -0.0003713733   0.0005804079  -0.0000689796  -0.0003895876  -0.0007338242
        0.0005454175   0.0000024457  -0.0000216570  -0.0001743674  -0.0000564776
        0.0002768672  -0.0003691804   0.0006183407   0.0011539242   0.0004613401
        0.0006431828  -0.0007381851   0.0001247126  -0.0002017382  -0.0001199849
       -0.0000864094  -0.0002207296   0.0000466949   0.0002430774  -0.0008823996
        0.0008419787  -0.0018762926  -0.0004873997   0.0003750810  -0.0005370808
        0.0003702895  -0.0003383293   0.0000982568   0.0001634433  -0.0003979136
        0.0000553992  -0.0013106130   0.0003350215  -0.0000616611  -0.0011280529
        0.0003014740  -0.0001071628  -0.0004386983  -0.0011918839   0.0038506745
        0.0028380868  -0.0002923855   0.0009163899  -0.0003154935  -0.0008323406
       -0.0013090785   0.0001252284  -0.0008099901   0.0011018565  -0.0124534941
       -0.0033700661   0.0033448800   0.0014944367  -0.0006209730   0.0003215466
        0.0001440555  -0.0003755247   0.0001990168  -0.0005503685   0.0006997688
        0.0003748663  -0.0005004720  -0.0072773761  -0.0019443504   0.0000118155
       -0.0000051743   0.0002185746  -0.0014737992  -0.0013541194  -0.0009677047
       -0.0568802102  -0.0515079874  -0.0057617973  -0.0677115278   0.0186324762
        0.0531927321  -0.0088230931   0.0078204231   0.0005192136   0.2402081080
        0.0846088806  -0.0631949502  -0.0028268176  -0.0013925375  -0.0074363726
       -0.0004582396   0.0001091359  -0.0000651224  -0.0000765823   0.0003362949
       -0.0006082293   0.0004574314   0.0027179506   0.0016839206  -0.0000315109
        0.0003239563   0.0004052593   0.0030593786  -0.0028733596  -0.0008615728
        0.0003356618   0.0044981996  -0.0001665348  -0.0697359027  -0.0353868110
       -0.0054281104  -0.0027648987  -0.0102638377   0.0178370217  -0.0117359370
        0.0027604308   0.0015265677  -0.0037463888  -0.0076670888   0.0055805708
        0.0001546074  -0.0001247053  -0.0000660152  -0.0000004335  -0.0003010956
        0.0001262047   0.0000572808  -0.0000477919  -0.0000441490  -0.0000428178
       -0.0000141522   0.0000051740   0.0000567431  -0.0000190308  -0.0001169632
        0.0002617508  -0.0001000191  -0.0000944101   0.0000301861   0.0000076349
        0.0000350596   0.0002997701  -0.0001784677  -0.0000813341   0.0001899625
        0.0000626600  -0.0000663802  -0.0028518132   0.0024378311  -0.0017923463
        0.0001927716  -0.0000972692  -0.0002244511  -0.0001274640  -0.0001056912
       -0.0001800870  -0.0005607857  -0.0005859101  -0.0010888487  -0.0014949288
        0.0000754924   0.0018436634  -0.0010649278   0.0001428980   0.0001685462
       -0.0003988070   0.0003417048   0.0001758950  -0.0002449540   0.0001508329
        0.0005123703  -0.0001725395  -0.0000428531  -0.0004971078   0.0012351595
       -0.0000008012  -0.0003198741   0.0006658392  -0.0000778679   0.0000055703
        0.0001304109  -0.0004808588   0.0002615209  -0.0001517329   0.0002519707
        0.0001675926   0.0001031729   0.0002968862   0.0000043115  -0.0004670316
       -0.0002065034  -0.0005531571  -0.0001500800  -0.0002166285   0.0005044174
       -0.0004797719  -0.0000240966   0.0001587909  -0.0001725449  -0.0001442717
       -0.0001760844  -0.0011757585  -0.0001981086  -0.0000382597  -0.0001788399
        0.0001953893   0.0001132692   0.0013249183  -0.0009016996  -0.0001004815
        0.0009274351   0.0004326274  -0.0009686710   0.0007429404   0.0000445319
        0.0001759498  -0.0006824812  -0.0004540637   0.0004859205  -0.0046314385
        0.0007821689   0.0010840389   0.0003584083  -0.0003880832  -0.0017388156
       -0.0001622586   0.0000997931  -0.0005527349  -0.0004081998   0.0003953580
       -0.0009243943  -0.0049067321  -0.0099294429  -0.0001173028   0.0014532761
        0.0010117269   0.0005947347   0.0021569329  -0.0074836574  -0.0022865414
       -0.0594922814  -0.0417773383   0.0045731029   0.0020833917  -0.0077077904
       -0.0054625920   0.0123471054  -0.0066189824   0.0041665102   0.0846088806
        0.1267844169  -0.0274802510   0.0084420669  -0.0054778419  -0.0021341211
       -0.0002133438   0.0000297607  -0.0007608269  -0.0003257308  -0.0008481271
       -0.0001001039   0.0028386899  -0.0004429712  -0.0006898243   0.0000104406
       -0.0005768916   0.0001699824  -0.0014508716  -0.0017711569   0.0003997995
        0.0018473275   0.0001608679   0.0038310790  -0.0267607214  -0.0094105487
       -0.0000544500  -0.0114688155  -0.0317701158   0.0200945866   0.0005335474
        0.0023925071  -0.0015266118  -0.0054107950  -0.0060665200   0.0045821553
        0.0000740269  -0.0000434171  -0.0001232156  -0.0000173627  -0.0001232531
       -0.0000354478   0.0000999497  -0.0000187097   0.0000843136   0.0000245841
       -0.0000224807  -0.0000259642   0.0000054342  -0.0000667931  -0.0000060923
       -0.0000833664  -0.0000934418   0.0000150422   0.0000684934   0.0000708146
       -0.0000672085  -0.0003449262   0.0000711315  -0.0001426461  -0.0002224424
       -0.0001926206   0.0004035986  -0.0025244127  -0.0002326632   0.0011975817
        0.0002625682   0.0002231513   0.0000437071  -0.0000231815   0.0000698478
        0.0000105285   0.0001119392   0.0000689394   0.0002994891   0.0003942421
       -0.0006247387   0.0000973547  -0.0001297596   0.0005609115   0.0026695667
       -0.0001160747   0.0000400390   0.0002102746   0.0000813471   0.0002177685
        0.0004315454   0.0002191122   0.0003375981  -0.0002779574   0.0008459796
       -0.0001785683  -0.0000850741  -0.0006530608  -0.0005769522  -0.0004700174
       -0.0001120851  -0.0000527115   0.0001760984  -0.0001650251   0.0000962517
       -0.0000757160   0.0001823178   0.0001045088   0.0001399818   0.0000371173
       -0.0007220360  -0.0002292677  -0.0003827073   0.0003309194   0.0005585221
       -0.0001502457   0.0000071698  -0.0000153069  -0.0001435878   0.0000623096
       -0.0001441912   0.0010374807  -0.0002446655  -0.0002431520  -0.0005197198
        0.0001851847   0.0003329204  -0.0004952595  -0.0021173512  -0.0017471613
       -0.0000980223   0.0007383841  -0.0000763532   0.0010358145   0.0021584820
        0.0009200723  -0.0010472154  -0.0008179576   0.0001961944   0.0046375243
        0.0025640481   0.0008301540  -0.0015574811   0.0004565025  -0.0003568384
        0.0006398150  -0.0007890850   0.0000544325   0.0008723459   0.0009518538
        0.0006161558  -0.0035457122  -0.0059261277  -0.0000244400   0.0001167992
        0.0008267925   0.0004188352   0.0029457392   0.0045572161  -0.0130109249
        0.0112053016   0.0165418718   0.0069678948   0.0242672479  -0.0109456723
       -0.0413873409   0.0111001263  -0.0064133704   0.0066445116  -0.0631949502
       -0.0274802510   0.0783034474  -0.0093542335  -0.0007762963  -0.0086449378
       -0.0005453895  -0.0008851742  -0.0002789024  -0.0015922314  -0.0014928199
        0.0011552775   0.0001193848   0.0008831347   0.0003098547   0.0001922612
        0.0008634554  -0.0000904383  -0.0001708956   0.0000030704  -0.0003686078
        0.0001811422   0.0030086716  -0.0015305867   0.0197159211   0.0034516083
       -0.0057837961   0.0049662479   0.0135003477  -0.0211941336  -0.0011331824
       -0.0021549201   0.0011031518   0.0034266590   0.0038160073  -0.0022908402
       -0.0000681010   0.0000742624  -0.0000374380  -0.0000414288   0.0000713270
       -0.0001713333   0.0000286028  -0.0000263243   0.0001042752   0.0000169113
        0.0000247766  -0.0000349249  -0.0000131812  -0.0000819124  -0.0000257260
       -0.0000590925  -0.0000764739   0.0001017017   0.0000200286   0.0000390197
       -0.0000817977  -0.0000061201  -0.0001509576  -0.0002737350  -0.0003193489
       -0.0003026174  -0.0002220180  -0.0017202621   0.0043340041  -0.0030175565
        0.0004780171  -0.0001790370   0.0002768946   0.0000123417  -0.0000570406
        0.0000762867  -0.0004648766   0.0001975239  -0.0006261951  -0.0005472579
        0.0002348027   0.0012303024  -0.0001648381   0.0017694102   0.0016579237
       -0.0000681613   0.0000900727  -0.0000151734  -0.0000266938   0.0000388767
       -0.0001721287  -0.0001436136   0.0001254527   0.0002581053  -0.0000085227
        0.0001728114  -0.0000013248   0.0001887090  -0.0000709994  -0.0000512334
        0.0002251530  -0.0001682719  -0.0001597516   0.0000122786  -0.0000473624
       -0.0001301811  -0.0003448207  -0.0001373606   0.0003981954  -0.0004938085
        0.0003037706  -0.0003606881  -0.0008305922  -0.0000169839  -0.0005975700
        0.0001329804  -0.0000312958  -0.0000266905   0.0001169159  -0.0000283374
        0.0000250902  -0.0003221251   0.0006788369   0.0001532534  -0.0001010356
        0.0000982202  -0.0000400716  -0.0001678338  -0.0006058134   0.0020190331
        0.0006923870  -0.0002933068  -0.0006124896   0.0001993723  -0.0004117402
        0.0006738107  -0.0005874787   0.0006679869   0.0030781216  -0.0012237604
       -0.0021020714   0.0038621388  -0.0043965111   0.0017942445   0.0032849955
       -0.0000875189   0.0001879951   0.0000500270  -0.0003559416  -0.0003998038
       -0.0000054930   0.0006929744   0.0006352419  -0.0003188569   0.0004764485
       -0.0000826158   0.0001887312   0.0010198727  -0.0004594198   0.0001271014
        0.0000390657   0.0034528332  -0.0010915465  -0.0041989318  -0.0049747030
       -0.0041218089  -0.0231172825   0.0090500993   0.0159980902  -0.0028268176
        0.0084420669  -0.0093542335   0.2783842165   0.0262947481   0.0527036853
       -0.0002832471  -0.0000493781  -0.0001063424   0.0001449683  -0.0003368529
        0.0001014596   0.0003336265   0.0008413677  -0.0000505287  -0.0000796244
       -0.0004031152  -0.0000654094  -0.0009982944   0.0005957313   0.0004558338
        0.0004493944  -0.0043126432   0.0018168905  -0.0083164272  -0.0003080835
       -0.0035606939  -0.1438421048  -0.0117733178   0.0183330003  -0.0007320072
        0.0003130173  -0.0001678808  -0.0153171356   0.0064108371  -0.0038519107
        0.0000195246  -0.0000972475  -0.0000142305  -0.0000272881  -0.0000773721
        0.0001071467  -0.0000478929  -0.0000248089  -0.0001145952  -0.0000351062
        0.0000538222   0.0000531292  -0.0000141232   0.0000820671  -0.0001292411
        0.0000601142  -0.0000272934  -0.0000323399  -0.0000152850  -0.0000314159
        0.0000617341   0.0008541597  -0.0004931859  -0.0012351619   0.0000531584
        0.0000027005  -0.0000906278  -0.0766888921  -0.0313585638  -0.0775347471
       -0.0000209829  -0.0000091619   0.0000618781   0.0000229164   0.0000237906
       -0.0000033575   0.0000086018  -0.0001302884   0.0000676227  -0.0003032069
       -0.0000418050   0.0003940490   0.0018962295  -0.0010519716  -0.0002568151
       -0.0000690995   0.0001686478  -0.0000419069  -0.0001536739  -0.0001217710
        0.0002342654   0.0003178586  -0.0000223406  -0.0001335393  -0.0001079434
        0.0001411160  -0.0001278165  -0.0000767965   0.0003661328  -0.0000096970
        0.0001695143   0.0000729053   0.0002114542   0.0000961026  -0.0002478996
        0.0002167336   0.0003370664   0.0004912180   0.0000007945  -0.0001218797
       -0.0000578872  -0.0009586329  -0.0002813735  -0.0005914308   0.0003912432
        0.0002594300  -0.0000698449   0.0000401308   0.0002386512  -0.0001092878
       -0.0000321345   0.0000720377   0.0002304219   0.0002061371  -0.0006686476
       -0.0000272142   0.0000732283  -0.0003288553  -0.0016041225   0.0005886001
        0.0011469747   0.0003209965   0.0009588385   0.0001205398   0.0006879321
        0.0001607316  -0.0038854606  -0.0019084377   0.0023120706  -0.0041221419
       -0.0021217510   0.0006293124   0.0088610416  -0.0024867127  -0.0050316580
        0.0000432060  -0.0004915776   0.0001990912   0.0003549266   0.0017649216
        0.0000176390  -0.0007496486  -0.0010793013  -0.0011586317   0.0000372956
       -0.0001676076  -0.0001236180   0.0012739721  -0.0017445622  -0.0003993469
       -0.0026674281   0.0008781482  -0.0016032817  -0.0008450201   0.0073831397
        0.0026994350   0.0093790573  -0.0216724067  -0.0160151627  -0.0013925375
       -0.0054778419  -0.0007762963   0.0262947481   0.0730868446   0.0558929808
       -0.0000817422   0.0001708723  -0.0001313782   0.0000357788  -0.0004713917
        0.0000514852   0.0003802437   0.0004788991   0.0011917412   0.0000041196
        0.0001190678  -0.0001363976   0.0001889621  -0.0016056626  -0.0002157996
       -0.0008094957   0.0004021811  -0.0012630514   0.0049447053  -0.0038350477
        0.0026771136   0.0005161299  -0.0090390268  -0.0014674779  -0.0008996531
        0.0028669041   0.0020427244  -0.0072377171   0.0023337476  -0.0012460250
        0.0000434515  -0.0000413257   0.0000311654  -0.0000102666  -0.0001127950
        0.0000042485  -0.0000264449  -0.0000474404   0.0000002742  -0.0001568543
        0.0000178163   0.0000091442  -0.0000374822  -0.0000702724  -0.0000411771
       -0.0001993843  -0.0001481577   0.0000405686  -0.0000315738  -0.0000381005
       -0.0000214894  -0.0009342078  -0.0000753215  -0.0004661826   0.0000758836
        0.0000131511  -0.0001253294  -0.0296755452  -0.0360817618  -0.0388678133
       -0.0000109223   0.0000119643   0.0000609284   0.0000099843   0.0000197802
        0.0000218687  -0.0001719270   0.0001824847  -0.0005705678   0.0002621966
       -0.0002764250  -0.0001472951   0.0002898449  -0.0003645671   0.0001477583
        0.0003942661  -0.0003923905  -0.0000842105   0.0002744624   0.0003496107
       -0.0002889300   0.0001418293  -0.0001125137   0.0001112055  -0.0003321152
       -0.0003164367   0.0001716314  -0.0002696610  -0.0003468644   0.0002229337
       -0.0002761185   0.0001110606   0.0000928317   0.0002411824   0.0001183242
       -0.0001933259   0.0001188743   0.0001379270   0.0003289553   0.0004411212
       -0.0001630545   0.0004381747  -0.0007703238   0.0000395734  -0.0000919390
       -0.0000945793   0.0003918562   0.0000097892  -0.0001621996   0.0004159239
       -0.0001913953   0.0003501124   0.0001050042  -0.0003531576   0.0004244458
       -0.0001663051   0.0000737778   0.0003895203  -0.0000441556  -0.0002772494
       -0.0010745133  -0.0004521411  -0.0000490175  -0.0003995901   0.0011391802
        0.0001021122  -0.0018531383  -0.0012670650   0.0009533907   0.0017326997
        0.0014095331  -0.0006144185   0.0086929404  -0.0019285949  -0.0053769723
       -0.0000336365   0.0003322607  -0.0001258447  -0.0001178047   0.0006313193
        0.0002600350  -0.0003698539  -0.0013986896  -0.0001699496  -0.0003394376
       -0.0000844814  -0.0000158681   0.0007317201  -0.0006420990   0.0008577395
        0.0019312504   0.0024998770  -0.0007542615  -0.0021933371   0.0126725953
       -0.0110073378   0.0298694703  -0.0316330569  -0.0843344296  -0.0074363726
       -0.0021341211  -0.0086449378   0.0527036853   0.0558929808   0.2517809328
        0.0004914824   0.0001842323   0.0001881733   0.0002907834   0.0008010997
       -0.0000628403  -0.0001915511  -0.0012941824  -0.0003849587  -0.0001993401
       -0.0002403282  -0.0001652342  -0.0007524374   0.0007698439   0.0004393822
       -0.0010159645   0.0007799109   0.0001047413  -0.0028219872   0.0079332311
       -0.0036356364  -0.0096237293  -0.0061660828  -0.0217559252   0.0004575436
        0.0010805158   0.0009757736   0.0100515835  -0.0028321669   0.0046238869
       -0.0001167320   0.0001177168   0.0002075366  -0.0000838308   0.0000902786
       -0.0001682345  -0.0001166380   0.0000588755  -0.0001000758  -0.0000396657
       -0.0000034087   0.0000650141  -0.0001348461   0.0000986457  -0.0000756101
       -0.0000193040  -0.0000577089   0.0001884116  -0.0000463717  -0.0000907375
       -0.0000472753  -0.0013630287   0.0006148101  -0.0002929685   0.0000615283
       -0.0000399187   0.0000291580  -0.0775754672  -0.0379827120  -0.1227258005
       -0.0001639883  -0.0000843933   0.0000172333   0.0001445807   0.0000753220
        0.0001534980   0.0002044366   0.0004029381   0.0002417180   0.0004288694
        0.0000082577  -0.0004000725  -0.0005808246   0.0006109043  -0.0002501594
        0.0001386865  -0.0002834257  -0.0002518411   0.0001376203   0.0000683770
        0.0000027923   0.0001822419   0.0001925831   0.0001941078  -0.0011662434
        0.0001929496   0.0001871084  -0.0000212067  -0.0000997127  -0.0000248452
       -0.0001589207   0.0000471455  -0.0002525861   0.0000233629   0.0000106127
       -0.0000407896   0.0001690165  -0.0001604057   0.0000334755   0.0000481792
       -0.0000763377  -0.0003900607  -0.0000236790  -0.0000047904   0.0000643725
        0.0005390869  -0.0008948302   0.0000726611   0.0002824516   0.0012483601
        0.0002015577   0.0001243239  -0.0000693600  -0.0002041409   0.0019389013
       -0.0002488532   0.0002134808  -0.0003799106   0.0004333689   0.0002123143
        0.0001561230   0.0000304188   0.0000044279  -0.0001591008   0.0000118300
       -0.0000717450   0.0000581755  -0.0001442224  -0.0000886097   0.0001900965
       -0.0001431605   0.0001193241  -0.0001798498  -0.0001884611  -0.0001249941
       -0.0127504541   0.0011869063  -0.0079055965  -0.0053119867   0.0050025894
       -0.0070700716  -0.0013789291  -0.0022531972  -0.0004123847  -0.0270917658
        0.0033979725  -0.0111239140   0.0001654494   0.0003418116  -0.0004250785
       -0.0002653788   0.0003858059  -0.0003938915   0.0000057996  -0.0001055361
       -0.0001433660   0.0001470883   0.0000507709   0.0003252607  -0.0004582396
       -0.0002133438  -0.0005453895  -0.0002832471  -0.0000817422   0.0004914824
        0.1610680546   0.1237839701   0.0018216063   0.0166805881  -0.0285323269
        0.0395024710  -0.0038343506   0.0053103029  -0.0007038732  -0.1073372985
       -0.0601942700  -0.0469476292  -0.0010138038  -0.0021928253   0.0000498894
        0.0005643656   0.0005132218   0.0008607482   0.0005147927   0.0004645467
        0.0001543795   0.0005266203  -0.0000265979  -0.0000986400  -0.0006707214
        0.0006872452  -0.0004982857  -0.0001289123  -0.0003940951   0.0002233570
       -0.0000409035  -0.0000076168   0.0000758250  -0.0000244413   0.0000010228
        0.0001514571  -0.0000943715  -0.0000568479  -0.0000977800  -0.0000634670
       -0.0000720708   0.0000824536   0.0000527480   0.0000845943  -0.0000028512
        0.0001023790   0.0000871657   0.0001640404  -0.0001088848  -0.0001094163
        0.0002974987  -0.0000022219   0.0001206747   0.0000702352   0.0013975501
        0.0003272968  -0.0000892572  -0.0000468168  -0.0000568060  -0.0000840473
       -0.0175281271  -0.0370689953   0.0300853638  -0.0049799681  -0.0103009765
        0.0023609067   0.0000932706   0.0001631211   0.0000332890   0.0000348042
       -0.0001550258  -0.0000394706   0.0001614242  -0.0000094151  -0.0000247470
       -0.0001028030   0.0003275424  -0.0001267187  -0.0002036219   0.0000738606
        0.0002934538  -0.0002582801   0.0000264525  -0.0000361782   0.0010981642
       -0.0003817030  -0.0002343691   0.0005121070  -0.0000336058  -0.0000070801
        0.0002465926  -0.0003034163   0.0000141294   0.0000874114   0.0000414479
       -0.0001669610   0.0000169066  -0.0000131004   0.0000041083  -0.0004883001
        0.0001789785   0.0000006949  -0.0000260062   0.0000276097  -0.0000671015
       -0.0000653054   0.0003028435   0.0002703489  -0.0009725327  -0.0008281471
       -0.0001722248   0.0002445436  -0.0000378298   0.0000874525  -0.0027798031
        0.0000195109   0.0011090457   0.0002718500   0.0004207177  -0.0001953769
        0.0005394101  -0.0001219866  -0.0000278116   0.0000373944   0.0000796490
       -0.0000513632   0.0000635511   0.0000198946  -0.0000227119  -0.0003723786
       -0.0000246923   0.0002766457  -0.0000688540  -0.0001460306  -0.0000759918
       -0.0050936658   0.0020565674  -0.0013177041   0.0042680618  -0.0029209966
        0.0008170649  -0.0022506475   0.0025762512   0.0000630381   0.0303349462
       -0.0203775283   0.0247674980   0.0009719060  -0.0009255957  -0.0008569046
       -0.0000237723  -0.0000515106  -0.0002919588   0.0000453600   0.0000662227
        0.0000976247   0.0001686162  -0.0001692342   0.0001857043   0.0001091359
        0.0000297607  -0.0008851742  -0.0000493781   0.0001708723   0.0001842323
        0.1237839701   0.3460526086  -0.1537584240  -0.0303934582  -0.0904855399
        0.0760942947  -0.0016733801   0.0004136052   0.0032047360  -0.0795074239
       -0.0753670517  -0.0363897279  -0.0002852678  -0.0006300721   0.0007335360
        0.0011039584   0.0013439314   0.0003022334  -0.0003971596   0.0009059058
       -0.0003280039   0.0003821199  -0.0001758552   0.0000699726  -0.0003680142
       -0.0005333587   0.0000573432  -0.0002812971  -0.0001162836   0.0003951424
        0.0000206856  -0.0000739780   0.0000339612  -0.0000771511  -0.0000597550
       -0.0000380743  -0.0000369418   0.0000885738  -0.0000770831  -0.0000805607
       -0.0000457492   0.0000019857  -0.0000635265   0.0000472976   0.0000011293
        0.0000057899   0.0000038034   0.0000917262   0.0000310276  -0.0000901454
       -0.0000204416   0.0000053103   0.0000716759  -0.0000010413   0.0000661010
       -0.0003404552  -0.0011929686   0.0000159461  -0.0000623227  -0.0000777546
       -0.0361864683  -0.1607672819   0.0844144068  -0.0027032916  -0.0003314402
        0.0030235290   0.0001777089   0.0001134326   0.0000992821   0.0001206841
       -0.0000770653  -0.0002233952   0.0000800310   0.0000327157  -0.0000517754
       -0.0003543283   0.0003518902  -0.0003741016  -0.0001013297   0.0003520785
       -0.0000177734  -0.0000488750  -0.0002292590   0.0001194486   0.0006403241
       -0.0004729624  -0.0003428037  -0.0001572983  -0.0001669719   0.0001891104
        0.0003397195   0.0000823177   0.0001601433   0.0001551478  -0.0000118110
       -0.0001456081   0.0001354908  -0.0000458136   0.0001115943  -0.0004415629
       -0.0000960682  -0.0004603011   0.0000261896   0.0000347597   0.0000524961
        0.0003497688   0.0001572577  -0.0003748085   0.0000734348  -0.0007252922
        0.0008324251   0.0005321304   0.0001491964  -0.0005222031  -0.0025855284
        0.0000140644   0.0013710872  -0.0006495510   0.0009704044   0.0006787089
        0.0005195608  -0.0000818967  -0.0000280889   0.0001411033   0.0001959022
       -0.0000695669   0.0001029198  -0.0000865044  -0.0000803087  -0.0006381720
       -0.0001150628   0.0001015928  -0.0002685352  -0.0000217543  -0.0000955510
       -0.0043484347   0.0017073078  -0.0027476779   0.0074074186  -0.0014832004
       -0.0024410652  -0.0011226601   0.0024413923  -0.0004942084  -0.0446680915
        0.0055888356  -0.0480598933  -0.0015284310  -0.0000945579   0.0000172452
       -0.0000339306  -0.0000997721   0.0001417449   0.0000819871   0.0005521061
       -0.0000522672   0.0000583059  -0.0001340372   0.0005009899  -0.0000651224
       -0.0007608269  -0.0002789024  -0.0001063424  -0.0001313782   0.0001881733
        0.0018216063  -0.1537584240   0.1793823162   0.0375465108   0.0717332007
       -0.0359573269   0.0012187372   0.0020041672  -0.0039323113  -0.0153329155
       -0.0053077945  -0.0326156317  -0.0005671872  -0.0003554651   0.0001355204
       -0.0001715167  -0.0001176086   0.0001774035   0.0004178283   0.0009122448
        0.0001630495   0.0004275475  -0.0001690650  -0.0002961943   0.0000492067
        0.0001703870  -0.0002506542  -0.0001197387  -0.0003380222   0.0001947644
        0.0000925956  -0.0001332547  -0.0000700759   0.0000160468  -0.0001543706
        0.0000991205  -0.0000978362   0.0000603130  -0.0001022978  -0.0000141171
       -0.0001315937   0.0000728461   0.0001414383   0.0001240595  -0.0000068182
        0.0001102754   0.0000494787   0.0001544520  -0.0000518051  -0.0000233670
        0.0002994670  -0.0000367492   0.0001451872   0.0001267018   0.0000419656
        0.0000571475  -0.0006197758  -0.0001181548  -0.0000058890  -0.0000557272
        0.0290354941   0.0853586849  -0.0579597624  -0.0082025850  -0.0080927475
        0.0032169296   0.0001886714  -0.0000689925   0.0000376648   0.0000053270
        0.0001900944  -0.0000514984   0.0001540467   0.0000112854  -0.0000217922
       -0.0004679025   0.0006690442  -0.0002780146  -0.0004698836   0.0001173250
        0.0003558997  -0.0003247863   0.0000491048  -0.0000770161   0.0019784342
       -0.0007149141  -0.0002664824   0.0004888142  -0.0001886586   0.0001981471
        0.0003791443  -0.0001697300   0.0002082150   0.0001071344  -0.0000049289
       -0.0002231677   0.0001097049   0.0000176761   0.0000662570  -0.0006939184
        0.0000534419  -0.0003423080   0.0000671527   0.0000057991   0.0001013547
       -0.0008585497   0.0003260386   0.0000544188  -0.0004530043  -0.0011931282
        0.0002485911   0.0002225561   0.0001111454  -0.0000713978  -0.0016032792
       -0.0006071932   0.0011247631   0.0002426708   0.0007268397  -0.0000212111
        0.0009800285  -0.0003301849  -0.0002283957  -0.0001098398   0.0003792383
       -0.0002268856   0.0000895792  -0.0001555840  -0.0001455043  -0.0006783507
       -0.0001127701   0.0001881435  -0.0004059638  -0.0000450281  -0.0000944227
       -0.0023521357   0.0013363248   0.0010710366  -0.0127464214   0.0032413425
       -0.0052985692  -0.0075794437   0.0029096002  -0.0015799278  -0.0943413819
       -0.0416690332  -0.0246024239   0.0001979457   0.0039873794  -0.0001209693
        0.0001599063  -0.0003643800  -0.0004013761  -0.0001411177   0.0005468712
        0.0002602705   0.0005134974  -0.0005023192   0.0006182956  -0.0000765823
       -0.0003257308  -0.0015922314   0.0001449683   0.0000357788   0.0002907834
        0.0166805881  -0.0303934582   0.0375465108   0.1855332370   0.0863506878
        0.0643334838  -0.0103835199  -0.0295043050   0.0131421966  -0.0609386571
        0.0094820542  -0.0759528379  -0.0040270810  -0.0112339554   0.0003600487
       -0.0021860410   0.0014241661   0.0022603960   0.0008930222   0.0003418154
        0.0000718188  -0.0000812875   0.0004264673  -0.0003192135  -0.0004624975
        0.0007205674   0.0001608156  -0.0000427288  -0.0007039604   0.0001577471
        0.0001589254  -0.0001565631  -0.0001227661  -0.0000445813  -0.0001450735
       -0.0000536305  -0.0000508373   0.0000533423  -0.0000579741  -0.0000092063
       -0.0001192604   0.0000136487   0.0000856135   0.0000734177   0.0000126123
        0.0000398745   0.0000479654   0.0001125942   0.0000662331  -0.0000020044
        0.0001812727  -0.0000068426   0.0000907254   0.0000819454  -0.0013467878
       -0.0005977591  -0.0014218874  -0.0000872294  -0.0000316605  -0.0000773729
       -0.0066610172   0.0006389337  -0.0003627964  -0.0009695432   0.0041114926
       -0.0093006174   0.0012161722   0.0007845925  -0.0000897699   0.0001257506
        0.0001165676   0.0001483951   0.0001194651   0.0000958379  -0.0000404919
        0.0001954488  -0.0008966586  -0.0001934889   0.0006597092   0.0004463896
       -0.0006134763   0.0004402874  -0.0002777374   0.0004841699  -0.0024403270
        0.0005149820   0.0003313725  -0.0004651586   0.0000358274  -0.0000349493
       -0.0003226249   0.0005060852  -0.0001198518   0.0000000871  -0.0000514768
        0.0000481394   0.0001171552  -0.0000693371   0.0000971857   0.0001310447
       -0.0003732477  -0.0003992794  -0.0000490673   0.0000437079   0.0000811503
        0.0005111979  -0.0006907201  -0.0008652187   0.0019268725   0.0011442208
        0.0006935614   0.0002291585  -0.0001636897  -0.0005798504  -0.0001537418
       -0.0003036057  -0.0002052361  -0.0005861327   0.0005109434   0.0003398148
       -0.0001262380   0.0001533514   0.0000080090   0.0000926286   0.0001201208
       -0.0000454627   0.0001979403  -0.0001770093  -0.0000813590  -0.0004349187
       -0.0001896708   0.0000328435  -0.0003322563  -0.0001591667  -0.0001270361
       -0.0020115241  -0.0023436621   0.0020130020  -0.0015253818   0.0059310837
        0.0000567265   0.0007556289  -0.0084050041   0.0005074062  -0.0492953266
       -0.0275489646  -0.0218726443   0.0135892087  -0.0141894812   0.0014892337
       -0.0006595809   0.0002666016  -0.0010486551   0.0002491391  -0.0006103268
       -0.0009128233   0.0003266052   0.0001884130   0.0003926829   0.0003362949
       -0.0008481271  -0.0014928199  -0.0003368529  -0.0004713917   0.0008010997
       -0.0285323269  -0.0904855399   0.0717332007   0.0863506878   0.2747394100
       -0.0975671169  -0.0306602165  -0.1273675255   0.0267429959   0.0194785776
        0.0041347460   0.0128186318  -0.0059118462  -0.0130506508  -0.0012172207
       -0.0026415058  -0.0028692615   0.0057338381   0.0021261648  -0.0000197517
        0.0005301898   0.0001827383   0.0005549551  -0.0002286408   0.0000022706
        0.0038560401  -0.0008557828   0.0002092621  -0.0011162513  -0.0000724360
       -0.0000943852   0.0000163017   0.0001139416   0.0000844655  -0.0000235494
        0.0002751843  -0.0000922925  -0.0000684833  -0.0000350255  -0.0000571858
       -0.0000285710   0.0001016826   0.0000597582   0.0000557147  -0.0000543587
        0.0000647103   0.0000387197   0.0001200238   0.0000805014  -0.0001885093
        0.0005647243   0.0000110058   0.0000977319   0.0000316541   0.0004129283
        0.0000511895   0.0006789107  -0.0001183839  -0.0000475278  -0.0001426620
       -0.0001754899  -0.0014612446   0.0026158549  -0.0026175700   0.0000452549
       -0.0015123672   0.0008427604   0.0012804095  -0.0000206715  -0.0001741607
       -0.0002717848   0.0009352007   0.0001502571   0.0000357287  -0.0000739975
        0.0001660137   0.0000311664   0.0002179810  -0.0001403934  -0.0005053274
        0.0003904843   0.0000335809   0.0005320871  -0.0001931315  -0.0002424897
        0.0003301030   0.0001219822   0.0000509227  -0.0000483005  -0.0001068865
       -0.0002152014  -0.0001156358  -0.0002152230  -0.0001146696  -0.0000180342
        0.0000574307  -0.0000373142  -0.0000443276  -0.0000786974   0.0003151557
        0.0000483150   0.0001074656   0.0000273138  -0.0000465896   0.0000746077
       -0.0003627230  -0.0006080835   0.0004843625   0.0001357953   0.0005775884
       -0.0011415640  -0.0004712759   0.0003280795   0.0005563158   0.0009904380
       -0.0008558508   0.0000860465   0.0004762603  -0.0009201824  -0.0007367841
       -0.0001917648  -0.0000046012  -0.0000084984  -0.0004060180  -0.0000226356
       -0.0001390190  -0.0000069802  -0.0000371312  -0.0000517576   0.0008034414
        0.0001748303   0.0000374249   0.0000637210  -0.0000170641   0.0000793342
       -0.0084147399   0.0002103891  -0.0006649523  -0.0105692498   0.0023033477
        0.0017496927  -0.0006906515  -0.0002242500   0.0011616655   0.0042182702
       -0.0060240410  -0.0141351491  -0.0045290598   0.0027262085   0.0019477220
        0.0001698816   0.0000709114  -0.0007849629  -0.0000677652  -0.0000009718
        0.0001925934  -0.0001860504   0.0001328684  -0.0002239603  -0.0006082293
       -0.0001001039   0.0011552775   0.0001014596   0.0000514852  -0.0000628403
        0.0395024710   0.0760942947  -0.0359573269   0.0643334838  -0.0975671169
        0.2073540124   0.0091175841   0.0069306881  -0.0136311154  -0.0945276884
        0.0060222938  -0.1364027567   0.0046464265   0.0095039801   0.0020720958
        0.0016052314  -0.0019151293  -0.0018082245  -0.0003549989  -0.0004025478
        0.0003687398  -0.0005081605  -0.0005779181   0.0001096467   0.0004439604
       -0.0007498876   0.0005711822   0.0005058047   0.0001423198  -0.0002605288
       -0.0000108002   0.0000900288  -0.0000602150   0.0000014202   0.0000730195
       -0.0000821273   0.0000680235  -0.0000931007   0.0000337843   0.0000294934
        0.0000454138  -0.0000334869  -0.0000058067  -0.0000445260   0.0000275249
       -0.0000118165   0.0000345241  -0.0000643921  -0.0000046169   0.0000929355
       -0.0002353881   0.0000292388  -0.0000423642  -0.0000123393   0.0008954307
        0.0005310677   0.0000680059   0.0000473411   0.0000112696   0.0000323254
       -0.0039105834  -0.0026551579  -0.0054505329  -0.0013406218   0.0070656769
       -0.0058486673  -0.0009854389  -0.0009032764  -0.0005381160   0.0001931536
        0.0004114878  -0.0002085668  -0.0000562090  -0.0000222248   0.0000795062
        0.0000462207   0.0003821667   0.0002730980  -0.0002124401  -0.0000725472
        0.0003777670  -0.0000608979   0.0001667919  -0.0002618444   0.0008273365
       -0.0001289647  -0.0002336815   0.0001760911  -0.0002080514  -0.0001733737
        0.0000973588  -0.0004703096   0.0000949749   0.0000536269   0.0000863102
       -0.0000219730   0.0000007199  -0.0000018514   0.0000473900  -0.0002640225
        0.0002440707  -0.0000099587  -0.0002554836   0.0000299570  -0.0001403209
        0.0000610383   0.0000253854   0.0000293778  -0.0002556086   0.0000660456
        0.0000341413  -0.0005423578  -0.0005299374   0.0004712970   0.0002376608
        0.0002637760   0.0001861154  -0.0005181795   0.0012010401  -0.0002845695
        0.0002712125  -0.0000464248  -0.0001458518  -0.0000354055  -0.0001551536
        0.0000408435   0.0000888180  -0.0001593875   0.0002524173  -0.0001595593
       -0.0009621320   0.0002645348   0.0007161986   0.0000696166   0.0000853369
       -0.0005802552  -0.0002035017  -0.0014788178  -0.0005718149   0.0052127127
        0.0009938619  -0.0243480636  -0.0045237602  -0.0022635797  -0.0041596156
       -0.0069363915   0.0037104281  -0.0497614451   0.0251516272   0.0023854960
       -0.0012474771  -0.0000507809  -0.0026465672   0.0011891548  -0.0015176680
       -0.0004131312  -0.0009309644   0.0004712416  -0.0000731367   0.0004574314
        0.0028386899   0.0001193848   0.0003336265   0.0003802437  -0.0001915511
       -0.0038343506  -0.0016733801   0.0012187372  -0.0103835199  -0.0306602165
        0.0091175841   0.1694179785   0.0536885199  -0.0337545045  -0.0040047270
       -0.0031950130  -0.0000187999  -0.0746523341  -0.0062130474   0.0278632504
        0.0180002437  -0.0081884646  -0.0056882384  -0.0035586137  -0.0001640022
        0.0004586370   0.0002458503  -0.0009863715  -0.0000833349   0.0014072516
       -0.0127938218  -0.0002280617  -0.0011603786   0.0019723453  -0.0005617583
       -0.0000319616   0.0000647854   0.0000238801  -0.0000546127  -0.0000133845
       -0.0002005903   0.0000316508   0.0000072529  -0.0000076581   0.0000034780
       -0.0000050686  -0.0000668678  -0.0000260163   0.0000025541  -0.0000160432
        0.0000538910   0.0000354354  -0.0000467218  -0.0001621941   0.0000454504
       -0.0002785950  -0.0000721287  -0.0000145105  -0.0000075892   0.0002407270
       -0.0000612080   0.0005016291   0.0000784664  -0.0000186645  -0.0000054831
        0.0011846813  -0.0016081231  -0.0019780874  -0.0000725949   0.0016412265
       -0.0005524087  -0.0131699058  -0.0126580892   0.0037074408  -0.0001403549
        0.0005468183  -0.0003069993   0.0000065705  -0.0003738360  -0.0001175245
       -0.0000193536   0.0005564488   0.0003606378  -0.0003684102  -0.0003938661
        0.0004408303  -0.0000768100   0.0002570235  -0.0003810910   0.0014573873
       -0.0003323970  -0.0003130032  -0.0000097290  -0.0001186186  -0.0001148996
        0.0001721457  -0.0003007264  -0.0000935472  -0.0000403331   0.0000523940
        0.0000383886  -0.0000676333  -0.0000417335  -0.0000464400   0.0002201989
        0.0001865310   0.0002219814   0.0001240812   0.0000480749  -0.0000324509
       -0.0001163976   0.0001537288   0.0003749878  -0.0006050941  -0.0005363206
       -0.0003335699   0.0001628048   0.0003366115   0.0004673906   0.0006879884
        0.0001945818  -0.0000999813  -0.0003373672   0.0002229224  -0.0008722894
       -0.0004635606   0.0006078127   0.0010042224   0.0002742692  -0.0003087262
        0.0000512991  -0.0009079604   0.0002624419   0.0004409820  -0.0005198558
       -0.0002933347  -0.0000438926   0.0007691585  -0.0001131169  -0.0000642872
        0.0013232293   0.0009290109  -0.0021459643   0.0004509072  -0.0057301081
        0.0034515951   0.0061610210   0.0045794068   0.0000281578  -0.0174716013
       -0.0104409321   0.0016343487   0.0493291870  -0.0279311872   0.0050827578
       -0.0032543932  -0.0019923763   0.0001019969   0.0004362387  -0.0002598575
       -0.0000253538   0.0001800166  -0.0002057006   0.0000761894   0.0027179506
       -0.0004429712   0.0008831347   0.0008413677   0.0004788991  -0.0012941824
        0.0053103029   0.0004136052   0.0020041672  -0.0295043050  -0.1273675255
        0.0069306881   0.0536885199   0.3260256373  -0.0226369714   0.0003720346
       -0.0023365028   0.0114161609  -0.0464451191  -0.0401556933   0.0197275750
       -0.0115674383  -0.1077458567  -0.0257101058  -0.0031709764   0.0055251029
       -0.0003773713  -0.0025478349  -0.0025522685  -0.0000726985  -0.0067568336
       -0.0167571668   0.0052988415   0.0002652699   0.0013404366   0.0004598368
       -0.0000111675   0.0000790615  -0.0000115943  -0.0001117201   0.0000303245
       -0.0002522078   0.0000668548   0.0000284128  -0.0000319493   0.0000232380
        0.0000329315  -0.0000324690  -0.0000066505   0.0000041042   0.0000325923
       -0.0000270747  -0.0000756857  -0.0000482187  -0.0002410186   0.0000524196
       -0.0005361615  -0.0000532567  -0.0000307459  -0.0001121056   0.0001751072
       -0.0001016222   0.0006017927  -0.0000370598   0.0004466825  -0.0001461647
       -0.0027279505   0.0003589773  -0.0007790824   0.0000645842   0.0001699768
       -0.0006410552   0.0019357314   0.0033726004  -0.0009175687   0.0004527835
       -0.0002577054  -0.0028917876  -0.0001954732   0.0000765845  -0.0000720905
       -0.0001508517   0.0004880056   0.0000194633  -0.0004482558   0.0000764890
        0.0000929387  -0.0001018142   0.0000271576  -0.0001284327   0.0013243523
        0.0000050351  -0.0001092152  -0.0000459725  -0.0001873796   0.0000922766
       -0.0000355470  -0.0001250158   0.0001873503   0.0000241343  -0.0000126048
        0.0000527641  -0.0000500679   0.0000651299  -0.0001087936   0.0000974033
        0.0003294759   0.0004919573  -0.0003263510  -0.0002053703   0.0000344536
       -0.0004946256   0.0003358343  -0.0000765768  -0.0004602610  -0.0004721294
       -0.0000344482  -0.0000684987   0.0002172206   0.0003114589   0.0011162758
        0.0000802134   0.0000303628  -0.0020792942  -0.0005264304   0.0003922488
       -0.0002478224  -0.0004572772  -0.0006254806  -0.0012862211   0.0007146237
       -0.0000944891   0.0005328249  -0.0007016600  -0.0003343392   0.0015187172
        0.0006040457  -0.0003492766   0.0000002402   0.0001556009   0.0000680119
       -0.0011902404   0.0013509024  -0.0004412436  -0.0018140447  -0.0008005835
       -0.0005067261  -0.0046646602  -0.0019267611   0.0030749437  -0.0001764808
       -0.0033804577   0.0028390169   0.0056747192   0.0007573450  -0.0116480393
        0.0045333409  -0.0033968514  -0.0017558285  -0.0008431980   0.0002101002
        0.0011758695   0.0001260226  -0.0006747912  -0.0000038007   0.0016839206
       -0.0006898243   0.0003098547  -0.0000505287   0.0011917412  -0.0003849587
       -0.0007038732   0.0032047360  -0.0039323113   0.0131421966   0.0267429959
       -0.0136311154  -0.0337545045  -0.0226369714   0.0531900264  -0.0008368143
       -0.0061816744  -0.0039993971   0.0181197776   0.0051324748  -0.0275099077
       -0.0023270210  -0.0032319612  -0.0035946475   0.0005321528  -0.0019910847
        0.0001032878  -0.0015132669   0.0002082406  -0.0005137335  -0.0005507415
       -0.0034343700   0.0037816350   0.0002446903   0.0003572496  -0.0003217285
        0.0000456344  -0.0000259182  -0.0000608145  -0.0000481703  -0.0000211709
       -0.0001307279   0.0000378526   0.0000314974   0.0000676918   0.0000832563
        0.0000556723   0.0000114837  -0.0000457383  -0.0000580174  -0.0000031025
        0.0000087372   0.0000682832  -0.0000094105  -0.0000039779   0.0000857310
       -0.0000954662   0.0000045724  -0.0000568822  -0.0000394933   0.0002233570
       -0.0000050291   0.0002572627   0.0000070537  -0.0000066084  -0.0000074405
       -0.0010616575   0.0019464983   0.0011811139  -0.0000263678   0.0016773381
       -0.0007077516   0.0069061019   0.0047364020   0.0028182575  -0.0002920642
        0.0001924582   0.0005476139  -0.0002884006   0.0001583266   0.0000273531
       -0.0001664895  -0.0000920788   0.0001133325  -0.0000531604   0.0000454456
       -0.0000901267  -0.0000180631  -0.0001065080  -0.0001095964  -0.0000441203
        0.0001675852   0.0000161760  -0.0000994302   0.0001311374  -0.0000412610
       -0.0000439362  -0.0000247218   0.0000160025  -0.0001393591   0.0000378092
        0.0001757192  -0.0001486077   0.0001267416  -0.0000220218   0.0000966024
        0.0000783173   0.0002170836  -0.0000348492   0.0000328410   0.0000255777
       -0.0003153819   0.0001117957  -0.0002163807   0.0001872113  -0.0000608946
        0.0003742089   0.0000331574  -0.0002029361  -0.0001465974  -0.0000499228
       -0.0001498948  -0.0001890534  -0.0003219019  -0.0000282120   0.0001394982
       -0.0001887483   0.0000598554   0.0000358701   0.0001194939  -0.0001321382
        0.0001592369   0.0000558809  -0.0000106028   0.0000450944  -0.0000524019
        0.0001157453  -0.0001192259   0.0000502546   0.0002398929   0.0000854636
        0.0003235311   0.0009975224  -0.0000167806  -0.0007517406  -0.0012651245
       -0.0000611865   0.0006524851  -0.0012225425   0.0001956118  -0.0126848890
       -0.0012842566  -0.0124417362   0.0005799520  -0.0000061714  -0.0006466774
        0.0002074099   0.0002068205   0.0002400540   0.0000699082  -0.0002626155
       -0.0000905401  -0.0001692540   0.0001328722  -0.0002651082  -0.0000315109
        0.0000104406   0.0001922612  -0.0000796244   0.0000041196  -0.0001993401
       -0.1073372985  -0.0795074239  -0.0153329155  -0.0609386571   0.0194785776
       -0.0945276884  -0.0040047270   0.0003720346  -0.0008368143   0.3227776786
        0.1081613679   0.2245590924   0.0007886392  -0.0018864094   0.0012247509
        0.0004077804  -0.0003420942  -0.0002829120  -0.0006204388  -0.0001955527
       -0.0000473678   0.0001297369  -0.0002240382   0.0002786961   0.0000428192
        0.0001302666   0.0002950815   0.0002959486   0.0003990380  -0.0001180688
        0.0000633898  -0.0000026899  -0.0001350763   0.0001133644   0.0000823830
        0.0000572064   0.0001058714  -0.0000101409   0.0001946544   0.0000927305
        0.0000940962  -0.0001195156   0.0000000894  -0.0001462771   0.0000038468
       -0.0000864901  -0.0000506688  -0.0002119508   0.0001559414   0.0002092197
        0.0000810690   0.0000338904  -0.0002159562  -0.0000448414   0.0002472808
        0.0003079884   0.0005612407   0.0000983845   0.0000275521   0.0001534235
       -0.0047467619  -0.0052631606  -0.0049779867  -0.1338192921  -0.0390252772
       -0.0977401673  -0.0002804062   0.0003747341  -0.0000599895  -0.0002728945
       -0.0003064352  -0.0004356415  -0.0002290747  -0.0001113780   0.0000863159
       -0.0000171949   0.0000431171   0.0001895524  -0.0001323999   0.0001280848
       -0.0001082878  -0.0000553314   0.0000014253   0.0000086932   0.0007265994
       -0.0000723797   0.0000042139   0.0000093873  -0.0001183438  -0.0001486480
       -0.0001453707  -0.0000442235   0.0000749907  -0.0000215827   0.0000491794
        0.0000597005  -0.0000902997   0.0000310785  -0.0000361405  -0.0000170302
        0.0001930078   0.0004211371  -0.0000012507  -0.0000167359  -0.0000596811
       -0.0007661206   0.0001528152  -0.0003383433  -0.0000958176  -0.0000285791
        0.0003365321  -0.0003220316  -0.0000575791  -0.0000381183   0.0011660670
       -0.0003595392   0.0000236583   0.0002825534  -0.0004356563  -0.0009206530
        0.0000647546  -0.0001279512   0.0000450549  -0.0001838724  -0.0001656017
       -0.0000830501   0.0000444311   0.0000816853   0.0000996855   0.0002180694
       -0.0000062904   0.0001148635   0.0001406407   0.0001930544   0.0001196007
       -0.0021058935   0.0015119434  -0.0010660052  -0.0030417958  -0.0010626561
        0.0015165304   0.0004326757  -0.0011032144  -0.0007085577   0.0013242222
        0.0011107705  -0.0014944729   0.0014005175   0.0000827446   0.0023158258
        0.0004842273   0.0003119591  -0.0000841978  -0.0002885565  -0.0001568584
        0.0003885545  -0.0002491496   0.0000904718  -0.0004723012   0.0003239563
       -0.0005768916   0.0008634554  -0.0004031152   0.0001190678  -0.0002403282
       -0.0601942700  -0.0753670517  -0.0053077945   0.0094820542   0.0041347460
        0.0060222938  -0.0031950130  -0.0023365028  -0.0061816744   0.1081613679
        0.1147106841   0.0478683128   0.0000921636   0.0001817694   0.0011206812
       -0.0010178021  -0.0046797712  -0.0007571012   0.0001910777  -0.0000964255
       -0.0001095294   0.0006418430  -0.0000564174  -0.0000930803   0.0010484620
        0.0008620250   0.0001521658  -0.0003274219   0.0004227985  -0.0003177041
       -0.0000160958   0.0000111775  -0.0000434968  -0.0000238687   0.0000484805
       -0.0000887684   0.0000428588   0.0000224545   0.0000692123   0.0000292618
        0.0000532227  -0.0000607328  -0.0000368189  -0.0000607853   0.0000113986
       -0.0000452777   0.0000060081  -0.0001107583   0.0000412296   0.0000491823
       -0.0000395629   0.0000009306  -0.0000908616  -0.0000181091   0.0002360031
       -0.0001678972   0.0006261343   0.0000515042  -0.0000740003   0.0001025492
       -0.0142916888  -0.0067797052  -0.0070211497  -0.0390072251  -0.0305413232
       -0.0365717490  -0.0003312589  -0.0000465028  -0.0003242106  -0.0001734770
        0.0000476152   0.0002567569  -0.0000398277  -0.0000208240   0.0000326527
       -0.0001592274  -0.0002394304  -0.0000203677   0.0001177701   0.0001227634
       -0.0002252140  -0.0000625615  -0.0002203418  -0.0000153268  -0.0006064841
        0.0001336552   0.0000866297   0.0000438585   0.0001514963   0.0000820413
       -0.0000143917   0.0000810513   0.0000249027  -0.0000345206   0.0000153703
        0.0001030057  -0.0000544816   0.0001230041   0.0000071935  -0.0000222966
       -0.0000141295  -0.0000187559  -0.0000211934   0.0000097878   0.0000609010
        0.0004122618  -0.0000964922  -0.0003243850   0.0003223254   0.0000305479
        0.0004068344   0.0001027143  -0.0003026485  -0.0003701766  -0.0017317551
        0.0001260226   0.0001689475   0.0001171933   0.0002377986   0.0007364481
       -0.0000985924  -0.0000104298  -0.0000898269   0.0002409717  -0.0000145985
        0.0001905988  -0.0001250953   0.0000489459   0.0000601355  -0.0002213016
       -0.0000948894  -0.0002328447   0.0000436980   0.0001263272  -0.0000275810
       -0.0001578198   0.0005917354   0.0007619952   0.0018753281   0.0002820814
       -0.0007083251  -0.0007735282  -0.0004122304  -0.0003517545  -0.0091176846
       -0.0003488299  -0.0049324439   0.0015331090  -0.0025589496  -0.0002813464
       -0.0010372136   0.0005115989   0.0006955565   0.0001991576  -0.0001927938
       -0.0002656066   0.0001546267  -0.0000274065  -0.0001022028   0.0004052593
        0.0001699824  -0.0000904383  -0.0000654094  -0.0001363976  -0.0001652342
       -0.0469476292  -0.0363897279  -0.0326156317  -0.0759528379   0.0128186318
       -0.1364027567  -0.0000187999   0.0114161609  -0.0039993971   0.2245590924
        0.0478683128   0.2721799968  -0.0011278368  -0.0021403578  -0.0014604815
       -0.0001390490   0.0007969900   0.0019106393   0.0001598626   0.0004153619
       -0.0000862980  -0.0002212174  -0.0001466821   0.0002268427   0.0001322060
        0.0002160305  -0.0002994953   0.0004988674  -0.0003235815   0.0000869604
        0.0000494592  -0.0000008799  -0.0000715936   0.0001129662   0.0000277448
        0.0001229082   0.0000455305  -0.0000067510   0.0001307165   0.0000598098
        0.0000431204  -0.0000879638   0.0000274833  -0.0000826275   0.0000154245
       -0.0000583564  -0.0000385989  -0.0001309804   0.0000549841   0.0001148406
        0.0001956747  -0.0000089695  -0.0001342921   0.0000073106   0.0004831214
        0.0001369093  -0.0000755193   0.0001060868   0.0000713540   0.0001276427
        0.0056119024   0.0045386960   0.0054681637  -0.0980195754  -0.0374403060
       -0.1007132316  -0.0001474785   0.0003913271   0.0002128811  -0.0003115695
       -0.0001814842   0.0000720341  -0.0002127697  -0.0000627921   0.0000227947
       -0.0001704746   0.0000049874   0.0000281746  -0.0000232176  -0.0003281266
        0.0000371471  -0.0000942050   0.0002069610  -0.0000972152  -0.0003542447
        0.0002056552   0.0000516948   0.0000427092  -0.0000214369  -0.0000145395
       -0.0000023820   0.0000384249  -0.0001180299  -0.0000785418  -0.0000809883
        0.0000552229  -0.0000702880   0.0000982136   0.0000183976   0.0000020029
       -0.0000441336   0.0000214315   0.0000250067   0.0000582893   0.0001498983
        0.0000830556  -0.0003189272   0.0000409994   0.0000779528   0.0001387612
       -0.0000320942   0.0000360552  -0.0000873801  -0.0000076701   0.0001735416
       -0.0001635291   0.0000161416  -0.0001206568   0.0001542942   0.0002415201
        0.0003090739   0.0000040659   0.0001213566   0.0001706468   0.0001761925
       -0.0002829372   0.0000948475   0.0000004599  -0.0000265635  -0.0005429930
        0.0003690600   0.0001326093  -0.0002665614   0.0001917122  -0.0000960952
       -0.0003011556  -0.0006291331   0.0001842376   0.0001745555   0.0000160807
       -0.0003133983   0.0014127226   0.0018448560   0.0001015150   0.0014273186
        0.0004757206  -0.0000750008  -0.0160799203   0.0006193692   0.0047203458
       -0.0009334924  -0.0008120606  -0.0011515741  -0.0004336710  -0.0003904412
        0.0003502875   0.0003222149  -0.0001895190  -0.0002111436   0.0030593786
       -0.0014508716  -0.0001708956  -0.0009982944   0.0001889621  -0.0007524374
       -0.0010138038  -0.0002852678  -0.0005671872  -0.0040270810  -0.0059118462
        0.0046464265  -0.0746523341  -0.0464451191   0.0181197776   0.0007886392
        0.0000921636  -0.0011278368   0.3652606164  -0.0903300371  -0.1415793904
       -0.0807788566   0.0607238532   0.0494044216   0.0006539886   0.0066309420
        0.0019971675   0.0005189590  -0.0004716369   0.0011077864  -0.0257709861
        0.0227462465   0.0052551317   0.0016149260  -0.0017183609   0.0004344672
        0.0000792870  -0.0000160192  -0.0001481626   0.0001126341   0.0000386601
        0.0001053028   0.0000699787  -0.0000632271   0.0001168375   0.0000724967
        0.0000463660  -0.0000826098   0.0000772973  -0.0000936399   0.0000118381
       -0.0000217688  -0.0000450068  -0.0001146293   0.0000639952   0.0001517615
        0.0000772062   0.0000300902  -0.0001424558   0.0000310984  -0.0000737591
        0.0002367055  -0.0002321629  -0.0002462858  -0.0001836340   0.0001993852
        0.0002942902   0.0001487458   0.0002579417  -0.0005250028  -0.0001714972
       -0.0001882881  -0.1689243311   0.0672325379   0.0645114843  -0.0002385530
       -0.0127575808  -0.0053666140  -0.0003054199   0.0003118278   0.0002092233
        0.0000737762  -0.0003755231  -0.0001983019   0.0002511685   0.0000397513
       -0.0002384779   0.0000959331  -0.0002149566   0.0001954174  -0.0012311024
        0.0002764298   0.0002170233   0.0001560506   0.0003483671   0.0001689261
       -0.0000327301   0.0001848742  -0.0000017110  -0.0000152712  -0.0001402726
        0.0000184139   0.0000267171   0.0000522644  -0.0000048562  -0.0000437195
       -0.0000032081  -0.0004272861   0.0002099136  -0.0000656119   0.0000208671
        0.0003465245  -0.0001545574  -0.0000176112   0.0003779360   0.0002498540
       -0.0000568853  -0.0000828259   0.0000874358  -0.0002374527  -0.0001664149
       -0.0001793520  -0.0001752224   0.0002595928  -0.0006861351   0.0007234573
        0.0003942757  -0.0000219092   0.0001312183  -0.0000987074  -0.0000795182
       -0.0001040576  -0.0001388408  -0.0000906325  -0.0001351882  -0.0011013763
       -0.0001072484  -0.0000140964  -0.0007864761  -0.0002923753   0.0001230316
       -0.0004344870  -0.0006347814   0.0003982308   0.0006322792   0.0004010080
       -0.0004689089   0.0002900132   0.0009817726   0.0009125002   0.0015788586
        0.0012399536  -0.0000951997  -0.0004383541   0.0045745483  -0.0045954344
        0.0002298663   0.0011054783   0.0001371922   0.0004058962   0.0004920834
       -0.0008526079   0.0017595073  -0.0001855209  -0.0000826651  -0.0028733596
       -0.0017711569   0.0000030704   0.0005957313  -0.0016056626   0.0007698439
       -0.0021928253  -0.0006300721  -0.0003554651  -0.0112339554  -0.0130506508
        0.0095039801  -0.0062130474  -0.0401556933   0.0051324748  -0.0018864094
        0.0001817694  -0.0021403578  -0.0903300371   0.1469008131   0.0563011686
        0.0622868422  -0.0058304977  -0.0285610727   0.0116905962  -0.0111294206
       -0.0008157932  -0.0036031961   0.0035505983  -0.0003143689  -0.0278803072
       -0.0307322976  -0.0005616622   0.0024942856  -0.0021079341  -0.0006344823
       -0.0000170615  -0.0000176929   0.0000655435   0.0000106094  -0.0000537751
        0.0001698094  -0.0000650419  -0.0000077475  -0.0000529016  -0.0000874102
       -0.0000035865   0.0000527389  -0.0000256543   0.0000278520  -0.0000276366
       -0.0000458328  -0.0000486202   0.0000569439   0.0000870672  -0.0000966991
        0.0001880298   0.0001043923   0.0000503416  -0.0000671255   0.0000351483
        0.0000175185  -0.0001176177  -0.0001254494   0.0003868442  -0.0001439255
        0.0009972733  -0.0009670465   0.0000170341  -0.0000525761  -0.0001399147
        0.0001444686   0.0662906637  -0.0376889715  -0.0271531069  -0.0004614892
       -0.0121263478  -0.0069072344  -0.0000169600   0.0002458324   0.0001073290
        0.0001560465  -0.0003026328   0.0000041279   0.0001261383  -0.0000322049
       -0.0002863867  -0.0000205941  -0.0001248658   0.0001238132  -0.0004693711
       -0.0000307391   0.0001480040   0.0001722800   0.0001377097   0.0000382777
        0.0000760775   0.0001979882   0.0000081973   0.0000242737  -0.0000352946
       -0.0000240247   0.0000339275  -0.0000020243   0.0000286576  -0.0001844831
       -0.0000939510  -0.0001425247  -0.0000129314   0.0000077564   0.0000060155
        0.0000626488   0.0000279676  -0.0000080654  -0.0001654132   0.0000830553
        0.0000043171   0.0001340441  -0.0001558496  -0.0000301103   0.0006470281
       -0.0000436522  -0.0000091230  -0.0003052083   0.0006944938   0.0000084479
        0.0000730617   0.0000284472   0.0000912471   0.0000530979   0.0001364336
        0.0000497399  -0.0001707891  -0.0000298463   0.0000725266  -0.0004658914
       -0.0002832082  -0.0001808861  -0.0000802560  -0.0001453428  -0.0000960962
       -0.0005537667  -0.0000992407   0.0000023880  -0.0006097382  -0.0001344520
       -0.0003151007   0.0012049488  -0.0004345339   0.0003841312   0.0006589197
        0.0006916872   0.0003003764   0.0014283049   0.0020762296  -0.0002628736
       -0.0000016767  -0.0004114068   0.0010616744  -0.0000829218   0.0004349490
       -0.0004284098   0.0003679348  -0.0001817283   0.0003183511  -0.0008615728
        0.0003997995  -0.0003686078   0.0004558338  -0.0002157996   0.0004393822
        0.0000498894   0.0007335360   0.0001355204   0.0003600487  -0.0012172207
        0.0020720958   0.0278632504   0.0197275750  -0.0275099077   0.0012247509
        0.0011206812  -0.0014604815  -0.1415793904   0.0563011686   0.1265695172
        0.0509363975  -0.0283956311  -0.0322109035  -0.0008680842  -0.0010554329
       -0.0024126408  -0.0013562629   0.0013610221   0.0006851928  -0.0039707264
       -0.0166576927  -0.0219577113   0.0011282349  -0.0018235890   0.0022103319
       -0.0000262757   0.0000446764   0.0000816998  -0.0000242886   0.0000473069
        0.0000191466  -0.0000307079   0.0000267082  -0.0000265463  -0.0000264274
       -0.0000197071   0.0000127110  -0.0000082046   0.0000225471  -0.0000248655
       -0.0000124705  -0.0000029926   0.0000227857  -0.0000246138  -0.0000542821
        0.0000174805   0.0000038744   0.0000382653  -0.0000266885   0.0001369463
        0.0000374494  -0.0001032345   0.0000379431  -0.0001900965  -0.0001527667
        0.0001751919  -0.0001774575  -0.0000024416   0.0000230576   0.0000586611
       -0.0000787588   0.0647856197  -0.0269539222  -0.0491150787  -0.0003815080
       -0.0053171434   0.0027131231  -0.0001061964   0.0001858261  -0.0003950455
        0.0001100730  -0.0005847363  -0.0000565290   0.0003320477   0.0004748424
       -0.0004490986  -0.0000743085  -0.0004290925   0.0001242936  -0.0010928888
        0.0001280321   0.0002170935   0.0004776283   0.0000219239   0.0000418747
       -0.0000596880   0.0003137006  -0.0000180602  -0.0000278050   0.0000304272
        0.0001823156   0.0000443579   0.0000500370  -0.0001421927   0.0002213359
       -0.0001581247   0.0000959366   0.0005819264  -0.0002556763   0.0000195035
        0.0003545017  -0.0001404800  -0.0002176166   0.0004645092   0.0003755673
        0.0001531721  -0.0000572803  -0.0000329999  -0.0001335691  -0.0006220745
       -0.0005095811   0.0000439660   0.0016508054   0.0003400448  -0.0013258988
       -0.0011709178   0.0001628820   0.0004967549   0.0004796184  -0.0007099088
        0.0006396039  -0.0007589290   0.0004592573   0.0000610648  -0.0013740262
       -0.0020635340  -0.0010297835  -0.0005193218  -0.0001530504   0.0001571027
       -0.0004776346  -0.0004761650  -0.0005088478   0.0001574842   0.0008592392
        0.0006670705  -0.0019936386   0.0003902565   0.0021029595  -0.0004044091
        0.0007483499  -0.0010714224  -0.0692172772  -0.0322810248  -0.0147449371
       -0.0221246574   0.0014705888   0.0022968864   0.0032215525  -0.0010102647
       -0.0017803186   0.0023983187  -0.0002414295  -0.0002864855   0.0003356618
        0.0018473275   0.0001811422   0.0004493944  -0.0008094957  -0.0010159645
        0.0005643656   0.0011039584  -0.0001715167  -0.0021860410  -0.0026415058
        0.0016052314   0.0180002437  -0.0115674383  -0.0023270210   0.0004077804
       -0.0010178021  -0.0001390490  -0.0807788566   0.0622868422   0.0509363975
        0.2421808399   0.0579223177  -0.0406816054   0.0158099898  -0.0015086062
        0.0035513717  -0.0013691016   0.0033161748  -0.0001272004  -0.0980248892
       -0.0703273928  -0.0022672717  -0.0018880476  -0.0012772941  -0.0025228665
       -0.0000348993  -0.0000445236   0.0000565271   0.0000801489   0.0000410507
        0.0001941705  -0.0000267966  -0.0000273878  -0.0000131967  -0.0000606465
       -0.0001008625   0.0000170071   0.0000235760   0.0000510677   0.0000481858
       -0.0001402694  -0.0000503135  -0.0000266074  -0.0000437969  -0.0000769814
        0.0001744093  -0.0000562089  -0.0000645970  -0.0000489564  -0.0000600199
        0.0000708116   0.0000028322  -0.0001382088   0.0002766069  -0.0000775790
        0.0001218573   0.0003933580   0.0001632451  -0.0000121876   0.0001393314
       -0.0000203834  -0.0019967963  -0.0016822375  -0.0007605308  -0.0019486460
       -0.0027968737   0.0069425457   0.0002722517  -0.0002346158   0.0007918448
        0.0001785076  -0.0003956301   0.0000043061   0.0003197906   0.0001015457
       -0.0005385292   0.0000432960   0.0000202439   0.0003932715  -0.0009645790
        0.0002648295   0.0001679801  -0.0001697714  -0.0002606438  -0.0001173266
       -0.0000964319   0.0002460216  -0.0001138168   0.0000002688   0.0000945997
       -0.0000221568  -0.0000380603  -0.0001448361   0.0000992529  -0.0000857304
       -0.0000013676   0.0003488697  -0.0000719779   0.0001351788  -0.0002187551
        0.0001975045  -0.0001382046  -0.0003172157   0.0007010907   0.0004868955
        0.0002625167  -0.0001128262  -0.0001314877  -0.0004001763  -0.0001749968
       -0.0004148340   0.0000318364   0.0019439302  -0.0003290894  -0.0003556261
       -0.0000042690  -0.0000620729  -0.0002991541   0.0001295897  -0.0005011094
       -0.0000021573   0.0004988241   0.0005539289   0.0002189163  -0.0000969819
        0.0003831506   0.0003839416   0.0002869441   0.0000194519   0.0000367659
       -0.0002783212   0.0000776525  -0.0002055677  -0.0017273011  -0.0005959330
        0.0006899758   0.0026144767  -0.0012895272  -0.0003730363  -0.0003126726
       -0.0000523800  -0.0004746285  -0.0501828760  -0.0058038035  -0.0086126167
       -0.0004598785   0.0032443936   0.0019880980  -0.0005770145  -0.0020183223
       -0.0000820879  -0.0008277397   0.0009303418  -0.0011385246   0.0044981996
        0.0001608679   0.0030086716  -0.0043126432   0.0004021811   0.0007799109
        0.0005132218   0.0013439314  -0.0001176086   0.0014241661  -0.0028692615
       -0.0019151293  -0.0081884646  -0.1077458567  -0.0032319612  -0.0003420942
       -0.0046797712   0.0007969900   0.0607238532  -0.0058304977  -0.0283956311
        0.0579223177   0.2115516851   0.0254319516   0.0044750770  -0.0357212404
        0.0027748505   0.0103468539  -0.0088348890   0.0034009161  -0.0764024148
       -0.0311268497   0.0026201013   0.0015917993  -0.0032758101  -0.0012926108
       -0.0000330649  -0.0000584356   0.0000140407   0.0000749803   0.0000699053
        0.0001052161  -0.0000155250  -0.0000359650  -0.0000081484   0.0000506919
       -0.0000329929   0.0000277270   0.0000646832   0.0000241856  -0.0000264267
        0.0000876614   0.0000739190  -0.0000096556   0.0000049808  -0.0000333813
        0.0002289584   0.0000067971   0.0000570985   0.0001459644   0.0002387890
        0.0002184138  -0.0000469428  -0.0002142550  -0.0008628026   0.0001725415
       -0.0002027135   0.0006174157  -0.0000924305   0.0000136120   0.0003029744
       -0.0003361346  -0.0034050459  -0.0054010692   0.0008567302   0.0001144459
       -0.0025534408   0.0039281992   0.0002312961  -0.0001793062  -0.0001744451
       -0.0000205073  -0.0001236402   0.0000053315   0.0001188317   0.0004563578
       -0.0001569210   0.0000061498  -0.0001462889   0.0000765357   0.0004632528
       -0.0002080180  -0.0000248270  -0.0000122559  -0.0002202533  -0.0000411335
       -0.0000245010   0.0000113960   0.0000442948   0.0000969565   0.0000494600
       -0.0000529575   0.0000357319  -0.0000284268   0.0000077889  -0.0001517321
        0.0000510464   0.0000096774   0.0001928325   0.0000513609  -0.0000322224
       -0.0004662248   0.0002083872  -0.0002552045  -0.0000930659  -0.0003502491
        0.0003244765   0.0004896397   0.0002269455  -0.0000662791   0.0002492566
        0.0003151109  -0.0001733486   0.0004426735  -0.0015615010   0.0004628740
       -0.0000579399   0.0007514356   0.0002521452   0.0005318490  -0.0003719739
       -0.0000844844  -0.0002146154   0.0003531682  -0.0000514004  -0.0003651074
        0.0002927029   0.0006249342  -0.0000034361  -0.0001029195   0.0001305102
        0.0006374137   0.0010687276  -0.0007347003  -0.0007028737  -0.0029905381
        0.0008171302   0.0005895925   0.0031936617  -0.0011676543  -0.0014613454
       -0.0001572898  -0.0002638038  -0.0189172618  -0.0050136435  -0.0117145779
        0.0034709233  -0.0012548128   0.0022396649  -0.0002242547  -0.0004654919
        0.0008306307   0.0000497063   0.0005721127   0.0002861029  -0.0001665348
        0.0038310790  -0.0015305867   0.0018168905  -0.0012630514   0.0001047413
        0.0008607482   0.0003022334   0.0001774035   0.0022603960   0.0057338381
       -0.0018082245  -0.0056882384  -0.0257101058  -0.0035946475  -0.0002829120
       -0.0007571012   0.0019106393   0.0494044216  -0.0285610727  -0.0322109035
       -0.0406816054   0.0254319516   0.0548254272  -0.0013437856   0.0032982680
       -0.0031655380  -0.0010855610   0.0031589432  -0.0018690673   0.0118084756
        0.0186795420  -0.0042609795  -0.0012785772   0.0037850553  -0.0008841742
       -0.0000449420  -0.0000388322   0.0000143661  -0.0000450896   0.0000029511
        0.0000120838  -0.0000474684   0.0000309581  -0.0000724346  -0.0000188544
       -0.0000398139   0.0000379272  -0.0000056102   0.0000572246   0.0000108207
       -0.0000273587  -0.0000279148   0.0000433272  -0.0000100125  -0.0000641011
        0.0000522888  -0.0000202755   0.0000309014   0.0000175627  -0.0001607491
       -0.0002289613   0.0005319443  -0.0000230338   0.0001401774   0.0000732587
       -0.0000475990   0.0001657455  -0.0002973857   0.0001281973   0.0002001111
       -0.0000381791   0.0008589246  -0.0006890071   0.0014332259  -0.0010788931
       -0.0020656029  -0.0006137872   0.0002593581  -0.0000102423  -0.0001916915
        0.0001717074  -0.0001932822   0.0000469656   0.0001523943   0.0004933883
       -0.0002091371   0.0000218801  -0.0000287715   0.0000515876   0.0004000325
       -0.0002308501   0.0000709455  -0.0003794465  -0.0004511151  -0.0000385055
       -0.0001459970   0.0000763248   0.0000002450   0.0001030425   0.0001472141
       -0.0001058674   0.0000151449  -0.0001548162  -0.0000207832   0.0001730272
       -0.0000055773   0.0006015924  -0.0001613215   0.0000697745  -0.0000957387
       -0.0003425527   0.0002645198  -0.0001564007  -0.0000597277  -0.0000499561
        0.0000191326   0.0009333953  -0.0000645174   0.0000102205   0.0003435385
        0.0000780636   0.0000306279   0.0003930461   0.0000212239  -0.0004882589
       -0.0008883421   0.0004405600  -0.0000505694   0.0000936384  -0.0000010348
        0.0002614185  -0.0000541487   0.0005480697   0.0001013303   0.0015611884
        0.0019125183  -0.0001038643   0.0011880542  -0.0000731670  -0.0001037150
        0.0004363941   0.0009404640  -0.0001453511  -0.0005724628  -0.0020083585
        0.0004291021   0.0017884717   0.0015652830  -0.0009821103  -0.0010042497
       -0.0002537805  -0.0000568801  -0.0072082877  -0.0071239316  -0.0014413475
        0.0017268618  -0.0025093059   0.0001020459  -0.0098047704  -0.0027901099
        0.0019668478  -0.0015701841  -0.0000772655  -0.0005415937  -0.0697359027
       -0.0267607214   0.0197159211  -0.0083164272   0.0049447053  -0.0028219872
        0.0005147927  -0.0003971596   0.0004178283   0.0008930222   0.0021261648
       -0.0003549989  -0.0035586137  -0.0031709764   0.0005321528  -0.0006204388
        0.0001910777   0.0001598626   0.0006539886   0.0116905962  -0.0008680842
        0.0158099898   0.0044750770  -0.0013437856   0.2400395976  -0.0326928832
        0.0005670657  -0.0478333496   0.0426834667  -0.0431381969  -0.0924692480
        0.0283135096   0.0023575249  -0.0096230714  -0.0258726348   0.0173892764
       -0.0001057889   0.0000489658   0.0000527522  -0.0000503415   0.0001115425
       -0.0000866248  -0.0000451498   0.0000167128  -0.0000432742   0.0000176291
       -0.0000122832   0.0000328677  -0.0000364596   0.0000663945   0.0000739060
       -0.0000103313   0.0000267448   0.0000608439  -0.0000598088  -0.0000426423
       -0.0000662061  -0.0001338328   0.0000716132   0.0000775600   0.0000088406
       -0.0000901461   0.0002087743  -0.0009386819  -0.0018552744   0.0007135493
       -0.0003469081  -0.0001926918  -0.0001891225   0.0000871297   0.0000955276
        0.0000802847   0.0004159908  -0.0001159611   0.0011991655  -0.0120411104
        0.0102083517   0.0010625611   0.0001741571  -0.0044086406   0.0050584448
        0.0003366119  -0.0001203384  -0.0000627211   0.0001406037  -0.0001797723
       -0.0002801490   0.0002713889  -0.0000124627   0.0002336622  -0.0009912163
        0.0000961445   0.0001000973  -0.0003162464   0.0001440848   0.0001166442
       -0.0002436503   0.0004067365   0.0003721087   0.0001214679  -0.0002296896
       -0.0001854412   0.0001213902  -0.0000198347   0.0000076875  -0.0000411294
       -0.0000416463  -0.0003662986   0.0001177288  -0.0001618190  -0.0001097531
        0.0005225327   0.0000282025  -0.0000675236   0.0004683611   0.0007564693
       -0.0002837147  -0.0005513998  -0.0000601930   0.0001642282   0.0001475252
       -0.0002425044   0.0002292995  -0.0000658754  -0.0007785732   0.0009483418
        0.0000187296  -0.0005647164  -0.0003589660  -0.0001357979  -0.0001441062
       -0.0000073848   0.0004465474  -0.0000630368  -0.0004365020   0.0013514726
       -0.0002150043   0.0000842867  -0.0006563333  -0.0000025924   0.0005632586
       -0.0001186066  -0.0010604164   0.0000446709   0.0001478364   0.0024202043
        0.0006723059  -0.0009494245  -0.0016206200  -0.0015463833  -0.0003771795
        0.0000163942  -0.0005871890  -0.0088928137  -0.0152029237  -0.0004371038
        0.0022486822   0.0010171288  -0.0015161206  -0.0007680393  -0.0002449781
       -0.0003709956   0.0008327640   0.0001887358  -0.0009451284  -0.0353868110
       -0.0094105487   0.0034516083  -0.0003080835  -0.0038350477   0.0079332311
        0.0004645467   0.0009059058   0.0009122448   0.0003418154  -0.0000197517
       -0.0004025478  -0.0001640022   0.0055251029  -0.0019910847  -0.0001955527
       -0.0000964255   0.0004153619   0.0066309420  -0.0111294206  -0.0010554329
       -0.0015086062  -0.0357212404   0.0032982680  -0.0326928832   0.1932882062
       -0.0778315258   0.0571866641  -0.0064230178   0.0111169799   0.0568266475
       -0.0250206127  -0.0055185802  -0.0493409666  -0.0885092190   0.0573693474
       -0.0000551353   0.0001198760   0.0002069312  -0.0000608184  -0.0000931855
       -0.0001278344  -0.0001209540  -0.0000551050  -0.0000859117  -0.0000374375
       -0.0000434654   0.0000675359  -0.0000278726   0.0000538010   0.0000421618
       -0.0000136335   0.0000884067   0.0000571835  -0.0001861227  -0.0001250300
       -0.0001293852   0.0000961158   0.0000006673   0.0000802204   0.0001174848
        0.0000780097  -0.0000600750   0.0010512105   0.0017194406  -0.0004098235
        0.0002154056  -0.0001251804  -0.0002229183   0.0001442321   0.0001519962
        0.0001248320  -0.0005130495  -0.0002396154  -0.0020072631   0.0007960137
        0.0005142791   0.0006425591   0.0035549205  -0.0057076985   0.0081487003
       -0.0002091684   0.0003218768  -0.0001391041  -0.0001911226  -0.0002693682
        0.0000533518  -0.0002266757  -0.0000215739   0.0000847541  -0.0001156311
        0.0002579857  -0.0000300071   0.0003549443   0.0002845682   0.0003084858
        0.0001394269  -0.0002512354  -0.0002387559   0.0000414676  -0.0000503066
        0.0000389376  -0.0001487115  -0.0000756864  -0.0000310586   0.0000262513
        0.0004102342   0.0001296778   0.0001724728   0.0000645014  -0.0001647955
        0.0003014178  -0.0000533470   0.0000335998  -0.0000166292  -0.0001506625
        0.0000059767  -0.0004438280   0.0002674919  -0.0000336676  -0.0000169441
       -0.0000776087   0.0000177339  -0.0007681521  -0.0004747159   0.0004156313
        0.0008288830  -0.0008823793  -0.0001852900  -0.0002212840  -0.0004486488
       -0.0008641360   0.0002074223   0.0003587138   0.0001151161   0.0003052871
       -0.0007873142  -0.0009931082   0.0008808568   0.0000908899  -0.0001791436
       -0.0002482586   0.0000786379   0.0001848636  -0.0001226536   0.0004718693
        0.0000070648   0.0000288445  -0.0004433576   0.0004678388   0.0000078422
       -0.0002175623   0.0002515934  -0.0021373755  -0.0008726143   0.0009430617
       -0.0008463504   0.0013925289  -0.0017846337   0.0123316422   0.0010924796
        0.0006484583  -0.0023294992   0.0005714380  -0.0009412012  -0.0054281104
       -0.0000544500  -0.0057837961  -0.0035606939   0.0026771136  -0.0036356364
        0.0001543795  -0.0003280039   0.0001630495   0.0000718188   0.0005301898
        0.0003687398   0.0004586370  -0.0003773713   0.0001032878  -0.0000473678
       -0.0001095294  -0.0000862980   0.0019971675  -0.0008157932  -0.0024126408
        0.0035513717   0.0027748505  -0.0031655380   0.0005670657  -0.0778315258
        0.1149233519  -0.0402573502   0.0087265991  -0.0169854648   0.0079601589
       -0.0157585473  -0.0136433999   0.0322357548   0.0754829500  -0.0696813352
        0.0000896632  -0.0001120915  -0.0000733453   0.0000360326  -0.0001268138
        0.0001186912   0.0000062940  -0.0000023185  -0.0000255723   0.0000219205
       -0.0000008938   0.0000098220   0.0000351448   0.0000295650  -0.0000069108
        0.0000029903  -0.0000205840  -0.0000484964   0.0000171471   0.0000391583
        0.0000680828  -0.0000941049   0.0000637371   0.0001457085   0.0001692009
        0.0001680970  -0.0002918069  -0.0009080566  -0.0006237280  -0.0000698391
       -0.0002090078  -0.0000382581  -0.0000043162  -0.0000998325  -0.0000439727
       -0.0000998804   0.0004784330  -0.0012748195   0.0016131217  -0.0023014359
        0.0013376583   0.0038969947  -0.0025316947   0.0051019474  -0.0035178169
        0.0004897520  -0.0003867240  -0.0001361992   0.0001987708   0.0000746199
       -0.0001442022   0.0003803881  -0.0001776691  -0.0000392104  -0.0006827112
       -0.0003851542   0.0002052587  -0.0003824816  -0.0000205451   0.0000452290
       -0.0001709732   0.0005472813   0.0003174484   0.0002836526  -0.0001674105
       -0.0000635082   0.0004115013   0.0003942672   0.0000608480   0.0006268916
       -0.0007594253  -0.0000610412  -0.0003836893  -0.0003466605   0.0005916376
        0.0000682124   0.0003526864   0.0000773701  -0.0003332762   0.0003498990
       -0.0002000782   0.0002112179  -0.0003501188   0.0002076219   0.0008064631
       -0.0001089092  -0.0001199290   0.0002969173   0.0017064385  -0.0011791079
       -0.0018212993   0.0001039093   0.0000604231   0.0004984300   0.0017556402
        0.0002347583  -0.0011026409  -0.0006742150  -0.0002370666   0.0007571560
       -0.0006642994   0.0006848473   0.0001651050  -0.0004613864  -0.0005011112
       -0.0001984140  -0.0005231238  -0.0000234330   0.0006322164   0.0002855841
       -0.0002263679   0.0003062027   0.0003627152   0.0019850812  -0.0011065051
        0.0000918209  -0.0006332301  -0.0018872569  -0.0003520501   0.0031863425
       -0.0007924767  -0.0075390722   0.0022608791  -0.0081645868   0.0011823691
        0.0056897076  -0.0055881605  -0.0039493277   0.0116969393  -0.0027648987
       -0.0114688155   0.0049662479  -0.1438421048   0.0005161299  -0.0096237293
        0.0005266203   0.0003821199   0.0004275475  -0.0000812875   0.0001827383
       -0.0005081605   0.0002458503  -0.0025478349  -0.0015132669   0.0001297369
        0.0006418430  -0.0002212174   0.0005189590  -0.0036031961  -0.0013562629
       -0.0013691016   0.0103468539  -0.0010855610  -0.0478333496   0.0571866641
       -0.0402573502   0.4606256542   0.0407871762  -0.0214764747  -0.0015178025
       -0.0037818234  -0.0059256693  -0.2237352754  -0.0836429288   0.0541234566
       -0.0001030954   0.0001710600   0.0002441180  -0.0000716914   0.0001076932
       -0.0001988284  -0.0001594489   0.0000475945  -0.0000757031  -0.0000947162
       -0.0000203751   0.0000302206  -0.0001317421   0.0000044075  -0.0000094721
       -0.0001726234  -0.0001204899   0.0000971089  -0.0000672781  -0.0001244394
       -0.0001423572  -0.0003391644   0.0000139717  -0.0004121119  -0.0000678215
       -0.0001692572   0.0001071488  -0.0123785484   0.0002329149   0.0013813927
       -0.0000308028  -0.0001138258   0.0000399060   0.0001108037   0.0000127457
        0.0001573509   0.0002605785   0.0001304792   0.0005095478  -0.0009456415
        0.0023388131  -0.0006224165  -0.0102302141   0.0021486413  -0.0023953709
        0.0001914900  -0.0002516597  -0.0000384917   0.0001398150   0.0003707708
       -0.0001776791   0.0000288660  -0.0001552093   0.0001259189   0.0001695830
       -0.0002955835   0.0001373869  -0.0002241925  -0.0003440490  -0.0001783422
       -0.0002785632   0.0001608154  -0.0001369958   0.0002057914   0.0000088917
       -0.0000795443   0.0000212857  -0.0000277593  -0.0000867504   0.0005514251
       -0.0001070925   0.0005582471   0.0003981544   0.0000352556   0.0001288060
       -0.0002774633   0.0002846129  -0.0000648946  -0.0003825509  -0.0000515020
        0.0000315726   0.0006062998   0.0000607392  -0.0001886163   0.0007343511
        0.0001095464  -0.0001182102  -0.0003024267   0.0010455333  -0.0007045211
       -0.0008136645   0.0001653229   0.0000381178  -0.0003557059   0.0003194279
        0.0001761696   0.0008067658   0.0000197235  -0.0012736569   0.0016227377
       -0.0001649154   0.0007854762  -0.0011571522   0.0016650419   0.0009026388
        0.0000165855   0.0008838622  -0.0000589662  -0.0005446952  -0.0020792953
       -0.0003131485   0.0027479755   0.0019552267   0.0013356101  -0.0002016534
       -0.0002235940   0.0002562519  -0.0012762144  -0.0014023121   0.0027772805
       -0.0017245451  -0.0067510893   0.0023907045  -0.0050512744  -0.0020841881
        0.0048688244   0.0043226495   0.0000227426  -0.0037376272  -0.0102638377
       -0.0317701158   0.0135003477  -0.0117733178  -0.0090390268  -0.0061660828
       -0.0000265979  -0.0001758552  -0.0001690650   0.0004264673   0.0005549551
       -0.0005779181  -0.0009863715  -0.0025522685   0.0002082406  -0.0002240382
       -0.0000564174  -0.0001466821  -0.0004716369   0.0035505983   0.0013610221
        0.0033161748  -0.0088348890   0.0031589432   0.0426834667  -0.0064230178
        0.0087265991   0.0407871762   0.1008818677  -0.0442912383   0.0013256733
       -0.0056677667   0.0001760997  -0.0508558681  -0.0380425182   0.0169790014
       -0.0001049511   0.0000546270   0.0000623767  -0.0000458804   0.0001057012
       -0.0000626996  -0.0000882765   0.0000903404  -0.0000577248  -0.0000109551
       -0.0000057997   0.0000146712  -0.0000862741   0.0000536410   0.0000418438
       -0.0000929491  -0.0000346479   0.0000432690   0.0000034269  -0.0000441097
       -0.0000389213  -0.0002077154   0.0001807364   0.0000375700   0.0000275922
       -0.0001340874   0.0002229510  -0.0030108610   0.0010466898   0.0003660246
       -0.0001593367  -0.0000765693   0.0000431898   0.0000363456   0.0000198018
        0.0000856761  -0.0000561499  -0.0000893937   0.0000467015  -0.0002894667
        0.0005265978   0.0004708406  -0.0098255127   0.0027116631  -0.0013905971
       -0.0000389044   0.0000610952   0.0000938326  -0.0000428068  -0.0000285287
        0.0002014804   0.0001295191   0.0001791002  -0.0001112536   0.0003740494
       -0.0000678472  -0.0000912741  -0.0002178205  -0.0000581583  -0.0001333682
        0.0000666154  -0.0000308270  -0.0000243829  -0.0000869903   0.0001276123
        0.0000352007   0.0000826733  -0.0000686112  -0.0000038245  -0.0003616957
       -0.0000928146  -0.0000417968   0.0000643426   0.0001440689   0.0001737594
       -0.0002646707  -0.0000495628   0.0000303835  -0.0000155295  -0.0001192449
        0.0000868713   0.0004111263  -0.0001365196  -0.0000430573   0.0002490398
        0.0001529388  -0.0000152329  -0.0002435109   0.0002010100  -0.0004610615
        0.0000595100   0.0006823318   0.0006415555   0.0001176312  -0.0000059980
        0.0003106287   0.0000666563  -0.0000631815  -0.0004731680  -0.0003066099
        0.0009493083  -0.0002962791  -0.0007125333   0.0005904173  -0.0002139005
       -0.0002042171  -0.0000011112  -0.0003567261  -0.0003130736  -0.0007395393
       -0.0003557198   0.0005365671  -0.0000311192   0.0000547988   0.0006839732
        0.0002219240  -0.0001004615  -0.0019344359  -0.0003302954   0.0025354791
        0.0011047839  -0.0017822483  -0.0001679654   0.0086057043   0.0059915524
       -0.0068749931   0.0022034628   0.0003819092  -0.0021649505   0.0178370217
        0.0200945866  -0.0211941336   0.0183330003  -0.0014674779  -0.0217559252
       -0.0000986400   0.0000699726  -0.0002961943  -0.0003192135  -0.0002286408
        0.0001096467  -0.0000833349  -0.0000726985  -0.0005137335   0.0002786961
       -0.0000930803   0.0002268427   0.0011077864  -0.0003143689   0.0006851928
       -0.0001272004   0.0034009161  -0.0018690673  -0.0431381969   0.0111169799
       -0.0169854648  -0.0214764747  -0.0442912383   0.0844550282   0.0016902276
       -0.0031773634  -0.0000498390   0.0205927376   0.0111171555  -0.0201242062
        0.0000379475   0.0000303616  -0.0000295301  -0.0000010413   0.0000768302
       -0.0000459905   0.0000909342  -0.0000380168   0.0000533267   0.0000797356
        0.0000194716  -0.0000411034   0.0000312307  -0.0000776478  -0.0000070181
       -0.0000046253   0.0000526618   0.0000163679   0.0000227318   0.0000668781
       -0.0000238075   0.0000704683  -0.0001537798   0.0002717015  -0.0000495232
       -0.0001009051   0.0002338594  -0.0109140499  -0.0028148723   0.0024907444
        0.0000987267   0.0001522246   0.0000285100  -0.0000116800  -0.0000185747
       -0.0000623176  -0.0000054704  -0.0001718472  -0.0001198793  -0.0002534891
        0.0003201287  -0.0006122870   0.0061988390   0.0004246831   0.0029247031
       -0.0002339379   0.0001509104   0.0000588289  -0.0001723615  -0.0003774207
        0.0001416504  -0.0001168984   0.0000117842  -0.0002186802  -0.0002019749
        0.0001789438  -0.0000604205   0.0002935930   0.0003124471   0.0001670954
        0.0002180994  -0.0001964929   0.0001233817  -0.0001217846  -0.0000430450
        0.0000767191  -0.0000967148   0.0000948884   0.0000039667  -0.0002321305
        0.0001653188  -0.0004189990  -0.0000864759   0.0000255435   0.0000114255
        0.0002686877  -0.0002149998   0.0000598239   0.0000678881  -0.0000250440
       -0.0000888402  -0.0003728048  -0.0000187322  -0.0000321234  -0.0005565522
       -0.0000032566  -0.0000329448  -0.0006777753  -0.0001039802   0.0008998330
        0.0008364916  -0.0003408768  -0.0000743834   0.0001335703  -0.0000582664
       -0.0002477498   0.0001242485  -0.0001200092   0.0001156289  -0.0007462782
       -0.0006786865   0.0000788297  -0.0000891599  -0.0000210820  -0.0000194863
        0.0001352568  -0.0004962393   0.0002465056   0.0003337768   0.0007378457
        0.0000114632  -0.0004361502  -0.0005905651  -0.0005951217   0.0000677393
       -0.0000685556   0.0002394375   0.0030577656   0.0013889084   0.0002595421
        0.0001877281   0.0021328663  -0.0000080333   0.0019006209  -0.0000702718
       -0.0011429989   0.0003598081   0.0004966314  -0.0002949822  -0.0117359370
        0.0005335474  -0.0011331824  -0.0007320072  -0.0008996531   0.0004575436
       -0.0006707214  -0.0003680142   0.0000492067  -0.0004624975   0.0000022706
        0.0004439604   0.0014072516  -0.0067568336  -0.0005507415   0.0000428192
        0.0010484620   0.0001322060  -0.0257709861  -0.0278803072  -0.0039707264
       -0.0980248892  -0.0764024148   0.0118084756  -0.0924692480   0.0568266475
        0.0079601589  -0.0015178025   0.0013256733   0.0016902276   0.4151823796
        0.0975618912   0.0307597056  -0.0041153168   0.0041466105  -0.0048517126
        0.0000860350   0.0000110984  -0.0001177226   0.0000837903  -0.0000598777
        0.0000517963   0.0000893133  -0.0000397181   0.0001177633   0.0000730077
        0.0000360978  -0.0000891536   0.0000966463  -0.0000958878   0.0000205996
        0.0000115838  -0.0000350229  -0.0001612437   0.0000354445   0.0001213197
        0.0000015110   0.0000675536  -0.0001879201   0.0000683984  -0.0000065034
        0.0002246910  -0.0001066386  -0.0000184703   0.0001663265   0.0001622449
        0.0001954138  -0.0001326347  -0.0002110331  -0.0003040911  -0.0002289778
       -0.0001600857   0.0013727369   0.0124279880   0.0016049346  -0.1866774342
       -0.0621259467  -0.0443152228  -0.0000823459  -0.0014879791   0.0010793626
       -0.0001509182   0.0003536636   0.0002086403  -0.0003147968   0.0001803301
        0.0002829358  -0.0000678075   0.0002424068  -0.0002674556   0.0017231051
       -0.0003988994  -0.0002046449  -0.0003209781  -0.0005360428  -0.0002478147
        0.0000138366  -0.0002098035   0.0000000320   0.0000209459   0.0001807031
        0.0000009796   0.0000115678   0.0000169836   0.0000048005  -0.0000447312
       -0.0000921109   0.0005032314  -0.0003114282   0.0001126304   0.0001650819
       -0.0007290439   0.0002745605  -0.0000815640  -0.0006480648  -0.0005971199
        0.0001937333   0.0009095269  -0.0000426212   0.0001676310   0.0009113322
        0.0004403683   0.0000594603  -0.0012135641   0.0008628221  -0.0007557745
       -0.0005314619   0.0005721978  -0.0000999557   0.0000703563   0.0004104969
        0.0003963600   0.0000352818  -0.0001330285   0.0001106225   0.0010703099
        0.0011610901   0.0002196560   0.0006850704   0.0004429957  -0.0003614345
        0.0000243297   0.0014684063  -0.0008217879  -0.0013244522  -0.0030711977
       -0.0001392271   0.0027875677   0.0014321995  -0.0003448358   0.0000444058
       -0.0002429476   0.0005336789  -0.0044082145  -0.0010297996   0.0035393335
        0.0030485579  -0.0043263417   0.0007335480  -0.0029361453  -0.0002113963
        0.0009839446  -0.0021661721  -0.0005197450   0.0009793202   0.0027604308
        0.0023925071  -0.0021549201   0.0003130173   0.0028669041   0.0010805158
        0.0006872452  -0.0005333587   0.0001703870   0.0007205674   0.0038560401
       -0.0007498876  -0.0127938218  -0.0167571668  -0.0034343700   0.0001302666
        0.0008620250   0.0002160305   0.0227462465  -0.0307322976  -0.0166576927
       -0.0703273928  -0.0311268497   0.0186795420   0.0283135096  -0.0250206127
       -0.0157585473  -0.0037818234  -0.0056677667  -0.0031773634   0.0975618912
        0.1547606068   0.0243771653  -0.0008685036  -0.0019240119   0.0119392694
        0.0000271854   0.0000256950  -0.0000996351  -0.0000326852   0.0001104023
       -0.0001929849   0.0000900473   0.0000080333   0.0000871422   0.0001247370
        0.0000386485  -0.0000703917   0.0000042843  -0.0000815958   0.0000280724
        0.0000079343   0.0000102474  -0.0000568643  -0.0000543625   0.0001307311
       -0.0001763992  -0.0001029570  -0.0001347138  -0.0000055637   0.0000021919
       -0.0001714649   0.0005257170   0.0009176811   0.0001537460   0.0000073689
       -0.0003813005   0.0000570694  -0.0001169761   0.0001195698   0.0000996044
        0.0001286463  -0.0011189798  -0.0131618586  -0.0030815937  -0.0618234494
       -0.0349624037  -0.0160731739   0.0005700548  -0.0018389604  -0.0011919883
        0.0000079064  -0.0000957415  -0.0000476314   0.0000568960  -0.0000268697
       -0.0000529463   0.0000112552  -0.0000383454   0.0000175659  -0.0004932124
        0.0001050103   0.0000660093   0.0000023424   0.0000458811  -0.0000400179
        0.0000703128   0.0000111349  -0.0001037543  -0.0000372239   0.0000239259
        0.0000814976  -0.0000315680  -0.0000320504  -0.0000125814   0.0001421166
       -0.0001018677   0.0000970158  -0.0000948826  -0.0000064815  -0.0000280654
        0.0002695461  -0.0001545108   0.0000014301   0.0002102574   0.0001404821
        0.0000199177  -0.0000671438  -0.0000203262  -0.0001167532  -0.0003628026
       -0.0001650123   0.0000089505   0.0005805784   0.0003663809  -0.0005042035
       -0.0004380333  -0.0001215747   0.0000029739   0.0002196420  -0.0000783602
        0.0001401162  -0.0002368978   0.0000980264   0.0002233842   0.0004574777
       -0.0003291365  -0.0000634377   0.0002765825  -0.0000652354  -0.0001389257
       -0.0000834877  -0.0003287303   0.0002519606   0.0000088690   0.0005641723
        0.0000581038   0.0000792936  -0.0012071595   0.0000755930   0.0003695854
        0.0000231289   0.0001184119   0.0025331994  -0.0000473788  -0.0007416942
       -0.0015011477   0.0008784662   0.0004081143   0.0004909470   0.0002128351
        0.0000388656  -0.0001728687  -0.0000081882  -0.0003774370   0.0015265677
       -0.0015266118   0.0011031518  -0.0001678808   0.0020427244   0.0009757736
       -0.0004982857   0.0000573432  -0.0002506542   0.0001608156  -0.0008557828
        0.0005711822  -0.0002280617   0.0052988415   0.0037816350   0.0002950815
        0.0001521658  -0.0002994953   0.0052551317  -0.0005616622  -0.0219577113
       -0.0022672717   0.0026201013  -0.0042609795   0.0023575249  -0.0055185802
       -0.0136433999  -0.0059256693   0.0001760997  -0.0000498390   0.0307597056
        0.0243771653   0.0612324293   0.0077868688  -0.0045727963   0.0015592491
        0.0000082716  -0.0000121676  -0.0000254992   0.0000622431   0.0000307693
        0.0000769629   0.0000181762  -0.0000190543   0.0000299320   0.0000093913
        0.0000066834  -0.0000192838   0.0000269623  -0.0000055433   0.0000125321
        0.0000034098   0.0000209123  -0.0000514834   0.0000049546   0.0000275975
        0.0000696713  -0.0000204493  -0.0000433607   0.0000544724   0.0000656809
        0.0001305141  -0.0001889639   0.0005505041  -0.0004196335   0.0001382106
        0.0000727331   0.0000239269  -0.0000186487  -0.0001395321  -0.0000841071
       -0.0000258089   0.0002252746  -0.0086716622   0.0021376456  -0.0409995232
       -0.0133825670  -0.0292618333  -0.0012101632   0.0010662093  -0.0010717100
       -0.0003947930   0.0003117371   0.0002027449  -0.0002021779  -0.0001664855
        0.0001707404  -0.0002390018   0.0002842597  -0.0002146533   0.0006894650
        0.0002332292  -0.0001656099  -0.0000144286  -0.0002243856  -0.0001625731
        0.0001062331  -0.0002241478  -0.0000883136  -0.0001710212   0.0001287040
        0.0001668230  -0.0001888097   0.0000096690  -0.0000276281  -0.0004002669
        0.0004012449   0.0000916790   0.0001141185   0.0000597193  -0.0001332854
       -0.0001844088  -0.0003155632  -0.0000308458   0.0001632508  -0.0001974756
        0.0001394878   0.0001672315   0.0001591204  -0.0000478591  -0.0002779508
        0.0001514655   0.0001041378  -0.0001935249  -0.0006335271   0.0003540118
        0.0004677211   0.0000906394  -0.0001925750  -0.0004466954  -0.0009132081
        0.0001840603   0.0005286585   0.0001704150   0.0003582975  -0.0002750309
        0.0003392159   0.0005311800   0.0006203307   0.0005752076  -0.0001843500
        0.0000453395   0.0001426312  -0.0003406192  -0.0004740465  -0.0006501798
        0.0000670382  -0.0002023473   0.0001043454  -0.0010751072   0.0008336510
        0.0002409427   0.0001750115  -0.0006273835   0.0005356204  -0.0016153737
        0.0006333983   0.0017356347   0.0006519429   0.0001852209  -0.0021826829
        0.0001178617  -0.0007067930   0.0002721684  -0.0023533287  -0.0037463888
       -0.0054107950   0.0034266590  -0.0153171356  -0.0072377171   0.0100515835
       -0.0001289123  -0.0002812971  -0.0001197387  -0.0000427288   0.0002092621
        0.0005058047  -0.0011603786   0.0002652699   0.0002446903   0.0002959486
       -0.0003274219   0.0004988674   0.0016149260   0.0024942856   0.0011282349
       -0.0018880476   0.0015917993  -0.0012785772  -0.0096230714  -0.0493409666
        0.0322357548  -0.2237352754  -0.0508558681   0.0205927376  -0.0041153168
       -0.0008685036   0.0077868688   0.3869362151   0.1947456798  -0.1282082375
        0.0001397700  -0.0000717048  -0.0002575982   0.0001251294   0.0000360765
        0.0000848390   0.0001919958  -0.0000778612   0.0001849012   0.0001634778
        0.0000717749  -0.0001385518   0.0001197317  -0.0001516696   0.0000120283
        0.0000704472   0.0000324263  -0.0002204050   0.0000417023   0.0002318997
        0.0000493390   0.0000217493  -0.0002084338   0.0000905662  -0.0000618273
        0.0001546233   0.0000936802   0.0012039727   0.0007262037  -0.0005265835
        0.0000592643   0.0002760595  -0.0001180464  -0.0001886789  -0.0000511854
       -0.0002311206  -0.0005726250  -0.0001422942  -0.0003345097  -0.0012678898
        0.0013854110  -0.0022009207  -0.1286919922  -0.0876333673   0.0599648399
       -0.0002383952   0.0001283881   0.0000361311  -0.0002073945  -0.0003845066
        0.0002122402  -0.0001415948   0.0000443463  -0.0002621956   0.0000073333
        0.0000931907  -0.0000722457   0.0001783575   0.0003090898   0.0001463081
        0.0002882588  -0.0001313430  -0.0000667881  -0.0001937344   0.0000351588
        0.0001915183  -0.0000863005   0.0000849410  -0.0000366737   0.0000042262
       -0.0000032940  -0.0001858537   0.0000257962   0.0000779323   0.0001966810
        0.0000638304  -0.0002147445   0.0001445418  -0.0000623858  -0.0001506476
        0.0000228890  -0.0001489999  -0.0000086422   0.0000226169  -0.0003274124
       -0.0000131383  -0.0001089039  -0.0001641847   0.0001059196  -0.0002454921
        0.0001182012  -0.0002383969  -0.0000148175  -0.0001913632   0.0001840506
       -0.0003751415  -0.0002157223  -0.0002580705   0.0001584969  -0.0001076235
       -0.0000996687  -0.0003830088  -0.0002591964  -0.0000450236  -0.0003322184
       -0.0000503798  -0.0002813299   0.0002745843   0.0003667704   0.0005290735
       -0.0003032354  -0.0006531400  -0.0010582955   0.0005869601   0.0001191656
       -0.0000564184   0.0002224342   0.0010696831   0.0009835019  -0.0004811117
        0.0004446153   0.0005616104   0.0003660894   0.0011185189   0.0008828311
        0.0005243924  -0.0000279395   0.0002555618   0.0015391794  -0.0076670888
       -0.0060665200   0.0038160073   0.0064108371   0.0023337476  -0.0028321669
       -0.0003940951  -0.0001162836  -0.0003380222  -0.0007039604  -0.0011162513
        0.0001423198   0.0019723453   0.0013404366   0.0003572496   0.0003990380
        0.0004227985  -0.0003235815  -0.0017183609  -0.0021079341  -0.0018235890
       -0.0012772941  -0.0032758101   0.0037850553  -0.0258726348  -0.0885092190
        0.0754829500  -0.0836429288  -0.0380425182   0.0111171555   0.0041466105
       -0.0019240119  -0.0045727963   0.1947456798   0.2196256434  -0.1336400419
        0.0001282147  -0.0000174224  -0.0001532668   0.0001220838   0.0000115555
        0.0000677167   0.0001387434  -0.0000267614   0.0001479157   0.0000868523
        0.0000400987  -0.0000870204   0.0001297981  -0.0001189661  -0.0000081209
       -0.0000093298  -0.0000353552  -0.0001569017   0.0000952101   0.0001411640
        0.0000633519   0.0000626729  -0.0002665210   0.0000563307   0.0000045563
        0.0001682921  -0.0001632977  -0.0000594566  -0.0006308215   0.0003213269
        0.0001189281   0.0000858561   0.0000489914  -0.0001421289  -0.0001032852
       -0.0001154911   0.0001465987  -0.0000680250   0.0008194319  -0.0009040000
       -0.0000680699   0.0012052553  -0.0870458812  -0.0830078930   0.0450058614
        0.0001887362  -0.0001050410  -0.0000408979   0.0001761735   0.0000649615
       -0.0001290834   0.0001600028  -0.0000550227   0.0001183808  -0.0003248789
       -0.0000376479   0.0000510609  -0.0000896544   0.0000003602  -0.0000241909
       -0.0000601545   0.0001957899   0.0001893845   0.0000436178  -0.0000393171
       -0.0001477739   0.0000508114  -0.0000473544   0.0000348134  -0.0000900776
       -0.0000893089  -0.0001917492  -0.0000361427  -0.0000433952  -0.0001326977
        0.0001004074   0.0000686018  -0.0000668682   0.0001091127   0.0002659912
       -0.0000594132  -0.0000773102  -0.0001547893   0.0000937320   0.0002353778
       -0.0000389534   0.0000714788   0.0001405237   0.0000475899   0.0001496209
       -0.0000959404   0.0000922713  -0.0000345805   0.0001814268  -0.0000784278
        0.0002373917   0.0003310408   0.0000789448  -0.0000392057   0.0003327157
        0.0002135013   0.0001077607  -0.0001160788  -0.0003449479   0.0003503623
       -0.0000866775  -0.0002808349  -0.0001404711   0.0000283840   0.0004019047
        0.0001525687  -0.0001542561   0.0001783361  -0.0002503863  -0.0000759823
        0.0000866668  -0.0003068349   0.0006903303  -0.0005863082   0.0010178833
       -0.0010024046  -0.0001575624  -0.0001214251  -0.0003069847  -0.0005448072
       -0.0013876338  -0.0005036471   0.0006989692  -0.0002651157   0.0055805708
        0.0045821553  -0.0022908402  -0.0038519107  -0.0012460250   0.0046238869
        0.0002233570   0.0003951424   0.0001947644   0.0001577471  -0.0000724360
       -0.0002605288  -0.0005617583   0.0004598368  -0.0003217285  -0.0001180688
       -0.0003177041   0.0000869604   0.0004344672  -0.0006344823   0.0022103319
       -0.0025228665  -0.0012926108  -0.0008841742   0.0173892764   0.0573693474
       -0.0696813352   0.0541234566   0.0169790014  -0.0201242062  -0.0048517126
        0.0119392694   0.0015592491  -0.1282082375  -0.1336400419   0.1384978257
       -0.0000774416   0.0000355576   0.0001239032  -0.0000648805  -0.0000126235
       -0.0000380158  -0.0000904405   0.0000107309  -0.0000785694  -0.0000765407
       -0.0000459557   0.0000676704  -0.0000642726   0.0000702023   0.0000048268
        0.0000280679   0.0000329724   0.0001099497  -0.0000687178  -0.0001064219
       -0.0000436366   0.0000681252   0.0001424560  -0.0001035577  -0.0000154982
       -0.0001043782   0.0000846305   0.0002272151   0.0004443090  -0.0003215889
        0.0000493074   0.0000033744   0.0000108009   0.0001065029   0.0000665925
        0.0000929682  -0.0000565176   0.0000693511  -0.0007265239   0.0013948695
       -0.0000014122  -0.0007525439   0.0610974300   0.0450836222  -0.0512766291
       -0.0396955900  -0.0299784538   0.0566600869  -0.0031979433  -0.0027473046
        0.0008654502   0.0010521914   0.0015952547  -0.0003032560  -0.0090071340
       -0.0027249806   0.0123500230  -0.0008455725  -0.0001761485  -0.0000179549
       -0.0002607804   0.0000871361  -0.0004391310  -0.0000388831   0.0001680402
        0.0001604223  -0.0000849378  -0.0000154761   0.0000258282   0.0004323835
        0.0003274641   0.0002825050   0.0000190315  -0.0000567893   0.0000496443
        0.0019486619  -0.0005383193  -0.0004931176   0.0002215869   0.0004684666
       -0.0003242972   0.0006274204  -0.0005045488   0.0001211639  -0.0000846870
       -0.0001583288  -0.0001979147  -0.0000657373   0.0002143401  -0.0000137718
       -0.0002331546  -0.0000808093  -0.0001952004  -0.0000871094   0.0000008420
        0.0000501750   0.0000257130  -0.0001270318  -0.0000613678   0.0002038800
        0.0001085553   0.0000559498   0.0000230588   0.0001487989   0.0000482578
        0.0001389900  -0.0001401130  -0.0001142741  -0.0000240969   0.0001147168
        0.0003759642   0.0000609322  -0.0001270284  -0.0000936177  -0.0001160965
       -0.0000101446  -0.0001175543   0.0000568747   0.0000344605  -0.0000183634
       -0.0000759502  -0.0000349171   0.0001171061  -0.0001301175  -0.0001490283
        0.0000744346  -0.0000792514   0.0000155631  -0.0000450827   0.0001546074
        0.0000740269  -0.0000681010   0.0000195246   0.0000434515  -0.0001167320
       -0.0000409035   0.0000206856   0.0000925956   0.0001589254  -0.0000943852
       -0.0000108002  -0.0000319616  -0.0000111675   0.0000456344   0.0000633898
       -0.0000160958   0.0000494592   0.0000792870  -0.0000170615  -0.0000262757
       -0.0000348993  -0.0000330649  -0.0000449420  -0.0001057889  -0.0000551353
        0.0000896632  -0.0001030954  -0.0001049511   0.0000379475   0.0000860350
        0.0000271854   0.0000082716   0.0001397700   0.0001282147  -0.0000774416
        0.0443159364   0.0262959914  -0.0592653292   0.0044777140   0.0082097540
       -0.0094884053   0.0000732262  -0.0004681344   0.0001682807   0.0001972847
        0.0000813412  -0.0002205782   0.0000571515  -0.0000618333   0.0000076861
       -0.0000156848  -0.0000099515  -0.0000817212  -0.0000547477   0.0001891940
        0.0001028785   0.0000012790  -0.0000617718   0.0000034577  -0.0000286036
        0.0001160410   0.0000447985   0.0000051703   0.0000066658   0.0000397192
        0.0000114092   0.0000777311  -0.0000510444  -0.0000524729  -0.0000121450
       -0.0000522550  -0.0000512473   0.0000292809   0.0000142854  -0.0000587821
       -0.0000206890  -0.0000280409  -0.0000462061  -0.0000473940   0.0000248815
       -0.0287514721  -0.0495197023   0.0673810639  -0.0018971734  -0.0084687103
        0.0100447890  -0.0014102297   0.0014095661   0.0013659912   0.0062153105
        0.0036055004  -0.0040056626   0.0000086343  -0.0002146991   0.0005692547
        0.0002305941   0.0017863490  -0.0016980532  -0.0001881987  -0.0004374858
       -0.0002976602  -0.0001008340  -0.0000800691   0.0001016491   0.0008537140
        0.0002196474   0.0000535903  -0.0000933087   0.0002273641   0.0000283633
       -0.0016328013  -0.0001974559   0.0002824625   0.0004448846  -0.0002007597
        0.0004724972  -0.0001488432  -0.0002366524   0.0003351146  -0.0011107997
        0.0002660600  -0.0000202399   0.0004089232  -0.0001087604   0.0000566291
        0.0000065056   0.0000676118   0.0001689050  -0.0001632723  -0.0000178443
       -0.0001460555   0.0001265688   0.0000363216   0.0001542906  -0.0001538128
       -0.0000452569   0.0000391455  -0.0000027360  -0.0000508183  -0.0000663236
        0.0003817812   0.0002257021   0.0000926893   0.0003392281  -0.0002195407
       -0.0002522071  -0.0000358781   0.0001056949   0.0001392513   0.0000441092
       -0.0000246554   0.0000862982  -0.0001546607   0.0000578197  -0.0000285956
        0.0002222534   0.0000681889  -0.0002273702   0.0001110712  -0.0000523468
       -0.0000333450   0.0000546561  -0.0000161230  -0.0000298064  -0.0001247053
       -0.0000434171   0.0000742624  -0.0000972475  -0.0000413257   0.0001177168
       -0.0000076168  -0.0000739780  -0.0001332547  -0.0001565631   0.0000163017
        0.0000900288   0.0000647854   0.0000790615  -0.0000259182  -0.0000026899
        0.0000111775  -0.0000008799  -0.0000160192  -0.0000176929   0.0000446764
       -0.0000445236  -0.0000584356  -0.0000388322   0.0000489658   0.0001198760
       -0.0001120915   0.0001710600   0.0000546270   0.0000303616   0.0000110984
        0.0000256950  -0.0000121676  -0.0000717048  -0.0000174224   0.0000355576
        0.0262959914   0.0537872023  -0.0805464045  -0.0003017674  -0.0020858431
        0.0058937000   0.0002144874  -0.0001801838   0.0000142509  -0.0000409235
        0.0000558881   0.0000759951   0.0000433720   0.0000053432   0.0000057936
        0.0000634413   0.0000111207  -0.0000147717   0.0003529553   0.0002192662
       -0.0001158944   0.0000283684  -0.0000196192   0.0000168673  -0.0000914571
        0.0000200331  -0.0000040198   0.0000258193  -0.0000355890   0.0000032992
        0.0000425979   0.0000159995   0.0000054281   0.0000040986  -0.0000000071
       -0.0000092775  -0.0000139260  -0.0000213908   0.0000063725   0.0000010961
       -0.0000178090   0.0000260800  -0.0000032064   0.0000061762   0.0000064562
        0.0524556321   0.0719432215  -0.1590384750  -0.0005265233  -0.0025980476
        0.0011278814   0.0007860343   0.0017525557   0.0002426905   0.0079514890
        0.0031262502  -0.0052089521  -0.0009618678  -0.0006224296  -0.0004635803
        0.0000671929   0.0004153417  -0.0008105091  -0.0001037845  -0.0003172185
       -0.0003464641   0.0001527245  -0.0002171220  -0.0000629058   0.0007307403
        0.0001355744   0.0006944514  -0.0000708011   0.0002478798  -0.0001122571
       -0.0014465884   0.0004495160   0.0004629640   0.0000273282  -0.0000419319
        0.0002216837  -0.0000730625  -0.0001388009   0.0004271115  -0.0006204756
        0.0002244593  -0.0000218824   0.0004956228   0.0000596246  -0.0000143859
       -0.0002248102   0.0000023851   0.0000396909  -0.0001180876   0.0001927312
       -0.0002296960   0.0000178145  -0.0000651719   0.0000876440   0.0000399265
       -0.0000129783   0.0000670504   0.0000102308  -0.0002623886  -0.0000332139
        0.0002001704   0.0003344695   0.0000616112   0.0002373518  -0.0002187747
       -0.0002422032  -0.0002494062   0.0001115734   0.0000893556   0.0000766763
        0.0000365107   0.0001569379  -0.0001465524   0.0000153589  -0.0000538886
        0.0001476684   0.0000734939  -0.0001574409   0.0000292905  -0.0000581360
        0.0000199524   0.0000594777   0.0000067729  -0.0000106328  -0.0000660152
       -0.0001232156  -0.0000374380  -0.0000142305   0.0000311654   0.0002075366
        0.0000758250   0.0000339612  -0.0000700759  -0.0001227661   0.0001139416
       -0.0000602150   0.0000238801  -0.0000115943  -0.0000608145  -0.0001350763
       -0.0000434968  -0.0000715936  -0.0001481626   0.0000655435   0.0000816998
        0.0000565271   0.0000140407   0.0000143661   0.0000527522   0.0002069312
       -0.0000733453   0.0002441180   0.0000623767  -0.0000295301  -0.0001177226
       -0.0000996351  -0.0000254992  -0.0002575982  -0.0001532668   0.0001239032
       -0.0592653292  -0.0805464045   0.1703232195   0.0008183675   0.0067685500
       -0.0077979880  -0.0000702385  -0.0003499847  -0.0000416788  -0.0002850570
       -0.0000831085   0.0004346069  -0.0000915362   0.0000969896   0.0000051927
        0.0000740669  -0.0000062543   0.0002173279   0.0001091978  -0.0003805382
       -0.0000154020  -0.0000203678   0.0001417609  -0.0000017918  -0.0001087277
       -0.0002084565  -0.0000428479  -0.0000513523  -0.0000453981  -0.0001132793
       -0.0000401159  -0.0001646943   0.0001044002   0.0000981397   0.0000297420
        0.0000946956   0.0000908135  -0.0000491170  -0.0000396527   0.0001034646
        0.0000436898   0.0000416171   0.0001037324   0.0000817530  -0.0000599513
       -0.0607929221   0.0235340463  -0.0278723904  -0.0297731401  -0.0083074799
        0.0020432740   0.0002991838   0.0002584096  -0.0002046764  -0.0073515030
        0.0006396125  -0.0060950412  -0.0004324291  -0.0007966789   0.0006179435
       -0.0002954499  -0.0008449456  -0.0000509623   0.0000124746   0.0003114657
        0.0002089120  -0.0000806947   0.0002283725  -0.0000149830  -0.0006354105
       -0.0003907404  -0.0002383229  -0.0000144732  -0.0001483496   0.0000745871
       -0.0019647512  -0.0005357326   0.0013918933  -0.0022244336   0.0011024275
        0.0009970010  -0.0004082242   0.0004266603  -0.0002470974   0.0009205833
       -0.0000010909   0.0005121497  -0.0001804452  -0.0001979985  -0.0000052457
        0.0003124145   0.0000766857   0.0001819063  -0.0001002498   0.0000093345
        0.0001133982   0.0000055751   0.0000659365  -0.0000300835  -0.0001130085
        0.0000461518  -0.0000405063   0.0000143093   0.0001969608   0.0000032374
       -0.0003989971  -0.0001227979  -0.0004553236  -0.0002625611   0.0000425600
       -0.0000004719   0.0000665275   0.0000024074  -0.0000696582   0.0002290432
       -0.0000683476   0.0001260134  -0.0000195548  -0.0000570804   0.0000380118
        0.0002113908   0.0000989032   0.0000628788  -0.0000086824   0.0000203369
       -0.0000172867  -0.0000626207  -0.0000430755   0.0000124065  -0.0000004335
       -0.0000173627  -0.0000414288  -0.0000272881  -0.0000102666  -0.0000838308
       -0.0000244413  -0.0000771511   0.0000160468  -0.0000445813   0.0000844655
        0.0000014202  -0.0000546127  -0.0001117201  -0.0000481703   0.0001133644
       -0.0000238687   0.0001129662   0.0001126341   0.0000106094  -0.0000242886
        0.0000801489   0.0000749803  -0.0000450896  -0.0000503415  -0.0000608184
        0.0000360326  -0.0000716914  -0.0000458804  -0.0000010413   0.0000837903
       -0.0000326852   0.0000622431   0.0001251294   0.0001220838  -0.0000648805
        0.0044777140  -0.0003017674   0.0008183675   0.0974379115  -0.0150399469
        0.0280870926   0.0005426801  -0.0001330456   0.0003996657   0.0002823511
        0.0000421887  -0.0002510517   0.0000831872  -0.0001025357   0.0000319742
       -0.0000178790   0.0000187078  -0.0001046883   0.0001187694   0.0000878447
       -0.0000880061   0.0000209506  -0.0001108933   0.0000076082   0.0000868829
        0.0000280056   0.0001206660   0.0000411582   0.0000235947   0.0000881293
       -0.0000049117   0.0000955815  -0.0000558062  -0.0000624223  -0.0000138442
       -0.0000637225  -0.0000647049   0.0000268113   0.0000380368  -0.0000677515
       -0.0000193227  -0.0000328569  -0.0000675640  -0.0000597177   0.0000430488
       -0.0040884090  -0.0095632320   0.0078242160   0.0093958350   0.0007681296
       -0.0018601054  -0.0038723245  -0.0056763981   0.0012621495   0.0141252281
       -0.0014350437  -0.0017466654   0.0007977060   0.0003466790   0.0012167968
       -0.0070610911  -0.0058335402   0.0020426391   0.0000288429   0.0015998806
        0.0007525008   0.0001008861   0.0000441536   0.0003110431  -0.0008106158
       -0.0013967657  -0.0006642336  -0.0000467300  -0.0000734561  -0.0000535849
       -0.0007631207   0.0004532458  -0.0004174270  -0.0009297529  -0.0015483093
        0.0000784997  -0.0013930867   0.0009999837  -0.0008025647  -0.0006292541
        0.0002392089  -0.0002909707   0.0000846772  -0.0005881296   0.0007641539
        0.0008021326   0.0006675227   0.0004755438  -0.0005530568  -0.0004968700
       -0.0001911675   0.0000744653   0.0003000089   0.0000662181  -0.0002985070
       -0.0001946332  -0.0003368447  -0.0000149985   0.0000616993   0.0000218734
        0.0001413183   0.0001394010  -0.0000487537   0.0002289883  -0.0001028438
        0.0001218276  -0.0002076112  -0.0000844354  -0.0000771165   0.0000690112
       -0.0000852271   0.0001148354   0.0000249799  -0.0000334806   0.0000625242
        0.0003914096   0.0003623725  -0.0001033837   0.0001447774   0.0000036178
       -0.0001042064  -0.0000037729  -0.0000155153  -0.0000251508  -0.0003010956
       -0.0001232531   0.0000713270  -0.0000773721  -0.0001127950   0.0000902786
        0.0000010228  -0.0000597550  -0.0001543706  -0.0001450735  -0.0000235494
        0.0000730195  -0.0000133845   0.0000303245  -0.0000211709   0.0000823830
        0.0000484805   0.0000277448   0.0000386601  -0.0000537751   0.0000473069
        0.0000410507   0.0000699053   0.0000029511   0.0001115425  -0.0000931855
       -0.0001268138   0.0001076932   0.0001057012   0.0000768302  -0.0000598777
        0.0001104023   0.0000307693   0.0000360765   0.0000115555  -0.0000126235
        0.0082097540  -0.0020858431   0.0067685500  -0.0150399469   0.0234991736
       -0.0141329249   0.0008885838  -0.0000266340  -0.0004619907   0.0001971830
        0.0000001770  -0.0005950024   0.0000078985  -0.0000826387  -0.0000518935
       -0.0000260273   0.0000471511  -0.0001186386   0.0002408062  -0.0000672737
        0.0000785984   0.0000218001  -0.0000608470   0.0000032844   0.0000135284
        0.0000174671   0.0000061055   0.0000326302  -0.0000066029   0.0000371455
        0.0000189214   0.0000700966  -0.0000118152  -0.0000325558  -0.0000109700
       -0.0000307467  -0.0000242731  -0.0000101355   0.0000012050  -0.0000293171
       -0.0000250947  -0.0000066311  -0.0000385377  -0.0000261058   0.0000168593
       -0.0119410750   0.0152562647  -0.0248455859  -0.0199488659  -0.0080102613
       -0.0004830295   0.0075537647   0.0075357291  -0.0018856711   0.0100669275
       -0.0056822334   0.0001141958  -0.0019027711  -0.0008279635  -0.0013010994
       -0.0003896904   0.0013386435   0.0001541056  -0.0000984458  -0.0002902163
        0.0000157990  -0.0000643840  -0.0000633494  -0.0001997286  -0.0001994702
        0.0002710486   0.0006850501   0.0001452709  -0.0001618756   0.0001118765
       -0.0002380692   0.0001180071   0.0007447039  -0.0015657610   0.0004991019
       -0.0003342750  -0.0003816589  -0.0002502077   0.0006406676   0.0024207891
       -0.0003996223   0.0000112513  -0.0002272242  -0.0000685355  -0.0001345822
       -0.0003112698  -0.0001853501   0.0001403362  -0.0000947309   0.0001637090
       -0.0002532788  -0.0000634873  -0.0001545233  -0.0001147204   0.0002994809
        0.0001256998   0.0001186825  -0.0000096538   0.0001099010   0.0001059834
       -0.0005410080   0.0000298567  -0.0003889846  -0.0009122073   0.0000103561
        0.0000266292   0.0001126074  -0.0000294829  -0.0001619623   0.0003556536
       -0.0000733445   0.0002909439   0.0000560476  -0.0000541907   0.0000410264
       -0.0000205482   0.0001268300   0.0000225951  -0.0001876233  -0.0001342086
        0.0001469899  -0.0000824866  -0.0000155537  -0.0000019389   0.0001262047
       -0.0000354478  -0.0001713333   0.0001071467   0.0000042485  -0.0001682345
        0.0001514571  -0.0000380743   0.0000991205  -0.0000536305   0.0002751843
       -0.0000821273  -0.0002005903  -0.0002522078  -0.0001307279   0.0000572064
       -0.0000887684   0.0001229082   0.0001053028   0.0001698094   0.0000191466
        0.0001941705   0.0001052161   0.0000120838  -0.0000866248  -0.0001278344
        0.0001186912  -0.0001988284  -0.0000626996  -0.0000459905   0.0000517963
       -0.0001929849   0.0000769629   0.0000848390   0.0000677167  -0.0000380158
       -0.0094884053   0.0058937000  -0.0077979880   0.0280870926  -0.0141329249
        0.0345291019  -0.0004667789  -0.0011138936   0.0004097061   0.0002411952
        0.0001160683  -0.0001901656   0.0000439433  -0.0000175230   0.0000328163
       -0.0000412376   0.0000366817  -0.0000357833  -0.0004592551   0.0001350992
       -0.0000206255  -0.0000048952  -0.0000243927  -0.0000113683   0.0001081410
       -0.0000642009   0.0001017140  -0.0000034763   0.0000474786   0.0000316452
       -0.0001034010   0.0000547553  -0.0000664074  -0.0000323675   0.0000106383
       -0.0000238646  -0.0000130250   0.0000344645   0.0000215571  -0.0000140928
        0.0000379535  -0.0000755373  -0.0000219978  -0.0000222907   0.0000167360
        0.0001411460  -0.0004817824  -0.0003289923   0.0018123792  -0.0009976772
        0.0012837506  -0.1026127720   0.0167860164  -0.0894796865  -0.0000878545
       -0.0005263434   0.0002377585  -0.0085868656  -0.0003725644  -0.0124984689
        0.0011010847  -0.0000800130   0.0026442823  -0.0002915457  -0.0004140545
        0.0000908013  -0.0000278091   0.0001603501  -0.0003626420  -0.0009831066
        0.0000803221  -0.0001125193   0.0000061882  -0.0001301903   0.0001568934
       -0.0003274254  -0.0001249481  -0.0000037603  -0.0002339081   0.0005202593
       -0.0002008821   0.0002598503  -0.0001578690  -0.0000524941   0.0004085125
       -0.0001126661  -0.0000010068   0.0000284228  -0.0000669453  -0.0001691442
       -0.0004509973  -0.0003281949  -0.0002230913  -0.0000001628   0.0003721915
       -0.0003393104  -0.0001176876  -0.0001327379  -0.0000815803   0.0000762123
        0.0000545003   0.0000430305   0.0000349813   0.0001972153   0.0000254776
       -0.0001344359  -0.0000485353   0.0000540947  -0.0000291649  -0.0000436042
       -0.0000998221   0.0000539770   0.0000210479   0.0001118797   0.0000900638
       -0.0000442188   0.0000126374  -0.0000593298  -0.0000053073   0.0000213970
        0.0000016928  -0.0000286529  -0.0000824384  -0.0000527461  -0.0000748631
        0.0001098241   0.0000000718   0.0000295357  -0.0000670136   0.0000572808
        0.0000999497   0.0000286028  -0.0000478929  -0.0000264449  -0.0001166380
       -0.0000943715  -0.0000369418  -0.0000978362  -0.0000508373  -0.0000922925
        0.0000680235   0.0000316508   0.0000668548   0.0000378526   0.0001058714
        0.0000428588   0.0000455305   0.0000699787  -0.0000650419  -0.0000307079
       -0.0000267966  -0.0000155250  -0.0000474684  -0.0000451498  -0.0001209540
        0.0000062940  -0.0001594489  -0.0000882765   0.0000909342   0.0000893133
        0.0000900473   0.0000181762   0.0001919958   0.0001387434  -0.0000904405
        0.0000732262   0.0002144874  -0.0000702385   0.0005426801   0.0008885838
       -0.0004667789   0.1088711699  -0.0151894506   0.0995931938   0.0002873216
        0.0000850832   0.0000824586   0.0001241829  -0.0001847437   0.0001842210
       -0.0000346876   0.0000350112  -0.0001348352   0.0001029747   0.0001218240
        0.0000793927   0.0000247908  -0.0001386142   0.0000399250   0.0000214342
        0.0001004117   0.0000123032   0.0000757390   0.0000313990   0.0001026012
        0.0000523883   0.0000904543  -0.0000289111  -0.0000663347  -0.0000195773
       -0.0000589254  -0.0000664586   0.0000228926   0.0000354009  -0.0000690048
       -0.0000420936  -0.0000192757  -0.0000797872  -0.0000589153   0.0000481713
        0.0007569212   0.0008637413  -0.0002943863   0.0070557153  -0.0041168738
        0.0146448163   0.0180500311  -0.0205178179   0.0192895602  -0.0019083672
        0.0016576091   0.0000448374  -0.0060353783   0.0011776261  -0.0037010873
       -0.0038201300  -0.0011389899  -0.0063276264  -0.0005054727   0.0006902005
        0.0006814574  -0.0000489503  -0.0003444222   0.0001504203   0.0012657344
        0.0009884683  -0.0008980002  -0.0001553833   0.0001733292   0.0001519283
        0.0009198760  -0.0001382369  -0.0000762490   0.0010540193  -0.0006783894
        0.0001641060  -0.0002004000  -0.0003077603   0.0000563699  -0.0009323126
       -0.0000210201   0.0000461259   0.0002928606   0.0000839608   0.0000707728
       -0.0006201646  -0.0002001454  -0.0000698251   0.0002572312   0.0001533276
        0.0003256109   0.0002055776  -0.0000706694   0.0000107143  -0.0002112344
        0.0000560660   0.0002070619  -0.0001038898  -0.0001415479  -0.0001557722
        0.0001056102  -0.0000339196  -0.0000480372   0.0001480666   0.0003463472
        0.0001570064   0.0000862322  -0.0001055073  -0.0000519510  -0.0000243260
        0.0000315764  -0.0000735027   0.0000206029   0.0000487790  -0.0000323096
       -0.0000032033   0.0000574761  -0.0000972652   0.0000893619  -0.0000854977
       -0.0000426876   0.0000438676  -0.0000120736   0.0001192105  -0.0000477919
       -0.0000187097  -0.0000263243  -0.0000248089  -0.0000474404   0.0000588755
       -0.0000568479   0.0000885738   0.0000603130   0.0000533423  -0.0000684833
       -0.0000931007   0.0000072529   0.0000284128   0.0000314974  -0.0000101409
        0.0000224545  -0.0000067510  -0.0000632271  -0.0000077475   0.0000267082
       -0.0000273878  -0.0000359650   0.0000309581   0.0000167128  -0.0000551050
       -0.0000023185   0.0000475945   0.0000903404  -0.0000380168  -0.0000397181
        0.0000080333  -0.0000190543  -0.0000778612  -0.0000267614   0.0000107309
       -0.0004681344  -0.0001801838  -0.0003499847  -0.0001330456  -0.0000266340
       -0.0011138936  -0.0151894506   0.0216267066  -0.0225772135  -0.0000062971
        0.0000107338   0.0000563360  -0.0000160631   0.0001018673  -0.0001609632
        0.0000713759  -0.0000106933   0.0000875727   0.0000078689   0.0000324932
       -0.0001808927   0.0000179452   0.0000620066  -0.0000054183   0.0000123636
        0.0000176447  -0.0000132234   0.0000012709  -0.0000106879  -0.0000460952
       -0.0000046098  -0.0000402628   0.0000051183   0.0000437790   0.0000064890
        0.0000229652   0.0000275952  -0.0000198952  -0.0000186849   0.0000388003
        0.0000033262   0.0000242678   0.0000369871   0.0000338507  -0.0000147065
       -0.0007631617   0.0004580274   0.0000455155  -0.0048890927   0.0039692685
       -0.0067048795  -0.0907080672   0.0175360900  -0.1198802875   0.0005779123
       -0.0001183496  -0.0002500581   0.0007503639   0.0012106752   0.0026821183
       -0.0045726596  -0.0001958784  -0.0070646831  -0.0007664476   0.0011410329
        0.0009917902   0.0000844132  -0.0000346106   0.0000096633   0.0001519960
       -0.0006684527  -0.0015831750  -0.0000677918   0.0001810042   0.0001880704
        0.0000535329  -0.0000950149  -0.0000637194  -0.0000119566  -0.0002082656
        0.0000228827  -0.0002285886  -0.0001880322  -0.0003058843  -0.0001928724
       -0.0000425193  -0.0000938434   0.0002084157  -0.0000484392   0.0000034565
        0.0001136347   0.0000266085   0.0003467465  -0.0001208105  -0.0001202459
        0.0000839899  -0.0001452402   0.0001889684   0.0001148278  -0.0003045312
       -0.0001282670   0.0000009468   0.0000750976   0.0001474972  -0.0001061205
       -0.0000026302  -0.0000680724  -0.0000933298   0.0000240493   0.0000321220
        0.0000507975  -0.0000413536   0.0000165644  -0.0000017604   0.0000935897
       -0.0000689617   0.0000388512   0.0000584790  -0.0000297011   0.0000253343
        0.0001215257   0.0000168415  -0.0001840077   0.0000800745   0.0000733886
       -0.0000671488   0.0000301383  -0.0000390054   0.0000288463  -0.0000441490
        0.0000843136   0.0001042752  -0.0001145952   0.0000002742  -0.0001000758
       -0.0000977800  -0.0000770831  -0.0001022978  -0.0000579741  -0.0000350255
        0.0000337843  -0.0000076581  -0.0000319493   0.0000676918   0.0001946544
        0.0000692123   0.0001307165   0.0001168375  -0.0000529016  -0.0000265463
       -0.0000131967  -0.0000081484  -0.0000724346  -0.0000432742  -0.0000859117
       -0.0000255723  -0.0000757031  -0.0000577248   0.0000533267   0.0001177633
        0.0000871422   0.0000299320   0.0001849012   0.0001479157  -0.0000785694
        0.0001682807   0.0000142509  -0.0000416788   0.0003996657  -0.0004619907
        0.0004097061   0.0995931938  -0.0225772135   0.1313353037   0.0000631957
        0.0000388206  -0.0001672161   0.0001160420  -0.0002090763   0.0000517207
        0.0000458382  -0.0000119989  -0.0001079682   0.0000412326   0.0002229879
        0.0000433065   0.0000127560  -0.0001666729   0.0000539305   0.0000399845
        0.0001336444   0.0000721256   0.0000864012   0.0000295381   0.0001435436
        0.0000318422   0.0001170245  -0.0000466349  -0.0000776352  -0.0000269972
       -0.0000670297  -0.0001012203   0.0000336889   0.0000276985  -0.0000925302
       -0.0000458137  -0.0000177354  -0.0000948920  -0.0000745786   0.0000617585
       -0.0003221945  -0.0001283555   0.0001198164  -0.0004500030  -0.0001968830
       -0.0009955056  -0.0011236603  -0.0001965750   0.0002196123  -0.0003398868
        0.0005628630   0.0001787525  -0.0005941841   0.0001087640   0.0018263933
       -0.0016851464   0.0008995230   0.0062770909  -0.0899820085  -0.0362134826
        0.0747839425   0.0000257297  -0.0026796852   0.0047434885   0.0020222519
       -0.0013187530   0.0003037550  -0.0005064154  -0.0000291825   0.0011130694
        0.0000640456  -0.0000034899  -0.0001018303   0.0002906685  -0.0001145508
       -0.0002034839   0.0002139994   0.0002274935   0.0001786717  -0.0002678885
        0.0000058992  -0.0000140959   0.0001187867  -0.0001390574   0.0001785163
        0.0002723310  -0.0000829676   0.0001178630  -0.0001303992   0.0001840527
        0.0003437178  -0.0005600476  -0.0004812228  -0.0002243333  -0.0001895211
        0.0000012584   0.0000575295  -0.0001411023   0.0001476473   0.0001715899
        0.0000674051  -0.0000807711   0.0000293806   0.0001064420   0.0000375266
        0.0000018962  -0.0000609736  -0.0000414243  -0.0000548323  -0.0000103971
       -0.0000268724  -0.0000262931   0.0001106304  -0.0000030656  -0.0000412632
       -0.0000374515   0.0000630982  -0.0000772871   0.0001649685   0.0000893800
       -0.0000880060   0.0001937766   0.0000521419  -0.0000081211  -0.0000428178
        0.0000245841   0.0000169113  -0.0000351062  -0.0001568543  -0.0000396657
       -0.0000634670  -0.0000805607  -0.0000141171  -0.0000092063  -0.0000571858
        0.0000294934   0.0000034780   0.0000232380   0.0000832563   0.0000927305
        0.0000292618   0.0000598098   0.0000724967  -0.0000874102  -0.0000264274
       -0.0000606465   0.0000506919  -0.0000188544   0.0000176291  -0.0000374375
        0.0000219205  -0.0000947162  -0.0000109551   0.0000797356   0.0000730077
        0.0001247370   0.0000093913   0.0001634778   0.0000868523  -0.0000765407
        0.0001972847  -0.0000409235  -0.0002850570   0.0002823511   0.0001971830
        0.0002411952   0.0002873216  -0.0000062971   0.0000631957   0.0910271087
        0.0398175474  -0.0875832769   0.0006843383  -0.0009568233  -0.0011932371
        0.0003271195   0.0002897052  -0.0002432019   0.0000501287   0.0001436648
        0.0000076137   0.0000428421  -0.0001046761   0.0000502749  -0.0000180171
        0.0000989097   0.0000221561   0.0000264509   0.0000106404   0.0000451035
        0.0000381248   0.0000881323  -0.0000341593  -0.0000706023  -0.0000214675
       -0.0000640206  -0.0000871013   0.0000269745   0.0000071199  -0.0000791641
       -0.0000386548  -0.0000105216  -0.0000748008  -0.0000561858   0.0000418686
       -0.0002548272  -0.0002832744   0.0001373188   0.0001734219   0.0013423884
        0.0006075959  -0.0002308290   0.0001766080   0.0000162279   0.0004297010
       -0.0000486596   0.0000488856   0.0017998093  -0.0007600969  -0.0009551599
        0.0073867058   0.0007107514  -0.0100183017  -0.0371329353  -0.0378963499
        0.0430338389  -0.0118288633  -0.0096634756   0.0084993159  -0.0022070722
        0.0004763116   0.0001518426   0.0022176994   0.0003959089  -0.0003307613
       -0.0002858211  -0.0000920190  -0.0000595375  -0.0002006274  -0.0001126095
        0.0000853766  -0.0003190185  -0.0001351926  -0.0006409039  -0.0001217330
        0.0001023206  -0.0000222906   0.0001493796   0.0000309150   0.0001532914
       -0.0001999837   0.0000724421   0.0001634766   0.0006053344   0.0001481608
       -0.0002536358   0.0000975702  -0.0007683937   0.0002400886  -0.0001591199
        0.0001203663   0.0000285879  -0.0007485189   0.0000017559   0.0000081737
        0.0000348505   0.0001042731   0.0000229214   0.0001010725  -0.0001066747
       -0.0000621602  -0.0001022366   0.0000986778  -0.0000828844   0.0000912076
       -0.0000599810   0.0000656734   0.0000970379   0.0000505483   0.0000319177
        0.0000501848  -0.0000215956  -0.0000423021   0.0000789644  -0.0000128706
        0.0000438719   0.0001820395  -0.0001380624  -0.0000663483  -0.0000141522
       -0.0000224807   0.0000247766   0.0000538222   0.0000178163  -0.0000034087
       -0.0000720708  -0.0000457492  -0.0001315937  -0.0001192604  -0.0000285710
        0.0000454138  -0.0000050686   0.0000329315   0.0000556723   0.0000940962
        0.0000532227   0.0000431204   0.0000463660  -0.0000035865  -0.0000197071
       -0.0001008625  -0.0000329929  -0.0000398139  -0.0000122832  -0.0000434654
       -0.0000008938  -0.0000203751  -0.0000057997   0.0000194716   0.0000360978
        0.0000386485   0.0000066834   0.0000717749   0.0000400987  -0.0000459557
        0.0000813412   0.0000558881  -0.0000831085   0.0000421887   0.0000001770
        0.0001160683   0.0000850832   0.0000107338   0.0000388206   0.0398175474
        0.0441977281  -0.0397014654   0.0008141325   0.0010579258  -0.0006131159
       -0.0005604061   0.0009044454  -0.0005265484   0.0000727244   0.0000374224
       -0.0000087137   0.0001145027  -0.0000329538  -0.0000090738  -0.0000183952
        0.0000401434   0.0000270550  -0.0000015274  -0.0000060305   0.0000104781
        0.0000232041   0.0000527403  -0.0000063847  -0.0000314049  -0.0000119709
       -0.0000221998  -0.0000330801   0.0000041262   0.0000050888  -0.0000332563
       -0.0000217073  -0.0000008042  -0.0000341310  -0.0000209132   0.0000160193
        0.0003014558  -0.0002133601  -0.0001661718  -0.0004813220   0.0016467015
        0.0003000951  -0.0010502029   0.0000455721   0.0008087676  -0.0002879389
        0.0000558920   0.0000613708   0.0026789737  -0.0008266403   0.0005317122
        0.0112142218   0.0005592212  -0.0095406370   0.0734433979   0.0422917345
       -0.1028749380   0.0027538299  -0.0017310075   0.0002761288  -0.0001096066
       -0.0013967084   0.0003051204  -0.0002019773   0.0004045903   0.0007550553
        0.0000248637   0.0001055176  -0.0001742925  -0.0000840726  -0.0000718913
       -0.0000085399   0.0001451001  -0.0002862181  -0.0006598500  -0.0000945777
        0.0001747265   0.0000195384   0.0000461057   0.0001544124   0.0003957485
        0.0002652692  -0.0001078060   0.0001275314   0.0004088802   0.0003292081
       -0.0003476451  -0.0005356371  -0.0003997590   0.0000442028  -0.0000302635
       -0.0000198853  -0.0000530621  -0.0000747056  -0.0001260124   0.0001676128
        0.0000248537   0.0001107810  -0.0000073943   0.0000439952  -0.0000738534
        0.0000385664  -0.0002152232   0.0000166100  -0.0001863642   0.0000200435
        0.0000236369   0.0000018191   0.0002009015   0.0000427504  -0.0000773236
       -0.0001966564   0.0000916767   0.0001349282   0.0000127542  -0.0000703580
       -0.0000067010   0.0000201168  -0.0000060947  -0.0000462486   0.0000051740
       -0.0000259642  -0.0000349249   0.0000531292   0.0000091442   0.0000650141
        0.0000824536   0.0000019857   0.0000728461   0.0000136487   0.0001016826
       -0.0000334869  -0.0000668678  -0.0000324690   0.0000114837  -0.0001195156
       -0.0000607328  -0.0000879638  -0.0000826098   0.0000527389   0.0000127110
        0.0000170071   0.0000277270   0.0000379272   0.0000328677   0.0000675359
        0.0000098220   0.0000302206   0.0000146712  -0.0000411034  -0.0000891536
       -0.0000703917  -0.0000192838  -0.0001385518  -0.0000870204   0.0000676704
       -0.0002205782   0.0000759951   0.0004346069  -0.0002510517  -0.0005950024
       -0.0001901656   0.0000824586   0.0000563360  -0.0001672161  -0.0875832769
       -0.0397014654   0.1101404731  -0.0002389707  -0.0004289297  -0.0007515819
        0.0002205360  -0.0000163042   0.0006718714  -0.0000700987  -0.0001212716
        0.0000284024  -0.0000341666   0.0001248162  -0.0000211887  -0.0000452106
       -0.0000880898  -0.0000044027  -0.0000325382  -0.0000209035  -0.0000722241
       -0.0000423322  -0.0000830351   0.0000358496   0.0000535660   0.0000234295
        0.0000536638   0.0000517382  -0.0000268572  -0.0000237911   0.0000626136
        0.0000297727   0.0000242649   0.0000669303   0.0000491654  -0.0000383032
       -0.0000568424  -0.0001582377   0.0000322747  -0.0002312424   0.0000356379
       -0.0001040479   0.0001094479  -0.0002659980  -0.0003882406  -0.0001781202
        0.0002064604   0.0000692824   0.0001568130   0.0000399459  -0.0000676681
       -0.0006220633   0.0001776075  -0.0004103137   0.0042673839  -0.0049003412
       -0.0002611749  -0.0911144816   0.0865613530  -0.0336093228  -0.0010737233
        0.0000986533   0.0002918768  -0.0100278913   0.0074368282  -0.0075510746
       -0.0000127928  -0.0000653478  -0.0000125266   0.0001097111  -0.0001174947
       -0.0000706961  -0.0002056505   0.0000232475   0.0000263858  -0.0000248750
        0.0000018633  -0.0000111611  -0.0000717388   0.0000796890   0.0001330707
       -0.0001418141  -0.0000849342  -0.0000407827  -0.0012983282   0.0012624928
        0.0001420788   0.0021907906   0.0002955337  -0.0009728313  -0.0001583330
        0.0003316837  -0.0000208477  -0.0000108637   0.0000089593   0.0004471930
       -0.0000105576  -0.0000697250  -0.0000105686   0.0000224954  -0.0000232067
        0.0000122048  -0.0001350144  -0.0000309311   0.0000009573  -0.0000437016
       -0.0000147966  -0.0000500287   0.0000319427  -0.0000456885  -0.0000177708
        0.0000757105   0.0000892444   0.0000624201   0.0000840042   0.0000085667
       -0.0000434244   0.0001435923   0.0000204235   0.0000867368   0.0000567431
        0.0000054342  -0.0000131812  -0.0000141232  -0.0000374822  -0.0001348461
        0.0000527480  -0.0000635265   0.0001414383   0.0000856135   0.0000597582
       -0.0000058067  -0.0000260163  -0.0000066505  -0.0000457383   0.0000000894
       -0.0000368189   0.0000274833   0.0000772973  -0.0000256543  -0.0000082046
        0.0000235760   0.0000646832  -0.0000056102  -0.0000364596  -0.0000278726
        0.0000351448  -0.0001317421  -0.0000862741   0.0000312307   0.0000966463
        0.0000042843   0.0000269623   0.0001197317   0.0001297981  -0.0000642726
        0.0000571515   0.0000433720  -0.0000915362   0.0000831872   0.0000078985
        0.0000439433   0.0001241829  -0.0000160631   0.0001160420   0.0006843383
        0.0008141325  -0.0002389707   0.0975429268  -0.0902121714   0.0432727681
       -0.0003925147  -0.0013681019  -0.0006704119   0.0000290961   0.0000889759
       -0.0000122012   0.0000083210  -0.0002652803  -0.0000568447   0.0000038779
        0.0000681130   0.0000255593   0.0000407777  -0.0000058512   0.0000475111
       -0.0000045415   0.0000561897  -0.0000590009  -0.0000620037  -0.0000154184
       -0.0000654122  -0.0000580908   0.0000191076   0.0000316535  -0.0000676069
       -0.0000308840  -0.0000321335  -0.0000670636  -0.0000651863   0.0000424337
        0.0001900732  -0.0001893756  -0.0001368071   0.0001708814   0.0000379732
       -0.0000503065   0.0003017035   0.0000689664   0.0002086750  -0.0002062281
        0.0001748702   0.0000944945   0.0001005359  -0.0002293129  -0.0001004438
       -0.0007349111   0.0011344571  -0.0004479062   0.0081345036  -0.0143197450
        0.0043373355   0.0881289089  -0.1167999324   0.0445409139   0.0001135572
       -0.0011119034  -0.0003410078  -0.0057454890   0.0016085874  -0.0018847108
       -0.0000231330   0.0000238265  -0.0000068883   0.0000456006   0.0000378436
       -0.0000622792  -0.0001526286   0.0001819782   0.0001906489   0.0000742832
        0.0000390636   0.0000368332  -0.0001656810   0.0001328922   0.0002380967
        0.0001060703  -0.0001783570  -0.0001448300  -0.0003588657   0.0006610689
       -0.0004856994   0.0020085558  -0.0004843861  -0.0010152877  -0.0000625326
        0.0001218861   0.0000375457  -0.0003348575  -0.0002402616   0.0004666338
        0.0000024504  -0.0000281846   0.0000145172  -0.0000210375   0.0000309530
        0.0000266720  -0.0000086746  -0.0000486175  -0.0000113047  -0.0000845992
        0.0000656071  -0.0000610096   0.0000055455  -0.0000018946  -0.0000355311
       -0.0000090893   0.0000779471   0.0000871870  -0.0000191777   0.0000060126
       -0.0000184687   0.0000526492   0.0000484270  -0.0000051399  -0.0000190308
       -0.0000667931  -0.0000819124   0.0000820671  -0.0000702724   0.0000986457
        0.0000845943   0.0000472976   0.0001240595   0.0000734177   0.0000557147
       -0.0000445260   0.0000025541   0.0000041042  -0.0000580174  -0.0001462771
       -0.0000607853  -0.0000826275  -0.0000936399   0.0000278520   0.0000225471
        0.0000510677   0.0000241856   0.0000572246   0.0000663945   0.0000538010
        0.0000295650   0.0000044075   0.0000536410  -0.0000776478  -0.0000958878
       -0.0000815958  -0.0000055433  -0.0001516696  -0.0001189661   0.0000702023
       -0.0000618333   0.0000053432   0.0000969896  -0.0001025357  -0.0000826387
       -0.0000175230  -0.0001847437   0.0001018673  -0.0002090763  -0.0009568233
        0.0010579258  -0.0004289297  -0.0902121714   0.1279895755  -0.0450178332
       -0.0000377955   0.0001391811   0.0003494994  -0.0000165298  -0.0001182235
       -0.0000204532   0.0000192287   0.0002775662  -0.0001568184  -0.0000154425
       -0.0000796981  -0.0000257071  -0.0000618379  -0.0000082595  -0.0001095529
       -0.0000295255  -0.0000859469   0.0000224441   0.0000609461   0.0000219980
        0.0000489302   0.0000747651  -0.0000229583  -0.0000208136   0.0000770320
        0.0000435696   0.0000117392   0.0000808553   0.0000721255  -0.0000467973
       -0.0000554083   0.0000107786  -0.0000559529   0.0001920586  -0.0000174352
        0.0003303431  -0.0003064618   0.0005189137   0.0001174282  -0.0000108310
       -0.0001066475  -0.0000197370  -0.0001743504   0.0002447084   0.0001485335
        0.0000604690   0.0008866997   0.0008922801  -0.0016008277  -0.0025030999
        0.0037489126  -0.0335698408   0.0425444446  -0.0381327854   0.0005482674
       -0.0008492105  -0.0003540847  -0.0079463394   0.0053518689   0.0021743601
       -0.0001589983  -0.0000639840   0.0000062010  -0.0000405889   0.0001846220
        0.0000095440   0.0002206004  -0.0001653628  -0.0000042760   0.0000826620
       -0.0000559336  -0.0000018522  -0.0002203002   0.0001750931   0.0000293324
       -0.0003181923  -0.0000640626   0.0000896384  -0.0003164947   0.0004259301
       -0.0010599167   0.0000682046  -0.0013901643  -0.0004924640  -0.0001442188
        0.0002424291   0.0003682147  -0.0003176615   0.0002087956   0.0004048846
        0.0000205217  -0.0000398120  -0.0000037663   0.0000152570  -0.0000449047
        0.0000309572   0.0000006130   0.0000074996   0.0000877058  -0.0000438330
        0.0000022005  -0.0000579225  -0.0000760952   0.0000660766   0.0000267157
        0.0002262275  -0.0000194714  -0.0002122079  -0.0000114605   0.0000472486
        0.0000393389   0.0003090024  -0.0001409244   0.0001521284  -0.0001169632
       -0.0000060923  -0.0000257260  -0.0001292411  -0.0000411771  -0.0000756101
       -0.0000028512   0.0000011293  -0.0000068182   0.0000126123  -0.0000543587
        0.0000275249  -0.0000160432   0.0000325923  -0.0000031025   0.0000038468
        0.0000113986   0.0000154245   0.0000118381  -0.0000276366  -0.0000248655
        0.0000481858  -0.0000264267   0.0000108207   0.0000739060   0.0000421618
       -0.0000069108  -0.0000094721   0.0000418438  -0.0000070181   0.0000205996
        0.0000280724   0.0000125321   0.0000120283  -0.0000081209   0.0000048268
        0.0000076861   0.0000057936   0.0000051927   0.0000319742  -0.0000518935
        0.0000328163   0.0001842210  -0.0001609632   0.0000517207  -0.0011932371
       -0.0006131159  -0.0007515819   0.0432727681  -0.0450178332   0.0315053435
        0.0012323476   0.0006106870   0.0009170768   0.0000731040   0.0000064079
        0.0000053070   0.0000921422  -0.0002338138  -0.0000391303  -0.0000047284
        0.0000285219   0.0000197391   0.0000407140   0.0000058938   0.0000629179
        0.0000207985   0.0000160400  -0.0000073494  -0.0000145018  -0.0000090585
       -0.0000116771  -0.0000226190   0.0000063176   0.0000102161  -0.0000294120
       -0.0000096146  -0.0000074340  -0.0000316845  -0.0000330508   0.0000242119
        0.0000716348  -0.0003009396  -0.0000071659   0.0001147120   0.0002134541
       -0.0001716218   0.0001140922  -0.0004023882  -0.0001246067  -0.0001814185
       -0.0000070474   0.0000052252   0.0001485778   0.0001027151  -0.0000034831
       -0.0005272400   0.0006146965   0.0000251244   0.0000313158   0.0003756902
        0.0010187388  -0.0027041675  -0.0011692951  -0.0142587587  -0.0001053197
       -0.0002456385   0.0006508145  -0.0122093473  -0.0000757487   0.0017419248
       -0.0001545127   0.0000694354   0.0000033454  -0.0000719688  -0.0000732436
       -0.0000426881  -0.0003053629   0.0001378409   0.0001089182   0.0001164032
        0.0000142349  -0.0000447400   0.0001337146  -0.0000228249  -0.0001003019
        0.0000373972   0.0000466304  -0.0001919031   0.0004192541  -0.0002236108
        0.0009844127  -0.0063698441   0.0008255357   0.0148109097  -0.0002316783
       -0.0001124714  -0.0002583630  -0.0003168159   0.0001295097   0.0001132044
       -0.0000311048   0.0000654505   0.0000260034   0.0000400846  -0.0000231115
        0.0000027314  -0.0001040765   0.0001937231  -0.0002389672  -0.0000592833
       -0.0000108576  -0.0000217454   0.0000403349  -0.0000831972   0.0000778491
       -0.0000891862   0.0000686531   0.0002408931   0.0000147890   0.0002990911
       -0.0000491909   0.0006391146  -0.0001082217  -0.0006290395   0.0002617508
       -0.0000833664  -0.0000590925   0.0000601142  -0.0001993843  -0.0000193040
        0.0001023790   0.0000057899   0.0001102754   0.0000398745   0.0000647103
       -0.0000118165   0.0000538910  -0.0000270747   0.0000087372  -0.0000864901
       -0.0000452777  -0.0000583564  -0.0000217688  -0.0000458328  -0.0000124705
       -0.0001402694   0.0000876614  -0.0000273587  -0.0000103313  -0.0000136335
        0.0000029903  -0.0001726234  -0.0000929491  -0.0000046253   0.0000115838
        0.0000079343   0.0000034098   0.0000704472  -0.0000093298   0.0000280679
       -0.0000156848   0.0000634413   0.0000740669  -0.0000178790  -0.0000260273
       -0.0000412376  -0.0000346876   0.0000713759   0.0000458382   0.0003271195
       -0.0005604061   0.0002205360  -0.0003925147  -0.0000377955   0.0012323476
        0.0213341354   0.0005575399  -0.0054185268   0.0000378140  -0.0000473073
        0.0000349873  -0.0000447943   0.0000226027   0.0002511903  -0.0000008691
       -0.0000013000  -0.0000116760   0.0001072871  -0.0000040885  -0.0000013285
       -0.0000255214  -0.0000307004  -0.0000098112   0.0000151708   0.0000101062
        0.0000084030   0.0000262570   0.0000040885  -0.0000010492   0.0000364677
        0.0000012077   0.0000062432   0.0000190437   0.0000299508  -0.0000179596
       -0.0000380702  -0.0000302051   0.0000568180   0.0004394499   0.0000118880
        0.0000204262  -0.0001065345  -0.0001246676  -0.0001248259  -0.0000231300
       -0.0000784564  -0.0001879359   0.0000944689   0.0003913446   0.0004361351
       -0.0003014129  -0.0007536058   0.0004996590   0.0013854761  -0.0000158126
       -0.0026684030  -0.0026682843   0.0038385732  -0.0008118798  -0.0000570057
       -0.0011205592   0.0001237762   0.0025714089  -0.0221003352  -0.0073457400
       -0.0000654443  -0.0000849225  -0.0000000689  -0.0000963874   0.0000931550
       -0.0000582077   0.0001652537  -0.0001836436   0.0000372757  -0.0000686842
       -0.0000644006   0.0000187700   0.0001578468  -0.0000839006  -0.0003179215
       -0.0010304536   0.0004577483  -0.0001834898  -0.0008835395  -0.0004086173
       -0.0017762664   0.0001056077   0.0064854187   0.0016846247  -0.0008639864
        0.0007633350   0.0000472147   0.0012553851  -0.0007722561   0.0002615571
        0.0000388321  -0.0000474978  -0.0000168858   0.0000981212   0.0000482764
       -0.0000040506  -0.0000812815  -0.0001230981  -0.0000356105  -0.0001870868
        0.0000469033  -0.0000923111   0.0001081701  -0.0000270132   0.0000376435
        0.0000935001   0.0001681638  -0.0000245424   0.0002647444   0.0001174707
       -0.0000834258   0.0004631715   0.0005958402   0.0001964585  -0.0001000191
       -0.0000934418  -0.0000764739  -0.0000272934  -0.0001481577  -0.0000577089
        0.0000871657   0.0000038034   0.0000494787   0.0000479654   0.0000387197
        0.0000345241   0.0000354354  -0.0000756857   0.0000682832  -0.0000506688
        0.0000060081  -0.0000385989  -0.0000450068  -0.0000486202  -0.0000029926
       -0.0000503135   0.0000739190  -0.0000279148   0.0000267448   0.0000884067
       -0.0000205840  -0.0001204899  -0.0000346479   0.0000526618  -0.0000350229
        0.0000102474   0.0000209123   0.0000324263  -0.0000353552   0.0000329724
       -0.0000099515   0.0000111207  -0.0000062543   0.0000187078   0.0000471511
        0.0000366817   0.0000350112  -0.0000106933  -0.0000119989   0.0002897052
        0.0009044454  -0.0000163042  -0.0013681019   0.0001391811   0.0006106870
        0.0005575399   0.0121843304   0.0096866215   0.0000684526  -0.0000324043
        0.0000295287  -0.0001810783   0.0000177873   0.0000284888  -0.0000025091
       -0.0000117370   0.0000136315  -0.0000259156  -0.0000420992  -0.0000697707
        0.0000018101  -0.0000214022  -0.0000090560   0.0000174845  -0.0000022343
        0.0000116805   0.0000070418   0.0000024963  -0.0000191786   0.0000112625
        0.0000075007   0.0000047625   0.0000094822   0.0000222358  -0.0000128724
        0.0001588729  -0.0000001611  -0.0001500391   0.0000287393   0.0001420958
       -0.0000970018   0.0001599762  -0.0002796511   0.0000947104  -0.0001019392
       -0.0000031738  -0.0000397205   0.0000968497   0.0000437649   0.0001281017
        0.0000653517   0.0004787587   0.0000622237  -0.0002678208   0.0000337957
        0.0003739946   0.0000223142  -0.0004767370  -0.0085029103   0.0002586481
        0.0002493725  -0.0000129044   0.0039364557  -0.0076675993  -0.2062713803
        0.0000228229   0.0001653209  -0.0000126396   0.0000126174   0.0000525611
        0.0000002774  -0.0001588050   0.0000242063  -0.0000278928   0.0000695174
        0.0000312511   0.0000157274   0.0000407277   0.0000633467   0.0003124894
        0.0003770799  -0.0002691455   0.0000129349   0.0012158041  -0.0013261021
       -0.0003442738   0.0003254246  -0.0003867952  -0.0069805276   0.0001681007
       -0.0005212992   0.0000415077   0.0010029400  -0.0003712680   0.0003095019
        0.0000213168   0.0000721865  -0.0000375235  -0.0000340711   0.0000962167
        0.0000693089   0.0000403746  -0.0001186061  -0.0000455308  -0.0001125156
        0.0000580941  -0.0000609485   0.0001504682  -0.0000230526  -0.0000512319
       -0.0002154496  -0.0000332693  -0.0000744501  -0.0001676770  -0.0001204505
       -0.0000337327  -0.0000355061   0.0005683733  -0.0000855482  -0.0000944101
        0.0000150422   0.0001017017  -0.0000323399   0.0000405686   0.0001884116
        0.0001640404   0.0000917262   0.0001544520   0.0001125942   0.0001200238
       -0.0000643921  -0.0000467218  -0.0000482187  -0.0000094105  -0.0002119508
       -0.0001107583  -0.0001309804  -0.0001146293   0.0000569439   0.0000227857
       -0.0000266074  -0.0000096556   0.0000433272   0.0000608439   0.0000571835
       -0.0000484964   0.0000971089   0.0000432690   0.0000163679  -0.0001612437
       -0.0000568643  -0.0000514834  -0.0002204050  -0.0001569017   0.0001099497
       -0.0000817212  -0.0000147717   0.0002173279  -0.0001046883  -0.0001186386
       -0.0000357833  -0.0001348352   0.0000875727  -0.0001079682  -0.0002432019
       -0.0005265484   0.0006718714  -0.0006704119   0.0003494994   0.0009170768
       -0.0054185268   0.0096866215   0.2195115557  -0.0000540524  -0.0001359360
        0.0000112154  -0.0001710432   0.0002560954  -0.0000611315  -0.0000130234
       -0.0001128546  -0.0000184643  -0.0000715965  -0.0000214365  -0.0001135480
       -0.0000629840  -0.0001313325   0.0000428712   0.0001012117   0.0000445558
        0.0000941481   0.0000935473  -0.0000402302  -0.0000464085   0.0001113145
        0.0000549152   0.0000543617   0.0001131140   0.0000980962  -0.0000618791
        0.0017674786  -0.0005399292  -0.0002479212  -0.0012985718   0.0007477195
       -0.0003530534  -0.0002447604   0.0001856967   0.0000528375  -0.0027918632
        0.0147236235   0.0016095205   0.0001120889  -0.0005708883  -0.0001919752
        0.0001669050  -0.0000133316  -0.0003068929   0.0000754978  -0.0001370577
        0.0002385479  -0.0000769190  -0.0000696889  -0.0001804637   0.0000264921
        0.0003932989   0.0005309839  -0.0000311608  -0.0001166723   0.0000432540
       -0.0128321373  -0.0397625558  -0.0009909626  -0.0046851463   0.0009168913
        0.0007487516   0.0002811152   0.0005441163   0.0005469764  -0.0100251467
       -0.0142295363   0.0023544959  -0.0004772130  -0.0001912197  -0.0003235472
       -0.0002057624   0.0001269921   0.0000047078  -0.0003049077  -0.0000017279
       -0.0000125037  -0.0001064462  -0.0000577657   0.0000543045   0.0001624831
        0.0000036151  -0.0001336460   0.0001164394   0.0000987623  -0.0000243846
       -0.0000640237  -0.0005725470  -0.0001572913  -0.0023054259  -0.0000383570
       -0.0007797085   0.0008402243   0.0001658031   0.0000361099   0.0009241482
       -0.0002815981   0.0005944324  -0.0000633214   0.0000827470   0.0000760670
        0.0003252995   0.0000921312   0.0001263756  -0.0000180475  -0.0000389412
       -0.0000462547  -0.0000294745   0.0000216008  -0.0000358828   0.0000301861
        0.0000684934   0.0000200286  -0.0000152850  -0.0000315738  -0.0000463717
       -0.0001088848   0.0000310276  -0.0000518051   0.0000662331   0.0000805014
       -0.0000046169  -0.0001621941  -0.0002410186  -0.0000039779   0.0001559414
        0.0000412296   0.0000549841   0.0000639952   0.0000870672  -0.0000246138
       -0.0000437969   0.0000049808  -0.0000100125  -0.0000598088  -0.0001861227
        0.0000171471  -0.0000672781   0.0000034269   0.0000227318   0.0000354445
       -0.0000543625   0.0000049546   0.0000417023   0.0000952101  -0.0000687178
       -0.0000547477   0.0003529553   0.0001091978   0.0001187694   0.0002408062
       -0.0004592551   0.0001029747   0.0000078689   0.0000412326   0.0000501287
        0.0000727244  -0.0000700987   0.0000290961  -0.0000165298   0.0000731040
        0.0000378140   0.0000684526  -0.0000540524   0.0301856280   0.0379377752
       -0.0027576457   0.0000075011  -0.0000563255   0.0000209328   0.0005310944
       -0.0000492011  -0.0000423808   0.0000343495  -0.0000028088   0.0000447238
       -0.0001581700   0.0001035511  -0.0000751845  -0.0000097735   0.0000105966
        0.0000126448  -0.0000118506  -0.0000080651  -0.0000163736  -0.0000074634
       -0.0000220976   0.0000096238  -0.0000294500  -0.0000197431   0.0000209240
       -0.0012270588   0.0002384320   0.0006708687   0.0006320349  -0.0007865747
        0.0001558639  -0.0000011537  -0.0000304548  -0.0004127617   0.0030192338
       -0.0095490031  -0.0005380801  -0.0002344484   0.0001234485   0.0001078519
       -0.0001284646  -0.0001809364   0.0002980113  -0.0001439958   0.0001801302
        0.0000507855  -0.0000397728   0.0001629254   0.0000606719  -0.0001949904
       -0.0001026319  -0.0004285332  -0.0000423985   0.0000000996   0.0001335460
       -0.0389297339  -0.2095981510   0.0043875027   0.0007497275  -0.0024467482
       -0.0010685540  -0.0002956158   0.0003641444   0.0003981340  -0.0029762767
       -0.0023100715   0.0003026548   0.0002721244   0.0000211713   0.0004331291
        0.0002551774  -0.0002917911  -0.0001683280  -0.0000751815   0.0000229413
       -0.0000353775   0.0001016134  -0.0000984596  -0.0001057118   0.0000612325
       -0.0000459300  -0.0000293011  -0.0000970200   0.0001889061  -0.0000458942
        0.0004756049  -0.0003269932   0.0000172951  -0.0002766627  -0.0001867709
        0.0000134252   0.0001158902   0.0000100824  -0.0000303171   0.0000601783
       -0.0001349998  -0.0000556901   0.0000460766   0.0000049427   0.0000560971
        0.0000965541   0.0000387031  -0.0000617030  -0.0000160589   0.0000460844
        0.0000133041   0.0000226136  -0.0000282158  -0.0000373676   0.0000076349
        0.0000708146   0.0000390197  -0.0000314159  -0.0000381005  -0.0000907375
       -0.0001094163  -0.0000901454  -0.0000233670  -0.0000020044  -0.0001885093
        0.0000929355   0.0000454504   0.0000524196   0.0000857310   0.0002092197
        0.0000491823   0.0001148406   0.0001517615  -0.0000966991  -0.0000542821
       -0.0000769814  -0.0000333813  -0.0000641011  -0.0000426423  -0.0001250300
        0.0000391583  -0.0001244394  -0.0000441097   0.0000668781   0.0001213197
        0.0001307311   0.0000275975   0.0002318997   0.0001411640  -0.0001064219
        0.0001891940   0.0002192662  -0.0003805382   0.0000878447  -0.0000672737
        0.0001350992   0.0001218240   0.0000324932   0.0002229879   0.0001436648
        0.0000374224  -0.0001212716   0.0000889759  -0.0001182235   0.0000064079
       -0.0000473073  -0.0000324043  -0.0001359360   0.0379377752   0.2240092776
       -0.0039874080   0.0000264102  -0.0001310530   0.0000482503   0.0001668268
        0.0007409966   0.0000609476   0.0000371780   0.0000274013   0.0000939188
        0.0000699565   0.0002528364  -0.0001082496  -0.0001060858  -0.0000237556
       -0.0001049151  -0.0001116522   0.0000567469   0.0000348632  -0.0001115270
       -0.0000416506  -0.0000293917  -0.0001026931  -0.0000746954   0.0000564624
       -0.0001224804   0.0004290677  -0.0004334670   0.0002909217  -0.0020578552
        0.0012110186   0.0002715364   0.0011914389  -0.0001087554   0.0014536179
       -0.0030810004   0.0031785824  -0.0000184705  -0.0007272329  -0.0004028089
        0.0000033351   0.0003233970  -0.0003890041  -0.0001205351  -0.0001974044
       -0.0002523428   0.0001081759  -0.0000521245   0.0000374782   0.0005120696
        0.0002215015   0.0003540579   0.0000096515   0.0001114888  -0.0000311667
       -0.0018398135   0.0025251908  -0.0174792373   0.0003742499   0.0039799266
       -0.0025287226   0.0000043877  -0.0011514943   0.0029317122   0.0014779391
        0.0013013810   0.0034785351  -0.0002061501   0.0003598853   0.0003373248
       -0.0001182805   0.0006983039  -0.0000093493  -0.0000189863   0.0002886757
        0.0001484255   0.0000057306  -0.0000346754   0.0001860291  -0.0000386126
       -0.0000524682  -0.0001445346   0.0000659635   0.0000507674   0.0000175323
       -0.0002933650   0.0001362335  -0.0007803986   0.0004704892   0.0006181954
        0.0004026512   0.0001977775  -0.0006497721  -0.0004739858  -0.0001749429
       -0.0000256024  -0.0000094454   0.0001183064  -0.0001307364  -0.0000411548
        0.0000213670   0.0000878248   0.0001197175  -0.0000056430   0.0000778636
       -0.0000311112  -0.0000690134  -0.0000344349   0.0000530906   0.0000350596
       -0.0000672085  -0.0000817977   0.0000617341  -0.0000214894  -0.0000472753
        0.0002974987  -0.0000204416   0.0002994670   0.0001812727   0.0005647243
       -0.0002353881  -0.0002785950  -0.0005361615  -0.0000954662   0.0000810690
       -0.0000395629   0.0001956747   0.0000772062   0.0001880298   0.0000174805
        0.0001744093   0.0002289584   0.0000522888  -0.0000662061  -0.0001293852
        0.0000680828  -0.0001423572  -0.0000389213  -0.0000238075   0.0000015110
       -0.0001763992   0.0000696713   0.0000493390   0.0000633519  -0.0000436366
        0.0001028785  -0.0001158944  -0.0000154020  -0.0000880061   0.0000785984
       -0.0000206255   0.0000793927  -0.0001808927   0.0000433065   0.0000076137
       -0.0000087137   0.0000284024  -0.0000122012  -0.0000204532   0.0000053070
        0.0000349873   0.0000295287   0.0000112154  -0.0027576457  -0.0039874080
        0.0101679058  -0.0000114234  -0.0000020034  -0.0000334259   0.0000384321
       -0.0000466582   0.0004162777  -0.0000046294   0.0000248510  -0.0000090614
       -0.0002244193  -0.0000281879  -0.0000768674   0.0000119995   0.0000080748
       -0.0000152822  -0.0000121090  -0.0000008717   0.0000052249   0.0000082211
        0.0000249477  -0.0000293400  -0.0000042580   0.0000032472   0.0000064001
        0.0000541623  -0.0001038373   0.0000109304  -0.0000810488   0.0000713742
       -0.0001965942  -0.0001674926  -0.0001855135   0.0000235356  -0.0000402051
       -0.0000488392   0.0000737099   0.0002504092   0.0000246176   0.0000832838
       -0.0000676578   0.0000863440   0.0000614128   0.0001831849  -0.0000590466
       -0.0000382891  -0.0005068623  -0.0000519444  -0.0003078234   0.0001364920
       -0.0000043826  -0.0000048970   0.0021504559   0.0005328546  -0.0013540241
       -0.0000851096   0.0000117624   0.0000129452  -0.0000040439  -0.0000000687
        0.0000290083   0.0000465420   0.0000111369  -0.0001035923   0.0000433766
        0.0000270892   0.0000215129  -0.0000485653   0.0001304191  -0.0003351907
        0.0000924771   0.0000018531  -0.0001017931  -0.0003493748  -0.0011898973
        0.0006861724  -0.0030282503  -0.0138900367   0.0054926033  -0.0008591026
       -0.0009928702   0.0005253168  -0.0196656229   0.0228263385  -0.0058664249
       -0.0000187048   0.0000543186  -0.0000154273  -0.0000667501  -0.0000150975
        0.0000476352   0.0000449365  -0.0000177925  -0.0000423421   0.0000419840
       -0.0000071803   0.0000351695   0.0001149823   0.0000063195   0.0000934573
        0.0000005068   0.0002649726   0.0000189217  -0.0004086096   0.0016570220
       -0.0000748009  -0.0057029323   0.0156408488  -0.0030537555   0.0002997701
       -0.0003449262  -0.0000061201   0.0008541597  -0.0009342078  -0.0013630287
       -0.0000022219   0.0000053103  -0.0000367492  -0.0000068426   0.0000110058
        0.0000292388  -0.0000721287  -0.0000532567   0.0000045724   0.0000338904
        0.0000009306  -0.0000089695   0.0000300902   0.0001043923   0.0000038744
       -0.0000562089   0.0000067971  -0.0000202755  -0.0001338328   0.0000961158
       -0.0000941049  -0.0003391644  -0.0002077154   0.0000704683   0.0000675536
       -0.0001029570  -0.0000204493   0.0000217493   0.0000626729   0.0000681252
        0.0000012790   0.0000283684  -0.0000203678   0.0000209506   0.0000218001
       -0.0000048952   0.0000247908   0.0000179452   0.0000127560   0.0000428421
        0.0001145027  -0.0000341666   0.0000083210   0.0000192287   0.0000921422
       -0.0000447943  -0.0001810783  -0.0001710432   0.0000075011   0.0000264102
       -0.0000114234   0.0272461379  -0.0235349660   0.0058037664   0.0000189193
        0.0000124100  -0.0000082015  -0.0000148734   0.0000670695  -0.0000036278
       -0.0000142965   0.0000150329   0.0000006300  -0.0000075752   0.0000010908
       -0.0000054792   0.0000007643  -0.0000065561   0.0000203109  -0.0000070655
       -0.0000038086  -0.0000089963  -0.0000388918  -0.0000223756  -0.0000086469
        0.0001393047  -0.0000049298  -0.0001060535   0.0001515560   0.0001690874
       -0.0000366142   0.0001398938  -0.0000588836   0.0001787160  -0.0000431028
       -0.0000452129  -0.0000048998  -0.0000152250  -0.0001028779   0.0001413493
       -0.0001068808   0.0000651492  -0.0000524598   0.0002573919   0.0000397599
       -0.0001678580  -0.0001516461   0.0000514511   0.0001836882   0.0001644748
       -0.0001731414  -0.0001308938   0.0011404149  -0.0002669207  -0.0009085605
        0.0000650322   0.0001115505  -0.0000003583   0.0000387950   0.0000153696
       -0.0000167713   0.0000375633   0.0001321797   0.0000237883   0.0000137874
        0.0000210576   0.0000646212  -0.0001709831  -0.0000625954  -0.0001823468
       -0.0000848781  -0.0001988410  -0.0002421917  -0.0006630629  -0.0009579350
        0.0002153508  -0.0006969597  -0.0080906007   0.0041062736   0.0000297486
        0.0000961077   0.0001754532   0.0217686604  -0.1939353271   0.0484021933
        0.0000005924  -0.0000116863  -0.0000297676  -0.0000293757   0.0002344902
        0.0000494249   0.0000395722  -0.0002466676  -0.0001191759  -0.0001116942
        0.0000961186  -0.0000334560   0.0000863711   0.0000141920  -0.0001160351
       -0.0000730085   0.0003972094   0.0004923140   0.0006536967  -0.0006005968
        0.0004745172   0.0025340021  -0.0062318067   0.0025729322  -0.0001784677
        0.0000711315  -0.0001509576  -0.0004931859  -0.0000753215   0.0006148101
        0.0001206747   0.0000716759   0.0001451872   0.0000907254   0.0000977319
       -0.0000423642  -0.0000145105  -0.0000307459  -0.0000568822  -0.0002159562
       -0.0000908616  -0.0001342921  -0.0001424558   0.0000503416   0.0000382653
       -0.0000645970   0.0000570985   0.0000309014   0.0000716132   0.0000006673
        0.0000637371   0.0000139717   0.0001807364  -0.0001537798  -0.0001879201
       -0.0001347138  -0.0000433607  -0.0002084338  -0.0002665210   0.0001424560
       -0.0000617718  -0.0000196192   0.0001417609  -0.0001108933  -0.0000608470
       -0.0000243927  -0.0001386142   0.0000620066  -0.0001666729  -0.0001046761
       -0.0000329538   0.0001248162  -0.0002652803   0.0002775662  -0.0002338138
        0.0000226027   0.0000177873   0.0002560954  -0.0000563255  -0.0001310530
       -0.0000020034  -0.0235349660   0.2094836789  -0.0550621818   0.0000003298
       -0.0001305135  -0.0000396087  -0.0001441177  -0.0000411898  -0.0004201924
       -0.0000408751  -0.0001353110   0.0000426041   0.0001107841   0.0000471451
        0.0000917418   0.0001240442  -0.0000336679  -0.0000565875   0.0001466830
        0.0000901889   0.0000513141   0.0001475777   0.0002198630  -0.0000897799
       -0.0000302143   0.0000351641   0.0000098363  -0.0000676347  -0.0000014573
        0.0000308947  -0.0000227073  -0.0001014825  -0.0000371940   0.0000385821
       -0.0000574463   0.0000020164   0.0001444691   0.0001004551  -0.0000975292
       -0.0000591177   0.0000302928  -0.0000027665  -0.0000366313  -0.0000114527
        0.0000800635   0.0001715412   0.0002908403  -0.0000653969   0.0000951126
       -0.0001077038   0.0000245347  -0.0008248779  -0.0006330558  -0.0001845000
       -0.0000374595   0.0000908154   0.0000315966  -0.0000190293   0.0000124406
        0.0000124672  -0.0000687703  -0.0000954092  -0.0000244974  -0.0000658779
       -0.0001012283   0.0000303087  -0.0000283361   0.0000769773  -0.0007275694
       -0.0000321184   0.0006848698   0.0002958234   0.0000136361   0.0008342428
        0.0003173240   0.0023305043   0.0058831843   0.0026000185   0.0001271655
       -0.0004442867   0.0007348948  -0.0101032102   0.0475310721  -0.0343093155
        0.0000257421  -0.0000461756   0.0000106193   0.0000938464   0.0002695908
        0.0000570113  -0.0000796556  -0.0002587602  -0.0000960936  -0.0000921768
        0.0000052105  -0.0000497646  -0.0000606115   0.0000252665  -0.0000649211
        0.0001064306   0.0005778256   0.0001954616   0.0003060995   0.0004502355
        0.0010494274   0.0033634050   0.0007128890   0.0039877897  -0.0000813341
       -0.0001426461  -0.0002737350  -0.0012351619  -0.0004661826  -0.0002929685
        0.0000702352  -0.0000010413   0.0001267018   0.0000819454   0.0000316541
       -0.0000123393  -0.0000075892  -0.0001121056  -0.0000394933  -0.0000448414
       -0.0000181091   0.0000073106   0.0000310984  -0.0000671255  -0.0000266885
       -0.0000489564   0.0001459644   0.0000175627   0.0000775600   0.0000802204
        0.0001457085  -0.0004121119   0.0000375700   0.0002717015   0.0000683984
       -0.0000055637   0.0000544724   0.0000905662   0.0000563307  -0.0001035577
        0.0000034577   0.0000168673  -0.0000017918   0.0000076082   0.0000032844
       -0.0000113683   0.0000399250  -0.0000054183   0.0000539305   0.0000502749
       -0.0000090738  -0.0000211887  -0.0000568447  -0.0001568184  -0.0000391303
        0.0002511903   0.0000284888  -0.0000611315   0.0000209328   0.0000482503
       -0.0000334259   0.0058037664  -0.0550621818   0.0264588516  -0.0000093994
        0.0000253796  -0.0000004582   0.0002332995  -0.0001003643  -0.0000112740
        0.0000056718  -0.0000073277  -0.0000312759  -0.0000055716  -0.0000081736
       -0.0000121487  -0.0000313837   0.0000193457   0.0000082731  -0.0000337281
       -0.0000024101  -0.0000396898  -0.0000571138  -0.0000817278   0.0000566131
       -0.0002580820  -0.0000207968   0.0000429186   0.0005189729  -0.0003486598
        0.0001507167  -0.0000527625   0.0002192180  -0.0000585408   0.0007478040
       -0.0004215491  -0.0003876999   0.0000403464   0.0000000143  -0.0000153872
        0.0000447536  -0.0000395100   0.0000374029  -0.0000386582   0.0000691978
       -0.0000901870   0.0000192969   0.0000519246   0.0000718949  -0.0002334360
       -0.0001072162  -0.0000622198  -0.0000300433   0.0000275625   0.0000170759
       -0.0003420231   0.0004167644   0.0008510956  -0.0018980226  -0.0004772573
       -0.0007500676   0.0010210914  -0.0004152196  -0.0001871822  -0.0078183406
        0.0167312983   0.0014612114   0.0005759560  -0.0001059085   0.0000014215
        0.0000377579   0.0000530432   0.0002510570   0.0001859162  -0.0000796921
        0.0000305104  -0.0000361095   0.0000850048   0.0000453484  -0.0004006402
       -0.0000386801  -0.0002238038  -0.0000735658  -0.0000442355  -0.0000715462
       -0.0018486088  -0.0006049015   0.0033299239  -0.0032870304  -0.0020601419
       -0.0012070838   0.0001716649  -0.0003953764  -0.0003259519  -0.0078775739
       -0.0137434915  -0.0070390804   0.0003585437   0.0001344441  -0.0002356609
       -0.0002667830  -0.0000324119   0.0002349543   0.0000881852   0.0003238565
        0.0000982458   0.0001571299  -0.0000859968   0.0001680798   0.0001899625
       -0.0002224424  -0.0003193489   0.0000531584   0.0000758836   0.0000615283
        0.0013975501   0.0000661010   0.0000419656  -0.0013467878   0.0004129283
        0.0008954307   0.0002407270   0.0001751072   0.0002233570   0.0002472808
        0.0002360031   0.0004831214  -0.0000737591   0.0000351483   0.0001369463
       -0.0000600199   0.0002387890  -0.0001607491   0.0000088406   0.0001174848
        0.0001692009  -0.0000678215   0.0000275922  -0.0000495232  -0.0000065034
        0.0000021919   0.0000656809  -0.0000618273   0.0000045563  -0.0000154982
       -0.0000286036  -0.0000914571  -0.0001087277   0.0000868829   0.0000135284
        0.0001081410   0.0000214342   0.0000123636   0.0000399845  -0.0000180171
       -0.0000183952  -0.0000452106   0.0000038779  -0.0000154425  -0.0000047284
       -0.0000008691  -0.0000025091  -0.0000130234   0.0005310944   0.0001668268
        0.0000384321   0.0000189193   0.0000003298  -0.0000093994   0.0189520918
       -0.0002160644   0.0023917904  -0.0000049739   0.0000063253  -0.0000282797
        0.0001443565  -0.0000327821   0.0000251875   0.0002269006  -0.0000146777
       -0.0000458416  -0.0000061310  -0.0000700337  -0.0000185873   0.0000251170
        0.0000014818   0.0000266459   0.0000213804  -0.0000001209  -0.0000259406
       -0.0003478668   0.0004867188   0.0002110244  -0.0005235632  -0.0000858405
        0.0001731821  -0.0001610536   0.0000529036  -0.0003055330   0.0010550033
       -0.0000495187  -0.0002830476   0.0000236189  -0.0000700359   0.0000499466
        0.0001849596  -0.0002101445   0.0001359901  -0.0000929750   0.0000455971
        0.0001373128  -0.0000663723   0.0000858460  -0.0000390668  -0.0001752172
        0.0001009216   0.0000259823  -0.0000505039  -0.0000363913   0.0000731626
       -0.0007154121  -0.0003133420  -0.0000754414   0.0003441839  -0.0007617813
        0.0004853796  -0.0000640636   0.0002669346   0.0001881480   0.0033870260
       -0.0053753541  -0.0011743839  -0.0003490979   0.0003602891   0.0001346777
        0.0000341774  -0.0000616079   0.0000396152  -0.0000264646   0.0001117778
        0.0000866633   0.0000146718  -0.0000843138  -0.0000324835  -0.0003077601
       -0.0000815597  -0.0002981879  -0.0000902669   0.0002591836  -0.0000442787
       -0.0010779882  -0.2072716638  -0.0500596075  -0.0001704555  -0.0044718703
       -0.0020734300   0.0006755370   0.0000412714  -0.0006576099  -0.0017779387
       -0.0037761526  -0.0018893362  -0.0002067402   0.0000853258  -0.0000066516
        0.0001282942  -0.0000432615   0.0004279323   0.0000482234   0.0004022290
        0.0000562018   0.0000984264  -0.0001677249   0.0001647825   0.0000626600
       -0.0001926206  -0.0003026174   0.0000027005   0.0000131511  -0.0000399187
        0.0003272968  -0.0003404552   0.0000571475  -0.0005977591   0.0000511895
        0.0005310677  -0.0000612080  -0.0001016222  -0.0000050291   0.0003079884
       -0.0001678972   0.0001369093   0.0002367055   0.0000175185   0.0000374494
        0.0000708116   0.0002184138  -0.0002289613  -0.0000901461   0.0000780097
        0.0001680970  -0.0001692572  -0.0001340874  -0.0001009051   0.0002246910
       -0.0001714649   0.0001305141   0.0001546233   0.0001682921  -0.0001043782
        0.0001160410   0.0000200331  -0.0002084565   0.0000280056   0.0000174671
       -0.0000642009   0.0001004117   0.0000176447   0.0001336444   0.0000989097
        0.0000401434  -0.0000880898   0.0000681130  -0.0000796981   0.0000285219
       -0.0000013000  -0.0000117370  -0.0001128546  -0.0000492011   0.0007409966
       -0.0000466582   0.0000124100  -0.0001305135   0.0000253796  -0.0002160644
        0.2197341321   0.0547391182   0.0000624736   0.0000487847   0.0000887559
       -0.0000351191   0.0007182398  -0.0001316832  -0.0000595621   0.0000176168
       -0.0001208746  -0.0001430286   0.0000541229   0.0000136350  -0.0001288944
        0.0000055370  -0.0000477192  -0.0001126833  -0.0000696325   0.0000611636
       -0.0000529240  -0.0001801329  -0.0002320359   0.0000321441   0.0002844528
       -0.0001014451  -0.0000371853  -0.0000949844   0.0001082136  -0.0005514950
        0.0002024885   0.0001380327  -0.0001112151   0.0000773624   0.0000229012
       -0.0001593098   0.0002251879  -0.0000596433  -0.0000172992  -0.0000720434
        0.0000424711   0.0000032995   0.0000093655  -0.0000345405   0.0002300875
       -0.0001518910   0.0000893480  -0.0000071028  -0.0000210832   0.0000702793
        0.0009494279  -0.0002440789  -0.0003031658   0.0001777666   0.0001053827
       -0.0000142554  -0.0004588799  -0.0000668647   0.0001067102  -0.0009112490
       -0.0003297642   0.0029104547   0.0005328742  -0.0008985575  -0.0000560897
       -0.0002961440  -0.0002654345  -0.0005144088  -0.0002376188   0.0002259759
       -0.0001447351  -0.0000875087  -0.0000383521  -0.0000126699   0.0006331917
       -0.0000061143  -0.0002261972   0.0000533016  -0.0000530422   0.0000048132
        0.0025728942  -0.0533450043  -0.0292734356   0.0003692987   0.0072441153
        0.0002112512  -0.0012628102  -0.0013463262   0.0022095059  -0.0038304636
       -0.0068857562   0.0001428288   0.0009085407  -0.0010558723  -0.0004348872
       -0.0004465192   0.0013558062   0.0002629035   0.0000730284  -0.0006509694
       -0.0002001134   0.0001649946   0.0001760649  -0.0000284710  -0.0000663802
        0.0004035986  -0.0002220180  -0.0000906278  -0.0001253294   0.0000291580
       -0.0000892572  -0.0011929686  -0.0006197758  -0.0014218874   0.0006789107
        0.0000680059   0.0005016291   0.0006017927   0.0002572627   0.0005612407
        0.0006261343  -0.0000755193  -0.0002321629  -0.0001176177  -0.0001032345
        0.0000028322  -0.0000469428   0.0005319443   0.0002087743  -0.0000600750
       -0.0002918069   0.0001071488   0.0002229510   0.0002338594  -0.0001066386
        0.0005257170  -0.0001889639   0.0000936802  -0.0001632977   0.0000846305
        0.0000447985  -0.0000040198  -0.0000428479   0.0001206660   0.0000061055
        0.0001017140   0.0000123032  -0.0000132234   0.0000721256   0.0000221561
        0.0000270550  -0.0000044027   0.0000255593  -0.0000257071   0.0000197391
       -0.0000116760   0.0000136315  -0.0000184643  -0.0000423808   0.0000609476
        0.0004162777  -0.0000082015  -0.0000396087  -0.0000004582   0.0023917904
        0.0547391182   0.0245640728   0.0000065357  -0.0000322250   0.0000288365
        0.0000325634  -0.0001642193   0.0002930721  -0.0002018805  -0.0000548247
        0.0000450401  -0.0000507244   0.0000260304   0.0000954099  -0.0000248381
       -0.0000624324   0.0000384931  -0.0000181478  -0.0000294318   0.0000042301
       -0.0000190893  -0.0000975954   0.0000827884  -0.0000060351  -0.0000319863
       -0.0000229980  -0.0001590407  -0.0000034660  -0.0000621373   0.0001035360
       -0.0000245231  -0.0000104700   0.0001077753   0.0000214907  -0.0000740696
       -0.0001063974   0.0000628880  -0.0000490583  -0.0001008283  -0.0000216201
        0.0000444657   0.0000187444   0.0000748291  -0.0000972481   0.0000846602
       -0.0000677722   0.0000370297  -0.0000966701   0.0000617542   0.0000316753
       -0.0001449458  -0.0000860800   0.0000124681  -0.0001309078  -0.0000447285
       -0.0000163284  -0.0000729206  -0.0002455428   0.0001572216   0.0000570572
       -0.0000080663   0.0000168728   0.0001037043   0.0000448496  -0.0000432183
        0.0000883023   0.0001529162  -0.0000794966   0.0000423299  -0.0001172096
       -0.0001734458   0.0002556984   0.0002202824   0.0001277341   0.0002823520
        0.0000896621   0.0002680075  -0.0000369976   0.0005625411   0.0007645850
        0.0000062451   0.0000389856   0.0000302690   0.0000316757  -0.0000872723
       -0.0000025398  -0.0000086004   0.0002062016   0.0000464879   0.0000736491
       -0.0000682143   0.0000266421  -0.0001582534   0.0002483964  -0.0000531686
       -0.0003413923  -0.0001785001  -0.0002948712   0.0003709254   0.0017818778
       -0.0004374286   0.0018436771   0.0017390860   0.0070690501  -0.0028518132
       -0.0025244127  -0.0017202621  -0.0766888921  -0.0296755452  -0.0775754672
       -0.0000468168   0.0000159461  -0.0001181548  -0.0000872294  -0.0001183839
        0.0000473411   0.0000784664  -0.0000370598   0.0000070537   0.0000983845
        0.0000515042   0.0001060868  -0.0002462858  -0.0001254494   0.0000379431
       -0.0001382088  -0.0002142550  -0.0000230338  -0.0009386819   0.0010512105
       -0.0009080566  -0.0123785484  -0.0030108610  -0.0109140499  -0.0000184703
        0.0009176811   0.0005505041   0.0012039727  -0.0000594566   0.0002272151
        0.0000051703   0.0000258193  -0.0000513523   0.0000411582   0.0000326302
       -0.0000034763   0.0000757390   0.0000012709   0.0000864012   0.0000264509
       -0.0000015274  -0.0000325382   0.0000407777  -0.0000618379   0.0000407140
        0.0001072871  -0.0000259156  -0.0000715965   0.0000343495   0.0000371780
       -0.0000046294  -0.0000148734  -0.0001441177   0.0002332995  -0.0000049739
        0.0000624736   0.0000065357   0.0896769148   0.0295181430   0.0827208832
        0.0000325646   0.0000633045  -0.0000110792  -0.0000287771  -0.0000145762
       -0.0000164450  -0.0000868900   0.0001808684   0.0000053572   0.0000361885
       -0.0000841353  -0.0000271641  -0.0000152165  -0.0000836798   0.0001091522
       -0.0000805495   0.0000985917  -0.0000065450  -0.0000061053   0.0000320399
        0.0000379844  -0.0000896979   0.0000051780  -0.0000284269   0.0000774414
        0.0001079014  -0.0000065975   0.0000957264  -0.0000576166  -0.0000756846
       -0.0000174196  -0.0000181120  -0.0000985012   0.0000114154  -0.0000066391
        0.0000893804   0.0000060794   0.0000282015  -0.0000695519   0.0000629502
        0.0000112839   0.0001685193  -0.0000854054  -0.0000173715   0.0000517198
        0.0000747881  -0.0000448053  -0.0000459615   0.0000918765  -0.0000116958
       -0.0000202254  -0.0003453209  -0.0001152467   0.0002856349  -0.0000184176
       -0.0000656091   0.0000404756   0.0004547530  -0.0001859962   0.0004330368
       -0.0001098033   0.0000991292  -0.0001650169   0.0001867687  -0.0000009821
       -0.0002852221  -0.0003726277   0.0002541643   0.0003040191   0.0004680232
        0.0006712806   0.0004735909   0.0001185622  -0.0005505595  -0.0004570101
       -0.0000048082  -0.0000182863   0.0000041051  -0.0000814893  -0.0000831060
       -0.0000257508   0.0000252300   0.0001817276   0.0001572360   0.0000792554
       -0.0000463031   0.0000824111  -0.0001811836   0.0002713399  -0.0001312070
        0.0011568764  -0.0010488670   0.0015768334   0.0023718574  -0.0003677297
       -0.0004162620  -0.0039310390   0.0011041365  -0.0073363833   0.0024378311
       -0.0002326632   0.0043340041  -0.0313585638  -0.0360817618  -0.0379827120
       -0.0000568060  -0.0000623227  -0.0000058890  -0.0000316605  -0.0000475278
        0.0000112696  -0.0000186645   0.0004466825  -0.0000066084   0.0000275521
       -0.0000740003   0.0000713540  -0.0001836340   0.0003868442  -0.0001900965
        0.0002766069  -0.0008628026   0.0001401774  -0.0018552744   0.0017194406
       -0.0006237280   0.0002329149   0.0010466898  -0.0028148723   0.0001663265
        0.0001537460  -0.0004196335   0.0007262037  -0.0006308215   0.0004443090
        0.0000066658  -0.0000355890  -0.0000453981   0.0000235947  -0.0000066029
        0.0000474786   0.0000313990  -0.0000106879   0.0000295381   0.0000106404
       -0.0000060305  -0.0000209035  -0.0000058512  -0.0000082595   0.0000058938
       -0.0000040885  -0.0000420992  -0.0000214365  -0.0000028088   0.0000274013
        0.0000248510   0.0000670695  -0.0000411898  -0.0001003643   0.0000063253
        0.0000487847  -0.0000322250   0.0295181430   0.0342814284   0.0426373355
        0.0000085154   0.0000304016  -0.0000132524  -0.0000256793  -0.0000185513
       -0.0000256935   0.0000926235  -0.0000613128   0.0002272508  -0.0000025789
       -0.0001135275  -0.0000120434  -0.0000445385  -0.0000317171  -0.0001952062
       -0.0001206064  -0.0000034337   0.0000813082  -0.0001404385  -0.0001496215
        0.0001315446  -0.0001390042  -0.0000142827  -0.0001681724   0.0000393437
       -0.0000301397   0.0000020242   0.0002365289   0.0002512706  -0.0001799587
        0.0000913244   0.0000064840  -0.0000570016  -0.0001618417  -0.0000352746
        0.0001645012  -0.0000143091   0.0001257987  -0.0001798977  -0.0000262775
       -0.0000951563   0.0000322899  -0.0000807781   0.0000362988   0.0001491237
       -0.0000649855  -0.0001286122  -0.0000001120  -0.0001182868  -0.0000962730
        0.0000102217  -0.0001336132  -0.0002673229   0.0003045496  -0.0001118288
       -0.0000121364  -0.0000205879   0.0001564693   0.0006549241   0.0000905622
        0.0002272669   0.0001949809  -0.0001285411   0.0002311185   0.0003166281
       -0.0003691315  -0.0005242253  -0.0002232186   0.0007614073  -0.0000074412
       -0.0002413590   0.0004915652  -0.0001391250   0.0003907941  -0.0010708444
        0.0000563546  -0.0000512669  -0.0000074513   0.0001194501  -0.0002674893
       -0.0000493216  -0.0002221305   0.0002786743   0.0001052583   0.0000503134
       -0.0000609979   0.0000306817  -0.0002156172   0.0002543688   0.0000093706
       -0.0002876673  -0.0004143406  -0.0007527680  -0.0019451446  -0.0000518422
       -0.0023787233  -0.0019053723  -0.0048667144  -0.0117385918  -0.0017923463
        0.0011975817  -0.0030175565  -0.0775347471  -0.0388678133  -0.1227258005
       -0.0000840473  -0.0000777546  -0.0000557272  -0.0000773729  -0.0001426620
        0.0000323254  -0.0000054831  -0.0001461647  -0.0000074405   0.0001534235
        0.0001025492   0.0001276427   0.0001993852  -0.0001439255  -0.0001527667
       -0.0000775790   0.0001725415   0.0000732587   0.0007135493  -0.0004098235
       -0.0000698391   0.0013813927   0.0003660246   0.0024907444   0.0001622449
        0.0000073689   0.0001382106  -0.0005265835   0.0003213269  -0.0003215889
        0.0000397192   0.0000032992  -0.0001132793   0.0000881293   0.0000371455
        0.0000316452   0.0001026012  -0.0000460952   0.0001435436   0.0000451035
        0.0000104781  -0.0000722241   0.0000475111  -0.0001095529   0.0000629179
       -0.0000013285  -0.0000697707  -0.0001135480   0.0000447238   0.0000939188
       -0.0000090614  -0.0000036278  -0.0004201924  -0.0000112740  -0.0000282797
        0.0000887559   0.0000288365   0.0827208832   0.0426373355   0.1381849477
        0.0000390425   0.0000894208  -0.0000400973  -0.0000782149  -0.0000308282
       -0.0000647259  -0.0001413655   0.0000362313  -0.0000116554  -0.0001295593
       -0.0000276033   0.0000007691  -0.0001066511  -0.0001725318   0.0002084380
        0.0000122257   0.0001655772   0.0001851857  -0.0001927479  -0.0001412865
        0.0001027465  -0.0001401881   0.0001086401  -0.0001323845   0.0005047122
       -0.0000716676  -0.0000379881   0.0001311125  -0.0000775211  -0.0000635908
        0.0000514374  -0.0001110456   0.0000221781  -0.0000271384   0.0000179399
        0.0000223294  -0.0000464464   0.0000321641  -0.0000303994  -0.0000260997
        0.0000906633   0.0001561143  -0.0000151437  -0.0000094802   0.0000038984
        0.0000513725  -0.0001033471   0.0001130100  -0.0001207192  -0.0002179010
       -0.0002390292  -0.0000970334   0.0001745835   0.0002226550  -0.0000138177
       -0.0000059202   0.0001466238   0.0001867585  -0.0003466694  -0.0000405045
        0.0000364666  -0.0000063826  -0.0000047371  -0.0000548555   0.0000103995
        0.0000024258  -0.0000102872   0.0000562589   0.0000193490   0.0001260610
       -0.0000284428   0.0000751457   0.0001337658   0.0000468625   0.0000396792
        0.0003040272   0.0005101482  -0.0005052045  -0.0005007775  -0.0013015229
        0.0010562102   0.0003376206   0.0010612697  -0.0000802795  -0.0005192752
        0.0083960788  -0.0101149304   0.0000030364  -0.0008715243   0.0000615531
        0.0000645001  -0.0000494024  -0.0000511535   0.0000293687  -0.0001371591
        0.0000070395  -0.0001240684   0.0000757734  -0.0002332744   0.0001927716
        0.0002625682   0.0004780171  -0.0000209829  -0.0000109223  -0.0001639883
       -0.0175281271  -0.0361864683   0.0290354941  -0.0066610172  -0.0001754899
       -0.0039105834   0.0011846813  -0.0027279505  -0.0010616575  -0.0047467619
       -0.0142916888   0.0056119024   0.0002942902   0.0009972733   0.0001751919
        0.0001218573  -0.0002027135  -0.0000475990  -0.0003469081   0.0002154056
       -0.0002090078  -0.0000308028  -0.0001593367   0.0000987267   0.0001954138
       -0.0003813005   0.0000727331   0.0000592643   0.0001189281   0.0000493074
        0.0000114092   0.0000425979  -0.0000401159  -0.0000049117   0.0000189214
       -0.0001034010   0.0000523883  -0.0000046098   0.0000318422   0.0000381248
        0.0000232041  -0.0000423322  -0.0000045415  -0.0000295255   0.0000207985
       -0.0000255214   0.0000018101  -0.0000629840  -0.0001581700   0.0000699565
       -0.0002244193  -0.0000142965  -0.0000408751   0.0000056718   0.0001443565
       -0.0000351191   0.0000325634   0.0000325646   0.0000085154   0.0000390425
        0.0269577350   0.0435604040  -0.0201226390   0.0002986431   0.0016440727
       -0.0003527949  -0.0000554198  -0.0000237783   0.0000558408  -0.0000221882
        0.0000596134  -0.0000699669  -0.0000477181  -0.0000205789   0.0000016895
       -0.0001517138   0.0000400388   0.0000585214  -0.0000926552  -0.0001544339
        0.0001118077  -0.0000798291   0.0001087104  -0.0002039685  -0.0000468621
        0.0001289430   0.0000271961  -0.0000359090   0.0000160022   0.0000156759
        0.0000258757  -0.0000469525  -0.0000222314  -0.0000892720  -0.0000006164
        0.0001203756  -0.0000743873   0.0000689742  -0.0000274927   0.0000748602
       -0.0000077857   0.0000341855   0.0000137583  -0.0000169423   0.0000830440
       -0.0001756386  -0.0001214030   0.0001720872  -0.0002354437  -0.0000279925
       -0.0001874956  -0.0000095394   0.0000031927   0.0000736207   0.0006923664
        0.0000178840  -0.0002260270   0.0000358590  -0.0000317050  -0.0000229497
       -0.0001682413  -0.0000205086  -0.0000442649   0.0000264796  -0.0000491758
        0.0000925362  -0.0000390983  -0.0000127698   0.0000037318   0.0000824541
        0.0000507438  -0.0001471632  -0.0000163480   0.0001885456   0.0000184098
       -0.0002075424  -0.0006833042   0.0003500565  -0.0000345957  -0.0000352427
       -0.0001746856  -0.0000615839  -0.0002111278   0.0004278697  -0.0001180296
       -0.0005353163   0.0024335576  -0.0001173511   0.0002587643  -0.0004362742
       -0.0002397628   0.0001981878   0.0002224036  -0.0000420952  -0.0000591835
       -0.0000241528  -0.0000023952  -0.0000145460  -0.0000111794  -0.0000972692
        0.0002231513  -0.0001790370  -0.0000091619   0.0000119643  -0.0000843933
       -0.0370689953  -0.1607672819   0.0853586849   0.0006389337  -0.0014612446
       -0.0026551579  -0.0016081231   0.0003589773   0.0019464983  -0.0052631606
       -0.0067797052   0.0045386960   0.0001487458  -0.0009670465  -0.0001774575
        0.0003933580   0.0006174157   0.0001657455  -0.0001926918  -0.0001251804
       -0.0000382581  -0.0001138258  -0.0000765693   0.0001522246  -0.0001326347
        0.0000570694   0.0000239269   0.0002760595   0.0000858561   0.0000033744
        0.0000777311   0.0000159995  -0.0001646943   0.0000955815   0.0000700966
        0.0000547553   0.0000904543  -0.0000402628   0.0001170245   0.0000881323
        0.0000527403  -0.0000830351   0.0000561897  -0.0000859469   0.0000160400
       -0.0000307004  -0.0000214022  -0.0001313325   0.0001035511   0.0002528364
       -0.0000281879   0.0000150329  -0.0001353110  -0.0000073277  -0.0000327821
        0.0007182398  -0.0001642193   0.0000633045   0.0000304016   0.0000894208
        0.0435604040   0.1684414908  -0.0906395940   0.0003414635   0.0004907518
       -0.0008203923  -0.0000604171   0.0002130874   0.0000831156  -0.0001172004
       -0.0001478279  -0.0001456087  -0.0001353396  -0.0000832804   0.0000519942
        0.0001551545   0.0000184715   0.0000325143  -0.0000197139  -0.0000127276
        0.0000157126   0.0000475599   0.0000119632   0.0000178992   0.0000349380
        0.0000108353   0.0000254963   0.0000358536   0.0000216977  -0.0000137251
       -0.0000277198  -0.0000315585  -0.0000297626   0.0000191790  -0.0000091556
       -0.0000259658   0.0000112380  -0.0000325291  -0.0000246621   0.0000995953
        0.0000361749   0.0000744954   0.0000105612   0.0000017714  -0.0000589114
       -0.0000460646   0.0001568792  -0.0000128119  -0.0001786802   0.0001374867
       -0.0001972543  -0.0001282609  -0.0000493959   0.0001840290   0.0010273563
       -0.0001086992  -0.0000118735   0.0000211500  -0.0000966775  -0.0000827178
       -0.0000879916   0.0000424736  -0.0000013532  -0.0000307806  -0.0000199162
       -0.0000003141  -0.0000150663   0.0000126098   0.0000055119   0.0001230689
        0.0000340565   0.0000040257   0.0000748942  -0.0000829557   0.0000272836
        0.0003123585   0.0005633239  -0.0004421267  -0.0018742707  -0.0005410761
        0.0005441976   0.0007983123   0.0000697016   0.0000902880  -0.0029471906
        0.0098774711  -0.0089481276  -0.0006754972   0.0009573894  -0.0001295443
        0.0000628763   0.0000855698   0.0000311494  -0.0000156578   0.0000579450
        0.0000612579  -0.0000982803   0.0000472801  -0.0000824266  -0.0002244511
        0.0000437071   0.0002768946   0.0000618781   0.0000609284   0.0000172333
        0.0300853638   0.0844144068  -0.0579597624  -0.0003627964   0.0026158549
       -0.0054505329  -0.0019780874  -0.0007790824   0.0011811139  -0.0049779867
       -0.0070211497   0.0054681637   0.0002579417   0.0000170341  -0.0000024416
        0.0001632451  -0.0000924305  -0.0002973857  -0.0001891225  -0.0002229183
       -0.0000043162   0.0000399060   0.0000431898   0.0000285100  -0.0002110331
       -0.0001169761  -0.0000186487  -0.0001180464   0.0000489914   0.0000108009
       -0.0000510444   0.0000054281   0.0001044002  -0.0000558062  -0.0000118152
       -0.0000664074  -0.0000289111   0.0000051183  -0.0000466349  -0.0000341593
       -0.0000063847   0.0000358496  -0.0000590009   0.0000224441  -0.0000073494
       -0.0000098112  -0.0000090560   0.0000428712  -0.0000751845  -0.0001082496
       -0.0000768674   0.0000006300   0.0000426041  -0.0000312759   0.0000251875
       -0.0001316832   0.0002930721  -0.0000110792  -0.0000132524  -0.0000400973
       -0.0201226390  -0.0906395940   0.0659650368   0.0009624382   0.0007223564
       -0.0004127722   0.0000931666  -0.0000354561  -0.0000149147   0.0000921935
       -0.0000434340  -0.0000270934   0.0000382875   0.0000310094  -0.0000197303
        0.0001270421  -0.0000876340  -0.0000721220   0.0000758524   0.0001643710
       -0.0000529832   0.0000281956  -0.0000792932   0.0001332605   0.0000369398
       -0.0001205228   0.0000207794   0.0000475585   0.0000113701  -0.0000095759
       -0.0000646299   0.0000329691  -0.0000057882   0.0000642215   0.0000028356
       -0.0000845149   0.0000550114  -0.0000475150   0.0000106640   0.0000018637
       -0.0000158928  -0.0000276033  -0.0000141813  -0.0000008339  -0.0000547369
       -0.0000453813   0.0001518437  -0.0000198912  -0.0001972826   0.0000079235
       -0.0000752673   0.0000187407  -0.0000437956  -0.0000076629  -0.0000705369
       -0.0000093081   0.0002537651   0.0000632827  -0.0000034338   0.0000507420
        0.0000672975   0.0000356537   0.0000283316  -0.0000039941   0.0000512342
       -0.0000391943   0.0000301561   0.0000219521  -0.0000175167  -0.0000180714
        0.0000023989   0.0001092422   0.0000174501  -0.0001719554  -0.0000259220
       -0.0008219744   0.0005860113   0.0003994056   0.0003751206  -0.0004475120
       -0.0000724890   0.0000256436   0.0002226268   0.0000456939   0.0015505904
       -0.0011390856  -0.0011455546  -0.0002321214   0.0000529166  -0.0000858872
        0.0000582312  -0.0001452215  -0.0001683344   0.0000227697   0.0000416239
        0.0000092527   0.0000253168  -0.0000186306   0.0000172086  -0.0001274640
       -0.0000231815   0.0000123417   0.0000229164   0.0000099843   0.0001445807
       -0.0049799681  -0.0027032916  -0.0082025850  -0.0009695432  -0.0026175700
       -0.0013406218  -0.0000725949   0.0000645842  -0.0000263678  -0.1338192921
       -0.0390072251  -0.0980195754  -0.0005250028  -0.0000525761   0.0000230576
       -0.0000121876   0.0000136120   0.0001281973   0.0000871297   0.0001442321
       -0.0000998325   0.0001108037   0.0000363456  -0.0000116800  -0.0003040911
        0.0001195698  -0.0001395321  -0.0001886789  -0.0001421289   0.0001065029
       -0.0000524729   0.0000040986   0.0000981397  -0.0000624223  -0.0000325558
       -0.0000323675  -0.0000663347   0.0000437790  -0.0000776352  -0.0000706023
       -0.0000314049   0.0000535660  -0.0000620037   0.0000609461  -0.0000145018
        0.0000151708   0.0000174845   0.0001012117  -0.0000097735  -0.0001060858
        0.0000119995  -0.0000075752   0.0001107841  -0.0000055716   0.0002269006
       -0.0000595621  -0.0002018805  -0.0000287771  -0.0000256793  -0.0000782149
        0.0002986431   0.0003414635   0.0009624382   0.1386041883   0.0448575456
        0.1073608261   0.0004083789  -0.0001405185   0.0000427412   0.0002248542
       -0.0000029675   0.0001476909   0.0001366881   0.0000652213  -0.0000562291
        0.0000289823  -0.0000414205  -0.0000254516   0.0000511886  -0.0000039547
       -0.0000079706   0.0000314340  -0.0000158871   0.0000339817  -0.0001302609
        0.0000168089  -0.0000026964  -0.0000028187   0.0000286988   0.0000345431
        0.0000003991   0.0000129549  -0.0000235753   0.0000198974  -0.0000116054
       -0.0000354686   0.0000208014  -0.0000167465   0.0000118176   0.0000271760
       -0.0000262515  -0.0000673120   0.0000073744   0.0000031135  -0.0000286676
        0.0001157669   0.0000014150   0.0000576791  -0.0000033503   0.0000126561
        0.0000113525   0.0000556943  -0.0000037803   0.0000108080  -0.0002588151
        0.0001807587  -0.0001072900  -0.0001448626   0.0001093277   0.0001372431
        0.0000040387   0.0000033529  -0.0000516330   0.0000253487  -0.0000271033
        0.0000444237   0.0000232162  -0.0000037066  -0.0000309862   0.0000134482
        0.0000308901  -0.0000055564  -0.0000023182  -0.0000748706  -0.0000011152
        0.0006248226  -0.0000634765  -0.0000443127   0.0002974230   0.0000563830
       -0.0005190355  -0.0000817258  -0.0000333699   0.0000239530  -0.0033731596
       -0.0002511841   0.0010604196  -0.0001399456  -0.0000870645  -0.0002006410
       -0.0000628854  -0.0000006301  -0.0000020064   0.0000535016   0.0000064944
       -0.0000212621   0.0000151255  -0.0000196109   0.0000289047  -0.0001056912
        0.0000698478  -0.0000570406   0.0000237906   0.0000197802   0.0000753220
       -0.0103009765  -0.0003314402  -0.0080927475   0.0041114926   0.0000452549
        0.0070656769   0.0016412265   0.0001699768   0.0016773381  -0.0390252772
       -0.0305413232  -0.0374403060  -0.0001714972  -0.0001399147   0.0000586611
        0.0001393314   0.0003029744   0.0002001111   0.0000955276   0.0001519962
       -0.0000439727   0.0000127457   0.0000198018  -0.0000185747  -0.0002289778
        0.0000996044  -0.0000841071  -0.0000511854  -0.0001032852   0.0000665925
       -0.0000121450  -0.0000000071   0.0000297420  -0.0000138442  -0.0000109700
        0.0000106383  -0.0000195773   0.0000064890  -0.0000269972  -0.0000214675
       -0.0000119709   0.0000234295  -0.0000154184   0.0000219980  -0.0000090585
        0.0000101062  -0.0000022343   0.0000445558   0.0000105966  -0.0000237556
        0.0000080748   0.0000010908   0.0000471451  -0.0000081736  -0.0000146777
        0.0000176168  -0.0000548247  -0.0000145762  -0.0000185513  -0.0000308282
        0.0016440727   0.0004907518   0.0007223564   0.0448575456   0.0299790358
        0.0355816180   0.0000858907  -0.0000352518  -0.0000207830   0.0000964065
       -0.0000245051   0.0000634812   0.0000499914   0.0000187449  -0.0000203293
        0.0001051089  -0.0000441266  -0.0000395553   0.0000975097   0.0000568175
       -0.0000215582   0.0000764818  -0.0000231915   0.0001109002   0.0000071873
       -0.0000246406   0.0000247040   0.0000212777   0.0000064291  -0.0000164104
       -0.0000817455   0.0000464950  -0.0000264612   0.0000497657  -0.0000129677
       -0.0000767629   0.0000452543  -0.0000502024  -0.0000037141   0.0000457906
       -0.0000243452   0.0000097224  -0.0000067410   0.0000006005  -0.0000613179
       -0.0001142609   0.0001257019   0.0000717393   0.0000552933   0.0000259112
       -0.0000552588  -0.0000123340  -0.0000142732   0.0000815160   0.0000820747
       -0.0000830415  -0.0001921909  -0.0000299924  -0.0000501853  -0.0000007946
        0.0000155861   0.0000513936   0.0000126898  -0.0000209186   0.0000393153
       -0.0000417498   0.0000300385   0.0000131716  -0.0000320566   0.0000145456
        0.0000146059   0.0001241210   0.0000285420  -0.0001654672  -0.0000025876
        0.0000807263   0.0001697171  -0.0000658205  -0.0005481851   0.0001011603
       -0.0001637414   0.0000947365  -0.0000951109   0.0000148274  -0.0013414073
        0.0008441008  -0.0003181886  -0.0001158554   0.0002369280   0.0000049372
        0.0001322180  -0.0001445519  -0.0002665944   0.0000339695   0.0000147667
        0.0000098242  -0.0000066077   0.0000225804  -0.0000359073  -0.0001800870
        0.0000105285   0.0000762867  -0.0000033575   0.0000218687   0.0001534980
        0.0023609067   0.0030235290   0.0032169296  -0.0093006174  -0.0015123672
       -0.0058486673  -0.0005524087  -0.0006410552  -0.0007077516  -0.0977401673
       -0.0365717490  -0.1007132316  -0.0001882881   0.0001444686  -0.0000787588
       -0.0000203834  -0.0003361346  -0.0000381791   0.0000802847   0.0001248320
       -0.0000998804   0.0001573509   0.0000856761  -0.0000623176  -0.0001600857
        0.0001286463  -0.0000258089  -0.0002311206  -0.0001154911   0.0000929682
       -0.0000522550  -0.0000092775   0.0000946956  -0.0000637225  -0.0000307467
       -0.0000238646  -0.0000589254   0.0000229652  -0.0000670297  -0.0000640206
       -0.0000221998   0.0000536638  -0.0000654122   0.0000489302  -0.0000116771
        0.0000084030   0.0000116805   0.0000941481   0.0000126448  -0.0001049151
       -0.0000152822  -0.0000054792   0.0000917418  -0.0000121487  -0.0000458416
       -0.0001208746   0.0000450401  -0.0000164450  -0.0000256935  -0.0000647259
       -0.0003527949  -0.0008203923  -0.0004127722   0.1073608261   0.0355816180
        0.1051634787   0.0001241262  -0.0000966042   0.0000450389   0.0001542705
        0.0000239330   0.0001385948   0.0001045408   0.0000494918  -0.0000365578
        0.0001130425  -0.0000416366  -0.0000428020   0.0001161764   0.0000838728
        0.0000119856   0.0000843676  -0.0000207365   0.0001235066  -0.0000569800
       -0.0000338467  -0.0000023691  -0.0000090744   0.0000120002  -0.0000492781
       -0.0000515061  -0.0000078507  -0.0000613335   0.0000536860   0.0000024162
       -0.0000632690   0.0000340861  -0.0000769427   0.0000214706   0.0000025262
        0.0000057222  -0.0000981671   0.0000486604   0.0000148696  -0.0001006983
        0.0000413303   0.0000729733   0.0000302704   0.0000120746   0.0000529295
       -0.0000205708   0.0000055328  -0.0000065683   0.0000082613  -0.0000616419
        0.0000190873   0.0000410160   0.0002129087   0.0000470904  -0.0001481301
        0.0000978818   0.0001320011   0.0002345211   0.0001505136  -0.0001875148
       -0.0000106785  -0.0000465230   0.0001211532   0.0000877704  -0.0004583021
       -0.0001770966   0.0001251692   0.0000769000  -0.0001861880   0.0000025027
        0.0000495806  -0.0000287529   0.0000020091   0.0001995071   0.0002067290
        0.0000821028  -0.0000729570  -0.0000620455   0.0000774672  -0.0003263893
       -0.0000276262  -0.0001444092   0.0007375508  -0.0004174981   0.0015096489
       -0.0007509320   0.0005746690  -0.0003150336   0.0003769512  -0.0001988283
       -0.0002724903  -0.0000261659   0.0001052577  -0.0000408155  -0.0005607857
        0.0001119392  -0.0004648766   0.0000086018  -0.0001719270   0.0002044366
        0.0000932706   0.0001777089   0.0001886714   0.0012161722   0.0008427604
       -0.0009854389  -0.0131699058   0.0019357314   0.0069061019  -0.0002804062
       -0.0003312589  -0.0001474785  -0.1689243311   0.0662906637   0.0647856197
       -0.0019967963  -0.0034050459   0.0008589246   0.0004159908  -0.0005130495
        0.0004784330   0.0002605785  -0.0000561499  -0.0000054704   0.0013727369
       -0.0011189798   0.0002252746  -0.0005726250   0.0001465987  -0.0000565176
       -0.0000512473  -0.0000139260   0.0000908135  -0.0000647049  -0.0000242731
       -0.0000130250  -0.0000664586   0.0000275952  -0.0001012203  -0.0000871013
       -0.0000330801   0.0000517382  -0.0000580908   0.0000747651  -0.0000226190
        0.0000262570   0.0000070418   0.0000935473  -0.0000118506  -0.0001116522
       -0.0000121090   0.0000007643   0.0001240442  -0.0000313837  -0.0000061310
       -0.0001430286  -0.0000507244  -0.0000868900   0.0000926235  -0.0001413655
       -0.0000554198  -0.0000604171   0.0000931666   0.0004083789   0.0000858907
        0.0001241262   0.1802119101  -0.0642530788  -0.0729479286   0.0011376846
        0.0003500187   0.0000137725   0.0002875937  -0.0000091541  -0.0001221256
       -0.0001019875   0.0001324102  -0.0000042571  -0.0000297277  -0.0000851743
        0.0000991762  -0.0000200967   0.0000560834  -0.0001039656   0.0000550198
        0.0000456824  -0.0000377110   0.0000085982  -0.0000280546   0.0000181881
        0.0000678061  -0.0000323696  -0.0000036490  -0.0000023622  -0.0000053595
        0.0000251662  -0.0000216320   0.0000198520  -0.0000033367  -0.0000556577
       -0.0000149464  -0.0000048569  -0.0000230108  -0.0000098390   0.0000018434
        0.0000625195  -0.0000633805   0.0000017427   0.0000339826  -0.0000506459
        0.0000142172  -0.0000431554  -0.0000157304   0.0000378795  -0.0001295176
        0.0000144842  -0.0000151467  -0.0001018622   0.0001230937  -0.0000270434
       -0.0000479993  -0.0000207776  -0.0000614954   0.0000692646  -0.0000379879
        0.0000601386   0.0000006175   0.0000201281   0.0000279366   0.0001029564
        0.0000002257  -0.0000470611   0.0000574941   0.0000600316  -0.0000412963
        0.0000952497  -0.0001586015  -0.0000683059   0.0000393726  -0.0000944187
        0.0001284930  -0.0001070459  -0.0000434907  -0.0001518356  -0.0002677909
       -0.0001872938  -0.0001318036  -0.0006509014  -0.0003191541   0.0006507789
       -0.0000905381   0.0000272425   0.0000196479  -0.0000192195  -0.0000003636
       -0.0000064098  -0.0002035531   0.0000089208   0.0000017968  -0.0005859101
        0.0000689394   0.0001975239  -0.0001302884   0.0001824847   0.0004029381
        0.0001631211   0.0001134326  -0.0000689925   0.0007845925   0.0012804095
       -0.0009032764  -0.0126580892   0.0033726004   0.0047364020   0.0003747341
       -0.0000465028   0.0003913271   0.0672325379  -0.0376889715  -0.0269539222
       -0.0016822375  -0.0054010692  -0.0006890071  -0.0001159611  -0.0002396154
       -0.0012748195   0.0001304792  -0.0000893937  -0.0001718472   0.0124279880
       -0.0131618586  -0.0086716622  -0.0001422942  -0.0000680250   0.0000693511
        0.0000292809  -0.0000213908  -0.0000491170   0.0000268113  -0.0000101355
        0.0000344645   0.0000228926  -0.0000198952   0.0000336889   0.0000269745
        0.0000041262  -0.0000268572   0.0000191076  -0.0000229583   0.0000063176
        0.0000040885   0.0000024963  -0.0000402302  -0.0000080651   0.0000567469
       -0.0000008717  -0.0000065561  -0.0000336679   0.0000193457  -0.0000700337
        0.0000541229   0.0000260304   0.0001808684  -0.0000613128   0.0000362313
       -0.0000237783   0.0002130874  -0.0000354561  -0.0001405185  -0.0000352518
       -0.0000966042  -0.0642530788   0.0508388329   0.0312546674  -0.0002787910
        0.0014944042   0.0014711014  -0.0000046973  -0.0001222016  -0.0000755571
       -0.0000314321  -0.0000159408   0.0000365184  -0.0000348861   0.0000097293
        0.0000529374  -0.0000176053   0.0000085388  -0.0000576192  -0.0000549928
       -0.0000204319  -0.0000261992  -0.0000027827   0.0000632066  -0.0000357907
        0.0000549387  -0.0000505474   0.0000177386  -0.0000841194   0.0000223930
        0.0000552521  -0.0000392096   0.0000097577  -0.0000088488  -0.0000885238
        0.0000506650  -0.0001441673   0.0000824950   0.0000183515   0.0000101426
        0.0000400665  -0.0001626719  -0.0000266095   0.0000422780   0.0000793171
        0.0000425912   0.0000502032   0.0000558079  -0.0000421022  -0.0000602431
       -0.0000088497   0.0000296526   0.0002816322  -0.0000635435  -0.0000224330
        0.0002124747   0.0001236665   0.0002407425   0.0001110830  -0.0001619957
       -0.0000287271   0.0000195555   0.0000465579   0.0000372396  -0.0006950502
       -0.0002179704   0.0000949749  -0.0001124189   0.0000629982   0.0000143175
       -0.0000063338  -0.0001612121  -0.0001524718   0.0000362794   0.0002373852
        0.0000006370  -0.0003330639  -0.0002249391   0.0001454491   0.0000440420
       -0.0000095776   0.0000034927   0.0035923893  -0.0000915187   0.0005727302
       -0.0004187801   0.0008445740   0.0000248230   0.0006216085  -0.0002220663
       -0.0005121732   0.0000114892   0.0001974910   0.0000230274  -0.0010888487
        0.0002994891  -0.0006261951   0.0000676227  -0.0005705678   0.0002417180
        0.0000332890   0.0000992821   0.0000376648  -0.0000897699  -0.0000206715
       -0.0005381160   0.0037074408  -0.0009175687   0.0028182575  -0.0000599895
       -0.0003242106   0.0002128811   0.0645114843  -0.0271531069  -0.0491150787
       -0.0007605308   0.0008567302   0.0014332259   0.0011991655  -0.0020072631
        0.0016131217   0.0005095478   0.0000467015  -0.0001198793   0.0016049346
       -0.0030815937   0.0021376456  -0.0003345097   0.0008194319  -0.0007265239
        0.0000142854   0.0000063725  -0.0000396527   0.0000380368   0.0000012050
        0.0000215571   0.0000354009  -0.0000186849   0.0000276985   0.0000071199
        0.0000050888  -0.0000237911   0.0000316535  -0.0000208136   0.0000102161
       -0.0000010492  -0.0000191786  -0.0000464085  -0.0000163736   0.0000348632
        0.0000052249   0.0000203109  -0.0000565875   0.0000082731  -0.0000185873
        0.0000136350   0.0000954099   0.0000053572   0.0002272508  -0.0000116554
        0.0000558408   0.0000831156  -0.0000149147   0.0000427412  -0.0000207830
        0.0000450389  -0.0729479286   0.0312546674   0.0429812028   0.0002000100
        0.0001624433  -0.0009430574   0.0000122529  -0.0001184209   0.0001710122
        0.0001358675  -0.0001089868  -0.0000491108   0.0001411864   0.0001202399
       -0.0000823812   0.0000681225  -0.0000650653   0.0001641007  -0.0001016194
       -0.0000574891   0.0000326919   0.0000165918   0.0000282431  -0.0000110875
       -0.0000581567   0.0000516176  -0.0000346868   0.0000655348   0.0000005718
       -0.0000877872   0.0000505744  -0.0000678063   0.0000319891  -0.0000253515
       -0.0000122178  -0.0000860951  -0.0000257429   0.0000118759  -0.0001105050
       -0.0000329215   0.0000772177  -0.0000052328   0.0000030650   0.0000789834
       -0.0000040151   0.0000027328  -0.0000148395  -0.0000077199   0.0001208843
        0.0000071349   0.0000308262  -0.0000332350   0.0000306676   0.0000206970
        0.0000910496   0.0000825290   0.0000450090   0.0000788548  -0.0000933200
        0.0000069123   0.0000019375   0.0000820223   0.0000950873  -0.0001556448
       -0.0000133972   0.0001015401   0.0001465659  -0.0002136006  -0.0000484947
       -0.0000759230   0.0001033476  -0.0000216747  -0.0000426263  -0.0000892859
       -0.0000248570   0.0001476885   0.0001805169   0.0000456725   0.0000756810
        0.0001193515  -0.0000403489   0.0002171163   0.0003738490   0.0001003479
       -0.0000222537   0.0000457028   0.0000753253   0.0000885793  -0.0001262520
       -0.0002517308  -0.0001694853   0.0000200860   0.0000038902  -0.0014949288
        0.0003942421  -0.0005472579  -0.0003032069   0.0002621966   0.0004288694
        0.0000348042   0.0001206841   0.0000053270   0.0001257506  -0.0001741607
        0.0001931536  -0.0001403549   0.0004527835  -0.0002920642  -0.0002728945
       -0.0001734770  -0.0003115695  -0.0002385530  -0.0004614892  -0.0003815080
       -0.0019486460   0.0001144459  -0.0010788931  -0.0120411104   0.0007960137
       -0.0023014359  -0.0009456415  -0.0002894667  -0.0002534891  -0.1866774342
       -0.0618234494  -0.0409995232  -0.0012678898  -0.0009040000   0.0013948695
       -0.0000587821   0.0000010961   0.0001034646  -0.0000677515  -0.0000293171
       -0.0000140928  -0.0000690048   0.0000388003  -0.0000925302  -0.0000791641
       -0.0000332563   0.0000626136  -0.0000676069   0.0000770320  -0.0000294120
        0.0000364677   0.0000112625   0.0001113145  -0.0000074634  -0.0001115270
        0.0000082211  -0.0000070655   0.0001466830  -0.0000337281   0.0000251170
       -0.0001288944  -0.0000248381   0.0000361885  -0.0000025789  -0.0001295593
       -0.0000221882  -0.0001172004   0.0000921935   0.0002248542   0.0000964065
        0.0001542705   0.0011376846  -0.0002787910   0.0002000100   0.2026416489
        0.0613722134   0.0441472073   0.0007380985   0.0000920518  -0.0002999753
        0.0000295508  -0.0000196489  -0.0000471606   0.0000927614   0.0000029017
       -0.0000341060   0.0000362034  -0.0000334893   0.0000504212  -0.0002563721
        0.0000741932   0.0000214370   0.0000626034   0.0000348152   0.0000512053
        0.0000291572   0.0000214228  -0.0000187415   0.0000516144  -0.0000158262
       -0.0000262671   0.0000236198  -0.0000326060  -0.0000074202  -0.0000691225
       -0.0000098432  -0.0000840122   0.0000759843  -0.0000237008  -0.0000579754
        0.0001557693  -0.0000413046  -0.0000173020   0.0001338977   0.0000785969
       -0.0000106960  -0.0000945675  -0.0000262235  -0.0000047367  -0.0001576030
       -0.0000260322   0.0000228246   0.0001027529   0.0000168797   0.0001113130
        0.0000385268  -0.0000379143  -0.0000257442   0.0001019669  -0.0001188397
        0.0000414443   0.0000500602   0.0000670897  -0.0000832421  -0.0000795714
       -0.0001748858  -0.0000128696  -0.0000107448  -0.0000249794   0.0000825488
        0.0000135948  -0.0001839476   0.0000734319   0.0000175524   0.0002189181
        0.0000452785   0.0000766034  -0.0000848623  -0.0002630707   0.0001644154
        0.0001660825   0.0000051309   0.0013628398  -0.0001773713  -0.0002150502
       -0.0005791317   0.0004220604   0.0001517902   0.0004134515   0.0000110977
       -0.0001018516  -0.0001027225   0.0000990935  -0.0001269270   0.0000754924
       -0.0006247387   0.0002348027  -0.0000418050  -0.0002764250   0.0000082577
       -0.0001550258  -0.0000770653   0.0001900944   0.0001165676  -0.0002717848
        0.0004114878   0.0005468183  -0.0002577054   0.0001924582  -0.0003064352
        0.0000476152  -0.0001814842  -0.0127575808  -0.0121263478  -0.0053171434
       -0.0027968737  -0.0025534408  -0.0020656029   0.0102083517   0.0005142791
        0.0013376583   0.0023388131   0.0005265978   0.0003201287  -0.0621259467
       -0.0349624037  -0.0133825670   0.0013854110  -0.0000680699  -0.0000014122
       -0.0000206890  -0.0000178090   0.0000436898  -0.0000193227  -0.0000250947
        0.0000379535  -0.0000420936   0.0000033262  -0.0000458137  -0.0000386548
       -0.0000217073   0.0000297727  -0.0000308840   0.0000435696  -0.0000096146
        0.0000012077   0.0000075007   0.0000549152  -0.0000220976  -0.0000416506
        0.0000249477  -0.0000038086   0.0000901889  -0.0000024101   0.0000014818
        0.0000055370  -0.0000624324  -0.0000841353  -0.0001135275  -0.0000276033
        0.0000596134  -0.0001478279  -0.0000434340  -0.0000029675  -0.0000245051
        0.0000239330   0.0003500187   0.0014944042   0.0001624433   0.0613722134
        0.0485459933   0.0186285643   0.0003092406   0.0001494154  -0.0000812422
        0.0000716577  -0.0000234866   0.0000079593  -0.0000158685   0.0000913519
       -0.0000123830   0.0000311513  -0.0000206100   0.0000418098   0.0001826373
       -0.0000937009  -0.0000136898  -0.0000714069  -0.0000417848   0.0000024497
       -0.0001130477  -0.0000301733   0.0000326516   0.0000240556   0.0000284800
       -0.0000388852   0.0000448558   0.0000143979   0.0000036510   0.0001555476
        0.0000096975   0.0001162867  -0.0000689184  -0.0000213240   0.0000036669
       -0.0001523919   0.0001088955   0.0000139223  -0.0000934187   0.0000353779
       -0.0000403846  -0.0000323256  -0.0000191323  -0.0000615959   0.0000835867
        0.0000354016   0.0000084648   0.0000638775  -0.0001583287   0.0001585468
       -0.0000635262  -0.0000713503  -0.0001311885  -0.0002179797   0.0001851574
        0.0000221299   0.0000780533  -0.0001088624  -0.0000949734   0.0003528848
        0.0002514559  -0.0000578452   0.0000035583  -0.0000466898   0.0001057747
        0.0001204058   0.0003362394   0.0000069481   0.0000426957  -0.0000717542
        0.0000222419  -0.0003364327   0.0000421919  -0.0002039819  -0.0001139256
       -0.0002320433   0.0001677048  -0.0014295501  -0.0010055787   0.0002383504
        0.0006071348  -0.0005147083  -0.0003396395  -0.0004854875   0.0000329117
        0.0003220373   0.0000720327  -0.0000438315   0.0000526099   0.0018436634
        0.0000973547   0.0012303024   0.0003940490  -0.0001472951  -0.0004000725
       -0.0000394706  -0.0002233952  -0.0000514984   0.0001483951   0.0009352007
       -0.0002085668  -0.0003069993  -0.0028917876   0.0005476139  -0.0004356415
        0.0002567569   0.0000720341  -0.0053666140  -0.0069072344   0.0027131231
        0.0069425457   0.0039281992  -0.0006137872   0.0010625611   0.0006425591
        0.0038969947  -0.0006224165   0.0004708406  -0.0006122870  -0.0443152228
       -0.0160731739  -0.0292618333  -0.0022009207   0.0012052553  -0.0007525439
       -0.0000280409   0.0000260800   0.0000416171  -0.0000328569  -0.0000066311
       -0.0000755373  -0.0000192757   0.0000242678  -0.0000177354  -0.0000105216
       -0.0000008042   0.0000242649  -0.0000321335   0.0000117392  -0.0000074340
        0.0000062432   0.0000047625   0.0000543617   0.0000096238  -0.0000293917
       -0.0000293400  -0.0000089963   0.0000513141  -0.0000396898   0.0000266459
       -0.0000477192   0.0000384931  -0.0000271641  -0.0000120434   0.0000007691
       -0.0000699669  -0.0001456087  -0.0000270934   0.0001476909   0.0000634812
        0.0001385948   0.0000137725   0.0014711014  -0.0009430574   0.0441472073
        0.0186285643   0.0235437261   0.0000339883  -0.0000005919   0.0004059431
        0.0001170064  -0.0000395229  -0.0000804293   0.0001044009   0.0000831549
       -0.0000388841   0.0000788889  -0.0000643539   0.0001200020  -0.0000959960
       -0.0000563635   0.0000337112  -0.0000002535   0.0000221323   0.0000469236
       -0.0000377585   0.0000551721  -0.0000273303   0.0000894611  -0.0000154278
       -0.0000653371   0.0000613702  -0.0000444822   0.0000132253   0.0000608147
       -0.0000534220  -0.0000326674  -0.0000256405  -0.0000285826  -0.0000478468
        0.0000286696   0.0000991985   0.0000059107  -0.0000268730   0.0000546400
       -0.0000212286  -0.0000102786  -0.0000129984   0.0000217739   0.0001595214
        0.0000035314   0.0000188751  -0.0001606309   0.0001339060  -0.0001224167
       -0.0000717817  -0.0000198353  -0.0000616659   0.0000116619   0.0000869744
       -0.0000267115  -0.0000146564   0.0000131315   0.0000103567   0.0001676297
        0.0000141952  -0.0001214212   0.0000748654  -0.0001920232  -0.0000536854
       -0.0000615196   0.0000544734  -0.0000137860  -0.0000082023   0.0000147597
       -0.0000383410   0.0001182749   0.0000612007   0.0002140382  -0.0001646039
        0.0000523409  -0.0000504303  -0.0002419090  -0.0001292336   0.0004172542
        0.0001092462  -0.0005027960   0.0002735541  -0.0003522886   0.0002352933
        0.0004524562  -0.0001355339  -0.0001304196   0.0006555753  -0.0010649278
       -0.0001297596  -0.0001648381   0.0018962295   0.0002898449  -0.0005808246
        0.0001614242   0.0000800310   0.0001540467   0.0001194651   0.0001502571
       -0.0000562090   0.0000065705  -0.0001954732  -0.0002884006  -0.0002290747
       -0.0000398277  -0.0002127697  -0.0003054199  -0.0000169600  -0.0001061964
        0.0002722517   0.0002312961   0.0002593581   0.0001741571   0.0035549205
       -0.0025316947  -0.0102302141  -0.0098255127   0.0061988390  -0.0000823459
        0.0005700548  -0.0012101632  -0.1286919922  -0.0870458812   0.0610974300
       -0.0000462061  -0.0000032064   0.0001037324  -0.0000675640  -0.0000385377
       -0.0000219978  -0.0000797872   0.0000369871  -0.0000948920  -0.0000748008
       -0.0000341310   0.0000669303  -0.0000670636   0.0000808553  -0.0000316845
        0.0000190437   0.0000094822   0.0001131140  -0.0000294500  -0.0001026931
       -0.0000042580  -0.0000388918   0.0001475777  -0.0000571138   0.0000213804
       -0.0001126833  -0.0000181478  -0.0000152165  -0.0000445385  -0.0001066511
       -0.0000477181  -0.0001353396   0.0000382875   0.0001366881   0.0000499914
        0.0001045408   0.0002875937  -0.0000046973   0.0000122529   0.0007380985
        0.0003092406   0.0000339883   0.1374638853   0.0925240594  -0.0641781532
        0.0001053636  -0.0000863561  -0.0000183700   0.0001117099   0.0001413436
       -0.0000886472   0.0000412605  -0.0000450732   0.0001437856  -0.0000400238
       -0.0000312395   0.0000196152  -0.0000007388  -0.0000455437  -0.0000102842
       -0.0001030813   0.0000233790  -0.0000170420   0.0000821201   0.0000119038
       -0.0000711054   0.0000393831  -0.0000542543   0.0000397425  -0.0000313601
        0.0000120915  -0.0000390020   0.0000169590  -0.0000277568  -0.0001293417
       -0.0000236996   0.0000434878  -0.0000164527   0.0000556093   0.0000915105
       -0.0000071551  -0.0000505395   0.0000246787  -0.0000403631  -0.0000129498
       -0.0000023921   0.0000518546   0.0001303999  -0.0001615450   0.0002088633
        0.0000472326   0.0000318332  -0.0000367508   0.0000373162  -0.0001860354
        0.0000629664   0.0000817267   0.0001277923  -0.0000130952  -0.0001658320
        0.0000151128   0.0001340874   0.0001417728  -0.0001013491   0.0001519656
        0.0000433281   0.0000590676  -0.0000048462  -0.0000461000   0.0000759442
        0.0000503324  -0.0000873074   0.0000474331  -0.0003102997   0.0000147308
        0.0000505051   0.0000005329   0.0006122576   0.0001527848  -0.0002832712
        0.0000306409   0.0007018242   0.0000437046  -0.0005437770  -0.0004595457
       -0.0000207069  -0.0001426351  -0.0000741264  -0.0003609384   0.0001428980
        0.0005609115   0.0017694102  -0.0010519716  -0.0003645671   0.0006109043
       -0.0000094151   0.0000327157   0.0000112854   0.0000958379   0.0000357287
       -0.0000222248  -0.0003738360   0.0000765845   0.0001583266  -0.0001113780
       -0.0000208240  -0.0000627921   0.0003118278   0.0002458324   0.0001858261
       -0.0002346158  -0.0001793062  -0.0000102423  -0.0044086406  -0.0057076985
        0.0051019474   0.0021486413   0.0027116631   0.0004246831  -0.0014879791
       -0.0018389604   0.0010662093  -0.0876333673  -0.0830078930   0.0450836222
       -0.0000473940   0.0000061762   0.0000817530  -0.0000597177  -0.0000261058
       -0.0000222907  -0.0000589153   0.0000338507  -0.0000745786  -0.0000561858
       -0.0000209132   0.0000491654  -0.0000651863   0.0000721255  -0.0000330508
        0.0000299508   0.0000222358   0.0000980962  -0.0000197431  -0.0000746954
        0.0000032472  -0.0000223756   0.0002198630  -0.0000817278  -0.0000001209
       -0.0000696325  -0.0000294318  -0.0000836798  -0.0000317171  -0.0001725318
       -0.0000205789  -0.0000832804   0.0000310094   0.0000652213   0.0000187449
        0.0000494918  -0.0000091541  -0.0001222016  -0.0001184209   0.0000920518
        0.0001494154  -0.0000005919   0.0925240594   0.0870264728  -0.0535368725
       -0.0000682365  -0.0000081618   0.0000410098  -0.0000688291  -0.0000292163
        0.0000136907  -0.0000794453   0.0000051853  -0.0000738175   0.0000468702
        0.0000047596   0.0000021654   0.0000754783   0.0000125557  -0.0000174097
        0.0000302918  -0.0000427560   0.0000038449  -0.0000652713   0.0000167321
        0.0000476542  -0.0000326558   0.0000254954  -0.0000203904  -0.0000268540
        0.0000239792   0.0000314344   0.0000053845   0.0000251655   0.0000593762
       -0.0000281350  -0.0000549563   0.0000026944  -0.0000477868  -0.0000621851
        0.0000154372   0.0000402183  -0.0000153528  -0.0000282408  -0.0000804374
       -0.0000151904  -0.0000354935  -0.0000146664   0.0000071178   0.0000115778
        0.0000786461   0.0000098427   0.0000012820  -0.0000062952   0.0000232239
       -0.0000902701  -0.0000370909   0.0000109568   0.0000071943  -0.0001071379
       -0.0000461247   0.0000057728  -0.0000461245   0.0001113640  -0.0000982724
        0.0000299760  -0.0000024126   0.0000344872   0.0000856992  -0.0000440860
       -0.0000046976  -0.0000473560   0.0001240488   0.0000362712  -0.0000159063
       -0.0000197595   0.0000049525   0.0007751339   0.0007075489  -0.0000114235
        0.0001245842   0.0002800085  -0.0000645218  -0.0008670461  -0.0002621520
        0.0004617182   0.0002002245  -0.0000781970   0.0001171567   0.0001685462
        0.0026695667   0.0016579237  -0.0002568151   0.0001477583  -0.0002501594
       -0.0000247470  -0.0000517754  -0.0000217922  -0.0000404919  -0.0000739975
        0.0000795062  -0.0001175245  -0.0000720905   0.0000273531   0.0000863159
        0.0000326527   0.0000227947   0.0002092233   0.0001073290  -0.0003950455
        0.0007918448  -0.0001744451  -0.0001916915   0.0050584448   0.0081487003
       -0.0035178169  -0.0023953709  -0.0013905971   0.0029247031   0.0010793626
       -0.0011919883  -0.0010717100   0.0599648399   0.0450058614  -0.0512766291
        0.0000248815   0.0000064562  -0.0000599513   0.0000430488   0.0000168593
        0.0000167360   0.0000481713  -0.0000147065   0.0000617585   0.0000418686
        0.0000160193  -0.0000383032   0.0000424337  -0.0000467973   0.0000242119
       -0.0000179596  -0.0000128724  -0.0000618791   0.0000209240   0.0000564624
        0.0000064001  -0.0000086469  -0.0000897799   0.0000566131  -0.0000259406
        0.0000611636   0.0000042301   0.0001091522  -0.0001952062   0.0002084380
        0.0000016895   0.0000519942  -0.0000197303  -0.0000562291  -0.0000203293
       -0.0000365578  -0.0001221256  -0.0000755571   0.0001710122  -0.0002999753
       -0.0000812422   0.0004059431  -0.0641781532  -0.0535368725   0.0508204601
