87
 energy: -121.908173873283 gnorm: 0.087615288653 xtb: 6.7.1pre (5071a88)
O            1.57454100000000        2.20041800000000       11.13483000000000
C            0.98641500000000        1.67549600000000       10.19158100000000
C            0.93774300000000        0.20093400000000       10.06236400000000
O            1.56420900000000       -0.53830800000000       11.04891300000000
C            0.28095900000000       -0.33036700000000        9.01453100000000
C            0.15262000000000       -1.78661200000000        8.79203000000000
C            1.26392400000000       -2.64679600000000        8.87027600000000
C            1.13389600000000       -4.02111900000000        8.63678500000000
C           -0.11385700000000       -4.53645000000000        8.31513600000000
O           -0.30745600000000       -5.86848700000000        8.07597700000000
C           -1.21786300000000       -3.69435100000000        8.22422500000000
O           -2.44185400000000       -4.20914000000000        7.90320400000000
C           -1.09673500000000       -2.33015500000000        8.45517300000000
O           -0.36709800000000        0.42379100000000        8.04309900000000
C           -0.33398700000000        1.79180000000000        8.13235800000000
C           -0.98824800000000        2.50958500000000        7.13183000000000
C           -0.98713100000000        3.90138500000000        7.17334200000000
O           -1.63823200000000        4.56436600000000        6.17567400000000
C           -0.34310000000000        4.58924600000000        8.19853000000000
C            0.30841900000000        3.86678700000000        9.19534100000000
O            0.92470600000000        4.59232000000000       10.17886500000000
C            0.31303200000000        2.46844900000000        9.16198500000000
H            1.91371400000000        0.12156600000000       11.68408500000000
H            2.24688700000000       -2.24923900000000        9.11615200000000
H            2.00967700000000       -4.65729600000000        8.71053700000000
H            0.54583600000000       -6.32195300000000        8.18752400000000
H           -2.28205400000000       -5.16741900000000        7.79074700000000
H           -1.97890200000000       -1.70058500000000        8.37618600000000
H           -1.49669700000000        1.99024900000000        6.32388000000000
H           -1.56296900000000        5.52120400000000        6.33099300000000
H           -0.33776900000000        5.67401000000000        8.23812100000000
H            1.33737300000000        3.96667000000000       10.81528400000000
B           -4.78060200000000       -2.60451300000000        0.31726600000000
B           -4.56946500000000       -1.35668300000000       -0.64800400000000
B           -4.46386100000000       -0.24738100000000       -1.88294500000000
B           -3.39653100000000       -2.66197900000000       -0.50282700000000
B           -3.03800900000000        0.17760700000000       -1.40477300000000
B           -4.39087200000000        0.34264400000000       -0.19239700000000
B           -5.03101200000000        1.40307800000000        0.81922200000000
B           -4.62009400000000        2.98638800000000        0.99756200000000
B           -2.80885100000000        0.51280300000000        0.19951300000000
B           -3.21855100000000        3.22754000000000        1.79323600000000
B           -2.16113300000000       -3.77582100000000       -0.58434300000000
B           -1.87692800000000       -2.24808400000000       -0.93341400000000
B           -1.69716400000000       -0.61333400000000       -0.83575100000000
B           -0.58444300000000       -3.21898400000000       -0.83504900000000
B           -0.21975100000000       -0.14844800000000       -0.31180300000000
B           -1.39498500000000        0.03581800000000        0.85208700000000
B           -1.77568600000000        1.66211000000000        0.75922400000000
B           -1.89750200000000        3.23698900000000        0.88258400000000
B           -0.21529200000000        1.03720000000000        1.06969500000000
B           -0.75211800000000        4.34800200000000        0.55841700000000
B            0.82650100000000       -4.11287000000000       -0.74004900000000
B            0.92514400000000       -2.50540400000000       -0.74972300000000
B            1.21436400000000       -0.94897900000000       -0.58697200000000
B            2.20066500000000       -3.40258600000000       -0.16816700000000
B            2.62204600000000       -0.19565100000000       -0.29297700000000
B            1.23408100000000        0.55156200000000        0.14260000000000
B            1.12484400000000        2.00092300000000        1.04298600000000
B            0.53660000000000        3.43722900000000        0.61800700000000
B            2.45801500000000        1.67264600000000        0.08749500000000
B            1.21364600000000        3.01707300000000       -0.85296300000000
B            3.22024400000000       -3.85082000000000        1.10442800000000
B            3.62404600000000       -2.65348600000000        0.06373700000000
B            4.02502700000000       -1.12193000000000       -0.23655200000000
B            4.41737600000000       -2.83547400000000        1.42032900000000
B            5.36364000000000       -0.24189800000000       -0.68977800000000
B            4.10411900000000        0.53100900000000       -0.01347700000000
B            4.01809300000000        2.32177500000000       -0.03381000000000
B            2.82183800000000        3.09683300000000       -0.91293000000000
B            5.42200700000000        1.45825400000000       -0.18528800000000
B            4.29611800000000        3.55009000000000       -1.01397900000000
H           -5.16873400000000       -3.09485600000000        1.31067700000000
H           -5.71606300000000       -2.07639200000000       -0.39350900000000
H           -5.26403400000000       -0.12071700000000       -2.74169000000000
H           -5.77109700000000        1.00744300000000        1.66460400000000
H           -5.36451400000000        3.84312500000000        0.67204400000000
H           -3.23430000000000        3.22497400000000        2.97567400000000
H           -2.35929700000000       -4.92623700000000       -0.47322500000000
H           -0.89648200000000        5.47548000000000        0.24425300000000
H            0.82234600000000       -5.24979400000000       -1.02332900000000
H            0.55369500000000        2.69429400000000       -1.78368600000000
H            2.97032300000000       -4.81755600000000        1.71725000000000
H            5.26307400000000       -2.51245400000000        2.15654200000000
H            6.38477800000000       -0.64668600000000       -1.09559000000000
H            6.50319700000000        1.83816900000000        0.06501200000000
H            5.13889000000000        4.25241400000000       -1.41544200000000
87
 energy: -121.914903811900 gnorm: 0.040242087601 xtb: 6.7.1pre (5071a88)
O            1.59477534166292        2.18970665388647       11.16905195773807
C            0.99710761741952        1.67872295644403       10.20465312697924
C            0.93944900780543        0.22402404784462       10.04668925378358
O            1.56117696105398       -0.50601283834008       11.02082035294908
C            0.28000653343291       -0.33171240800387        9.00105108406250
C            0.15338653772601       -1.78276449171726        8.77724115956704
C            1.25676101124358       -2.63127113812558        8.87856911899357
C            1.12867939437674       -3.99366432172081        8.64786598818231
C           -0.10782425937055       -4.52528355947781        8.32014947841012
O           -0.30169302556432       -5.86375921262711        8.07712305292384
C           -1.21982837904494       -3.68644340476868        8.21976477000207
O           -2.43883010259861       -4.20859869607323        7.89816811669551
C           -1.08860590211319       -2.32580211294395        8.44058514914076
O           -0.36757070639900        0.42408966678596        8.05044441273184
C           -0.33792819520224        1.78233857412583        8.13564493955124
C           -0.98818891565798        2.49718205327623        7.13545866272832
C           -0.98630200666154        3.88760290232992        7.17518152756794
O           -1.63265713199348        4.55059283165721        6.17949192582741
C           -0.34221882036926        4.57091415718586        8.20100191134394
C            0.30986142285369        3.85942545138076        9.20051470535780
O            0.92365365683735        4.56627721117165       10.17636963908278
C            0.31970559528628        2.45296922622907        9.17431574627826
H            1.90257173818129        0.15304012893739       11.65479862938538
H            2.22799859303801       -2.23038624026541        9.12855728561980
H            1.99901426245647       -4.63220323281263        8.71912154908229
H            0.54105949512344       -6.32165507650666        8.19015476109193
H           -2.29935985982674       -5.16377287576100        7.79232656934536
H           -1.96459666998982       -1.70030305813030        8.36457729128049
H           -1.49375122140695        1.98359923728146        6.33323243510540
H           -1.56039048659363        5.50342686811952        6.32971958508032
H           -0.33679887673647        5.65101835117180        8.24038810959870
H            1.33084028138483        3.92795803535037       10.80422070619367
B           -4.78215413267805       -2.60319685850189        0.31421539147929
B           -4.57096083000299       -1.35592388799833       -0.64935204594760
B           -4.46392214041659       -0.24405838635744       -1.88320359191308
B           -3.39429247696759       -2.65956774247688       -0.50263556115409
B           -3.03741622952737        0.17819521178393       -1.40389077280856
B           -4.38953824861208        0.34192992698176       -0.19150803218263
B           -5.03032721371654        1.40287404270039        0.81977781019627
B           -4.62128987184707        2.98607180272906        1.00228185796185
B           -2.80883072957959        0.51231024712158        0.20122472609453
B           -3.21795548773568        3.22800205844044        1.79333682655978
B           -2.16093386690355       -3.77556916022238       -0.58313933735837
B           -1.87553260310120       -2.24826941895466       -0.93049795875712
B           -1.69668914936551       -0.61245631148656       -0.83411466091308
B           -0.58499949402104       -3.21860596329336       -0.83607625076674
B           -0.22022012596276       -0.14687588671331       -0.31164132886120
B           -1.39428837333739        0.03519669649087        0.85360627837734
B           -1.77601641396582        1.66116108732275        0.76278634553910
B           -1.89612148916243        3.23625769632117        0.88422758305742
B           -0.21559054559823        1.03752457690507        1.07103927133450
B           -0.75255405800892        4.35075764563401        0.56585640076078
B            0.82628077571808       -4.11257884805198       -0.73890305214567
B            0.92704458394190       -2.50672409486013       -0.75356634284239
B            1.21393586357561       -0.94818744048365       -0.58742208016714
B            2.20039233322482       -3.40378548181688       -0.16513626316402
B            2.62122360413267       -0.19571922550093       -0.29222679369187
B            1.23443762631394        0.55109851943784        0.14577763873052
B            1.12413985833954        2.00136281779060        1.04356381077151
B            0.53404257711943        3.43627804123010        0.61610528259475
B            2.45776848467432        1.67279604967732        0.08814837124685
B            1.21292496029220        3.01610024305425       -0.85432950414820
B            3.22200195625285       -3.85328387626911        1.10331063731319
B            3.62055052816927       -2.65206205099905        0.06703187897092
B            4.02484709142534       -1.12108587135064       -0.23517299901568
B            4.41947805408875       -2.83734077338495        1.41974354520388
B            5.36498759094496       -0.24283613761051       -0.68762968638193
B            4.10375583178595        0.53176799705432       -0.01640837119343
B            4.01753581060115        2.32213065202711       -0.03440126695241
B            2.82137254029403        3.09537110381453       -0.91429780020303
B            5.42189073793218        1.45885179439249       -0.18853670560138
B            4.29535475862610        3.55114232061563       -1.01453540145058
H           -5.16962802226207       -3.10290855219974        1.30129078764962
H           -5.71754788783004       -2.07379038309461       -0.39425967834731
H           -5.26199893046434       -0.11765079911387       -2.74263836600378
H           -5.77049431857806        1.00735743936178        1.66293644029319
H           -5.36134740412529        3.84240869631222        0.66906677968263
H           -3.23425253958320        3.22603681868386        2.97326987477878
H           -2.35886048076837       -4.92520487438471       -0.47288511429569
H           -0.89662511765014        5.47462579618160        0.24277084246537
H            0.82053681040007       -5.24966964833598       -1.01909533426236
H            0.55309893698663        2.69080356238022       -1.78336842911838
H            2.97283379221449       -4.81676269100863        1.71959321805314
H            5.26262257166361       -2.51252189526092        2.15632054531588
H            6.38472291235557       -0.64688635082242       -1.09579827761474
H            6.50294325223531        1.83844705794846        0.05934304388771
H            5.13750644810957        4.25186102225614       -1.41764718273683
87
 energy: -121.916880252189 gnorm: 0.010176146719 xtb: 6.7.1pre (5071a88)
O            1.60491791731180        2.17548554570575       11.18433499278570
C            1.00068277448622        1.68004779033619       10.20385522977310
C            0.94420281739158        0.24343540938937       10.03380332198898
O            1.57039528099711       -0.48130671207592       10.99455556369617
C            0.27562422805960       -0.33166258085823        8.99436518973260
C            0.15214188735553       -1.77628457078747        8.77397588186003
C            1.25400093585136       -2.61545726191929        8.89448887329903
C            1.12617974101686       -3.97086041624592        8.66172916949016
C           -0.10172650940912       -4.51206734765469        8.32280797872658
O           -0.29606936051982       -5.85482888247920        8.07978216759183
C           -1.22117405073033       -3.67631336937471        8.20926629755787
O           -2.43439317836596       -4.20328311443316        7.88741173478663
C           -1.08383924975882       -2.31780174029197        8.42407703980300
O           -0.37398113829514        0.42481604533058        8.06198650588416
C           -0.34326622056373        1.77414720899827        8.13893596542754
C           -0.99111486979411        2.48537449497541        7.13945841978307
C           -0.98739668310283        3.87529756908388        7.17612000068007
O           -1.62836088216107        4.53623559318816        6.18052087011811
C           -0.34233471698900        4.55627150594279        8.20249002592201
C            0.31094465521658        3.85442170698686        9.20465699847657
O            0.92603331974487        4.53414056440609       10.17966139814231
C            0.32287728811430        2.44133486008009        9.18128201364745
H            1.90624751928135        0.18169811707366       11.62660997036965
H            2.21545562723088       -2.20952316315838        9.15637054498593
H            1.98954082978096       -4.61668136406770        8.74007519847099
H            0.53793195250537       -6.31852910153567        8.19846490267980
H           -2.31554796668759       -5.15775499897698        7.79088716354230
H           -1.95450988788363       -1.69167728659537        8.33686577979405
H           -1.49588402976568        1.97236035043427        6.34214982136439
H           -1.55836253911653        5.48704232453528        6.32396270472579
H           -0.33664153767816        5.63425309764068        8.24112186438282
H            1.32568654347306        3.87530136165188       10.79632565744016
B           -4.78489546764655       -2.60265200087110        0.30785905804164
B           -4.57242637662241       -1.35400983244639       -0.65082515421850
B           -4.46309941196078       -0.23895483604921       -1.88296424042043
B           -3.39274389834876       -2.65723092863057       -0.50544529954916
B           -3.03618274735890        0.17932017437334       -1.40157171807484
B           -4.38812710951731        0.34211512896725       -0.18989571315736
B           -5.02918080205901        1.40355629283995        0.82118536943943
B           -4.61616534705187        2.98655605735577        0.99687918341569
B           -2.80869405271394        0.51145667771293        0.20462219758150
B           -3.21702912798137        3.22810211685585        1.79489721396267
B           -2.16158900147279       -3.77536463427487       -0.58255106694702
B           -1.87472626447755       -2.24832290952547       -0.92877706119621
B           -1.69609408761704       -0.61142409914328       -0.83111697134670
B           -0.58597341626454       -3.21740850235811       -0.83506780712266
B           -0.22025384035961       -0.14568016844556       -0.31019012343813
B           -1.39332526636662        0.03393432103286        0.85654039168990
B           -1.77600073252180        1.65959198526283        0.76748849858497
B           -1.89422370875830        3.23464286114994        0.88749576476417
B           -0.21552171814860        1.03728006658390        1.07381326578774
B           -0.75466926061904        4.34946869340765        0.55791979884678
B            0.82568179304266       -4.11184174765806       -0.73591183226229
B            0.92900800963965       -2.50772327226361       -0.75532061860998
B            1.21371141556334       -0.94737213592855       -0.58783600921319
B            2.20040258701926       -3.40488103546450       -0.16116730976532
B            2.62059160303800       -0.19571523577686       -0.29147727791310
B            1.23532897093312        0.55001741077669        0.15074494600813
B            1.12363981498068        2.00163562059657        1.04477034536048
B            0.53213739649421        3.43604359774333        0.61549776536611
B            2.45767288225490        1.67309362933773        0.08925393198994
B            1.21151541588352        3.01513751854263       -0.85442119965553
B            3.22468692325570       -3.85689742947959        1.10188857583714
B            3.61675475479261       -2.64931197117247        0.07279945872907
B            4.02510850541777       -1.11961973888797       -0.23274617869690
B            4.41822149821231       -2.83601645974219        1.42333784523060
B            5.36505051457343       -0.24297929238970       -0.68893276714335
B            4.10346362186174        0.53308103132427       -0.02047708552466
B            4.01685153482711        2.32282742388134       -0.03588314200189
B            2.81987556570216        3.09365750125965       -0.91584405160948
B            5.42180005675787        1.45982964448099       -0.19337834372667
B            4.29347039654016        3.55141187539687       -1.01754948967785
H           -5.17171125548861       -3.11615007418229        1.28702580209527
H           -5.71887905473130       -2.07071928693714       -0.39882202937792
H           -5.25915059202714       -0.11075769260199       -2.74308563397372
H           -5.76925317689393        1.00832665760941        1.66342606213788
H           -5.36008748716723        3.84152474862143        0.67123975913801
H           -3.23565597678388        3.22667096957686        2.97343599847866
H           -2.35898521504366       -4.92431261979901       -0.47124975910906
H           -0.89767164634729        5.47687886528674        0.25034887067939
H            0.81755048250501       -5.24932967683538       -1.01332855987161
H            0.55149307687577        2.68681217846511       -1.78174212498666
H            2.97752669587404       -4.81674091888185        1.72346919847492
H            5.26746774975250       -2.51819496125099        2.15472852182096
H            6.38477177022206       -0.64921536408006       -1.09372421094588
H            6.50317395163901        1.84046149888303        0.04910006036459
H            5.13444355769601        4.25221464244667       -1.42130435121828
87
 energy: -121.917271895277 gnorm: 0.007367665841 xtb: 6.7.1pre (5071a88)
O            1.60682173033755        2.17249566186501       11.18106950387950
C            0.99906188110270        1.68033502846216       10.19792062770619
C            0.95122150574517        0.24693954094383       10.02779535324338
O            1.58924027792515       -0.47591912692180       10.98173898938877
C            0.27346471907156       -0.33177798127215        8.99343302142850
C            0.15129980653681       -1.77303017045763        8.77481179604885
C            1.25288006818357       -2.61134395071247        8.91156631383929
C            1.12468508170750       -3.96650968937222        8.67759297402076
C           -0.10014613829762       -4.50647582840390        8.32595936193324
O           -0.29412050930048       -5.84929298722732        8.08274579500070
C           -1.22028171868940       -3.67112093837947        8.19889217552961
O           -2.43021716703143       -4.19669897403976        7.87014491878173
C           -1.08180375760064       -2.31246361606414        8.40935869093847
O           -0.38381467284876        0.42405116482440        8.06844641330227
C           -0.35066346614876        1.77111101699791        8.14114546143778
C           -0.99763456125713        2.48143265125747        7.14152030243021
C           -0.98992369706759        3.87135747840841        7.17610192932885
O           -1.62778033339647        4.53064513525348        6.17895391622849
C           -0.34364903791694        4.55266025864461        8.20242428190520
C            0.30949372427106        3.85341141996741        9.20586386932437
O            0.92933946295735        4.51912953239319       10.18415844811446
C            0.31907355788065        2.43878209842669        9.18118811843866
H            1.92247077341943        0.19298884167652       11.61149280314438
H            2.20985774078214       -2.20270928873590        9.18674839165656
H            1.98482660609631       -4.61629978206945        8.76462040200195
H            0.53696919553506       -6.31621327934537        8.21010728911272
H           -2.32082742508846       -5.15320981155607        7.78451838774261
H           -1.94947558294006       -1.68288834794699        8.30884170488157
H           -1.50367793651834        1.96647445814301        6.34577457201585
H           -1.55690361011504        5.48187944116142        6.31812114347920
H           -0.33728477454210        5.63102700427126        8.23913750001867
H            1.32481205012994        3.84715634806621       10.79448440458066
B           -4.78814969415168       -2.60380570033062        0.29989010104298
B           -4.57278578067777       -1.35199196074867       -0.65290583505584
B           -4.46105229182689       -0.23406196178342       -1.88292986561416
B           -3.39281469639592       -2.65615286210016       -0.50961164595974
B           -3.03417942743248        0.18119803013167       -1.39926776320816
B           -4.38666358447924        0.34302383018522       -0.18886156563377
B           -5.02957546748636        1.40360041413163        0.82224421968607
B           -4.61959188889017        2.98632463341175        1.00568846209459
B           -2.80784214612957        0.51137607569066        0.20775233948984
B           -3.21631360739254        3.22754556615103        1.79619679268688
B           -2.16241807507343       -3.77492917209327       -0.58242672099104
B           -1.87452734479377       -2.24777597195086       -0.92823065702557
B           -1.69527026069887       -0.61059145966630       -0.82833106188691
B           -0.58659059473493       -3.21642714748406       -0.83374313834334
B           -0.21944438047884       -0.14575584305199       -0.30777333384132
B           -1.39231223308152        0.03324864674785        0.85942333529481
B           -1.77486525762998        1.65909616614818        0.77079360521918
B           -1.89399059633690        3.23455416227167        0.88786125697756
B           -0.21457970363503        1.03673032199792        1.07660487165782
B           -0.75341646354962        4.35244657506771        0.57302499755454
B            0.82465287941252       -4.11168042979985       -0.73167390700728
B            0.92981552847852       -2.50820230595685       -0.75395685560217
B            1.21407741085684       -0.94740027420699       -0.58715550672239
B            2.19966336238840       -3.40541843470493       -0.15691317807834
B            2.62084514029721       -0.19608163248113       -0.29028182359921
B            1.23647473706024        0.54863871155718        0.15492296278733
B            1.12443423878047        2.00139813837569        1.04599764598758
B            0.53086412252496        3.43450933163413        0.61590677758091
B            2.45771002433618        1.67305929963914        0.08923505806220
B            1.20895146940350        3.01329855448170       -0.85493584436125
B            3.22648287904747       -3.85866828785651        1.10261992783307
B            3.61469510709694       -2.64778633681702        0.07687131454001
B            4.02587802538157       -1.11913229909237       -0.22943282604244
B            4.43057437990776       -2.84664568931058        1.41667093581120
B            5.36598832115342       -0.24401119751498       -0.68748785604397
B            4.10375101998826        0.53406728023049       -0.02297679564136
B            4.01605549964567        2.32348993284224       -0.03873035554949
B            2.81721243795402        3.09268107368404       -0.91761624222404
B            5.42149971441559        1.46103316592382       -0.19940397583989
B            4.29036053965164        3.55172965407058       -1.02150852024105
H           -5.17603038160358       -3.12674753897659        1.27361797274674
H           -5.71996326766803       -2.06788259753191       -0.40585119144812
H           -5.25627894267547       -0.10310006407304       -2.74331160503677
H           -5.77032444285758        1.00777674785078        1.66312134774852
H           -5.35515310226604        3.84267663009369        0.66463244936302
H           -3.23445368383937        3.22998633191335        2.97453689236601
H           -2.35951416341186       -4.92372575964210       -0.47003353833241
H           -0.89883251861336        5.47365877395007        0.24449963300664
H            0.81462718692409       -5.24952888371148       -1.00768825045938
H            0.54860588982775        2.68357816520738       -1.78150002352377
H            2.98170825986525       -4.81731479322425        1.72694814042482
H            5.26338994848098       -2.51357616878222        2.16008551970630
H            6.38520373660522       -0.65032617161849       -1.09339266319816
H            6.50311891960929        1.84371688509457        0.03844859048713
H            5.13032442579533        4.25280853776695       -1.42678146452752
87
 energy: -121.917655618397 gnorm: 0.012012136407 xtb: 6.7.1pre (5071a88)
O            1.61009084348673        2.17142011288558       11.17002423911330
C            0.99673667305821        1.68081342390185       10.18513165310218
C            0.96701793634742        0.24970387463065       10.01650045467927
O            1.63125667734581       -0.46801939740278       10.95861796830177
C            0.27048695712854       -0.33265289844705        8.99290270823765
C            0.15017486186416       -1.76864716663846        8.77716717540658
C            1.24922131730764       -2.60855182082827        8.94813098982783
C            1.12044679535181       -3.96427499225167        8.71258608481337
C           -0.09884293043995       -4.49885066486881        8.33298745251587
O           -0.29182076245779       -5.84102608937409        8.08989406628537
C           -1.21720070034938       -3.66289166723106        8.17662590002445
O           -2.42100907962644       -4.18391984161915        7.82933303474945
C           -1.07715731859570       -2.30353944566400        8.37886194332496
O           -0.40553145601195        0.42164075557517        8.08086781200202
C           -0.36681019977815        1.76639997846859        8.14584819532729
C           -1.01293077550551        2.47623952130560        7.14596226046523
C           -0.99626161941269        3.86620072406844        7.17669431310209
O           -1.62824803107913        4.52303978281958        6.17587986504233
C           -0.34707284636484        4.54884617994752        8.20204731158958
C            0.30545638102811        3.85264364360858        9.20733780337938
O            0.93503972836366        4.49637045994902       10.19161243451163
C            0.30934199539648        2.43610671036450        9.17942418060171
H            1.95998339805048        0.21322583292268       11.58259119085362
H            2.19798930099570       -2.19635099204880        9.25067777238114
H            1.97475838983734       -4.62062084044813        8.81970526001326
H            0.53458600322280       -6.31311387980617        8.23693976747031
H           -2.32652054179708       -5.14462490214203        7.76603122082782
H           -1.93827785828080       -1.66637595943108        8.25056590824929
H           -1.52238412634725        1.95779341366053        6.35282034392044
H           -1.55377517265348        5.47552850804573        6.30724350909776
H           -0.33899809995272        5.62838543250355        8.23357107733561
H            1.32431742135588        3.80104189872450       10.79066190596196
B           -4.79498059262183       -2.60734458940186        0.28268743638732
B           -4.57319229201310       -1.34822646764508       -0.65729406500830
B           -4.45737382715923       -0.22385217084162       -1.88230000003779
B           -3.39293860288765       -2.65429866208525       -0.51819856458105
B           -3.03058787139035        0.18517025523042       -1.39420799849817
B           -4.38433412011419        0.34469534436089       -0.18599194707910
B           -5.02821884266906        1.40442992534576        0.82552330301857
B           -4.61630394714551        2.98689593769113        1.00643810852986
B           -2.80640579236119        0.50997091352787        0.21461309370310
B           -3.21522587397027        3.22882032490764        1.80059223781537
B           -2.16356624516809       -3.77392150848943       -0.58229685581873
B           -1.87354654479327       -2.24653041315959       -0.92714738220274
B           -1.69371527485715       -0.60892929780246       -0.82314738225037
B           -0.58663543326058       -3.21449750081967       -0.82961004818319
B           -0.21785586556813       -0.14585455734180       -0.30277609757607
B           -1.39039575474170        0.03094075452576        0.86536907138990
B           -1.77342970769824        1.65695083438204        0.77891764669290
B           -1.89259544166123        3.23263236785662        0.89282337249194
B           -0.21292908097265        1.03507762023958        1.08279237158041
B           -0.75449147035454        4.35072951554586        0.57183225914103
B            0.82409620810612       -4.11138816819447       -0.72340241180312
B            0.93245287050367       -2.50897150923897       -0.74999636711885
B            1.21456422744443       -0.94710776456268       -0.58563840765320
B            2.20062323185271       -3.40664832849825       -0.14987527552145
B            2.62084686976385       -0.19550622960473       -0.28980204898502
B            1.23836483043119        0.54655534892333        0.16317729118506
B            1.12547772498902        2.00135376385839        1.04864307485902
B            0.52963113343964        3.43341948205913        0.61751878948120
B            2.45778420984261        1.67365267982783        0.08970164696853
B            1.20461797425029        3.01092084854379       -0.85428679527787
B            3.23097407367410       -3.86370305250839        1.10347375245769
B            3.61281858079552       -2.64397042452117        0.08769809717052
B            4.02608806287204       -1.11752013535587       -0.22705972123177
B            4.41567343050321       -2.83219266502861        1.43546616393032
B            5.36681117681761       -0.24526315086152       -0.68774728883065
B            4.10411946170047        0.53628644252123       -0.02920661401552
B            4.01483003091186        2.32508600579559       -0.04457711766351
B            2.81232578441899        3.09101002145035       -0.92136503844228
B            5.42098114829260        1.46346337095819       -0.21163753196286
B            4.28447791045086        3.55241729611603       -1.02979020641418
H           -5.18629734007958       -3.14759988579990        1.24584215137752
H           -5.72202106580899       -2.06278688397066       -0.42159394570811
H           -5.25104224295662       -0.08690238354907       -2.74318284460101
H           -5.77169657540483        1.00914923859428        1.66424782206308
H           -5.35048356616037        3.84335652229514        0.66273716202665
H           -3.23527354297604        3.23248456353612        2.97905714785016
H           -2.36013970852677       -4.92255993269162       -0.46814143870410
H           -0.90106955520939        5.47340667938588        0.24930974859673
H            0.80976719096910       -5.24990560217552       -0.99702958863723
H            0.54258766820945        2.67755835513645       -1.77842082378334
H            2.99062556489820       -4.81950858021329        1.73407023757267
H            5.28764209248911       -2.53960907993156        2.15136492916554
H            6.38623804300736       -0.65342276481660       -1.09139679740973
H            6.50329396154273        1.85023734677618        0.01640796590806
H            5.12231455486819        4.25386425453542       -1.43887007887793
87
 energy: -121.917942866228 gnorm: 0.011737375823 xtb: 6.7.1pre (5071a88)
O            1.61443637978736        2.17585652130615       11.15846979191627
C            0.99853186116767        1.68109756846666       10.17616922251469
C            0.97962606779389        0.24852183139321       10.00866940867485
O            1.66330023140682       -0.46271083268510       10.94434128727435
C            0.27059458653755       -0.33401151426194        8.99359482211675
C            0.15035370909203       -1.76861586669217        8.77942383923765
C            1.24379721994853       -2.61325727904461        8.97565460773134
C            1.11479094005080       -3.96970396959367        8.74110619907712
C           -0.10032051321355       -4.49847052209044        8.33898240455184
O           -0.29253476314112       -5.84005858602795        8.09720384728791
C           -1.21312161298612       -3.65995117765022        8.15914790786826
O           -2.41283589141215       -4.17651429941456        7.79191789720094
C           -1.07212259143656       -2.30006737954111        8.35715941027075
O           -0.42135227792287        0.41903800414081        8.08924210251261
C           -0.37875824694989        1.76454975026165        8.14968577885903
C           -1.02614795873772        2.47523618666837        7.15016374492805
C           -1.00268836589125        3.86517120706793        7.17830471668495
O           -1.63115695704355        4.52160847246617        6.17460225947202
C           -0.35056206498670        4.54934674664080        8.20141173738495
C            0.30165315636356        3.85319867129576        9.20701109290508
O            0.93664719841073        4.49101964279107       10.19232553745725
C            0.30158313033543        2.43642096332516        9.17721824299786
H            1.99131490874621        0.22621195588293       11.56231091106408
H            2.18727858930998       -2.20191314008743        9.29729650300185
H            1.96504513024921       -4.62894323604888        8.86683179293328
H            0.53123977987017       -6.31372209788909        8.26040707528627
H           -2.32318484944106       -5.13902757322765        7.74244387568036
H           -1.92727729323248       -1.65767844195947        8.20854254484568
H           -1.53913693819709        1.95581826482636        6.35881816550556
H           -1.55161312660141        5.47493587572171        6.30144013957976
H           -0.34077087158453        5.62968368563900        8.22770736370475
H            1.32558511504323        3.78551804543076       10.78607661027377
B           -4.80119223788660       -2.61063642781732        0.26879272343905
B           -4.57342618986920       -1.34537754522798       -0.66104491463282
B           -4.45450450496422       -0.21575895442651       -1.88159029661146
B           -3.39414182886987       -2.65313093500661       -0.52448149630576
B           -3.02777855445640        0.18848810993319       -1.39011354263062
B           -4.38281922741230        0.34611362920431       -0.18349621614563
B           -5.02693790623333        1.40559174147570        0.82791417315974
B           -4.60956271050365        2.98776051280639        0.99963694081853
B           -2.80520253995781        0.50836832744221        0.22011875552161
B           -3.21490753416442        3.23031704504689        1.80525363787506
B           -2.16511346899138       -3.77287412125767       -0.58274557639570
B           -1.87346993100988       -2.24523929569392       -0.92656400573761
B           -1.69232788315364       -0.60775565984873       -0.81946179513438
B           -0.58712427590299       -3.21315013198358       -0.82598577521021
B           -0.21626612124329       -0.14611895802616       -0.29838278554104
B           -1.38888887533922        0.02894039570750        0.87006153578431
B           -1.77232611127810        1.65496683251221        0.78576095270172
B           -1.89132737585357        3.23045568380774        0.89934596038969
B           -0.21142295843254        1.03351105683655        1.08799872202396
B           -0.75639557138166        4.34633532851824        0.56019234358240
B            0.82283030672966       -4.11127696552723       -0.71550371746167
B            0.93307467215692       -2.50912323528478       -0.74506151415321
B            1.21526539362205       -0.94701457609835       -0.58303947817960
B            2.19917583635801       -3.40652538665635       -0.14207268531310
B            2.62161643752598       -0.19547253581648       -0.28764186560601
B            1.23994722473593        0.54510603312138        0.16978700611316
B            1.12650802065322        2.00143345654646        1.05100929566139
B            0.52965254755731        3.43330047472116        0.61971015697870
B            2.45801282388397        1.67405653223200        0.09017056519732
B            1.20145333796082        3.00941233813732       -0.85273966672630
B            3.23363317989555       -3.86539432989341        1.10623543441268
B            3.61167782150613       -2.64231358195777        0.09368288966419
B            4.02742402651727       -1.11695327528223       -0.22198844680866
B            4.44208552573015       -2.85492159852925        1.42088263159536
B            5.36687554019841       -0.24608054716861       -0.68852610431492
B            4.10494735683781        0.53784413914045       -0.03210135450918
B            4.01412114376033        2.32632256385864       -0.04945293482011
B            2.80854943367285        3.08960529730696       -0.92462500946306
B            5.42065461461131        1.46527424930234       -0.22071098652715
B            4.27991678613843        3.55249438374693       -1.03713904764573
H           -5.19698823867783       -3.16070849500341        1.22462834077818
H           -5.72397739169929       -2.05903148742013       -0.43527802078938
H           -5.24709005036987       -0.07416914262819       -2.74279455663507
H           -5.77215220321958        1.01126290001033        1.66603403145966
H           -5.34957840804471        3.84332542514119        0.66712077496752
H           -3.23776840165015        3.23349846688850        2.98403230527813
H           -2.36085344612776       -4.92158440042271       -0.46789164007673
H           -0.90257172373808        5.47474466911906        0.25790608789887
H            0.80627273783995       -5.25021088824312       -0.98757703196096
H            0.53719047054664        2.67378843460584       -1.77454617331076
H            2.99658085898087       -4.82075609790278        1.73882479011692
H            5.27736191304380       -2.52868654626181        2.16350114893560
H            6.38690236407481       -0.65606716327506       -1.08903481837244
H            6.50377084163187        1.85531774004595       -0.00175979545272
H            5.11576577292903        4.25456303833135       -1.44937079268091
87
 energy: -121.918316349913 gnorm: 0.007204070831 xtb: 6.7.1pre (5071a88)
O            1.62174543108853        2.18254111998936       11.14817908151899
C            1.00409183264033        1.68151496852536       10.17107095290170
C            0.98835625708780        0.24689964711405       10.00312114821235
O            1.68384192450857       -0.45726082876809       10.93577637602326
C            0.27269607312071       -0.33530313590393        8.99457818041237
C            0.15137069473161       -1.77128310900699        8.78106502358200
C            1.23679314933697       -2.62187680797314        8.99436344614355
C            1.10750951869621       -3.97871917018233        8.76357863415650
C           -0.10371090396491       -4.50340864727697        8.34480784726713
O           -0.29571520915340       -5.84524528902237        8.10599439212351
C           -1.20837530203436       -3.66084155170997        8.14621385205903
O           -2.40514383718976       -4.17427974501819        7.75924453810121
C           -1.06647074000187       -2.30080788080498        8.34338375614582
O           -0.43019789878598        0.41700530331348        8.09436405141417
C           -0.38606059472379        1.76470252448243        8.15268108197109
C           -1.03663661927573        2.47637244272111        7.15430809551145
C           -1.00889808299102        3.86617433450659        7.18049242822215
O           -1.63617075153037        4.52366978367269        6.17521156902188
C           -0.35392766333724        4.55169203902698        8.20046702073878
C            0.29879930753200        3.85426078829606        9.20527472030110
O            0.93442592333051        4.49852352924852       10.18695764710855
C            0.29729287757601        2.43819004755099        9.17554855868371
H            2.01475355922520        0.23415156359138       11.54826345926376
H            2.17716248806184       -2.21490809327369        9.32737302668913
H            1.95446745641102       -4.63836316512403        8.90609214311431
H            0.52633145996327       -6.31773144266447        8.28117183226166
H           -2.31303576865813       -5.13609408962825        7.71476982134327
H           -1.91630641153097       -1.65612995529475        8.18152064499974
H           -1.55323825715217        1.95831075031181        6.36458026969786
H           -1.55076255830851        5.47706529771495        6.30014178117665
H           -0.34275198532905        5.63212525648324        8.22250087532173
H            1.32783539829283        3.79453924755347       10.78055615031919
B           -4.80618679050303       -2.61335413457246        0.25713409979107
B           -4.57243142827907       -1.34324231195890       -0.66500579785983
B           -4.45115109377241       -0.20934925484362       -1.88161220009785
B           -3.39519007229570       -2.65260180317936       -0.52885842417458
B           -3.02460238416554        0.19152111208094       -1.38721386037692
B           -4.38107100266856        0.34743178254151       -0.18221761539099
B           -5.02788638841129        1.40597906115967        0.82843451968855
B           -4.61185560334165        2.98754784661347        1.00686941845586
B           -2.80361585397988        0.50749924032505        0.22417480870808
B           -3.21515111528442        3.22962095645892        1.80897786423482
B           -2.16582175141997       -3.77197191059273       -0.58331688382985
B           -1.87297492450455       -2.24426145524319       -0.92585169298832
B           -1.69076976966197       -0.60718016231080       -0.81671385555191
B           -0.58665344897050       -3.21258025633714       -0.82258722590014
B           -0.21462626136846       -0.14661439985474       -0.29456543169187
B           -1.38744134976582        0.02782056263184        0.87371924998153
B           -1.77044417276178        1.65402175769354        0.79068197497158
B           -1.89159291786137        3.22966579575069        0.90325597270121
B           -0.20956320309169        1.03214629069553        1.09220429864744
B           -0.75525080427542        4.34760452865866        0.57452633411501
B            0.82282943441674       -4.11159217588019       -0.70925477419597
B            0.93394592034365       -2.50946056535220       -0.74034382064319
B            1.21606443108815       -0.94720188660061       -0.58035644779240
B            2.19924685999005       -3.40636389603698       -0.13651884449661
B            2.62242096924031       -0.19523000738325       -0.28666078387387
B            1.24129294772819        0.54397106319598        0.17480969920168
B            1.12824389465010        2.00118438645523        1.05325622892172
B            0.52931970956286        3.43172482462070        0.62204494944271
B            2.45823917021426        1.67415776888374        0.08985195282671
B            1.19780346511246        3.00744371892881       -0.85213844288886
B            3.23569673642136       -3.86689046492306        1.10888778299599
B            3.61271628262707       -2.64131112578338        0.09923731664406
B            4.02819679487656       -1.11666699200851       -0.22052029114681
B            4.44480858392276       -2.85682746961357        1.42425685294452
B            5.36710274884207       -0.24667662222747       -0.69000893954729
B            4.10585551061446        0.53892468900067       -0.03496085181954
B            4.01342238566129        2.32739892736704       -0.05459870431402
B            2.80457120334217        3.08874389790704       -0.92768766618845
B            5.42025399274117        1.46688919353162       -0.22875988627210
B            4.27535992941330        3.55267130853310       -1.04430768266858
H           -5.20785105061556       -3.16719097633751        1.20794971426116
H           -5.72499888016288       -2.05571248344487       -0.44764007105961
H           -5.24319689542225       -0.06433567402355       -2.74277011000636
H           -5.77357859418553        1.01121630461258        1.66578615006581
H           -5.34576074745085        3.84458596271697        0.66392525485940
H           -3.23841518871224        3.23821911915304        2.98769646976096
H           -2.36100673429070       -4.92081818262177       -0.46900976291104
H           -0.90385977111549        5.46990434717192        0.25111831572091
H            0.80501465949232       -5.25074656314655       -0.98016739529358
H            0.53165276784976        2.67127347323575       -1.77233286986494
H            3.00054959636197       -4.82240473687401        1.74184018501118
H            5.28474925498567       -2.53668944310505        2.16424455536441
H            6.38789823545322       -0.65767999323012       -1.08758053354918
H            6.50367262368638        1.85937144004676       -0.01602385351140
H            5.10929432206764        4.25538385506062       -1.45939165521704
87
 energy: -121.918798903197 gnorm: 0.007569706614 xtb: 6.7.1pre (5071a88)
O            1.64064926784317        2.19199721534517       11.13040887850997
C            1.01475636334896        1.68372713910397       10.16269812631021
C            1.00289257519639        0.24908809258387        9.99176860497364
O            1.71916291032885       -0.44380775948854       10.91555770879318
C            0.27546862974755       -0.33678219577141        8.99506737712965
C            0.15294877698086       -1.77424901612930        8.78260739525827
C            1.22324835964564       -2.63405863175019        9.03120967571525
C            1.09240744479320       -3.99106716731281        8.80824225779037
C           -0.10955630673654       -4.51167978578133        8.35770157463232
O           -0.30221596918582       -5.85538129327259        8.12558199489994
C           -1.19890380696259       -3.66094000313150        8.11927811337192
O           -2.38870251610264       -4.17027161190047        7.69616843889494
C           -1.05475382103529       -2.30090257449218        8.31428602271228
O           -0.44275465472508        0.41465180856447        8.10352300429334
C           -0.39782588869912        1.76443546798459        8.15763366323884
C           -1.05498613954937        2.47576986066560        7.16198193626071
C           -1.02078992041767        3.86529291196570        7.18354391985664
O           -1.64784323229587        4.52415314812858        6.17709749500168
C           -0.36031737179395        4.55289793757112        8.19769065043373
C            0.29500378112321        3.85515292060424        9.20103230732237
O            0.93090360547613        4.50966287499763       10.17544727451670
C            0.29276445085075        2.44003256157271        9.17329412653504
H            2.05506497895400        0.24968637771146       11.52030260108555
H            2.15745863147389       -2.23547766761240        9.38733605604011
H            1.93144727180147       -4.65269010239437        8.98299904185728
H            0.51448017695742       -6.32691830113511        8.32413573733558
H           -2.29454771807050       -5.13112249223687        7.66028179996446
H           -1.89510443825363       -1.65339321386276        8.12599720913207
H           -1.57900322226164        1.96038116411127        6.37657713830659
H           -1.55210931135705        5.47688621116702        6.29860738908394
H           -0.34710550518407        5.63280228586333        8.21416703355325
H            1.33294835903201        3.81071645807764       10.76875622038387
B           -4.81577810692961       -2.61785593438324        0.23469293967708
B           -4.57046522531638       -1.33888934008929       -0.67288916846518
B           -4.44451569943048       -0.19630430915023       -1.88145817186914
B           -3.39704901451241       -2.65117516091145       -0.53684519309276
B           -3.01824033073264        0.19737931486741       -1.38126345230097
B           -4.37735963758745        0.34986017719694       -0.17903178217313
B           -5.02695673026650        1.40643771682023        0.83192828824834
B           -4.61202596843945        2.98760937176299        1.01505562600426
B           -2.80062898449162        0.50494353768589        0.23271365422559
B           -3.21577917981645        3.23165336823832        1.81727062000182
B           -2.16703743991481       -3.76998718651802       -0.58435020176904
B           -1.87191096474782       -2.24229623430409       -0.92375441114688
B           -1.68754472715332       -0.60602203348224       -0.81112000759279
B           -0.58576537233958       -3.21119181687474       -0.81614199908912
B           -0.21164042731138       -0.14704041525742       -0.28691931366364
B           -1.38449950069184        0.02527980320057        0.88145181925253
B           -1.76762787927363        1.65137217637805        0.80214401558967
B           -1.89197744963368        3.22698083998081        0.91242712627454
B           -0.20620573632860        1.02962358899234        1.10088252730299
B           -0.75609190330422        4.34484710768649        0.57956902169969
B            0.82291431876485       -4.11182266039932       -0.69709734857525
B            0.93589915988539       -2.51009948400618       -0.73174422001903
B            1.21757920197915       -0.94712085919853       -0.57486585860306
B            2.19956574995885       -3.40583809140011       -0.12547436905456
B            2.62373854663793       -0.19444452308827       -0.28434609453176
B            1.24379674722302        0.54209516178523        0.18541617728726
B            1.13119645749281        2.00121134960245        1.05799324732162
B            0.52891704482250        3.42983506144802        0.62662216103040
B            2.45872611858162        1.67446457456106        0.08988091752320
B            1.19123740813545        3.00421071361920       -0.85010403936525
B            3.23986674782506       -3.87043606467378        1.11360777664750
B            3.61462979294786       -2.63926897738501        0.11050598686928
B            4.02921840727470       -1.11608216948269       -0.21834744193265
B            4.44664846157418       -2.85809003639614        1.43368906717071
B            5.36855441939812       -0.24875284430290       -0.69062704667303
B            4.10774418532888        0.54094827976588       -0.04079339595053
B            4.01224091048508        2.32953435405567       -0.06455203534948
B            2.79718461931235        3.08681738068006       -0.93345226258383
B            5.41952255357690        1.46997029284281       -0.24504376265836
B            4.26665284500718        3.55321423652794       -1.05810711999450
H           -5.22978744265587       -3.17963100225548        1.17511028985171
H           -5.72675829077406       -2.04853479463909       -0.47159729258845
H           -5.23500510794056       -0.04470336293296       -2.74278379236422
H           -5.77817190770008        1.01198101480057        1.66423196669924
H           -5.34035920731529        3.84556651948062        0.66207016058650
H           -3.24108737826320        3.24412636520158        2.99555026092569
H           -2.36135053448027       -4.91903937391891       -0.47197267052183
H           -0.90631979266965        5.46534850819090        0.25070497779136
H            0.80293969201660       -5.25159784311289       -0.96472849987447
H            0.52112381272592        2.66498462153714       -1.76616439469591
H            3.00812786349348       -4.82608596021738        1.74726398099114
H            5.30223146690788       -2.55573637235503        2.16394652406261
H            6.38985979882375       -0.65960881251387       -1.08674504188542
H            6.50329858126456        1.86691488654996       -0.04381918359154
H            5.09678426765901        4.25630672003824       -1.48001033425150
87
 energy: -121.919237878152 gnorm: 0.009600341988 xtb: 6.7.1pre (5071a88)
O            1.66477609732377        2.20028854805626       11.10911074367475
C            1.02668675899060        1.68772970561152       10.15122933348255
C            1.02046880637436        0.25449613900551        9.97792548699832
O            1.76166829554630       -0.42879320895756       10.88837701546455
C            0.27812957832221       -0.33802847092045        8.99471693907541
C            0.15475303273095       -1.77522626492693        8.78443644066237
C            1.20757828877747       -2.64409896415500        9.07980309241190
C            1.07359412747349       -4.00136656481930        8.86478598337346
C           -0.11557371551627       -4.51821013168859        8.37412838720827
O           -0.31048445729373       -5.86410860476309        8.15039132579786
C           -1.18666210298700       -3.65822345111529        8.08440355093792
O           -2.36601316512679       -4.16279592066166        7.61946605887610
C           -1.03950564539040       -2.29815985181144        8.27480572318898
O           -0.45545545937224        0.41266741120713        8.11421861497147
C           -0.41102201524218        1.76312618708143        8.16283994527048
C           -1.07627046684252        2.47195362877947        7.17063909548967
C           -1.03656706315963        3.86140839309908        7.18591165722443
O           -1.66556542233970        4.51980735901061        6.17937998674518
C           -0.36906841335631        4.55179965268879        8.19310257429137
C            0.29088917114793        3.85590857083324        9.19495978917546
O            0.93089493462098        4.51680083521766       10.16203277316607
C            0.28903026206112        2.44151054227095        9.17032382154192
H            2.10250917766214        0.26747327878696       11.48594568498578
H            2.13331192546055       -2.25408406263806        9.46732177665555
H            1.90087887772298       -4.66746496903524        9.07948840152917
H            0.49727510902292       -6.33749399608603        8.38074859367608
H           -2.27412609016108       -5.12402387607431        7.59493632588400
H           -1.86843799284901       -1.64690941665757        8.04899654377493
H           -1.60918898453737        1.95772452439777        6.39125227643764
H           -1.55924972077532        5.47180763555772        6.29579570786358
H           -0.35329025275762        5.63118813911121        8.20486980659297
H            1.34243253813424        3.82251592136857       10.75302273412669
B           -4.82735799616134       -2.62246383357964        0.20688740092186
B           -4.56798262400247       -1.33298228607894       -0.68276947590941
B           -4.43548897431132       -0.17978328991625       -1.88134712470918
B           -3.39923341048114       -2.64892219840490       -0.54695233466549
B           -3.00982129046244        0.20472628163770       -1.37327736315577
B           -4.37253793910707        0.35306556113438       -0.17494334356377
B           -5.02738699825518        1.40780204872112        0.83446156349464
B           -4.60809514575576        2.98781540707318        1.01627198563584
B           -2.79700418756883        0.50204624171135        0.24406960229278
B           -3.21713996832023        3.23361558625443        1.82722547994729
B           -2.16856393934339       -3.76737482088083       -0.58597903299256
B           -1.87057682231737       -2.23964673273537       -0.92075453303075
B           -1.68327572111441       -0.60431955026805       -0.80335456014912
B           -0.58492832380098       -3.20910117999589       -0.80818918713183
B           -0.20793762664993       -0.14740696983692       -0.27667847052493
B           -1.38084641028535        0.02228147089301        0.89192037171459
B           -1.76367203494934        1.64809710096916        0.81713110352587
B           -1.89197988464445        3.22362237699923        0.92530630832673
B           -0.20188222105351        1.02643295668257        1.11248876686028
B           -0.75704400614388        4.34196263000578        0.58811570696154
B            0.82278784007748       -4.11168042227258       -0.68158662863367
B            0.93833092734642       -2.51085338264630       -0.72130177946315
B            1.21966027483873       -0.94692556034662       -0.56780217729483
B            2.20000091158763       -3.40479085738749       -0.11140527564002
B            2.62548967668671       -0.19361934377593       -0.28077485936518
B            1.24716766321859        0.53945627867528        0.19978868259249
B            1.13487635152275        2.00127328802851        1.06452207664004
B            0.52807398053582        3.42722200670846        0.63253318803010
B            2.45933384554467        1.67457179765123        0.09058269527779
B            1.18256296028068        2.99948712751367       -0.84750945035031
B            3.24508854865528       -3.87495206261386        1.11937799927969
B            3.61661626163842       -2.63623887783635        0.12487061577907
B            4.03098775634008       -1.11502446176345       -0.21490149327544
B            4.45358208366475       -2.86430453499852        1.44238601887478
B            5.36915116767044       -0.25042888087863       -0.69471001075187
B            4.11012106390572        0.54354873498552       -0.04824152227228
B            4.01051202668413        2.33234050457847       -0.07696598917384
B            2.78750521861203        3.08356984475516       -0.94077795551780
B            5.41838666866122        1.47388769884109       -0.26515743861719
B            4.25514092342020        3.55353870700102       -1.07604216023568
H           -5.25648186604026       -3.19552957233940        1.13384077082589
H           -5.72857766388902       -2.03829673754116       -0.50093012206557
H           -5.22339240934315       -0.01965309159220       -2.74336838005512
H           -5.78132453199097        1.01288720981993        1.66387564156799
H           -5.33638559609608        3.84597331142668        0.66502578865492
H           -3.24681026670123        3.25121764104330        3.00514222516173
H           -2.36221526845845       -4.91664271049456       -0.47627266632937
H           -0.90975195524994        5.45934205312493        0.25006396344269
H            0.80022190744687       -5.25252364272281       -0.94405930677537
H            0.50763186209910        2.65612355787566       -1.75831927117896
H            3.01742618936039       -4.83093271666093        1.75374460983120
H            5.32060254096145       -2.57620864475281        2.16565528925528
H            6.39204464536990       -0.66312723979755       -1.08469339084164
H            6.50304924019444        1.87584610575231       -0.07944061304152
H            5.08029153251536        4.25721535447425       -1.50658812873682
87
 energy: -121.919677382614 gnorm: 0.008788473395 xtb: 6.7.1pre (5071a88)
O            1.69254075105355        2.20715287107843       11.08736206167063
C            1.04118320450918        1.69339071188108       10.13940299437808
C            1.03706640074829        0.26183400473556        9.96585496557318
O            1.79652779497238       -0.41559617693653       10.86392945870914
C            0.28266220002912       -0.33892675485528        8.99434888350959
C            0.15769891923248       -1.77508916013642        8.78752707393753
C            1.19104038609817       -2.65140897518739        9.12632042904395
C            1.05197866375008       -4.00890850441570        8.91867667074082
C           -0.12217703983799       -4.52321996437242        8.39107609825781
O           -0.32194010229812       -5.87082912509312        8.17608140303880
C           -1.17222340494720       -3.65459146539783        8.05275865694876
O           -2.33865791800101       -4.15462643182163        7.54858458376510
C           -1.02112693564926       -2.29483537159477        8.23866175666593
O           -0.46056530147313        0.41122947167892        8.12293554472348
C           -0.41943277062945        1.76136259751591        8.16688792494034
C           -1.09511429688181        2.46523040530453        7.17905412004098
C           -1.05522920867564        3.85489855590203        7.18749521398221
O           -1.69168470605300        4.51030680573385        6.18349538606116
C           -0.37951214644609        4.54895182863536        8.18630535022682
C            0.28883567570890        3.85694097988869        9.18555107068577
O            0.93547360705405        4.52502730344728       10.14382755060350
C            0.29015324768287        2.44333533193846        9.16649607095206
H            2.14363160764108        0.28206975922770       11.45584407915791
H            2.10746462206811       -2.26967846996238        9.54254820701789
H            1.86450063507947       -4.67997298142266        9.17072863609779
H            0.47406743841139       -6.34767837689554        8.43755552603687
H           -2.25009528197402       -5.11586828465960        7.52705399571972
H           -1.83769804954635       -1.64145240456620        7.97623951330531
H           -1.63682251847597        1.95003872559032        6.40678990424789
H           -1.57767749611804        5.46155782881770        6.29477055999997
H           -0.36185797388154        5.62785894832075        8.19583392822679
H            1.35803421601776        3.84022916067070       10.73331939720442
B           -4.83798166867000       -2.62540286348151        0.17913064035949
B           -4.56477095606745       -1.32659668773219       -0.69370446138509
B           -4.42481274793152       -0.16293513941531       -1.88180763514853
B           -3.40142929517462       -2.64628062574849       -0.55709993440754
B           -3.00013207481097        0.21226441919749       -1.36516790198915
B           -4.36674482020102        0.35643079158670       -0.17096330870403
B           -5.02647419725618        1.40805114176281        0.83875531019786
B           -4.60792712879383        2.98745386246788        1.02553812901911
B           -2.79302083881598        0.49868465617947        0.25588305934923
B           -3.21886594670011        3.23584351498917        1.83882142229953
B           -2.16994425092662       -3.76457139125590       -0.58868752187985
B           -1.86910061402534       -2.23677560476665       -0.91755411415389
B           -1.67822885890375       -0.60265459626947       -0.79525387361609
B           -0.58403666554378       -3.20694819967223       -0.80002149698500
B           -0.20397127933062       -0.14772275665557       -0.26550777242997
B           -1.37696364917548        0.01912830941763        0.90330078995280
B           -1.75964642134243        1.64423854138809        0.83337980594233
B           -1.89301853023992        3.21939444844702        0.93852183736588
B           -0.19731966508163        1.02311200286213        1.12494361019349
B           -0.76001277513850        4.33615779076372        0.58665316993791
B            0.82270985862189       -4.11120096866126       -0.66549426300878
B            0.94053507275947       -2.51152089265368       -0.71027883257724
B            1.22227680649252       -0.94674594656681       -0.55968614905232
B            2.20075232782354       -3.40299328429214       -0.09703871249286
B            2.62750626871053       -0.19277042602497       -0.27605697760051
B            1.25078479425733        0.53675799769302        0.21528957225516
B            1.13857826204103        2.00165642049090        1.07170121856786
B            0.52694552849843        3.42484262480754        0.63877727111468
B            2.46006860297676        1.67431440709772        0.09197233253917
B            1.17354846328024        2.99439822559855       -0.84425011656777
B            3.24999941389066       -3.87915854628690        1.12569977259033
B            3.61935236336921       -2.63349342741836        0.13915039937238
B            4.03289783797315       -1.11423153081901       -0.21151183358390
B            4.46378355415666       -2.87443330095613        1.44930022400110
B            5.37024420505296       -0.25273397487363       -0.69789827928824
B            4.11289101842623        0.54575517542322       -0.05525090508940
B            4.00868543196355        2.33513257903805       -0.09007624120042
B            2.77732610579065        3.07948230813251       -0.94820438269745
B            5.41694587515033        1.47769505712029       -0.28594448308501
B            4.24277565926281        3.55327959579702       -1.09534159896387
H           -5.28263847680640       -3.20724070583040        1.09321051425077
H           -5.72933108456202       -2.02607247104177       -0.53012184105095
H           -5.20964323925938        0.00633957355108       -2.74475167234190
H           -5.78813202608897        1.01230551212255        1.66038747970150
H           -5.33063152189000        3.84634795531318        0.66389262872082
H           -3.25228881458274        3.26078703837812        3.01614128784893
H           -2.36375490143747       -4.91407266402226       -0.48294705912911
H           -0.91387593772200        5.45485470449321        0.25540119227437
H            0.79836395570132       -5.25341392333817       -0.92143841239304
H            0.49348547364023        2.64581321905058       -1.74910163956688
H            3.02521562875695       -4.83614655302003        1.75937978838456
H            5.33672051424501       -2.59486664613994        2.16855502200413
H            6.39392622544881       -0.66520238076636       -1.08564753178300
H            6.50218701604780        1.88415228146391       -0.11511453498796
H            5.06249290298060        4.25723251001657       -1.53562000655193
87
 energy: -121.920097704700 gnorm: 0.007261962441 xtb: 6.7.1pre (5071a88)
O            1.72269225493878        2.21317390250084       11.06340299363005
C            1.05809823342633        1.70012377954231       10.12474211198776
C            1.05507674907176        0.26917059836335        9.95478610212693
O            1.82913878057492       -0.40409262448651       10.84289348572407
C            0.29009013008547       -0.33980008719293        8.99366186763430
C            0.16251328789802       -1.77394868018498        8.79188130204763
C            1.17459434430209       -2.65714747989337        9.17554992566288
C            1.02841781643246       -4.01520885159139        8.97517170133701
C           -0.12911164887000       -4.52505477057357        8.40882433735288
O           -0.33586957221914       -5.87258226509512        8.19984351380417
C           -1.15589462894181       -3.64882996404685        8.02206689124909
O           -2.30649363938373       -4.14223864425295        7.47824854507910
C           -0.99929553906129       -2.28933646680764        8.20214880731291
O           -0.46172134948360        0.40916877231215        8.13008103428884
C           -0.42476726510004        1.75814729734225        8.16981377187894
C           -1.11328914566819        2.45543502819765        7.18733949126255
C           -1.07785808553680        3.84557017600144        7.18871105023160
O           -1.72716680769066        4.49471290020322        6.18939593434914
C           -0.39217342958229        4.54459386405680        8.17729162598019
C            0.28886098515185        3.85849106759304        9.17214912038076
O            0.94623075449316        4.53133586934440       10.12118234954116
C            0.29454906617678        2.44529353680189        9.16027817837488
H            2.18218672240994        0.29747411241275       11.42850924970316
H            2.07984844323715       -2.28209284861456        9.62098356077126
H            1.82320901343556       -4.69234782960188        9.26332408966858
H            0.44476351817349       -6.35569426142792        8.49548159261055
H           -2.22511221107972       -5.10489222200198        7.45880610872845
H           -1.80120783027786       -1.63331557283260        7.90301779305975
H           -1.66291312425644        1.93577592609307        6.42326724231735
H           -1.60959394049564        5.44602621612905        6.29388450254646
H           -0.37419259691933        5.62356396611874        8.18554635808639
H            1.37910379636315        3.85505855848221       10.70815299568805
B           -4.84744530501067       -2.62673265820342        0.15103472505384
B           -4.56111304634154       -1.31937529428640       -0.70535150356070
B           -4.41243084972420       -0.14530281920198       -1.88231769436900
B           -3.40332279610312       -2.64289756495773       -0.56804481819807
B           -2.98924108274358        0.22038084689692       -1.35599863088235
B           -4.36026999979991        0.36005735953661       -0.16658522378183
B           -5.02668396071002        1.40875319938247        0.84168032868253
B           -4.60273006121790        2.98711076244112        1.02307984252326
B           -2.78879698099816        0.49597249467354        0.26888862059934
B           -3.22201175615959        3.24002869566621        1.84951075469916
B           -2.17122319588876       -3.76154122441567       -0.59285001175049
B           -1.86731690086323       -2.23335603491602       -0.91418397093914
B           -1.67253100651538       -0.60053423799617       -0.78588270025297
B           -0.58313943955012       -3.20460651469678       -0.79173009342765
B           -0.19973309832221       -0.14812440084806       -0.25250891439716
B           -1.37307484554837        0.01633279188526        0.91630411754263
B           -1.75501459064425        1.64074519677113        0.85163277575686
B           -1.89365825110316        3.21578375762037        0.95400531310707
B           -0.19239535355178        1.01972925525824        1.13902772782901
B           -0.76161238154705        4.33256484140285        0.59641719514068
B            0.82251948065825       -4.11042686322171       -0.64836453094832
B            0.94263213713793       -2.51218291210269       -0.69841674657982
B            1.22531239574989       -0.94677250752806       -0.55037464171781
B            2.20204809448083       -3.40069093586290       -0.08237077120993
B            2.62971346560189       -0.19207253213981       -0.27003829317246
B            1.25480379300721        0.53344383641792        0.23274428038345
B            1.14273489287055        2.00192584627844        1.08006258593266
B            0.52558109404680        3.42169336125334        0.64602767796384
B            2.46073719650534        1.67349176891058        0.09404473197590
B            1.16307457177646        2.98799703946499       -0.84070381417925
B            3.25490386665760       -3.88338601176924        1.13247207388755
B            3.62267542129398       -2.63075522904564        0.15393870403612
B            4.03521967680950       -1.11356180235122       -0.20755907348915
B            4.47624421010135       -2.88758138128378        1.45529998993653
B            5.37075807683135       -0.25493868330209       -0.70260163894512
B            4.11580372553989        0.54765245618500       -0.06215877798473
B            4.00617624569547        2.33795739432429       -0.10422323098812
B            2.76564231222174        3.07410694559603       -0.95604842733985
B            5.41476254109603        1.48156747428263       -0.30782625107999
B            4.22847738964508        3.55218551142376       -1.11670002575347
H           -5.30725451542708       -3.21683478682230        1.05217451973733
H           -5.72877119822194       -2.01186806214014       -0.55932711051316
H           -5.19319489903663        0.03412693148097       -2.74684856708503
H           -5.79329751436069        1.01166365744203        1.65801625388493
H           -5.32892069837028        3.84531242214177        0.66911548161599
H           -3.26135640605559        3.26787639442647        3.02658452360217
H           -2.36617422949336       -4.91126641142371       -0.49200600415827
H           -0.91859203881004        5.44810321670105        0.25545636817588
H            0.79656475602338       -5.25436769980697       -0.89622216305942
H            0.47768555581842        2.63369713095003       -1.73917182978969
H            3.03189565123642       -4.84171242530495        1.76479021340630
H            5.35198378305352       -2.61296249359482        2.17208738580585
H            6.39522247720240       -0.66700476908421       -1.08848392124326
H            6.50057762979821        1.89227864990287       -0.15251935910009
H            5.04218787966465        4.25623801468743       -1.56785508579725
87
 energy: -121.920479655122 gnorm: 0.007519533115 xtb: 6.7.1pre (5071a88)
O            1.75452530949045        2.22027423311151       11.03717340286697
C            1.07806629005525        1.70742972326502       10.10746079751333
C            1.07341172040089        0.27528970970327        9.94595185311409
O            1.85643668538301       -0.39290036860624       10.83016712709118
C            0.30109083413977       -0.34082002707638        8.99321683221146
C            0.16932808360646       -1.77321450690498        8.79808450321606
C            1.15898306751546       -2.66312856410564        9.22368256689148
C            1.00421021463224       -4.02177007309532        9.03049409286439
C           -0.13660567637950       -4.52459044832447        8.42637868619682
O           -0.35175168343169       -5.87049099349303        8.22053762039742
C           -1.13903627088927       -3.64191617564290        7.99484031331882
O           -2.27174240823719       -4.12641827778164        7.41035184988350
C           -0.97537569107898       -2.28280012889002        8.17004332311082
O           -0.45799102817641        0.40572808616361        8.13423164729781
C           -0.42559632365605        1.75345002315353        8.17050174326217
C           -1.12951723374387        2.44357149218539        7.19451347018075
C           -1.10298155049050        3.83417972329942        7.18971215323698
O           -1.77068682893393        4.47460611451505        6.19750801952627
C           -0.40635963657387        4.53938760968816        8.16649872230992
C            0.29146865008135        3.86040561452011        9.15457784176126
O            0.96156883791992        4.53741168761157       10.09351374791334
C            0.30273477465330        2.44726549224415        9.15046472726789
H            2.21481433538860        0.31570071381688       11.40721549262710
H            2.05192156306943       -2.29325766227565        9.69724764319685
H            1.77946704899845       -4.70569422174614        9.35377942667636
H            0.41101666333935       -6.36115857520646        8.54854808397154
H           -2.19972081774337       -5.09108543148991        7.39288704864568
H           -1.76025239604046       -1.62265002224102        7.83640064514960
H           -1.68560963387231        1.91643634770940        6.43941737426203
H           -1.65552931502603        5.42695671932792        6.29466657125864
H           -0.39121628070371        5.61885198644534        8.17369277327812
H            1.40418635713988        3.86773968429893       10.67723904753174
B           -4.85451747796184       -2.62570651610316        0.12476667526933
B           -4.55698826576416       -1.31145135407359       -0.71736289742091
B           -4.39857514732122       -0.12808770247406       -1.88349477656103
B           -3.40424088115198       -2.63869538286691       -0.57907617932623
B           -2.97739903209520        0.22882695599712       -1.34683194789214
B           -4.35322631743799        0.36420766621984       -0.16301362166067
B           -5.02756724560118        1.40900781433955        0.84429441447502
B           -4.60477260814972        2.98618167634721        1.03472138878341
B           -2.78447126499324        0.49318858596639        0.28196184529201
B           -3.22508529509398        3.24122670941863        1.86192674441131
B           -2.17211249548026       -3.75849884215977       -0.59864173763289
B           -1.86489614704990       -2.22961614040528       -0.91126873329937
B           -1.66621798138594       -0.59817797281579       -0.77628611276872
B           -0.58197058782493       -3.20252300358383       -0.78384200113284
B           -0.19521718955658       -0.14883218429165       -0.23845720593282
B           -1.36929949168427        0.01314397604616        0.93001494356111
B           -1.75037494662181        1.63664577214855        0.87004402545907
B           -1.89554949866842        3.21122173004692        0.96880859167493
B           -0.18759185500709        1.01601405110960        1.15408330969046
B           -0.76534012919159        4.32642914368853        0.59699573177343
B            0.82251900844789       -4.10962288503217       -0.63163681211226
B            0.94456413666826       -2.51283229518376       -0.68637685808854
B            1.22880790294356       -0.94716775137615       -0.53995570744536
B            2.20396776206160       -3.39817337896648       -0.06859414851021
B            2.63209161903593       -0.19142087260168       -0.26272542838808
B            1.25898552510353        0.52977343195633        0.25114033518103
B            1.14634903725946        2.00239302718285        1.08879300464406
B            0.52348795970883        3.41876460142180        0.65310050124983
B            2.46130093795840        1.67231220524293        0.09728149179018
B            1.15243073230135        2.98110666290857       -0.83647849898579
B            3.25947758565603       -3.88717367744503        1.13944690288920
B            3.62668568185483       -2.62847191540671        0.16799607506698
B            4.03788747561615       -1.11318252071187       -0.20324289170408
B            4.48932292701230       -2.90202158386784        1.46035979149498
B            5.37033695138967       -0.25665807837522       -0.70910337999266
B            4.11872442105606        0.54895716702882       -0.06791265158818
B            4.00327041343323        2.34051801677794       -0.11789518524775
B            2.75365928977544        3.06761269039699       -0.96344686479462
B            5.41199458655315        1.48507352683417       -0.32878654297716
B            4.21356385231664        3.54991131057160       -1.13841810674430
H           -5.32805873988237       -3.22246614066379        1.01411900596713
H           -5.72639913911608       -1.99646333758864       -0.58671036427291
H           -5.17489735535790        0.06219909656298       -2.74973748933552
H           -5.79993679114380        1.00911563513508        1.65346387691544
H           -5.32293292187977        3.84573164273406        0.66528309699448
H           -3.26889393576002        3.28160917497904        3.03859795575544
H           -2.36954874293078       -4.90835294167768       -0.50372087723969
H           -0.92430058957209        5.44304697088124        0.26107228968277
H            0.79535020643680       -5.25546838290631       -0.87038783487612
H            0.46162841559408        2.62071012359719       -1.72827912693802
H            3.03663376149543       -4.84709400439059        1.76959512869149
H            5.36643860993037       -2.62978311357006        2.17561333228042
H            6.39556900637254       -0.66854010831022       -1.09320389105487
H            6.49840232713733        1.89950723262567       -0.18890359435000
H            5.02101927973997        4.25371000448979       -1.60112813874771
87
 energy: -121.920834406313 gnorm: 0.007668945981 xtb: 6.7.1pre (5071a88)
O            1.78993605982898        2.23107893983922       11.00777246594301
C            1.10231002913383        1.71580420898189       10.08825831368856
C            1.09054786363997        0.28096599364078        9.94095424415466
O            1.87417439074312       -0.37954309321325       10.82970456332656
C            0.31596602632315       -0.34187265260054        8.99438398270301
C            0.17793136048275       -1.77394978031813        8.80762849498562
C            1.14308277681405       -2.67073700993990        9.26942120417859
C            0.97833543175935       -4.02929919626293        9.08241838274821
C           -0.14542651713270       -4.52348756866235        8.44307528963101
O           -0.36997183917372       -5.86715601111944        8.23802397932444
C           -1.12158980895272       -3.63465540837162        7.97151385325785
O           -2.23432072545818       -4.10909871744917        7.34577650010933
C           -0.94955049083633       -2.27655695250524        8.14593226876416
O           -0.44553003589242        0.40059745119353        8.13399557977307
C           -0.41942439080720        1.74744259278349        8.16751075772946
C           -1.14222051918151        2.42969526724243        7.19959338032034
C           -1.12969582969874        3.82049600779588        7.19033564400974
O           -1.82274510521412        4.45051541830211        6.20898149311896
C           -0.42160009583336        4.53325721719327        8.15350428284585
C            0.29771869716474        3.86243992103216        9.13173782517190
O            0.97991983910721        4.54641686986811       10.05831690794576
C            0.31687740296287        2.44924837471335        9.13573075030626
H            2.23799790274820        0.33789070033094       11.39506712735808
H            2.02314744714008       -2.30561254163418        9.76748492389869
H            1.73251875876555       -4.71937521864929        9.43674068251194
H            0.37267831078231       -6.36566742821368        8.59526857145622
H           -2.17141305391620       -5.07469803052018        7.32780524545411
H           -1.71492749732832       -1.61138489328127        7.78302821099348
H           -1.70383356385721        1.89313766145303        6.45467628837899
H           -1.71755655689563        5.40460316624094        6.30007582352870
H           -0.41408659770060        5.61319623346921        8.15970267863947
H            1.43329345734338        3.88350761132386       10.63911839601771
B           -4.85870690004610       -2.62244522456431        0.10181832861683
B           -4.55256026978067       -1.30315044746692       -0.72892673277021
B           -4.38422227845361       -0.11132664375882       -1.88421096708491
B           -3.40390137765972       -2.63388584992960       -0.58943560265250
B           -2.96525383169469        0.23754634571630       -1.33730358346680
B           -4.34579988445773        0.36833449228006       -0.15891032684440
B           -5.02669478392953        1.40912499333565        0.84795273800914
B           -4.60304049689260        2.98590892045882        1.03607815512559
B           -2.77998059039741        0.49141670196438        0.29498902086746
B           -3.22970607939309        3.24655985691969        1.87227831378976
B           -2.17232800551693       -3.75553934819305       -0.60634050219767
B           -1.86173858189427       -2.22557811124198       -0.90871027970055
B           -1.65969786037707       -0.59559300631364       -0.76618779330856
B           -0.58038986208203       -3.20099443322064       -0.77716589623272
B           -0.19074562814171       -0.14970175829239       -0.22308016926202
B           -1.36591461781309        0.01058058747852        0.94446209104544
B           -1.74604280217422        1.63340027292857        0.88973655056432
B           -1.89720760510048        3.20788729847832        0.98457946937104
B           -0.18311797877321        1.01273272060762        1.17006377547360
B           -0.76760780717868        4.32239897284153        0.60610916477798
B            0.82284030145117       -4.10905978431375       -0.61615473525898
B            0.94617735455619       -2.51355088441211       -0.67448295809678
B            1.23237947568770       -0.94798363419587       -0.52812107516669
B            2.20642230184922       -3.39570995683345       -0.05634866250480
B            2.63440653960159       -0.19099264170716       -0.25377945957620
B            1.26303687289906        0.52579346950258        0.27028408792021
B            1.14991755275375        2.00272534635708        1.09830633494268
B            0.52139404167703        3.41545204458905        0.66073775413195
B            2.46158322385118        1.67060229487082        0.10141448699008
B            1.14115866327947        2.97342614578296       -0.83186095605611
B            3.26354212262386       -3.89033266594125        1.14653772386345
B            3.63165163305535       -2.62743849697679        0.18020909100292
B            4.04052503600659       -1.11365037520973       -0.19935827734050
B            4.50057298694478       -2.91536826592265        1.46539621547895
B            5.37006597397938       -0.25887141041415       -0.71458331844588
B            4.12160838719007        0.54917264242248       -0.07207545937543
B            3.99973079833517        2.34242384302713       -0.13119611840529
B            2.74108516172612        3.06000976771052       -0.97029811641730
B            5.40850029309428        1.48795168698573       -0.34889299680689
B            4.19788368020044        3.54613698621794       -1.16036382622488
H           -5.34428751351664       -3.22288343806623        0.98144542866296
H           -5.72211275673303       -1.98087436862569       -0.61127448828043
H           -5.15529205482174        0.08937789341088       -2.75272898633845
H           -5.80801082172473        1.00772072581338        1.64804398234521
H           -5.32138676031203        3.84484739599148        0.66640953635502
H           -3.27936288375591        3.29115408450341        3.04850307027755
H           -2.37354197537221       -4.90542225161880       -0.51901877678814
H           -0.92972101908635        5.43633134947274        0.26182690858310
H            0.79528633729788       -5.25680605536905       -0.84514928069220
H            0.44507547981875        2.60667654555607       -1.71682481501288
H            3.03879932110821       -4.85200611575757        1.77352338182916
H            5.38103657527053       -2.64595385009414        2.17776838722444
H            6.39474007422162       -0.66836577602291       -1.10239756679954
H            6.49485241403783        1.90579181786646       -0.22221899858793
H            4.99890229771432        4.24925445869431       -1.63505138382431
87
 energy: -121.921087912947 gnorm: 0.012589634917 xtb: 6.7.1pre (5071a88)
O            1.83212937447196        2.24846272198509       10.96693029405909
C            1.13078982587455        1.72557303743503       10.06101164117990
C            1.11389293023426        0.28704129536436        9.93284152363435
O            1.90438760337172       -0.35918016059977       10.82821804769467
C            0.33376640948884       -0.34338595690274        8.99581055053095
C            0.18817363054014       -1.77555853009190        8.81874237169641
C            1.12158687562240       -2.68360065382504        9.33830195011998
C            0.94540547797760       -4.04174006901345        9.15799124954929
C           -0.15640130180660       -4.52285132970858        8.46415379732763
O           -0.39034288114703       -5.86449296134211        8.25964941537338
C           -1.09917209230722       -3.62454708955763        7.93187642375364
O           -2.18629990515377       -4.08583638236075        7.24916977936819
C           -0.91715241802912       -2.26740456807719        8.10436568538475
O           -0.43367626484037        0.39306530018717        8.13287538998801
C           -0.41474818322133        1.73959132526676        8.16175908983233
C           -1.15999939308140        2.41355080263912        7.20385771349810
C           -1.16159737906597        3.80404322266266        7.19099920374820
O           -1.88315701496909        4.42292585773464        6.22271339203639
C           -0.44032912325157        4.52624959992623        8.13778960264014
C            0.30404949063646        3.86468611506493        9.10351251061014
O            0.99977072239335        4.55500717445343       10.01558204852645
C            0.33149536712796        2.45121062542846        9.11399055799667
H            2.27323708456118        0.37177807691113       11.37585611799768
H            1.98397613257919       -2.32520859270564        9.87734070015054
H            1.67321194139650       -4.74029239823164        9.55895694880648
H            0.32606526537978       -6.37354203134889        8.66559255275380
H           -2.13666956337398       -5.05361158082512        7.24684291945321
H           -1.65613743349739       -1.59246322390719        7.69669654294207
H           -1.72891701091422        1.86666024992936        6.47149410757989
H           -1.79166827183219        5.37940991653093        6.30774396965242
H           -0.44390194028443        5.60669124744413        8.13991685352686
H            1.46527719415815        3.89333444776048       10.59052489918339
B           -4.86446477079899       -2.61889213402130        0.07209971214513
B           -4.54735657512517       -1.29189076006932       -0.74296237794134
B           -4.36615464868704       -0.08918844053511       -1.88470456686504
B           -3.40259816152668       -2.62750540801381       -0.60316982423360
B           -2.94995470378034        0.24934311261530       -1.32441075041560
B           -4.33687935230781        0.37435594755536       -0.15383493317184
B           -5.02804124502780        1.41082625170116        0.85044992420801
B           -4.60320527791851        2.98615801756645        1.04334368202574
B           -2.77446443263633        0.48930185813396        0.31225400948690
B           -3.23473785581004        3.25113953193402        1.88615339695509
B           -2.17247803258473       -3.75181293142220       -0.61625164786242
B           -1.85719247391133       -2.22031969363860       -0.90573077859437
B           -1.65162340297865       -0.59199169182468       -0.75248698876935
B           -0.57809818709217       -3.19916800906476       -0.76893112494464
B           -0.18494568573274       -0.15112050179021       -0.20250436162000
B           -1.36175745372618        0.00686677002691        0.96350584336807
B           -1.74071278402333        1.62909178562933        0.91495798618196
B           -1.89921049740186        3.20343676303595        1.00423504506852
B           -0.17776732602955        1.00836747997643        1.19154094548973
B           -0.77064940630985        4.31731868844301        0.61697880910887
B            0.82340440938095       -4.10885340533405       -0.59674842711626
B            0.94867394582099       -2.51470499534271       -0.65931736861585
B            1.23666584474730       -0.94921817400952       -0.51243999746043
B            2.20938207216491       -3.39359350966296       -0.04055968211989
B            2.63724819859221       -0.19053477713844       -0.24186734200899
B            1.26823127550879        0.52026912633626        0.29591198473274
B            1.15399063800805        2.00297962515108        1.11075748660892
B            0.51830404040951        3.41111947310236        0.67023364903312
B            2.46167855564684        1.66868539132527        0.10735088269325
B            1.12662555958608        2.96343489550155       -0.82579613888430
B            3.26967938419146       -3.89486628835336        1.15530370505822
B            3.63736725243784       -2.62609845002002        0.19586296830397
B            4.04403356472997       -1.11425819889000       -0.19400130155856
B            4.51367541434668       -2.92975412029064        1.47244058331338
B            5.36914133248018       -0.26116157813579       -0.72284459876950
B            4.12511797381328        0.54948467843195       -0.07733181946570
B            3.99491460761020        2.34464882576226       -0.14728316159633
B            2.72488840589760        3.05004354094272       -0.97875981368194
B            5.40402889815289        1.49162797921851       -0.37455041369390
B            4.17782745289304        3.54084740838006       -1.18780398102554
H           -5.36514242716256       -3.22763743354015        0.93822189319099
H           -5.71692748397442       -1.96206992597122       -0.64399645270948
H           -5.13068540393954        0.12504079897360       -2.75591723588449
H           -5.81516758917651        1.00675274334364        1.64306188745156
H           -5.31598208892529        3.84565347879251        0.66326920631268
H           -3.29134575046366        3.30728039079921        3.06170813240212
H           -2.37826184586610       -4.90162285893265       -0.53848893890520
H           -0.93657233206928        5.42806588527665        0.26349111336461
H            0.79462679875520       -5.25872652677568       -0.81432776281971
H            0.42390619343321        2.58859862143405       -1.70210575226592
H            3.04342598317308       -4.85781952248955        1.77992887405573
H            5.40107100188432       -2.66712195102237        2.17962329321545
H            6.39344161359634       -0.66950202858036       -1.11287192444188
H            6.49066822973507        1.91466292783523       -0.26630453696491
H            4.97065839896650        4.24291982940072       -1.67792885995997
87
 energy: -121.921399516984 gnorm: 0.006140639746 xtb: 6.7.1pre (5071a88)
O            1.85502745129414        2.26454664861834       10.94273430214489
C            1.14844322075343        1.73223663158392       10.04578123023991
C            1.12120827190942        0.29015520504468        9.93818627307760
O            1.90077181736666       -0.34695847698350       10.85067245227321
C            0.34588599089997       -0.34364463563083        9.00179368859402
C            0.19418512479251       -1.77789162366285        8.83117597878674
C            1.11128761715016       -2.68907117864959        9.36135176435612
C            0.92852954629692       -4.04526347254441        9.17686057449380
C           -0.16287448421429       -4.52035426880743        8.46928212657220
O           -0.40161439415380       -5.86081521550039        8.26088308557230
C           -1.08859008017558       -3.61974846120881        7.92624708504944
O           -2.16056624364748       -4.07531579353286        7.22471660772710
C           -0.90130259564079       -2.26418815206713        8.10498172548111
O           -0.41235107820031        0.38679635144650        8.12435567667512
C           -0.40085938286446        1.73361037584249        8.15140150856240
C           -1.16060289904659        2.40163065366701        7.20021378888076
C           -1.17706756411429        3.79131259829090        7.18993082883216
O           -1.92232862531757        4.40284776580131        6.23493035894611
C           -0.44970393846047        4.52039890809030        8.12641494800386
C            0.31327336840217        3.86544169958915        9.08140123001826
O            1.01480628831838        4.56201811025119        9.98256128920882
C            0.34840385855221        2.45165025126000        9.09430979528275
H            2.27194820719535        0.39112816505868       11.38598669885827
H            1.96447947770420       -2.33257558950682        9.91404593746341
H            1.64224706776718       -4.74618119508929        9.58742558014285
H            0.30052726095040       -6.37277160705607        8.67423423616902
H           -2.11629860338161       -5.04176906288443        7.22259283831452
H           -1.62522038023179       -1.58400739743875        7.68879623674720
H           -1.73158873849041        1.84754502753125        6.47574864722972
H           -1.85190803356328        5.36133282854391        6.32221652904655
H           -0.46656051375715        5.60077269173470        8.12624688835497
H            1.48634427530143        3.89990665187335       10.55530989519474
B           -4.86039396063173       -2.61217481712945        0.06828838417768
B           -4.54469470470996       -1.28611324826423       -0.74702755246696
B           -4.35739979129398       -0.08226198636732       -1.88476866501862
B           -3.39890158468014       -2.62365812141542       -0.60680581567423
B           -2.94319564362226        0.25455088748684       -1.31866844478109
B           -4.33352466837053        0.37777317114239       -0.15273942670360
B           -5.03193878635647        1.41334420665064        0.84732005623409
B           -4.60584334322010        2.98715616499925        1.04739626353705
B           -2.77268548740656        0.48991127890909        0.31896653997050
B           -3.23806708352936        3.25169297390698        1.89097018516053
B           -2.17092908557386       -3.75051289760941       -0.62423922123161
B           -1.85358582455011       -2.21770390818583       -0.90544536259523
B           -1.64805497860854       -0.59016915782512       -0.74578109874470
B           -0.57612083145450       -3.19965983368777       -0.76853671169352
B           -0.18274453877664       -0.15240720858193       -0.19112400128310
B           -1.36127377878877        0.00581372562680        0.97267112988192
B           -1.73927751798448        1.62789708161315        0.92564227361433
B           -1.90086765214502        3.20204675760576        1.01232442487712
B           -0.17679631285961        1.00692311670713        1.20265855421415
B           -0.77251752330806        4.31525637861454        0.62013734753878
B            0.82460933168770       -4.10945932727443       -0.59270521978349
B            0.94924536726147       -2.51541678286494       -0.65407746613583
B            1.23852339526500       -0.95070956022878       -0.50271291443596
B            2.21168762414739       -3.39336217185191       -0.03797880965924
B            2.63837562665122       -0.19090517464364       -0.23334197511980
B            1.27003618438487        0.51726769019904        0.30830639091825
B            1.15429725837114        2.00292709889209        1.11735283827027
B            0.51606909920439        3.40912422941517        0.67410832098082
B            2.46092235713883        1.66701173453251        0.11290715135184
B            1.12032613313648        2.95797761436108       -0.82212411396584
B            3.27164259951903       -3.89520749585601        1.15855173988999
B            3.64115289793558       -2.62783990178516        0.19749084253636
B            4.04596540793783       -1.11582305481172       -0.19275436165483
B            4.51564064634137       -2.93213896815752        1.47447426011455
B            5.36645403401563       -0.26064144645488       -0.73087418390324
B            4.12629004407339        0.54743106071516       -0.07575435248348
B            3.99162667788580        2.34401330176023       -0.15084377695704
B            2.71790834942351        3.04326318532733       -0.98021358346830
B            5.40077574024076        1.49154296265513       -0.38075638821403
B            4.16897337039121        3.53495439477049       -1.19768747981175
H           -5.36342895264778       -3.21933608342865        0.93315565050718
H           -5.71088185631776       -1.95503209545882       -0.65126090385167
H           -5.11817521905031        0.13668330819822       -2.75765572514779
H           -5.81495216056736        1.00673037875261        1.64117196495004
H           -5.31374515042187        3.84737497062859        0.65874689557948
H           -3.29818870727229        3.31902683371861        3.06594729575761
H           -2.38096709388566       -4.90003802624992       -0.55422643685332
H           -0.93949728346951        5.42506872090081        0.26504496886964
H            0.79696998343117       -5.25995906004366       -0.80535446999795
H            0.41546875615087        2.57961204798111       -1.69478402603604
H            3.04126495202712       -4.85876415783118        1.78074934052196
H            5.40798197124136       -2.67232202727166        2.17736304642697
H            6.39027207045824       -0.66950965253983       -1.12203744785027
H            6.48728269592960        1.91517719439061       -0.27761622631289
H            4.95830065787218        4.23525326167480       -1.69507951034302
87
 energy: -121.921561699816 gnorm: 0.005692736374 xtb: 6.7.1pre (5071a88)
O            1.88254027945445        2.28158621834085       10.91314181226507
C            1.16932878262614        1.74020338072944       10.02651316919503
C            1.13446817422981        0.29717084011852        9.93586303668962
O            1.90841080102949       -0.33128844025910       10.85786315871603
C            0.35733187922465       -0.34379349857681        9.00562039457012
C            0.19982427694637       -1.77881579092399        8.84242884848574
C            1.09413425387774       -2.69604404109075        9.40273645864107
C            0.90478498563817       -4.05176237026001        9.22113789836822
C           -0.17039283828574       -4.52132505699869        8.48384319355129
O           -0.41381107224943       -5.86131495618300        8.27251661463245
C           -1.07244066659224       -3.61435498596920        7.90773692881926
O           -2.12591932249439       -4.06361566508691        7.16946372695149
C           -0.87992417917004       -2.26003367556590        8.08889152412113
O           -0.39605107877108        0.38156200338745        8.11948986508637
C           -0.39342954896957        1.72846213131292        8.14265462237967
C           -1.16934429492456        2.38891588806176        7.19873446061339
C           -1.19789467139627        3.77814226435507        7.18870479227641
O           -1.96417320092362        4.38320869267145        6.24588660528214
C           -0.46195425227837        4.51426608666933        8.11337911936823
C            0.31962868714149        3.86650017635681        9.05871320372075
O            1.03035767510658        4.57078231900484        9.94660598378938
C            0.36252900562128        2.45290483503936        9.07496988352128
H            2.28663064222989        0.41102304719047       11.38073278009500
H            1.93544615703188       -2.34442086154258        9.97185303622030
H            1.60064995040856       -4.75730464742162        9.65657176970542
H            0.27028890224352       -6.37802906470757        8.71411483660330
H           -2.08886341392297       -5.02962658707814        7.17257687149723
H           -1.58614382839606       -1.57552672102986        7.64876440400856
H           -1.74664187440398        1.82975841546595        6.48345533281230
H           -1.90629295956524        5.34218378368669        6.33531090087929
H           -0.48781100820280        5.59410953021603        8.11025028262593
H            1.51042131277113        3.91236497885621       10.51759095738370
B           -4.86149643213687       -2.60811654811398        0.05396437506701
B           -4.54152325501321       -1.27854627945842       -0.75422500641095
B           -4.34639997921963       -0.06826787938021       -1.88372970092149
B           -3.39677130403023       -2.61979437022719       -0.61423672635895
B           -2.93373281859205        0.26206298009341       -1.30981683058432
B           -4.32790961281679        0.38159417081664       -0.14818031801417
B           -5.02795127592203        1.41437160896985        0.85341567238187
B           -4.60478883291445        2.98933268634096        1.04793819564161
B           -2.76909843876762        0.48919260717723        0.32993427809653
B           -3.24203733145366        3.25896901281347        1.89806187518755
B           -2.17033488691411       -3.74844600636103       -0.63254795934436
B           -1.84991105958413       -2.21445896729621       -0.90381072873706
B           -1.64315873033723       -0.58811214531970       -0.73589279479184
B           -0.57404112662988       -3.19927304916534       -0.76519246342478
B           -0.17936613699796       -0.15370038198982       -0.17594153358789
B           -1.35918765044256        0.00393973503527        0.98585324133491
B           -1.73688353551624        1.62584205061612        0.94284150303423
B           -1.90194894458230        3.20016425007242        1.02462939996352
B           -0.17428586809899        1.00479582553170        1.21798157090508
B           -0.77390617405410        4.31247088953249        0.62634867524036
B            0.82569897795723       -4.11005175735562       -0.58362999790905
B            0.95060508745798       -2.51641300639537       -0.64502646812604
B            1.24090242631214       -0.95195852069357       -0.49031038198488
B            2.21366773867522       -3.39313232285591       -0.03022344638757
B            2.64011196440239       -0.19125986602269       -0.22323927595615
B            1.27306618839961        0.51347796528525        0.32609752307274
B            1.15619563066608        2.00275551689693        1.12683402204359
B            0.51416423535267        3.40617737160567        0.68057324421251
B            2.46051252107462        1.66547354590277        0.11879170931424
B            1.11116915929633        2.95090891418580       -0.81738476243395
B            3.27567110841871       -3.89721449418451        1.16353389965556
B            3.64492352876582       -2.62857414658787        0.20361531177740
B            4.04818295662695       -1.11722662208050       -0.19049178781731
B            4.52318446642112       -2.93848143468279        1.47731171638869
B            5.36596718292852       -0.26226812544939       -0.73568249861387
B            4.12865158633576        0.54627925687350       -0.07674422324704
B            3.98816786880008        2.34411430862931       -0.15896446200876
B            2.70777565722102        3.03558857449148       -0.98423368605016
B            5.39779132537769        1.49280046262805       -0.39499824844898
B            4.15663583514545        3.52909200079980       -1.21407863737104
H           -5.37162382765136       -3.21703320441038        0.91335778900134
H           -5.70686779214782       -1.94522215970631       -0.66953659354555
H           -5.10258346794952        0.15795005265574       -2.75878759015147
H           -5.82625800438582        1.00954277736440        1.63455079934663
H           -5.31202559139262        3.84851013256860        0.65681854937168
H           -3.30725498201598        3.32802917529992        3.07210792199708
H           -2.38353379769016       -4.89791496858308       -0.57150228999598
H           -0.94270717077680        5.41996679570008        0.26531764170976
H            0.79825075241959       -5.26143408233215       -0.79089328097995
H            0.40239048745487        2.56683512538670       -1.68440532994685
H            3.04396560023319       -4.86141370641267        1.78409378721023
H            5.41907338207911       -2.68215721769250        2.17659509967982
H            6.38801782214434       -0.66905749828229       -1.13317211794843
H            6.48371087104465        1.91982249410129       -0.30057375917959
H            4.94079111200347        4.22803424487583       -1.72167137422818
87
 energy: -121.921674708954 gnorm: 0.005114009228 xtb: 6.7.1pre (5071a88)
O            1.90139096330217        2.29649932640412       10.88710042179675
C            1.18350090207020        1.74640265942439       10.00911237227145
C            1.14436627582338        0.30445320552081        9.93227244112833
O            1.91469464233454       -0.31847808418834       10.86032930884709
C            0.36376668326955       -0.34333387305242        9.00827112285548
C            0.20266211109557       -1.77797915963110        8.84964152863975
C            1.07786064049792       -2.69872713491548        9.43582379354188
C            0.88511301956658       -4.05418888594872        9.25501932217507
C           -0.17471939000108       -4.52192684326406        8.49367842139915
O           -0.41957366762953       -5.86281278292146        8.28337095387909
C           -1.05719652453246       -3.61075679170929        7.89267482215461
O           -2.09557659273736       -4.05808730436824        7.13417372992532
C           -0.86252600488414       -2.25707036151119        8.07275181966376
O           -0.38481288759354        0.37791740073868        8.11457154067434
C           -0.39009730167655        1.72473424564591        8.13341078342912
C           -1.17765511972251        2.37826914241349        7.19518047928302
C           -1.21389092428564        3.76708198141971        7.18617770705747
O           -1.99431927856753        4.36815625516737        6.25371268878284
C           -0.47114068948760        4.50866894417809        8.10113476997639
C            0.32418446127517        3.86702715720065        9.03885827749554
O            1.04303721988179        4.57621011966681        9.91527195803064
C            0.37199305518458        2.45371394149517        9.05702615723676
H            2.30002372371278        0.42430052229921       11.37396111782128
H            1.90685018542930       -2.35259923064205       10.03264161104143
H            1.56594200314809       -4.76322828797345        9.71306108328085
H            0.25049410691536       -6.38004262111900        8.74299894023917
H           -2.06510418692934       -5.02372061016576        7.14276908285302
H           -1.55505231067903       -1.57121826048345        7.61479566906681
H           -1.76113371513154        1.81693226835725        6.48720037265373
H           -1.94443877922899        5.32653088790340        6.34825531166604
H           -0.50310200569718        5.58771120822768        8.09504595887371
H            1.52831213021895        3.91939289309110       10.48512605387980
B           -4.86156333133152       -2.60419121490498        0.04470637921357
B           -4.53931931755398       -1.27191306819395       -0.75819505928511
B           -4.33775017780457       -0.05723127427736       -1.88205535889997
B           -3.39437876128756       -2.61695274013104       -0.61947022845962
B           -2.92654457076843        0.26804501522614       -1.30161835630001
B           -4.32451469094665        0.38512237745010       -0.14428806183546
B           -5.02769423832009        1.41762273258649        0.85540264925492
B           -4.60284220851646        2.99248453624706        1.04602512963178
B           -2.76694861651754        0.48905638546434        0.33950047457776
B           -3.24493938817337        3.26548903877105        1.90307108937304
B           -2.16979806402972       -3.74696533335445       -0.64019749089993
B           -1.84661734045794       -2.21188061521723       -0.90228247121804
B           -1.63981290052037       -0.58651075400080       -0.72611929449113
B           -0.57212383119066       -3.19914038357522       -0.76358090362475
B           -0.17709428760180       -0.15522338306194       -0.16162741517965
B           -1.35827003996463        0.00273308174292        0.99776426029859
B           -1.73571611592221        1.62457479418275        0.95710694071032
B           -1.90238585759551        3.19906745792699        1.03428526346849
B           -0.17308570053284        1.00346382651790        1.23193230518658
B           -0.77464940479396        4.31062193325792        0.63139372990299
B            0.82691680718208       -4.11107224109204       -0.57850409723813
B            0.95175516367897       -2.51747820110719       -0.63797052151989
B            1.24219992280266       -0.95324785990971       -0.47861506600965
B            2.21520681017837       -3.39435342539899       -0.02527332351470
B            2.64127401216862       -0.19218893690152       -0.21354731981732
B            1.27537356179317        0.51003220550259        0.34207835012911
B            1.15702080636702        2.00224830529505        1.13572429779589
B            0.51246379487478        3.40351799351302        0.68602899969671
B            2.45965845708107        1.66420163306297        0.12508773296016
B            1.10385882997790        2.94478049209208       -0.81301799168208
B            3.27978728713131       -3.89871429469361        1.16646262955404
B            3.64733772488751       -2.62991960978325        0.20606284197205
B            4.04986637960260       -1.11879350084163       -0.18904258385490
B            4.52896268239380       -2.94079616186518        1.47799329415128
B            5.36551224388833       -0.26353664891264       -0.73931794100909
B            4.13045559449892        0.54475949801494       -0.07638144259135
B            3.98497698950221        2.34318145340371       -0.16369609815394
B            2.69969315660745        3.02867574613287       -0.98641850244661
B            5.39537802266065        1.49315724907793       -0.40534459649537
B            4.14706207512517        3.52255847435273       -1.22611905222154
H           -5.37602050136003       -3.21493145742628        0.90051914302502
H           -5.70399410245760       -1.93962814809645       -0.68364802686847
H           -5.09021814657769        0.17432644104989       -2.75893629089178
H           -5.83172316518674        1.01425520439495        1.63158998821771
H           -5.30943108511794        3.85107141903480        0.65416979386909
H           -3.31491568243411        3.33708407489454        3.07628904270779
H           -2.38487777176957       -4.89642814973792       -0.58799078293142
H           -0.94460073619957        5.41607072696765        0.26516206635528
H            0.79938159057225       -5.26267352197810       -0.78408227660854
H            0.39232480435211        2.55562208910571       -1.67551377411012
H            3.04851315091319       -4.86268878463968        1.78726044894071
H            5.42716681466226       -2.68715014367281        2.17438632297781
H            6.38533212536509       -0.66872374303695       -1.14371290660518
H            6.48061226722119        1.92335897538526       -0.31710381218256
H            4.92723121451812        4.21977250787599       -1.74219174864171
87
 energy: -121.921750841189 gnorm: 0.007083741465 xtb: 6.7.1pre (5071a88)
O            1.91289626360733        2.31086478411582       10.86349329972240
C            1.19180398378215        1.75158578081668        9.99346825398593
C            1.14996368812610        0.31232808947497        9.92930993498907
O            1.91775992763696       -0.30802342851480       10.86130557731244
C            0.36513048310958       -0.34246541879847        9.01188185735044
C            0.20124729834999       -1.77661993411580        8.86077028811889
C            1.05996792219545       -2.69778584283954        9.46789351470321
C            0.86788699128276       -4.05329578026014        9.28646939104048
C           -0.17617271513975       -4.52326556311163        8.50556588955780
O           -0.41727244401146       -5.86435988628731        8.28827757994732
C           -1.04307003345518       -3.61085264513883        7.88733187969485
O           -2.06744955947536       -4.05884780519931        7.10940898781503
C           -0.84981102072291       -2.25749604930719        8.06639306821220
O           -0.37787992041522        0.37479904547741        8.11010284459576
C           -0.38929347712864        1.72173551536427        8.12305254733076
C           -1.18487081051139        2.36878302931389        7.18909276460254
C           -1.22504164127054        3.75748609386989        7.18111988556563
O           -2.01522715646217        4.35664345300425        6.25811693225925
C           -0.47704223417295        4.50339277553812        8.08783156565728
C            0.32807639247367        3.86711050818004        9.01972864528603
O            1.05325822452840        4.57959488133575        9.88612344037493
C            0.37800462428399        2.45422630309603        9.03936840647236
H            2.31165853727901        0.43208016439937       11.36771250702129
H            1.87828788168751       -2.35290324690444       10.06948400482321
H            1.53877557148624       -4.76063956290060        9.74830983879057
H            0.24050036744138       -6.38035928143264        8.76898113887683
H           -2.04337610582845       -5.02479287414007        7.12731073282094
H           -1.53110253713654       -1.57202535795986        7.58795085013120
H           -1.77452713451445        1.80776482103346        6.48684453571569
H           -1.96927252058921        5.31376243883930        6.36064667908918
H           -0.51321679428672        5.58156873455921        8.07902385222406
H            1.54077960962602        3.92323029297779       10.45610981528416
B           -4.85940418372772       -2.59945159352875        0.04244182438189
B           -4.53802301084079       -1.26609823600663       -0.75812171758953
B           -4.33149695639917       -0.04962866446425       -1.87930958236180
B           -3.39130115916593       -2.61514599843955       -0.62177677272659
B           -2.92176874077304        0.27223399349951       -1.29389957755978
B           -4.32341354593951        0.38825020638598       -0.14061972216186
B           -5.02994772416529        1.42307143133690        0.85458477329185
B           -4.60105770493824        2.99712375327823        1.04314109963171
B           -2.76632377932319        0.48950514902920        0.34763224752051
B           -3.24685265004898        3.27091156604916        1.90579823859450
B           -2.16921678960200       -3.74622853011570       -0.64781889380551
B           -1.84348012272959       -2.21001356913821       -0.90073787689456
B           -1.63811018008434       -0.58548377512218       -0.71609114319542
B           -0.57020685141175       -3.19949757530225       -0.76413362029785
B           -0.17603601629368       -0.15724197864469       -0.14747434323478
B           -1.35875518202773        0.00224251979062        1.00875247898129
B           -1.73596035567687        1.62411161178254        0.96826214741404
B           -1.90239256154584        3.19872557492083        1.04090594583899
B           -0.17343717880936        1.00294559235031        1.24497538881031
B           -0.77508581131445        4.30930392855512        0.63333371237014
B            0.82854199240542       -4.11268930076670       -0.57860753088247
B            0.95253137673104       -2.51865225593832       -0.63305142004739
B            1.24230642415133       -0.95481672071572       -0.46688021991846
B            2.21661897809791       -3.39737010443932       -0.02432540634633
B            2.64186025791997       -0.19395233240365       -0.20370033175177
B            1.27697791266419        0.50683502978720        0.35648163027859
B            1.15637662004013        2.00131894833658        1.14439843492664
B            0.51076783604176        3.40111271231731        0.69047163065179
B            2.45815258787199        1.66306126897075        0.13259443595501
B            1.09868816831060        2.93947813998918       -0.80867432204215
B            3.28409522879315       -3.89926937448527        1.16678093136651
B            3.64871381615524       -2.63238678392590        0.20319158660371
B            4.05118714793319       -1.12064985041651       -0.18860225758266
B            4.53268458258938       -2.93815677980395        1.47534273239178
B            5.36408115110592       -0.26355639786847       -0.74400705787011
B            4.13157489682919        0.54251935396923       -0.07378093446278
B            3.98185735796927        2.34073346309384       -0.16380768268150
B            2.69393911517731        3.02213669803122       -0.98601568961990
B            5.39334107710328        1.49216231541795       -0.41007818377911
B            4.14062689198143        3.51435195431552       -1.23294928329734
H           -5.37421810921408       -3.21055961583350        0.89782770329849
H           -5.70186791947087       -1.93880272827555       -0.69179624088279
H           -5.08104840388781        0.18482868478659       -2.75775852879436
H           -5.83377771874120        1.02170486261855        1.63095593100846
H           -5.30524794369412        3.85590064171957        0.64828950338737
H           -3.32113108175765        3.34834532743893        3.07829904559978
H           -2.38502859077178       -4.89578777985871       -0.60531222719543
H           -0.94505437712707        5.41377022442402        0.26530079558856
H            0.80079323866617       -5.26370848752666       -0.78706541579651
H            0.38577304230524        2.54617414219654       -1.66793079947809
H            3.05498338924400       -4.86215619811447        1.78975138116466
H            5.43123490562242       -2.68504322463156        2.17017891868290
H            6.38179552317230       -0.66909446846331       -1.15308944884522
H            6.47795992106499        1.92471604128003       -0.32535100812294
H            4.91815454777498        4.20909715405151       -1.75584578788421
87
 energy: -121.921838659847 gnorm: 0.005306146525 xtb: 6.7.1pre (5071a88)
O            1.92560951838421        2.31805005749381       10.84504114139934
C            1.19875613399466        1.75499914083082        9.98141185930788
C            1.15435105023948        0.31580442467099        9.92470324111221
O            1.92635250923074       -0.30246250254821       10.85642176856172
C            0.36642170008534       -0.34248172190781        9.01184503905558
C            0.20117776870346       -1.77589915609801        8.86491844558108
C            1.04737513588697       -2.69695333270684        9.48986460761675
C            0.85549215965996       -4.05284850917100        9.31044952477905
C           -0.17650157976355       -4.52345266585935        8.51413945675426
O           -0.41625562644585       -5.86485359774504        8.29944985968715
C           -1.03172545807999       -3.61143235727679        7.87861874380756
O           -2.04534938564027       -4.05923567036187        7.08377285708023
C           -0.83853315327352       -2.25799748488111        8.05564018281176
O           -0.37818642878143        0.37264272127099        8.10914828186918
C           -0.39026314664736        1.71950030338217        8.11813234757683
C           -1.19290458913869        2.36291459742368        7.18755417435875
C           -1.23538058938463        3.75201452195301        7.17698209193188
O           -2.03569346644313        4.34832853109643        6.25978956761154
C           -0.48210572045589        4.50081692802793        8.07709650535523
C            0.33090485176758        3.86795191888542        9.00515600969185
O            1.06074571874783        4.58245735982323        9.86576994286684
C            0.38120154299657        2.45518765881867        9.02837649898536
H            2.32585671431521        0.43970149104636       11.35688256563146
H            1.85551951668312       -2.35279951296407       10.10930454111744
H            1.51623476644831       -4.76235834180150        9.79658839327535
H            0.23282530291412       -6.37941334967722        8.79038661352981
H           -2.02596326242115       -5.02575465578668        7.10849491562041
H           -1.51159576723729       -1.57422423625326        7.56610315130412
H           -1.78663817478885        1.80006323950367        6.48974145196904
H           -1.99037852781463        5.30592127100224        6.36270025936530
H           -0.52090753006323        5.57925755294507        8.06703422753657
H            1.55131594395768        3.92685203125637       10.43491154096992
B           -4.85875364945476       -2.59606614480096        0.03807949320988
B           -4.53653167529542       -1.26149106942332       -0.75904426310801
B           -4.32566606333571       -0.04326812419754       -1.87756996379720
B           -3.38961383686357       -2.61345027821375       -0.62398544764559
B           -2.91734821415706        0.27549516400771       -1.28769546673717
B           -4.32194941627234        0.39053474955026       -0.13758908015266
B           -5.03235159555166        1.42681083110581        0.85381540244054
B           -4.60129813934921        2.99985592586594        1.04488001141190
B           -2.76558810362270        0.48914683609222        0.35467601674089
B           -3.24828383665903        3.27288472564649        1.90929730449623
B           -2.16930253631778       -3.74551046181863       -0.65316179300672
B           -1.84134067433465       -2.20839545902241       -0.89878117149407
B           -1.63631030142232       -0.58460532352545       -0.70827500768815
B           -0.56900567772518       -3.19938180083527       -0.76306539214089
B           -0.17484550751022       -0.15878286577534       -0.13652867457124
B           -1.35866564736909        0.00146121561940        1.01767579045510
B           -1.73532074722543        1.62310864704576        0.97712999395088
B           -1.90284868267544        3.19764118043613        1.04659984273998
B           -0.17293892201324        1.00192753826737        1.25508987958050
B           -0.77616855486026        4.30737274726747        0.63413498604524
B            0.82956016668967       -4.11350101986310       -0.57696917337364
B            0.95311146720135       -2.51942098316558       -0.62827671153552
B            1.24274042802340       -0.95596037800633       -0.45819119316680
B            2.21813359451684       -3.39905604457804       -0.02267823245202
B            2.64248781052381       -0.19506770360100       -0.19696959343798
B            1.27870455638814        0.50434873976887        0.36767270260825
B            1.15629502784357        2.00081624768670        1.15091598805976
B            0.50923674358836        3.39921654113276        0.69416682963230
B            2.45720402044044        1.66216283608876        0.13784039834385
B            1.09442679232474        2.93540869125780       -0.80529258025555
B            3.28762614122662       -3.90015400465717        1.16695875386756
B            3.65038140601083       -2.63363002140529        0.20258689102265
B            4.05244206906196       -1.12147665793110       -0.18754646607904
B            4.53636570178909       -2.93813818820131        1.47337050958516
B            5.36214409541093       -0.26286185618227       -0.74981893224019
B            4.13242798983351        0.54144609714017       -0.07279596970398
B            3.97948793104095        2.33940510891733       -0.16501206339136
B            2.68909663928479        3.01737326446061       -0.98629016975057
B            5.39160364622617        1.49189053455065       -0.41457074505656
B            4.13508040181293        3.50869253645104       -1.23939222368981
H           -5.37516693078383       -3.20803449659601        0.89179166494820
H           -5.70016416899894       -1.93600041307617       -0.69889056053909
H           -5.07293082534065        0.19429387990765       -2.75716274349727
H           -5.83591681817678        1.02611014970886        1.63009048184111
H           -5.30043541630933        3.85972031790202        0.64128309838314
H           -3.32551845061946        3.35998233401853        3.08151378200116
H           -2.38584689256015       -4.89525140370895       -0.61756430815633
H           -0.94628316532435        5.41177314127304        0.26618953237903
H            0.80119409971636       -5.26436884056327       -0.78675212285597
H            0.38006922161935        2.53934087247522       -1.66195857170014
H            3.06039565361382       -4.86259704886960        1.79136597811746
H            5.43527145861460       -2.68461854292177        2.16775971275382
H            6.37980517131759       -0.67044887118711       -1.15714901432204
H            6.47627725556547        1.92578410627538       -0.33484061124227
H            4.91041203282272        4.20169038779296       -1.76793660594644
87
 energy: -121.921919336711 gnorm: 0.006139131116 xtb: 6.7.1pre (5071a88)
O            1.93326821370757        2.32087174130736       10.82980860376975
C            1.20161170870739        1.75695454853075        9.97081872983625
C            1.15434738631036        0.31753560322484        9.91790991500322
O            1.93235287594240       -0.30066444231610       10.84639273672823
C            0.36385915427095       -0.34224373697694        9.00870041021268
C            0.19864327385933       -1.77510443050020        8.86553931787990
C            1.03511819109394       -2.69364056287871        9.50724020337999
C            0.84650509883721       -4.05045519384504        9.33102185334886
C           -0.17309429777738       -4.52429305159581        8.52103774573253
O           -0.40835508217779       -5.86616466343057        8.31050267927190
C           -1.02073459111771       -3.61574372760391        7.87196141586383
O           -2.02613788797593       -4.06773808493637        7.07442043296777
C           -0.83036058977693       -2.26148659217872        8.04596593139933
O           -0.38613614533581        0.37172562740530        8.10923091364272
C           -0.39480450330213        1.71851143240092        8.11464375938027
C           -1.20109382359466        2.36051367248108        7.18602545285993
C           -1.24258162134645        3.75023891860275        7.17091197002578
O           -2.04834927331807        4.34471591803132        6.25608921846828
C           -0.48494218792392        4.50024266679366        8.06587124973794
C            0.33165262551326        3.86901440750566        8.99247571776017
O            1.06526342697459        4.58420382612547        9.84945217418533
C            0.37991972147363        2.45630407342987        9.02018871753483
H            2.33630319510934        0.44366831773959       11.34283872794466
H            1.83263598321487       -2.34753635299569       10.14691148125483
H            1.50127363027018       -4.75683337382134        9.82879148031346
H            0.23359847538508       -6.37846434179685        8.81355962220134
H           -2.00867026286615       -5.03353762681181        7.10162580982117
H           -1.49826476124149       -1.58190982662830        7.54890369550338
H           -1.79729772651502        1.79640847748774        6.49092711376309
H           -1.99957335487095        5.30314371714369        6.35705009231930
H           -0.52269155702397        5.57939903383427        8.05463867023867
H            1.55807720317598        3.92896915218144       10.41783424426255
B           -4.85700472856576       -2.59246096538722        0.03875680753803
B           -4.53548551355964       -1.25775473572284       -0.75664774339101
B           -4.32184958667593       -0.03947918618391       -1.87453065255487
B           -3.38787573368008       -2.61264121468091       -0.62328346409739
B           -2.91468629657026        0.27695799516711       -1.28188062349933
B           -4.32135101787223        0.39176198626323       -0.13327770008429
B           -5.03187398151197        1.43043455737631        0.85592035933997
B           -4.60161757626879        3.00373253431823        1.04543812841054
B           -2.76552288158484        0.48898275963263        0.36074578001793
B           -3.24932614918423        3.27773683788376        1.91009091124079
B           -2.16975372569470       -3.74558021356503       -0.65778662531777
B           -1.83965819379627       -2.20753015691707       -0.89592651317600
B           -1.63566895987476       -0.58436669175964       -0.70031420678956
B           -0.56817509523274       -3.19967344539817       -0.76308358541677
B           -0.17454911264659       -0.16054160777298       -0.12602957108192
B           -1.35928098528003        0.00144895748286        1.02597031158463
B           -1.73568398919439        1.62293624438249        0.98410147906462
B           -1.90295379711190        3.19761919156475        1.04930560464937
B           -0.17325043042327        1.00173997963186        1.26378583951310
B           -0.77645925494522        4.30633400129423        0.63456090886509
B            0.83061701190727       -4.11464424051826       -0.57955559374750
B            0.95306421822352       -2.52021815718070       -0.62508235348707
B            1.24229183985209       -0.95733882632773       -0.44989139501591
B            2.21967908343572       -3.40212732330054       -0.02464150737892
B            2.64257074474459       -0.19676151530446       -0.19062421401937
B            1.28008554897161        0.50238648403271        0.37671615804085
B            1.15550528303350        2.00017275057129        1.15696628015598
B            0.50812767642737        3.39770823275905        0.69733367126435
B            2.45596610482129        1.66138845197685        0.14337094741203
B            1.09223278067725        2.93234708672892       -0.80197353038798
B            3.29119415785499       -3.90063199484855        1.16429806796802
B            3.65131778742669       -2.63580527642723        0.19753201331669
B            4.05294799704114       -1.12251456083449       -0.18736274003597
B            4.53814076342018       -2.93490396250594        1.46809666983495
B            5.36096731435582       -0.26248748691482       -0.75223225893013
B            4.13282820090473        0.53991546800018       -0.07016014913831
B            3.97754916043660        2.33683459973457       -0.16332190799290
B            2.68650875659328        3.01351837203328       -0.98462830336695
B            5.39048120511491        1.49066684916631       -0.41524551464065
B            4.13256733805674        3.50209981779836       -1.24196249203771
H           -5.37217197266811       -3.20406165967530        0.89318386728121
H           -5.69909927709539       -1.93559569984673       -0.69978050179764
H           -5.06748756202087        0.19900700884532       -2.75516855316283
H           -5.84275042362289        1.03312518878450        1.62741885220940
H           -5.29552431666763        3.86407031713635        0.63152022442539
H           -3.32821138962582        3.36965590541308        3.08175283684086
H           -2.38628658525583       -4.89557556450047       -0.62931244211189
H           -0.94610764968657        5.41065535012044        0.26555532575821
H            0.80162011435359       -5.26481321230891       -0.79409421205139
H            0.37733800424181        2.53429970316473       -1.65712434168717
H            3.06720513437302       -4.86222453947532        1.79136248082442
H            5.43584426019819       -2.67809982300313        2.16356629943103
H            6.37759875249312       -0.67079696882987       -1.16171646445570
H            6.47440158346129        1.92584712719471       -0.33634374315995
H            4.90701786622912        4.19309414480110       -1.77409700758326
87
 energy: -121.922003381612 gnorm: 0.008878285910 xtb: 6.7.1pre (5071a88)
O            1.94533392501607        2.32509666000582       10.80740173552251
C            1.20589353393226        1.76062828441130        9.95573570828531
C            1.15583365939458        0.32085628524269        9.90691255464396
O            1.94306566356942       -0.29528283773097       10.83011845021049
C            0.36013063279425       -0.34197852831914        9.00449469095353
C            0.19458772710468       -1.77521785425459        8.86990229616425
C            1.01577955023613       -2.69036475100621        9.53817941997417
C            0.83157139992303       -4.04838784550274        9.36743612606703
C           -0.16970625513039       -4.52781078347926        8.54025160729512
O           -0.39834991924179       -5.87050008173689        8.33452836160435
C           -1.00507805276727       -3.62383274502462        7.86607119329953
O           -1.99602877661358       -4.08029144568276        7.05012185507550
C           -0.81794492446087       -2.26756204151691        8.03192852515414
O           -0.39941494147931        0.36995688231545        8.11105915332168
C           -0.40339906252519        1.71686083886173        8.11113642007105
C           -1.21409746081556        2.35732898450716        7.18481925543211
C           -1.25371512751873        3.74759570292019        7.16241917509229
O           -2.06400206236269        4.33935085795535        6.24882537742605
C           -0.48941165532481        4.49956575717483        8.04944084168166
C            0.33129089305233        3.87048336557225        8.97442826158288
O            1.07109109706532        4.58786783170295        9.82522283536803
C            0.37695110550149        2.45795169473418        9.00931658155089
H            2.35051248391029        0.45242780839357       11.32132229079573
H            1.79915125435996       -2.33958460077715       10.19122189078786
H            1.47708304250194       -4.75019499966600        9.88322257225104
H            0.23448566695208       -6.37715567106000        8.84474844094201
H           -1.98114182743871       -5.04576421596799        7.08527484859104
H           -1.47561659239770       -1.59081368301878        7.50784593654705
H           -1.81382157748245        1.79115179924242        6.49400740806829
H           -2.01014172914386        5.29870742126332        6.34517282552179
H           -0.52363480022599        5.57949431606580        8.03545013540860
H            1.56773981315483        3.93472340273421       10.39275607093335
B           -4.85562235625086       -2.58772812650903        0.03876855954415
B           -4.53363026136816       -1.25201292351610       -0.75315932444046
B           -4.31554162452761       -0.03381475579209       -1.87019505223168
B           -3.38576407697996       -2.61142585342894       -0.62185602179770
B           -2.91022396229908        0.27932257457361       -1.27276917910080
B           -4.32037368914494        0.39377532060761       -0.12686637287713
B           -5.03416583761872        1.43677483750654        0.85604680757704
B           -4.60044198734256        3.00930534226841        1.04250474414925
B           -2.76540588506535        0.48879322762190        0.37054654063729
B           -3.25129045425925        3.28551660919416        1.91130005456005
B           -2.17059879998784       -3.74562989488396       -0.66399263352519
B           -1.83737446502504       -2.20622602823005       -0.89076280754682
B           -1.63452600435090       -0.58399363773213       -0.68790622780875
B           -0.56714940357406       -3.20014839674249       -0.76258330357929
B           -0.17402045756120       -0.16297054588068       -0.10988996682337
B           -1.36009314812241        0.00160205742971        1.03897473547488
B           -1.73596277718741        1.62280971246180        0.99521244154311
B           -1.90296780152581        3.19768678509757        1.05421635700859
B           -0.17343468013007        1.00156122733147        1.27696703201508
B           -0.77656513831868        4.30514627918545        0.63695092819835
B            0.83200624540307       -4.11629780991042       -0.58303433981093
B            0.95282217821595       -2.52138427945663       -0.61994827132457
B            1.24166443195087       -0.95935998474036       -0.43724261469384
B            2.22192252400317       -3.40656903696356       -0.02736606968378
B            2.64267546419310       -0.19911324397375       -0.18107422086205
B            1.28223525581519        0.49965595552606        0.39037762727373
B            1.15470444505306        1.99943303072952        1.16627439700637
B            0.50679342893417        3.39562592718101        0.70257018767043
B            2.45425215377965        1.66032410537527        0.15143821488566
B            1.08879383455712        2.92772723119070       -0.79682887506487
B            3.29665239290983       -3.90188844956246        1.16004828600098
B            3.65273229695740       -2.63889387761673        0.19032571384469
B            4.05352189465736       -1.12397082097290       -0.18734086597231
B            4.54121582737466       -2.93108206237790        1.46034169227872
B            5.36013832965115       -0.26257062834353       -0.75385951648580
B            4.13365370255483        0.53781351092544       -0.06645563045000
B            3.97485706452131        2.33322638045443       -0.16156550057790
B            2.68252478924909        3.00802420400922       -0.98244121524545
B            5.38906220181127        1.48922760213226       -0.41725308180789
B            4.12869322984373        3.49277333518718       -1.24650909195004
H           -5.37042568136769       -3.19940442483504        0.89351728092895
H           -5.69754963515588       -1.93390322440578       -0.70162372300138
H           -5.05872404225245        0.20639087541741       -2.75241361936263
H           -5.84881337765770        1.04335178222723        1.62559902912968
H           -5.28955284636348        3.86960269516906        0.62060980934507
H           -3.33321793469095        3.38342352334554        3.08207218812623
H           -2.38732239503966       -4.89589938361380       -0.64578019977023
H           -0.94579252861706        5.40851580129406        0.26385881313213
H            0.80245040288866       -5.26547011084781       -0.80405662162392
H            0.37281409897648        2.52642340286338       -1.64953683347823
H            3.07727241042478       -4.86267260075056        1.79015037801312
H            5.43716095707382       -2.66944322248406        2.15724626002216
H            6.37468769043486       -0.67053822261720       -1.16916428041582
H            6.47175718061840        1.92686874211445       -0.33942959766391
H            4.90183513640557        4.18085765938657       -1.78422586501152
87
 energy: -121.922091905369 gnorm: 0.003296937854 xtb: 6.7.1pre (5071a88)
O            1.94350573007407        2.32502048240321       10.80637133298056
C            1.20320937765044        1.76102930908350        9.95562852114926
C            1.15473887038304        0.32103660039538        9.90531949609596
O            1.94346437600098       -0.29242977590370       10.82729204884211
C            0.35844021235649       -0.34192258970311        9.00352643626024
C            0.19537586133170       -1.77610811506320        8.86710772272667
C            1.01391374217192       -2.68983651434924        9.53739211425805
C            0.82881956035678       -4.04784056718985        9.36876367658364
C           -0.16993390374999       -4.52857888825952        8.53905226252807
O           -0.39940078452913       -5.87164852200882        8.33285730125643
C           -1.00261257805566       -3.62580181565677        7.86299117378916
O           -1.99077161617166       -4.08364006011554        7.04488686553909
C           -0.81440946668231       -2.26970614005575        8.02785904983593
O           -0.40163559821538        0.36988189920255        8.11088116807962
C           -0.40618314015259        1.71692697587500        8.11143901486662
C           -1.21490542146038        2.35838502689028        7.18385769311990
C           -1.25330864452584        3.74801170746046        7.16109925270162
O           -2.05972257407530        4.33996754213837        6.24458757865420
C           -0.48917364580699        4.49993877730007        8.04825167469602
C            0.32949329536468        3.87013186372401        8.97414340843319
O            1.06936955308373        4.58781720748375        9.82455385252388
C            0.37465567528808        2.45766287326194        9.00931147367965
H            2.34898374167846        0.45568102482152       11.31771382976346
H            1.79520645091992       -2.33792601799668       10.18778989679955
H            1.47067497817982       -4.74831935873878        9.88748779812500
H            0.23232411686421       -6.37980097605385        8.84930631252424
H           -1.97578561119797       -5.04917952756183        7.08254586105437
H           -1.46938499633323       -1.59402730884942        7.50383670600805
H           -1.81488137419757        1.79204972551173        6.49376368349589
H           -2.00573164192765        5.29886824799169        6.33782721979750
H           -0.52162037184596        5.57939139267514        8.03254793492074
H            1.56598022210417        3.93518229188879       10.39169682536314
B           -4.85639721015744       -2.58784158874162        0.03900398527394
B           -4.53318791705189       -1.25162584448130       -0.75247529141309
B           -4.31473450315611       -0.03368741084593       -1.86963327890529
B           -3.38600516831058       -2.61139925244500       -0.62089299996906
B           -2.90950219253872        0.27950000094118       -1.27166077060623
B           -4.31988096108702        0.39383262426166       -0.12573483730572
B           -5.03463665049678        1.43703888670024        0.85597777450473
B           -4.59810417030970        3.00924881893619        1.03856288836548
B           -2.76506657976612        0.48912984311411        0.37181554431327
B           -3.25178427616407        3.28606295868828        1.91176791103689
B           -2.17072656046835       -3.74581831280349       -0.66314636494729
B           -1.83733417715707       -2.20651604091092       -0.88892227767143
B           -1.63431650181671       -0.58419685607066       -0.68637837626212
B           -0.56725215380941       -3.20075818065530       -0.76138086143568
B           -0.17397166302943       -0.16300220855180       -0.10824549702131
B           -1.36001493056983        0.00185044597400        1.04059756825214
B           -1.73565277973564        1.62314877274548        0.99673505188894
B           -1.90253922616309        3.19801600066550        1.05623089615616
B           -0.17317068283687        1.00169302923225        1.27813624820257
B           -0.77568684984262        4.30604998071742        0.64103149636552
B            0.83198318725646       -4.11668672168532       -0.58177898532618
B            0.95264488176646       -2.52172612954517       -0.61876381649403
B            1.24157998163866       -0.95980926576099       -0.43574779113095
B            2.22230065109192       -3.40685999232017       -0.02699541045287
B            2.64259684445347       -0.19916947784827       -0.18037751454863
B            1.28236624506137        0.49982186083658        0.39089648265685
B            1.15509807623072        1.99940910443564        1.16773651001713
B            0.50731556275608        3.39571998831424        0.70434554758568
B            2.45431216131854        1.66034517148948        0.15239747978105
B            1.08888000788900        2.92760876129176       -0.79527042860854
B            3.29707833843051       -3.90143371601865        1.16093831216172
B            3.65301076226235       -2.63907183227367        0.19001940544105
B            4.05338504163148       -1.12398692231954       -0.18800015664788
B            4.53943358492344       -2.92824946348121        1.46268200861468
B            5.36008917696341       -0.26235419103392       -0.75424880239511
B            4.13376029767460        0.53772396594747       -0.06603475598965
B            3.97502656536292        2.33305658414191       -0.16090689345694
B            2.68267849637685        3.00828499262422       -0.98134499494012
B            5.38933703659606        1.48934568239993       -0.41663571083458
B            4.12888564165769        3.49271393216187       -1.24594307525759
H           -5.37130996412456       -3.19903093491198        0.89432726551598
H           -5.69723245264715       -1.93303542315893       -0.70074788862615
H           -5.05757488743502        0.20668032710573       -2.75210871111966
H           -5.84831329529152        1.04366250016734        1.62630344929716
H           -5.29109093131669        3.86907113360223        0.62389104967631
H           -3.33463729801154        3.38246257582060        3.08256098966455
H           -2.38796059253302       -4.89584048707954       -0.64500595250634
H           -0.94514043773865        5.40814157173168        0.26498104277845
H            0.80297908700163       -5.26587679930833       -0.80199964121368
H            0.37267497010829        2.52658900314584       -1.64801996261183
H            3.07715719837073       -4.86232915149524        1.79051270598663
H            5.43820884327765       -2.66861492249278        2.15632763941539
H            6.37448449448234       -0.67044161939839       -1.16953107982847
H            6.47233289787462        1.92690874026044       -0.33808956787614
H            4.90227558623999        4.18048271756208       -1.78388674400096
87
 energy: -121.922127244971 gnorm: 0.003645113536 xtb: 6.7.1pre (5071a88)
O            1.93983478675083        2.32389732223473       10.80467648297761
C            1.19884752972943        1.76120179929057        9.95422798574348
C            1.15247133010002        0.32060032406376        9.90197363462244
O            1.94341042528526       -0.28954922618691       10.82223073893568
C            0.35532690245831       -0.34191507723286        9.00083940224987
C            0.19563861256220       -1.77736256614289        8.86221533079151
C            1.01059203773345       -2.68909563014697        9.53710443842622
C            0.82477410618284       -4.04732411267745        9.37168226521259
C           -0.16964747804825       -4.52985873995541        8.53750310916562
O           -0.39994296125803       -5.87355575220010        8.33188412617663
C           -0.99784992349029       -3.62891663865616        7.85601305617585
O           -1.98105031021151       -4.08909618764924        7.03368935321297
C           -0.80941312075795       -2.27261558470993        8.01941143262674
O           -0.40603868352722        0.36984670439296        8.10982284730246
C           -0.41084840280090        1.71704331167352        8.11076747615861
C           -1.21680057842535        2.35982925408392        7.18138654662041
C           -1.25214053096293        3.74882160272672        7.15696799933276
O           -2.05292084694699        4.34101781847628        6.23612227758582
C           -0.48849018656406        4.50073809052886        8.04478927768786
C            0.32647583413384        3.86983321472226        8.97274245979334
O            1.06604873797880        4.58778238740499        9.82327313696562
C            0.37046471114624        2.45730452958332        9.00852848201807
H            2.34697120591745        0.45949045474257       11.31137645402454
H            1.78848615102628       -2.33509945024783       10.18659127785840
H            1.46141000574930       -4.74620275267409        9.89597862688163
H            0.22767776123355       -6.38257211130434        8.85837239145145
H           -1.96589824394879       -5.05467292736680        7.07552905857607
H           -1.46028683333880       -1.59797478835330        7.49298485776730
H           -1.81705823587878        1.79315364728326        6.49211355102060
H           -1.99785241176280        5.29963342705587        6.32413091000618
H           -0.51847521246287        5.57972837795024        8.02687936710107
H            1.56229130127225        3.93583437540122       10.39021833180287
B           -4.85756231095639       -2.58754982071108        0.03971677871522
B           -4.53236780508086       -1.25074029182028       -0.75120127294802
B           -4.31281355949636       -0.03345667642749       -1.86864690437849
B           -3.38649631917199       -2.61111147458996       -0.61894822064605
B           -2.90794722281903        0.27987510478591       -1.26954687894271
B           -4.31880592889716        0.39415819155812       -0.12379353826628
B           -5.03458999343382        1.43697404016332        0.85761267141403
B           -4.60076173323404        3.00939838788852        1.04419512178448
B           -2.76440518249775        0.48913742417654        0.37426478057097
B           -3.25218074349535        3.28541800571463        1.91432341582248
B           -2.17113627088582       -3.74603108917012       -0.66153820611633
B           -1.83734737840839       -2.20683724604318       -0.88561567595448
B           -1.63365904715420       -0.58450008829962       -0.68357461388117
B           -0.56759733042886       -3.20169833245075       -0.75874961152965
B           -0.17363182616109       -0.16317365201212       -0.10502400671129
B           -1.35966711694673        0.00186898366644        1.04372560403330
B           -1.73525316553746        1.62315730186431        0.99942313682519
B           -1.90274489025283        3.19780246630039        1.05867667688471
B           -0.17266072814436        1.00177547207897        1.28047475251591
B           -0.77568477836915        4.30544896153825        0.64209643231355
B            0.83174806140436       -4.11720801846277       -0.57905575225387
B            0.95205060718477       -2.52213804128175       -0.61619668352461
B            1.24171362182792       -0.96054974298980       -0.43283212074550
B            2.22250571474891       -3.40697634581409       -0.02554033786849
B            2.64281970073808       -0.19942010356696       -0.17855829340703
B            1.28279978672838        0.50009292567379        0.39208241315363
B            1.15564787104631        1.99945233567410        1.17037590805761
B            0.50792345898335        3.39599173263411        0.70742424916559
B            2.45453813345767        1.66041905069570        0.15445628399396
B            1.08940613303488        2.92760746902069       -0.79212206108080
B            3.29770297709670       -3.90001908258468        1.16316877532726
B            3.65340300949838       -2.63956263058558        0.18919368211066
B            4.05367343145736       -1.12410985245498       -0.18786347421565
B            4.54573121498896       -2.93206294391753        1.45754465974580
B            5.36014004456150       -0.26203821944706       -0.75441952989483
B            4.13419730622164        0.53751978779048       -0.06463899126720
B            3.97548979501638        2.33265694353437       -0.15939632611152
B            2.68321165952989        3.00871544057358       -0.97905861544430
B            5.38989014511406        1.48941267665856       -0.41526252196418
B            4.12943601345510        3.49230657245218       -1.24476230939434
H           -5.37314974212596       -3.19817565162426        0.89531893666901
H           -5.69670107473100       -1.93155675187933       -0.69924909044859
H           -5.05519757530344        0.20754317496825       -2.75135177874070
H           -5.84992308449921        1.04343672443795        1.62545566325703
H           -5.28867448107504        3.86888523538076        0.62221482710380
H           -3.33479700497275        3.38446831992129        3.08465997116584
H           -2.38933632575205       -4.89573485336275       -0.64344894778219
H           -0.94428245834592        5.40907105216090        0.27086431391174
H            0.80364985643345       -5.26652875273163       -0.79801609070214
H            0.37280167896966        2.52689400923333       -1.64479284414846
H            3.07718487215888       -4.86133619231430        1.79171896664357
H            5.43259274550685       -2.65874927739050        2.16103210637803
H            6.37407096424588       -0.67008680106466       -1.17060335273980
H            6.47322559551542        1.92673293285378       -0.33571545208251
H            4.90315820038811        4.17964011346639       -1.78296331064414
87
 energy: -121.922161055064 gnorm: 0.005221631314 xtb: 6.7.1pre (5071a88)
O            1.93591049521543        2.32230830298024       10.80312530989697
C            1.19477799103694        1.76100720387271        9.95207800346511
C            1.15019454529226        0.31976511337718        9.89826196907611
O            1.94340047257161       -0.28821256329492       10.81695680006096
C            0.35241636912341       -0.34205290733896        8.99744407755987
C            0.19508492899118       -1.77829595084761        8.85755405890002
C            1.00705785250051       -2.68850868943593        9.53783173263778
C            0.82124573150163       -4.04707968831775        9.37502817756674
C           -0.16908373610556       -4.53100516555820        8.53664174404415
O           -0.39975450181146       -5.87527184502043        8.33277847680984
C           -0.99299035672232       -3.63162233149160        7.84830561270910
O           -1.97122296159740       -4.09399954861842        7.02141598771310
C           -0.80534391007862       -2.27483585999408        8.01028422645538
O           -0.41057482458721        0.36982976854125        8.10818929258514
C           -0.41504157738246        1.71711214606487        8.10909304518151
C           -1.21900354139800        2.36078147312506        7.17839978477867
C           -1.25099159844176        3.74954945246663        7.15176278135786
O           -2.04731749186157        4.34185981324773        6.22738828877877
C           -0.48781723983683        4.50146147894638        8.04036209754746
C            0.32372967435459        3.86974468608921        8.97052335163162
O            1.06268240256602        4.58776482575843        9.82176011020562
C            0.36636715057361        2.45707464537445        9.00707432599803
H            2.34588289510605        0.46194926295711       11.30511371827354
H            1.78180254603558       -2.33258052339412       10.18922070898224
H            1.45379509471221       -4.74491972618651        9.90493540125720
H            0.22277392755752       -6.38381326875315        8.86766833073674
H           -1.95600982665502       -5.05953567571448        7.06702356098210
H           -1.45266737854843       -1.60071105912074        7.47959030476577
H           -1.81941317672007        1.79381095519569        6.48954847189591
H           -1.99036219637963        5.30056738153735        6.31068523858346
H           -0.51580170112789        5.58029185687373        8.02081604368257
H            1.55837038544348        3.93635590456381       10.38892828429123
B           -4.85842241772690       -2.58724109019176        0.04042375988350
B           -4.53149327538897       -1.24998541131069       -0.74985185593181
B           -4.31086781043141       -0.03323255311203       -1.86740101038506
B           -3.38675098078964       -2.61079023138025       -0.61689410773912
B           -2.90649391763536        0.28021871880013       -1.26713813328566
B           -4.31792403507112        0.39431085261679       -0.12164041855301
B           -5.03464771080119        1.43713336070134        0.85906304016401
B           -4.60107147594745        3.00957595082077        1.04605160422384
B           -2.76385949188429        0.48913050267355        0.37693870915165
B           -3.25261904281743        3.28555687934775        1.91649035569540
B           -2.17127350952148       -3.74618294522915       -0.65972259031112
B           -1.83712665979452       -2.20703001522495       -0.88212192572197
B           -1.63301255688836       -0.58470925115290       -0.68053854521098
B           -0.56760664932949       -3.20249645320943       -0.75579139500630
B           -0.17329330127614       -0.16338645845494       -0.10156251858192
B           -1.35934054191417        0.00191526542498        1.04703881887427
B           -1.73483590447720        1.62321107094996        1.00225635966029
B           -1.90263775719746        3.19779766704351        1.06157585057964
B           -0.17214986662226        1.00183911172902        1.28306714973737
B           -0.77505929360079        4.30556113238222        0.64593176769186
B            0.83197944230627       -4.11766039749503       -0.57649304065908
B            0.95194128070038       -2.52255809414310       -0.61373541163489
B            1.24182322520694       -0.96117014009977       -0.43007329855496
B            2.22368914144903       -3.40722250006533       -0.02494629506636
B            2.64293012681806       -0.19952746545019       -0.17715648464083
B            1.28324822794676        0.50031771631905        0.39340374162289
B            1.15625789529355        1.99936587354075        1.17322783270549
B            0.50856349012275        3.39605181632442        0.71081970538587
B            2.45473132365501        1.66055033527200        0.15667263183580
B            1.08984484684225        2.92760928728927       -0.78880995991137
B            3.29873249706930       -3.89908944079346        1.16488259829119
B            3.65450763197479       -2.63992261756070        0.18894026785825
B            4.05363209631597       -1.12416935239747       -0.18865525389873
B            4.53668107825810       -2.92131932405016        1.46746005321920
B            5.36005822107912       -0.26165360200338       -0.75496961029885
B            4.13453878489608        0.53727349077400       -0.06354918958864
B            3.97589728608249        2.33221818914897       -0.15782331910880
B            2.68363435568047        3.00916829843229       -0.97660515814820
B            5.39032907921319        1.48940947736927       -0.41394743298892
B            4.12985381427983        3.49178498882361       -1.24353164790499
H           -5.37491857627131       -3.19754478534662        0.89580942422887
H           -5.69621181601608       -1.93040168493513       -0.69792375857332
H           -5.05266625641910        0.20841193402814       -2.75042453155496
H           -5.85111573860131        1.04371555741122        1.62557286084636
H           -5.28793867028632        3.86895962944641        0.62272706817314
H           -3.33574909832653        3.38478127594518        3.08672371086777
H           -2.39050793651717       -4.89566039087601       -0.64173435484314
H           -0.94340598205978        5.40947238977788        0.27561553772157
H            0.80430425914484       -5.26718169946093       -0.79427474294561
H            0.37292619887117        2.52715298257789       -1.64138829218698
H            3.07745537608162       -4.86023566740043        1.79336395847548
H            5.43936970675778       -2.66178672575427        2.15558308821102
H            6.37364742872418       -0.66972591395976       -1.17188527943219
H            6.47383297240291        1.92639955587796       -0.33325980901141
H            4.90383904312070        4.17865543230432       -1.78201984183616
87
 energy: -121.922213913486 gnorm: 0.003718745879 xtb: 6.7.1pre (5071a88)
O            1.93177292213570        2.32064759487267       10.80150015716996
C            1.19092409941919        1.76057059233070        9.94926462754177
C            1.14790613245043        0.31882308610868        9.89422948983679
O            1.94355743136036       -0.28813082370635       10.81148572419012
C            0.34990301724487       -0.34238255082336        8.99335192777310
C            0.19376159993595       -1.77882436541102        8.85321503616274
C            1.00280900255640       -2.68800539999856        9.53976545011840
C            0.81783378191205       -4.04694453673209        9.37882385202968
C           -0.16850588771855       -4.53194471117386        8.53649592027438
O           -0.39909019834954       -5.87667677454676        8.33556095610364
C           -0.98803022149215       -3.63383364205530        7.84004910136128
O           -1.96105950972003       -4.09821981006179        7.00798532424277
C           -0.80186981980791       -2.27644583665178        8.00048634358804
O           -0.41489881332764        0.36976198197292        8.10579830475214
C           -0.41838480570387        1.71706453642908        8.10611622279243
C           -1.22117291725530        2.36102507150254        7.17456078785054
C           -1.25004853765984        3.74996570423828        7.14544072590546
O           -2.04321534636578        4.34220657266631        6.21841102479062
C           -0.48730540028695        4.50184794590938        8.03474389941887
C            0.32138499887043        3.86980789185569        8.96713327180278
O            1.05932725730893        4.58773130664669        9.81963726038149
C            0.36258643047109        2.45699439397552        9.00467325638655
H            2.34563528264867        0.46335165976692       11.29904779636783
H            1.77442646980898       -2.33057178746277       10.19575088232884
H            1.44746169715557       -4.74419244542295        9.91417973758013
H            0.21801196858306       -6.38351895808276        8.87647406739398
H           -1.94601224692161       -5.06361971846220        7.05669564574225
H           -1.44603733914855       -1.60259456027029        7.46371344619840
H           -1.82154922685929        1.79392586623890        6.48563441180067
H           -1.98345344733576        5.30130209217607        6.29795682494581
H           -0.51366544990536        5.58080842090666        8.01400178473381
H            1.55419470973657        3.93673832353290       10.38760634084986
B           -4.85923677772189       -2.58693777041099        0.04125627535249
B           -4.53088317484431       -1.24938484932007       -0.74822063490971
B           -4.30911899309184       -0.03297587190442       -1.86562218030889
B           -3.38710475971330       -2.61045637838074       -0.61473075711670
B           -2.90531037557123        0.28047872683925       -1.26421766157915
B           -4.31739726816067        0.39425404184784       -0.11907699434767
B           -5.03515630138212        1.43784968758569        0.85986718430900
B           -4.59702094741676        3.00981746187060        1.04074722887385
B           -2.76349934550690        0.48927009750916        0.37998893463689
B           -3.25313145432276        3.28691455937510        1.91794509993057
B           -2.17149735602364       -3.74620616144441       -0.65768060378799
B           -1.83712527229377       -2.20696571084065       -0.87853187981391
B           -1.63245989447307       -0.58477041336199       -0.67704200967524
B           -0.56780349338112       -3.20295619955383       -0.75289122513026
B           -0.17292994885724       -0.16361568060457       -0.09765182870764
B           -1.35907073826559        0.00217030118098        1.05066935871459
B           -1.73436378207583        1.62349955532195        1.00530688676709
B           -1.90189124340937        3.19823654017741        1.06536099780538
B           -0.17164309824678        1.00201186407929        1.28606419651581
B           -0.77344093574505        4.30684812852968        0.65374863886180
B            0.83188170825550       -4.11788739481386       -0.57350903955225
B            0.95157415641224       -2.52276630429776       -0.61103187452552
B            1.24203206546528       -0.96162417746173       -0.42708960096812
B            2.22421267487302       -3.40714780776664       -0.02349714142323
B            2.64328980826192       -0.19983668564338       -0.17518129355130
B            1.28382031389480        0.50041416311618        0.39520402774961
B            1.15698718016983        1.99914803365558        1.17639267709494
B            0.50932961541583        3.39589714787591        0.71461374431935
B            2.45490302753462        1.66065329526216        0.15916735599012
B            1.09019488605804        2.92750331771476       -0.78529504806614
B            3.29950870619651       -3.89753608711566        1.16723134669099
B            3.65524425661218       -2.64042125322322        0.18845720679757
B            4.05407812828959       -1.12434431296340       -0.18804232425429
B            4.53815883092609       -2.92040371028568        1.46692612594998
B            5.35996440148772       -0.26136519867998       -0.75516697818895
B            4.13499655885428        0.53694940766631       -0.06194694824799
B            3.97622548784797        2.33166584126925       -0.15596946967320
B            2.68395509787319        3.00950509464736       -0.97388951201705
B            5.39064797054345        1.48926002561082       -0.41249419645430
B            4.13017352550548        3.49105214725224       -1.24204507941985
H           -5.37650253671916       -3.19711986089255        0.89619400862176
H           -5.69616342445262       -1.92957296196263       -0.69664027154138
H           -5.05011398201640        0.20916162302372       -2.74916752322058
H           -5.85105682515279        1.04492845229579        1.62763485184175
H           -5.29019360816189        3.86929043367538        0.62747490258669
H           -3.33809585105303        3.38267850377518        3.08856217965063
H           -2.39156382899767       -4.89558553633981       -0.63978181089775
H           -0.94244322031966        5.40904400383071        0.27834889451192
H            0.80448787241236       -5.26764097083959       -0.79037529928178
H            0.37307058064007        2.52738444321162       -1.63784922670245
H            3.07802287089997       -4.85872030292471        1.79561621587128
H            5.43799021843738       -2.65584174180847        2.15693371320191
H            6.37309634921935       -0.66932194170588       -1.17341086104008
H            6.47415795824637        1.92590313654262       -0.33100984750423
H            4.90436155330900        4.17740212951642       -1.78088253315385
87
 energy: -121.922292284185 gnorm: 0.002582271430 xtb: 6.7.1pre (5071a88)
O            1.92364641562140        2.31828600476063       10.79735480740032
C            1.18332412425655        1.75998336350035        9.94321444236581
C            1.14333194840120        0.31764867007152        9.88596390809232
O            1.94412049070816       -0.28735244349053       10.80033769813541
C            0.34518150110419       -0.34317476366203        8.98506964196895
C            0.19104017475718       -1.77965617298507        8.84479088328272
C            0.99277386528326       -2.68685037399687        9.54456702871941
C            0.80965174856956       -4.04638473151154        9.38710430132123
C           -0.16785042495338       -4.53376704481825        8.53622339166495
O           -0.39812964145478       -5.87933252607996        8.34126944929729
C           -0.97768051808168       -3.63813516712950        7.82337350163989
O           -1.93958528642193       -4.10643077986796        6.98012490101733
C           -0.79399856118051       -2.27985028256358        7.98045729390436
O           -0.42303922622528        0.36941833098763        8.10051716352009
C           -0.42437110792423        1.71675197042416        8.09921752597735
C           -1.22488418576656        2.36085268265615        7.16578873150596
C           -1.24863053325523        3.75015605113028        7.13218001958281
O           -2.03611790469832        4.34210187879366        6.20026632914942
C           -0.48673975678491        4.50197264190839        8.02250690647759
C            0.31687004628938        3.86982450509844        8.95915891933372
O            1.05273709112076        4.58763742707137        9.81401898914822
C            0.35546389363412        2.45689832259927        8.99886880232968
H            2.34540607841332        0.46683783806382       11.28656664946377
H            1.75742475633452       -2.32707938070305       10.20998152462587
H            1.43348000859984       -4.74219862441016        9.93310513853444
H            0.20827392536532       -6.38281770854618        8.89390959756747
H           -1.92520818924758       -5.07151407027142        7.03445550578261
H           -1.43136483072639       -1.60719399011874        7.43121257605940
H           -1.82516304440229        1.79377320377807        6.47653897116308
H           -1.97046246477648        5.30179367420124        6.27357229306550
H           -0.50982024449960        5.58119970887611        7.99919572876306
H            1.54584798041093        3.93750066816707       10.38392325363925
B           -4.86076011701572       -2.58615803467867        0.04263188067239
B           -4.52952054032529       -1.24805412428185       -0.74513694782167
B           -4.30528578623114       -0.03208255783018       -1.86204834739415
B           -3.38765126867541       -2.60977570379745       -0.61059183912741
B           -2.90263599512083        0.28119618080092       -1.25819388269399
B           -4.31611603880256        0.39438678589274       -0.11411758385961
B           -5.03555896772686        1.43889959056591        0.86272979200999
B           -4.59634964234862        3.01051784388594        1.04405204358651
B           -2.76268897447578        0.48901112444841        0.38633909978135
B           -3.25358884293232        3.28711206554691        1.92309325683160
B           -2.17184543244850       -3.74621342057659       -0.65332662653556
B           -1.83701896950897       -2.20680834320912       -0.87138728197860
B           -1.63122364764199       -0.58494840905662       -0.66978796625442
B           -0.56809619285655       -3.20374550941955       -0.74685600440606
B           -0.17204197485758       -0.16418838930922       -0.08951373297398
B           -1.35836356410585        0.00220244078544        1.05823321946585
B           -1.73364565918462        1.62340031643501        1.01169230700888
B           -1.90128679705978        3.19812401236921        1.07221626194964
B           -0.17070367829596        1.00212064650212        1.29255947183066
B           -0.77225900127217        4.30666375726972        0.66108839722454
B            0.83176089644458       -4.11830814666233       -0.56726268606817
B            0.95096826207672       -2.52316689688319       -0.60543956684495
B            1.24267354141512       -0.96245829121170       -0.42076399919830
B            2.22526158572915       -3.40705274472161       -0.02028139523079
B            2.64414928513465       -0.20037573837596       -0.17092109155344
B            1.28507207927239        0.50060424505780        0.39928228313249
B            1.15804732946488        1.99879733591035        1.18288699227129
B            0.51044764910078        3.39583948171348        0.72199168746426
B            2.45527264646642        1.66105809818737        0.16483462336102
B            1.09120989914428        2.92730231651989       -0.77787395917308
B            3.30113431816108       -3.89419823098606        1.17228157123008
B            3.65665385333465       -2.64139875594477        0.18767581606849
B            4.05507100550813       -1.12473178098993       -0.18653664026656
B            4.54081022547738       -2.91774991500829        1.46631609604855
B            5.35978035176440       -0.26085534660962       -0.75549701607681
B            4.13603080620488        0.53623109437312       -0.05849945315020
B            3.97699693996479        2.33049315937806       -0.15166305973821
B            2.68484612499719        3.01007155549544       -0.96800044673867
B            5.39133571573448        1.48884015206619       -0.40940516840482
B            4.13108021023455        3.48946082129287       -1.23851894455608
H           -5.37934364706400       -3.19617794098581        0.89677257423213
H           -5.69619919655816       -1.92775872096555       -0.69454857900193
H           -5.04482812203073        0.21115796517759       -2.74648292423296
H           -5.85288449977908        1.04660022575862        1.62958229607172
H           -5.28854847796103        3.87049148642645        0.62904121754547
H           -3.34021296470480        3.38377955477630        3.09360067522673
H           -2.39344009087684       -4.89540354559158       -0.63564259493848
H           -0.94088938852429        5.41014580375657        0.28874102165796
H            0.80471402280671       -5.26847546715466       -0.78242790060637
H            0.37366608002945        2.52775202795340       -1.63032952574918
H            3.07945231603467       -4.85527828647907        1.80083097173176
H            5.43600430391794       -2.64411419888787        2.15918133258615
H            6.37184987359444       -0.66854123264407       -1.17678263590020
H            6.47486373091569        1.92481989025894       -0.32666300368386
H            4.90565129698598        4.17449487170510       -1.77842995933130
87
 energy: -121.922374300016 gnorm: 0.003652329860 xtb: 6.7.1pre (5071a88)
O            1.91194158247301        2.31664914832361       10.78959003814397
C            1.17253947101922        1.75984692314024        9.93353436622252
C            1.13642870449018        0.31716696439537        9.87383760235138
O            1.94399117145660       -0.28441673196969       10.78456889048795
C            0.33824316168445       -0.34429394666132        8.97342468028236
C            0.18743389627654       -1.78083195621151        8.83284789403497
C            0.97638436681003       -2.68499244353893        9.55221615669281
C            0.79538774626013       -4.04528162035922        9.39992100838159
C           -0.16730604845372       -4.53663259668903        8.53454113537678
O           -0.39705428610592       -5.88327303955450        8.34698397216775
C           -0.96157784141207       -3.64454117758064        7.79857420408262
O           -1.90632872768178       -4.11821685451394        6.93820519510158
C           -0.78066566672885       -2.28535252150447        7.95110405306963
O           -0.43408058505423        0.36851033512395        8.09220307256845
C           -0.43264674308162        1.71590427382887        8.08815625299086
C           -1.22901842751583        2.35986964696102        7.15107184220244
C           -1.24668126766013        3.74941560230095        7.11164115606025
O           -2.02637232916941        4.34072755560076        6.17293979654880
C           -0.48645234455577        4.50143177494860        8.00321801934176
C            0.31012907570855        3.86962374570156        8.94598730273630
O            1.04324274898970        4.58766674219256        9.80335247719898
C            0.34553421411420        2.45673442571148        8.98895047932593
H            2.34417575048633        0.47345809619674       11.26802058822742
H            1.72966731299876       -2.32241893807815       10.23017121990773
H            1.40940477030621       -4.73841161567298        9.96164148359397
H            0.19296434661570       -6.38286053093139        8.91951158683193
H           -1.89318788920273       -5.08287010121554        6.99994528768937
H           -1.40701428173261       -1.61533683399489        7.38453974120694
H           -1.82907397477484        1.79294656590959        6.46140830416067
H           -1.95295356095856        5.30072549978313        6.23870958395384
H           -0.50499921213395        5.58082181762306        7.97590850105232
H            1.53394058202649        3.93879263495304       10.37602821459203
B           -4.86290297801458       -2.58494628515480        0.04475713712214
B           -4.52741673428449       -1.24592417343930       -0.74034131362649
B           -4.29966294538167       -0.03010463146270       -1.85622527171007
B           -3.38825310481306       -2.60877232410912       -0.60452205373374
B           -2.89853830029822        0.28258791855182       -1.24882488931713
B           -4.31402390176694        0.39480153831229       -0.10641775075064
B           -5.03521847502171        1.44020501278140        0.86837057633291
B           -4.59675903149813        3.01173998472028        1.05183242775523
B           -2.76131469266655        0.48866954170366        0.39617941710668
B           -3.25411391114758        3.28787378978395        1.93103780581031
B           -2.17229006535123       -3.74619709899708       -0.64664161865362
B           -1.83670884990501       -2.20657473395999       -0.86076596318179
B           -1.62941369404451       -0.58517206685999       -0.65851221246226
B           -0.56842942581610       -3.20482911431521       -0.73750271234831
B           -0.17068474167814       -0.16504398403544       -0.07692647263803
B           -1.35724198101881        0.00221161185662        1.06991743127669
B           -1.73269527155498        1.62322657317606        1.02196851046905
B           -1.90049760646606        3.19799718176347        1.08223399631447
B           -0.16936480764955        1.00224510781230        1.30294164812162
B           -0.77033012110046        4.30679782835019        0.67363147866482
B            0.83169044141451       -4.11898068035355       -0.55763880031586
B            0.95017791285841       -2.52378289149148       -0.59681125254076
B            1.24364751759451       -0.96363842967539       -0.41086976140346
B            2.22679672223575       -3.40709928091224       -0.01508511635589
B            2.64542497224307       -0.20115362678172       -0.16418158370590
B            1.28699394856370        0.50077393466031        0.40612937740640
B            1.15952570081293        1.99815006310863        1.19313089158976
B            0.51193782808137        3.39558087051620        0.73333885839617
B            2.45569497907248        1.66180336221688        0.17385178769420
B            1.09256427357049        2.92685095045583       -0.76647621736368
B            3.30370411150348       -3.88916161407424        1.18013270577689
B            3.65864702682992       -2.64282972674549        0.18682686225285
B            4.05653987223954       -1.12538720475747       -0.18432648094446
B            4.54312367941997       -2.91151742516995        1.46737576599536
B            5.35952566871860       -0.26019140321264       -0.75593443178918
B            4.13760482774429        0.53504678529269       -0.05324490895767
B            3.97805009063328        2.32868140185117       -0.14473631589107
B            2.68606158021400        3.01084810891814       -0.95874951505647
B            5.39232729291417        1.48816102380746       -0.40472990000506
B            4.13243198535657        3.48686657772166       -1.23290963132978
H           -5.38337262509666       -3.19509843108211        0.89763004273088
H           -5.69615658531538       -1.92522999659597       -0.69187737736192
H           -5.03713092986304        0.21474039965820       -2.74192977676275
H           -5.85662189566293        1.04933710097124        1.63170233966003
H           -5.28464951651181        3.87217567860342        0.62989858842008
H           -3.34261180343847        3.38577567688280        3.10128123215731
H           -2.39579208599191       -4.89507895086614       -0.62932775539852
H           -0.93857970405872        5.41125165106804        0.30359231926234
H            0.80497244941046       -5.26962823969928       -0.77046283200670
H            0.37453504938688        2.52785801988622       -1.61880460978824
H            3.08185222129140       -4.84977383508310        1.80937121682387
H            5.43489880483271       -2.62820613657987        2.16117799887294
H            6.36987192467602       -0.66743086914241       -1.18193035182189
H            6.47598374817440        1.92334100926964       -0.32040196342280
H            4.90754044012211        4.17004760662173       -1.77439568195694
87
 energy: -121.922459097996 gnorm: 0.003841620399 xtb: 6.7.1pre (5071a88)
O            1.90015668429048        2.31752540530975       10.77949942713073
C            1.16206297772429        1.76050779070668        9.92234170995413
C            1.12910573680702        0.31807480214383        9.86167612407769
O            1.94176903107244       -0.28029957082241       10.77014890040944
C            0.33160649762158       -0.34544444462368        8.96186670281840
C            0.18385193192185       -1.78178983064888        8.82175796220141
C            0.95754509066030       -2.68319106065309        9.56129861923891
C            0.77842456479235       -4.04407606021187        9.41330016971341
C           -0.16725473354929       -4.53955703964594        8.53140404021723
O           -0.39595208276495       -5.88694943922405        8.34957183284351
C           -0.94419048215916       -3.65058592553454        7.77308764572913
O           -1.87042167456313       -4.12875728084100        6.89437318848775
C           -0.76557150880509       -2.29083770974075        7.92181174732022
O           -0.44326693240225        0.36687859512959        8.08197770386810
C           -0.43943632722060        1.71431527285460        8.07436682622205
C           -1.23117196822153        2.35728154415065        7.13273236788076
C           -1.24486557866674        3.74692987766900        7.08836549150921
O           -2.01811092154981        4.33714330228063        6.14371069560057
C           -0.48696464481844        4.49976292704468        7.98094286851726
C            0.30357219941827        3.86923234705226        8.92958661654824
O            1.03381656158952        4.58805081158249        9.78873213013300
C            0.33650841932716        2.45654656776616        8.97610887330357
H            2.34111958804401        0.48072769196325       11.25056311814219
H            1.69773646003856       -2.31864393490336       10.25253255263788
H            1.38097072450705       -4.73431143849219        9.99121663906144
H            0.17661933737415       -6.38300413181082        8.94279650532552
H           -1.85879277196398       -5.09297429410738        6.96153309815956
H           -1.37966923935185       -1.62401599427263        7.33807861542369
H           -1.83039919958792        1.79050817847688        6.44224943311182
H           -1.93825242313253        5.29693700027658        6.20474899593844
H           -0.50202925514029        5.57918658116154        7.94987401948083
H            1.52210332966110        3.94030668662463       10.36449012044770
B           -4.86484889275169       -2.58356386369067        0.04711772640578
B           -4.52530425535147       -1.24357773702160       -0.73494451103963
B           -4.29405851985449       -0.02725425816518       -1.84934531985390
B           -3.38846700698986       -2.60763486661977       -0.59819649715142
B           -2.89437439493025        0.28443658195962       -1.23833537301135
B           -4.31202660032809        0.39561920540719       -0.09814793746649
B           -5.03521018639973        1.44216210260098        0.87405805926361
B           -4.59603084741163        3.01324687872262        1.05937581939097
B           -2.75996504178528        0.48827145786469        0.40709083010435
B           -3.25434278335067        3.28827495657942        1.94034327627697
B           -2.17258240562991       -3.74597566369447       -0.63933487927981
B           -1.83614086797542       -2.20611778062735       -0.84977977499325
B           -1.62763606908774       -0.58517319678104       -0.64608442296093
B           -0.56855740600171       -3.20555179874468       -0.72748169125483
B           -0.16923330530061       -0.16596607648915       -0.06310181022938
B           -1.35611167376693        0.00200987949775        1.08267394096581
B           -1.73185447425134        1.62278443115548        1.03360762422843
B           -1.89931225212535        3.19753689263840        1.09386848413906
B           -0.16812703971659        1.00215844712214        1.31497673969430
B           -0.76899570682788        4.30586238339912        0.68353493154581
B            0.83172941365716       -4.11960466867894       -0.54688725105151
B            0.94958208428312       -2.52433709702695       -0.58724315911352
B            1.24471871762104       -0.96466488887901       -0.39984051382195
B            2.22827860235384       -3.40731464506480       -0.00872806208634
B            2.64679775157686       -0.20191223639145       -0.15641221327501
B            1.28909772405336        0.50075207363512        0.41464250281849
B            1.16073325621972        1.99732467901988        1.20463580067521
B            0.51335105763487        3.39534694980446        0.74559805370659
B            2.45597117828514        1.66282948277805        0.18428837732794
B            1.09395240821590        2.92630345563396       -0.75393671540132
B            3.30658781168351       -3.88379610489076        1.18894481852872
B            3.66051263512216       -2.64422561705902        0.18675799750152
B            4.05817465062197       -1.12616595866150       -0.18147664993381
B            4.54472801269005       -2.90334282876273        1.46990556841402
B            5.35920341407696       -0.25966546442800       -0.75619247773034
B            4.13931549895498        0.53367967008494       -0.04747110359048
B            3.97903294056885        2.32673124575324       -0.13657247770001
B            2.68726476459599        3.01142828917952       -0.94837504127147
B            5.39324614940819        1.48735185331504       -0.39981246558843
B            4.13387034146978        3.48391042095794       -1.22624372011375
H           -5.38714641311445       -3.19453651561513        0.89830307978752
H           -5.69613465128781       -1.92293215509537       -0.68972121559390
H           -5.02942100622357        0.21927665649442       -2.73630917507098
H           -5.85915854881713        1.05266360388417        1.63535781677381
H           -5.28032019210268        3.87416131817018        0.63221695726798
H           -3.34511785706312        3.38853207413989        3.11014803777406
H           -2.39754185242929       -4.89458443744768       -0.62268978631126
H           -0.93627070719754        5.41306655146457        0.32110720529403
H            0.80489733700971       -5.27060928990209       -0.75768462168110
H            0.37547902293087        2.52757212063664       -1.60605045288390
H            3.08502990557848       -4.84336120118924        1.81986898865154
H            5.43538301144656       -2.61306177152081        2.16240025298296
H            6.36761459136889       -0.66638671309914       -1.18731252752586
H            6.47706799546904        1.92191830449876       -0.31461499596820
H            4.90939629020599        4.16508164247416       -1.76968078802257
87
 energy: -121.922579910367 gnorm: 0.003640730591 xtb: 6.7.1pre (5071a88)
O            1.88637794464981        2.32211796099785       10.76469233096971
C            1.15069447583861        1.76237671147823        9.90707281395008
C            1.12016799517127        0.32082734269355        9.84788345891427
O            1.93550488909249       -0.27445172592601       10.75637556751764
C            0.32482584620742       -0.34672972335914        8.94850425156921
C            0.17988563785674       -1.78263709759734        8.81032085683945
C            0.93267389874365       -2.68143092598468        9.57397717436165
C            0.75531395445499       -4.04276511466632        9.42940876718522
C           -0.16805091974948       -4.54281401560339        8.52615992038429
O           -0.39467708909966       -5.89062815729139        8.34814593256624
C           -0.92261227286629       -3.65667418508630        7.74300639859971
O           -1.82581110107492       -4.13843213680790        6.84175287318455
C           -0.74601228681690       -2.29663185083107        7.88855655397589
O           -0.45023403426504        0.36387404841005        8.06675886685999
C           -0.44454175464189        1.71131105404533        8.05404359720496
C           -1.23070328223649        2.35179917719663        7.10622161004171
C           -1.24301395670515        3.74143145571708        7.05743630909803
O           -2.01094220262772        4.32959147442157        6.10713461841741
C           -0.48884143485268        4.49627326193262        7.95094065816786
C            0.29636626769650        3.86852340621881        8.90585296292760
O            1.02303120801061        4.58908478508522        9.76616461485514
C            0.32772753856311        2.45622045493218        8.95679208454355
H            2.33434031056370        0.48917798042245       11.23341604702755
H            1.65543970334578       -2.31554916958889       10.28206573836702
H            1.34226098387042       -4.72976856917590       10.02660202339154
H            0.15710347192328       -6.38303265916442        8.96418589780116
H           -1.81643774831317       -5.10221162598922        6.91234402274121
H           -1.34421143102811       -1.63370629552833        7.28505807658787
H           -1.82780529883368        1.78484471044583        6.41415079051941
H           -1.92618869529538        5.28874382197182        6.16636419898137
H           -0.50187155094754        5.57560708397279        7.91612448183478
H            1.50872923609260        3.94241852530160       10.34576022452604
B           -4.86673280561292       -2.58170290129024        0.05013446710523
B           -4.52282631048339       -1.24052679632306       -0.72786640818234
B           -4.28771318300343       -0.02250449701359       -1.83973315723629
B           -3.38813603875215       -2.60611682235921       -0.59064931699320
B           -2.88940819034961        0.28721099608111       -1.22478077299430
B           -4.30950374290639        0.39710948908771       -0.08758505417596
B           -5.03427262293687        1.44448791958875        0.88266023392844
B           -4.59573836671436        3.01538443882626        1.07063088067621
B           -2.75813255154748        0.48801821325267        0.42102275276265
B           -3.25421152204579        3.28943775578983        1.95193986393384
B           -2.17273502647412       -3.74539527591020       -0.63011229996651
B           -1.83509790279864       -2.20525174997863       -0.83677999390033
B           -1.62552704420246       -0.58483308039996       -0.63023423917766
B           -0.56838645163680       -3.20583852042166       -0.71505975789970
B           -0.16731881057572       -0.16715583436480       -0.04548750609580
B           -1.35466511780306        0.00174052864981        1.09879324178352
B           -1.73082513065269        1.62232817898427        1.04880011065812
B           -1.89778821940498        3.19723151275855        1.10781356919807
B           -0.16669465787320        1.00189167826062        1.33106561383841
B           -0.76641067519073        4.30650003385083        0.70217116025030
B            0.83194692452590       -4.12024463644406       -0.53300865502619
B            0.94920677312689       -2.52487862578836       -0.57499181575202
B            1.24613238880309       -0.96566279071888       -0.38569023975331
B            2.22985421724095       -3.40780090022416        0.00030470464065
B            2.64859396200661       -0.20288009865803       -0.14593548119703
B            1.29189575300247        0.50026966935646        0.42693939233649
B            1.16206431474872        1.99595625907327        1.21975997978584
B            0.51458284117533        3.39435605918658        0.76114936740886
B            2.45602118247752        1.66426493650028        0.19803266935511
B            1.09508320056466        2.92524875670705       -0.73826664763352
B            3.31029852753224       -3.87726961055401        1.20039920266845
B            3.66243788792714       -2.64576610535350        0.18797629579883
B            4.06044994099440       -1.12724962222304       -0.17697494808746
B            4.54658726397348       -2.89241015537461        1.47394757856256
B            5.35881934672828       -0.25923150459649       -0.75602062128264
B            4.14149672143318        0.53186144283959       -0.04004739623637
B            3.97986273767763        2.32431559330610       -0.12562711302011
B            2.68822942334656        3.01187872532731       -0.93489794626427
B            5.39409446933346        1.48635819892839       -0.39389359235640
B            4.13525618884573        3.47999570504498       -1.21727522916282
H           -5.39098292975458       -3.19449620627406        0.89885229661358
H           -5.69602867013430       -1.92035672746189       -0.68775427929893
H           -5.02067128629010        0.22600252566914       -2.72811051288679
H           -5.86260634946799        1.05707062322677        1.64013589924028
H           -5.27403846629567        3.87681914886987        0.63491911418896
H           -3.34717729179489        3.39189920485482        3.12122934173678
H           -2.39866204321248       -4.89378767859424       -0.61474541813898
H           -0.93366144811384        5.41321425692159        0.33859774631589
H            0.80426893082796       -5.27150970825922       -0.74194692430747
H            0.37639785680702        2.52664592881762       -1.59030894708838
H            3.08983465206598       -4.83480082268302        1.83474540816510
H            5.43750680068180       -2.59639359702705        2.16353234482565
H            6.36478208985590       -0.66519438011851       -1.19351431201361
H            6.47809303623330        1.92055143970569       -0.30872554036547
H            4.91101212133710        4.15890342629464       -1.76324283320115
87
 energy: -121.922750241532 gnorm: 0.004226519251 xtb: 6.7.1pre (5071a88)
O            1.86992274635463        2.33185477567537       10.74348376128875
C            1.13838964605192        1.76594929624939        9.88601581924633
C            1.10897332353896        0.32572372808173        9.83244582211356
O            1.92221770787724       -0.26663844971773       10.74524521747339
C            0.31828148248063       -0.34802367666634        8.93261804632935
C            0.17568457014075       -1.78354836168146        8.79845565040239
C            0.90000078933560       -2.68002625686135        9.59148598665553
C            0.72398086471308       -4.04161087409072        9.44899023763253
C           -0.17014668447543       -4.54628162778756        8.51827423360917
O           -0.39317928213309       -5.89422479451801        8.34057710084333
C           -0.89560422805113       -3.66246473629926        7.70679732634243
O           -1.76997032838499       -4.14620808911031        6.77794876242833
C           -0.72057346602797       -2.30231830740557        7.85034883137856
O           -0.45273734731215        0.35886207723867        8.04369256178949
C           -0.44675026285901        1.70622316714211        8.02428396058463
C           -1.22652921799870        2.34221104652269        7.06836987355312
C           -1.24108562564616        3.73166971137077        7.01576089120333
O           -2.00515633276764        4.31634571656165        6.05992380059507
C           -0.49269917479562        4.49043102993974        7.91025409440072
C            0.28833971147068        3.86733115137174        8.87178326959876
O            1.01043664073398        4.59115858277619        9.73244679631349
C            0.31971747419880        2.45552526439712        8.92820827732451
H            2.32094853712863        0.49839916678442       11.21898620985949
H            1.59943333697783       -2.31314237640778       10.32119654679217
H            1.28919387166633       -4.72540044782258       10.06968771426950
H            0.13461218342066       -6.38326773820450        8.98025642226725
H           -1.76415811295860       -5.10970221833045        6.84998076075020
H           -1.29750806449032       -1.64346341945045        7.22357506271950
H           -1.81937952138220        1.77393760651876        6.37386862928862
H           -1.91888144220088        5.27475286344736        6.12025892483613
H           -0.50626533394115        5.56952752152179        7.87181402108055
H            1.49351465951528        3.94552543041136       10.31665895846668
B           -4.86846820140694       -2.57906982373521        0.05421187497119
B           -4.51996877724460       -1.23639396502271       -0.71835865142166
B           -4.28057605173627       -0.01522327994392       -1.82641376505989
B           -3.38697910642481       -2.60385198832038       -0.58131067032312
B           -2.88355878848634        0.29120203612035       -1.20711001575939
B           -4.30650759433997        0.39975980734901       -0.07406295249109
B           -5.03293455380381        1.44801512768583        0.89394739161211
B           -4.59172838651059        3.01828497796371        1.08116834323227
B           -2.75586920796382        0.48771880109248        0.43908368529733
B           -3.25352435402959        3.29143871978005        1.96784840320966
B           -2.17276997290262       -3.74418215268544       -0.61856267262594
B           -1.83327840766963       -2.20374293957011       -0.82117951989532
B           -1.62298289540582       -0.58389868569088       -0.60999712232857
B           -0.56775330691481       -3.20550253286895       -0.69929600037120
B           -0.16484655433578       -0.16861098420217       -0.02282645942392
B           -1.35294800497381        0.00105078166688        1.11942053020032
B           -1.72975797903837        1.62139943585444        1.06916496670031
B           -1.89511674082257        3.19634900214781        1.12737178663722
B           -0.16514364791531        1.00120297817732        1.35277263649250
B           -0.76457809520698        4.30507138128319        0.71811061718322
B            0.83243256711019       -4.12088387510952       -0.51462493540054
B            0.94916928948084       -2.52535585333297       -0.55876605144548
B            1.24793195410639       -0.96658412194785       -0.36702689529693
B            2.23156104559751       -3.40866384454580        0.01337523436757
B            2.65085504580265       -0.20393395306024       -0.13154937719325
B            1.29555549038252        0.49935521764527        0.44457368680956
B            1.16318443630524        1.99415924224610        1.23975634571253
B            0.51595508054449        3.39330682599036        0.78092013176195
B            2.45581793543434        1.66640380404420        0.21648747382824
B            1.09634428622876        2.92399638297855       -0.71801033913699
B            3.31517907785893       -3.86942700345581        1.21556864791646
B            3.66442583004912       -2.64739510059989        0.19153441580706
B            4.06345101576778       -1.12865434116798       -0.16998330990895
B            4.54893966782281       -2.87819126658067        1.48031372441588
B            5.35835305975215       -0.25899200562493       -0.75488145143122
B            4.14433899110290        0.52955106070612       -0.03027058012948
B            3.98062942023844        2.32138393086666       -0.11084921999843
B            2.68915917463756        3.01204526610488       -0.91737612638946
B            5.39486491066695        1.48522317378502       -0.38685083966330
B            4.13675895435511        3.47491285552672       -1.20511737443711
H           -5.39505155320010       -3.19519995767813        0.89913505522553
H           -5.69551549072933       -1.91716521419186       -0.68572816902541
H           -5.01074621730785        0.23586371642787       -2.71633497842534
H           -5.86490080497391        1.06295480076481        1.64847738320649
H           -5.26746599127079        3.88007103535745        0.64307424052537
H           -3.34983649973090        3.39559061514007        3.13655640068217
H           -2.39909891700214       -4.89244300707084       -0.60563197249849
H           -0.93057861190036        5.41489186888403        0.36371636764585
H            0.80293675906217       -5.27233860235208       -0.72178885273913
H            0.37738947080169        2.52489648356280       -1.56966898759453
H            3.09690238948798       -4.82348956990776        1.85581914243207
H            5.44197065158317       -2.57832600253494        2.16509445051498
H            6.36125847754038       -0.66384666405787       -1.20024184819027
H            6.47906735656092        1.91939169129174       -0.30328013739063
H            4.91237425474281        4.15122295315179       -1.75453723183707
87
 energy: -121.922958722057 gnorm: 0.005209418542 xtb: 6.7.1pre (5071a88)
O            1.85206407926512        2.34588529939200       10.71684613971415
C            1.12633226211661        1.77105999151995        9.85993620128484
C            1.09603050306961        0.33182614140071        9.81686182160781
O            1.90062825162892       -0.25785148956620       10.73966168142454
C            0.31303582947290       -0.34900231125753        8.91474886190249
C            0.17179178409731       -1.78471912479851        8.78658480165794
C            0.86181522670324       -2.67928707218598        9.61196021392561
C            0.68632878806708       -4.04092078474424        9.46998924876060
C           -0.17366643376315       -4.54922378543933        8.50845548173731
O           -0.39198144317696       -5.89726352864723        8.32726313174252
C           -0.86511161845191       -3.66712748294782        7.66682237226004
O           -1.70685244590544       -4.15099476121071        6.70808137396848
C           -0.69091893763771       -2.30690183608726        7.80981556865762
O           -0.44852312135156        0.35201051737032        8.01258601200368
C           -0.44493958171422        1.69918607761105        7.98605666329182
C           -1.21879285782957        2.32886382372180        7.02127952509192
C           -1.23909641454705        3.71799734491517        6.96530191181481
O           -2.00115486097619        4.29756528901845        6.00424937650667
C           -0.49832361024164        4.48266615747314        7.86092268264069
C            0.28025998415545        3.86566581767059        8.82870514156193
O            0.99687798307890        4.59434951363138        9.68909300948963
C            0.31378102923937        2.45428417643989        8.89134645534774
H            2.29965253463186        0.50694072880619       11.21104466352315
H            1.53327888206994       -2.31103167203259       10.36640744282475
H            1.22426304031030       -4.72233473359103       10.11671516725724
H            0.11193324534348       -6.38414732848268        8.98733603883417
H           -1.70607023499597       -5.11447534531634        6.78090885340611
H           -1.24179433966948       -1.65105645525026        7.15775564474903
H           -1.80522993982832        1.75720926866645        6.32418173250847
H           -1.91857851796411        5.25587786622729        6.06653058615098
H           -0.51572850042863        5.56144202898577        7.81922236590600
H            1.47760997358953        3.94983511501778       10.27831248314332
B           -4.86976382110651       -2.57559077494577        0.05925961948222
B           -4.51666870086477       -1.23118094585404       -0.70687832316719
B           -4.27287460748077       -0.00580911187057       -1.81021214600605
B           -3.38497172617182       -2.60076628304910       -0.57063289587888
B           -2.87690398161690        0.29617942616898       -1.18656151451993
B           -4.30275265438066        0.40375743249911       -0.05851630157366
B           -5.03199699214703        1.45215703030246        0.90717107919897
B           -4.58791521497053        3.02147905854330        1.09558953227749
B           -2.75295396460696        0.48798994304861        0.46005223276506
B           -3.25233966214072        3.29340439872822        1.98656615406736
B           -2.17270030813956       -3.74228658962527       -0.60561645558929
B           -1.83058508956142       -2.20159350911145       -0.80393608912453
B           -1.61990289451569       -0.58231615644311       -0.58673065476587
B           -0.56657456067653       -3.20464627495390       -0.68123461826371
B           -0.16176619129779       -0.17028099582940        0.00350138763414
B           -1.35094351359144        0.00039958218980        1.14323584188435
B           -1.72804244046578        1.62071166909544        1.09290511707873
B           -1.89212580469442        3.19575990343307        1.14937645878562
B           -0.16322514499773        1.00024615290568        1.37862615816042
B           -0.76113391212701        4.30618306315000        0.74606502507623
B            0.83322432224122       -4.12155893964649       -0.49275951782161
B            0.94957179262672       -2.52580521619387       -0.53936533765562
B            1.25007831386942       -0.96753642367397       -0.34496774306283
B            2.23338085739223       -3.40986608434543        0.02999664283401
B            2.65353275112586       -0.20513137920109       -0.11389900730355
B            1.30008595690580        0.49781280076394        0.46683715891396
B            1.16454795965837        1.99192354043381        1.26361969789851
B            0.51691663655360        3.39123597249625        0.80403554802527
B            2.45534583431128        1.66881451231222        0.23809892017754
B            1.09677196193670        2.92223065520441       -0.69492609497301
B            3.32088600754694       -3.86117521522378        1.23360852565985
B            3.66650550011716       -2.64892863543734        0.19796111798975
B            4.06716110854910       -1.13021876906841       -0.16044317105554
B            4.55254403934427       -2.86323925098357        1.48828955717338
B            5.35792084071413       -0.25883646924187       -0.75241579108240
B            4.14771624077993        0.52705921265076       -0.01861593631412
B            3.98095255239791        2.31827544456565       -0.09360929162830
B            2.68925675465177        3.01194228094056       -0.89710533407063
B            5.39531192082855        1.48443674540144       -0.37936918433899
B            4.13748406330325        3.46922220881315       -1.19089049389800
H           -5.39903178132491       -3.19616980520150        0.89931377813653
H           -5.69404535297938       -1.91253974745163       -0.68290075886899
H           -5.00019458426830        0.24831063475471       -2.70160404025715
H           -5.86608439662400        1.06840555327178        1.65962531799847
H           -5.25956970420033        3.88398834616428        0.65361304804143
H           -3.35141889020776        3.40061714882547        3.15456886651389
H           -2.39907432347846       -4.89051102068900       -0.59659140632849
H           -0.92748256244316        5.41371783590495        0.38595919380653
H            0.80116686418411       -5.27320310164137       -0.69812884582529
H            0.37772989764062        2.52247510498130       -1.54628659817267
H            3.10565643990537       -4.81064387483472        1.88164805486954
H            5.44794982239052       -2.56057722496267        2.16837171237770
H            6.35766988450682       -0.66234517350152       -1.20580796751926
H            6.47968290065707        1.91902805053109       -0.29903558894423
H            4.91241601852121        4.14311981858820       -1.74427729352330
87
 energy: -121.923185983591 gnorm: 0.005027887219 xtb: 6.7.1pre (5071a88)
O            1.83427433458168        2.36215866522261       10.68715028145737
C            1.11576766106444        1.77721153592602        9.83065127849388
C            1.08173237564415        0.33799285367868        9.80275841370403
O            1.87021541628518       -0.24895815795735       10.74185391255095
C            0.30978033367137       -0.34943068026538        8.89578000339133
C            0.16840326174824       -1.78616415623556        8.77498573324764
C            0.82159654490250       -2.67901526315079        9.63139515721036
C            0.64566827925900       -4.04056530624304        9.48867814756860
C           -0.17818551754073       -4.55077138757319        8.49699371357370
O           -0.39173619743669       -5.89912880720530        8.30987187480937
C           -0.83407621647953       -3.67014113072499        7.62680990802603
O           -1.64230434918178       -4.15298831967795        6.64001354874979
C           -0.65991335146801       -2.30984177661227        7.77063045536065
O           -0.43644607769072        0.34391651286703        7.97479584727995
C           -0.43833662249496        1.69078712858552        7.94195871868159
C           -1.20785613447149        2.31285052398187        6.96876679414213
C           -1.23664592225244        3.70147340030238        6.90956182771963
O           -1.99871308175294        4.27418635200436        5.94390819389904
C           -0.50487489162635        4.47354476839614        7.80655728889422
C            0.27304853585311        3.86356932550499        8.77972523635323
O            0.98326558620268        4.59852217753413        9.63970696677764
C            0.31120483369958        2.45244668486568        8.84885905845851
H            2.26987299820137        0.51415906041876       11.21228078676364
H            1.46325930457456       -2.30846975445988       10.40987509725919
H            1.15328323176361       -4.72090448080834       10.15999975777444
H            0.09123076815580       -6.38589206446192        8.98476685310365
H           -1.64720255372971       -5.11660342627492        6.71411328412155
H           -1.18216544197392       -1.65523050007490        7.09485390911806
H           -1.78624236348595        1.73520823217996        6.26982402128275
H           -1.92645235888726        5.23346109076079        6.00693156046491
H           -0.52939834398155        5.55196890656672        7.76196623961419
H            1.46214337052889        3.95563490066324       10.23409772960473
B           -4.87041657418628       -2.57148691498991        0.06484978055798
B           -4.51313292134644       -1.22514755481635       -0.69433877308571
B           -4.26535432355294        0.00516469205216       -1.79221251240484
B           -3.38239862126693       -2.59688292000479       -0.55954718737026
B           -2.86995713994618        0.30161277858027       -1.16488327645866
B           -4.29813385791771        0.40867224764449       -0.04150268637372
B           -5.02870007485160        1.45567397569139        0.92459470144962
B           -4.58207629806218        3.02466720882706        1.11023904813352
B           -2.74937858342702        0.48841395982259        0.48229957562169
B           -3.25082815726255        3.29725423523062        2.00744151114260
B           -2.17261165372511       -3.73971387010154       -0.59277676524113
B           -1.82715985830301       -2.19889523900002       -0.78651906825550
B           -1.61627978877473       -0.58020261852690       -0.56281050332098
B           -0.56490089815583       -3.20340772318477       -0.66208838706508
B           -0.15824227342760       -0.17183895989257        0.03112111067372
B           -1.34865548288545       -0.00043589178360        1.16827760940171
B           -1.72602877033915        1.61993436540609        1.11896318599306
B           -1.88877560506638        3.19494615762519        1.17381680210966
B           -0.16102044663965        0.99909324376955        1.40627738722076
B           -0.75858618837414        4.30572841610169        0.77018499182754
B            0.83427713835260       -4.12211245220724       -0.46886413637655
B            0.95046217035606       -2.52611923336785       -0.51796268171648
B            1.25245629659454       -0.96837433558125       -0.32123728247978
B            2.23528465435719       -3.41109178108485        0.04933877282665
B            2.65639527420053       -0.20610876714731       -0.09420560041838
B            1.30512555433929        0.49609006032213        0.49189778873975
B            1.16598775611251        1.98989969731359        1.28927126058785
B            0.51790087887554        3.38926922788788        0.82846053067599
B            2.45492677489403        1.67127385944665        0.26114079849372
B            1.09668525385890        2.92058994315258       -0.67064185353511
B            3.32682602081774       -3.85356075500919        1.25336425627288
B            3.66872010225523       -2.65006804928107        0.20771550684433
B            4.07111341866343       -1.13160846679416       -0.14861947465824
B            4.55760436593081       -2.85027879559390        1.49764589463975
B            5.35767184647622       -0.25879715618065       -0.74790249588147
B            4.15145882297905        0.52486447651651       -0.00564077103336
B            3.98099972396858        2.31547689249163       -0.07564944080243
B            2.68865693996948        3.01146049464044       -0.87613775017460
B            5.39544846205449        1.48434312761982       -0.37202665012658
B            4.13729302024362        3.46361737712048       -1.17615949907757
H           -5.40280842820813       -3.19696872110024        0.89930387122501
H           -5.69123019093253       -1.90590430268395       -0.67879376717819
H           -4.98995808179242        0.26271170993799       -2.68485815419227
H           -5.86849020357808        1.07322377969237        1.67138246221113
H           -5.25300977585844        3.88752777562081        0.66869259804280
H           -3.35228519575040        3.40471556439863        3.17504211195849
H           -2.39889749236377       -4.88798088147191       -0.58920346979551
H           -0.92443836838940        5.41340215948988        0.41061174003372
H            0.79937972895901       -5.27405867322216       -0.67206196471869
H            0.37720382635951        2.51966610300058       -1.52116685285695
H            3.11510314683300       -4.79796983324044        1.90985541044154
H            5.45459694556066       -2.54549998220950        2.17452312078112
H            6.35458793829639       -0.66072740946800       -1.20862024645414
H            6.47991309390302        1.91974626455001       -0.29668258724895
H            4.91082368740757        4.13566858626089       -1.73375958907528
87
 energy: -121.923388790257 gnorm: 0.005987122256 xtb: 6.7.1pre (5071a88)
O            1.81368538819965        2.37682682072659       10.65492103916527
C            1.10288950409738        1.78344581082473        9.79784019341614
C            1.06409832001298        0.34320981414987        9.78597333177434
O            1.83425844104830       -0.23905832085878       10.74350037313676
C            0.30533400621400       -0.34976254959744        8.87245198759401
C            0.16380995726902       -1.78812874755822        8.75894666035643
C            0.77672749271151       -2.67771630944189        9.65020730668035
C            0.60041183989225       -4.03958068546169        9.50890511241421
C           -0.18249503617563       -4.55199685813170        8.48420305426187
O           -0.39180564376258       -5.90127816584516        8.29370526251934
C           -0.79901740136824       -3.67462283577284        7.57981891706634
O           -1.56838049875203       -4.15913471492083        6.56189999057955
C           -0.62554308453351       -2.31391233346132        7.72320529385027
O           -0.42347027538236        0.33547084180721        7.93177256818052
C           -0.43152809907204        1.68199162558413        7.89306748954822
C           -1.19688582416023        2.29612245273516        6.91131414711057
C           -1.23283236194929        3.68410729963046        6.84661650130182
O           -1.99327781024612        4.24846085446305        5.87459465409333
C           -0.51067577051041        4.46387474365869        7.74535950809214
C            0.26489455793743        3.86123331975318        8.72534645830047
O            0.96720863646287        4.60318661576230        9.58606326213885
C            0.30802393681632        2.45028541287560        8.80213952401748
H            2.23385283479915        0.52358087895486       11.21295643325091
H            1.38557035688826       -2.30287560839331       10.45412438564009
H            1.07441431695373       -4.71862701105744       10.20739005445535
H            0.06648584426508       -6.38824168426579        8.98878078207880
H           -1.57955009387494       -5.12258163492299        6.64226168520756
H           -1.11567775348294       -1.66027248943697        7.02083500688789
H           -1.76691555491303        1.71085918619717        6.21171098240877
H           -1.93320592583283        5.20934654999243        5.93330392060441
H           -0.54205033632428        5.54193416949800        7.69643087486851
H            1.44376335998887        3.96340646581741       10.18671127095424
B           -4.87121774003523       -2.56667931043535        0.07148060186735
B           -4.50852726464745       -1.21809483348602       -0.68022536179774
B           -4.25564750796336        0.01637263999876       -1.77278589973796
B           -3.37997593836831       -2.59224426782968       -0.54643276970982
B           -2.86141319220190        0.30741897199320       -1.14054674786469
B           -4.29253559020262        0.41435260594352       -0.02250674701682
B           -5.02851502919983        1.46035675352646        0.94068640433718
B           -4.57696000406639        3.02758406682321        1.12899075131156
B           -2.74522090767891        0.48917105870803        0.50759423454527
B           -3.24948977364037        3.29936073110941        2.03198347275712
B           -2.17253227393760       -3.73673917725652       -0.57888109830816
B           -1.82335459954718       -2.19577860429493       -0.76608064652626
B           -1.61161016302544       -0.57793122639765       -0.53607719092873
B           -0.56305629343398       -3.20245822049424       -0.64024994444100
B           -0.15405682361711       -0.17345808244553        0.06230596522850
B           -1.34594981373208       -0.00104729891988        1.19670332607445
B           -1.72291062474972        1.61937250649176        1.14782100262460
B           -1.88547801675083        3.19412384561237        1.20187261175699
B           -0.15794635594944        0.99797396143263        1.43665804955604
B           -0.75548254065698        4.30566913917762        0.79974510479243
B            0.83539323578023       -4.12271533804757       -0.44173862855791
B            0.95148572882313       -2.52656458877730       -0.49341579666051
B            1.25529823361876       -0.96958573576697       -0.29435920290677
B            2.23791180493727       -3.41203474290067        0.07117721774928
B            2.65969198317547       -0.20706042552973       -0.07198186865194
B            1.31092502561255        0.49451118970856        0.51953253964111
B            1.16832112414630        1.98815766752461        1.31793248589068
B            0.51932874305677        3.38728948888731        0.85639660920018
B            2.45496130296397        1.67353439488159        0.28644575405446
B            1.09625718764596        2.91889838329781       -0.64335085732142
B            3.33320050205300       -3.84556648844895        1.27592505237868
B            3.67196539835602       -2.65123826758529        0.21953777308293
B            4.07537537685195       -1.13280599120654       -0.13502322620978
B            4.56342311081271       -2.83794161428432        1.50936187320070
B            5.35752388501674       -0.25850657451908       -0.74197970079918
B            4.15578990464077        0.52291218986651        0.00937417086710
B            3.98115035722309        2.31271402433580       -0.05668351260379
B            2.68758321538055        3.01100413263400       -0.85325702740348
B            5.39561166690233        1.48487247620703       -0.36371322205455
B            4.13628565541560        3.45794316557793       -1.16078334815453
H           -5.40809687172242       -3.19656323067948        0.89973500299972
H           -5.68703884160516       -1.89643770950684       -0.67248168574822
H           -4.97711822235514        0.27819684808133       -2.66678865381670
H           -5.86793939092082        1.07645041482912        1.68672854138031
H           -5.24582290773667        3.89156225696285        0.68637006141612
H           -3.35326416304834        3.41158937023361        3.19886739856542
H           -2.39971526816306       -4.88489649115855       -0.58183565113898
H           -0.92114121808777        5.41269624188152        0.43807215266874
H            0.79822141284287       -5.27528837581525       -0.64125524219457
H            0.37576842615685        2.51692754083164       -1.49259410258029
H            3.12462238200488       -4.78537961021249        1.93987836106972
H            5.46118416128554       -2.52935936572776        2.18366950622022
H            6.35174419197074       -0.65876233257514       -1.20990941712167
H            6.48012900903849        1.92098432255056       -0.29352487762456
H            4.90809198800918        4.12803860189703       -1.72318162932814
87
 energy: -121.923449026753 gnorm: 0.009433284216 xtb: 6.7.1pre (5071a88)
O            1.79950453597804        2.39073622483689       10.62828167028206
C            1.09760164799687        1.78990282320255        9.76993124051214
C            1.04727277105694        0.34706482706651        9.77926632725320
O            1.78483397431911       -0.23173498990054       10.76536140606823
C            0.30708637470462       -0.34869404713689        8.85431984457447
C            0.16109984596486       -1.78954496947157        8.74856567060989
C            0.74483266056592       -2.67673287840082        9.65314686167376
C            0.56658052741307       -4.03858951758291        9.50938629617663
C           -0.18728981713007       -4.54869825630447        8.47018309069297
O           -0.39480451568579       -5.89877408841550        8.27373509953186
C           -0.77835746041897       -3.67360050251877        7.55400431837618
O           -1.52152273382593       -4.15802851315055        6.52416885261523
C           -0.60345353630526       -2.31299801395911        7.70007678518382
O           -0.39402776817750        0.32712204448067        7.88686643168233
C           -0.41318059634234        1.67308477188575        7.84644184521070
C           -1.17949110187143        2.27834901200276        6.85987794801973
C           -1.22794042517588        3.66539427606900        6.79231207344382
O           -1.99305959330291        4.21910027695233        5.81847637510236
C           -0.51559295109040        4.45334434812571        7.69273350837773
C            0.26261556680292        3.85852608795941        8.67540744505383
O            0.95652601602407        4.60868412818066        9.53684493243393
C            0.31565249473076        2.44754521986778        8.75815254917661
H            2.18425482985014        0.52790201714596       11.23819272437437
H            1.33008518788709       -2.29720349367105       10.46793682737786
H            1.01457332054426       -4.71950157269835       10.21663622277203
H            0.06033360306056       -6.39044163670795        8.96049453997428
H           -1.53567467537958       -5.12134512225406        6.60687162316013
H           -1.06970451873534       -1.65643207378461        6.98970144850437
H           -1.73964840192188        1.68186436584299        6.16150119026372
H           -1.95844135655339        5.18295676978170        5.87254072535928
H           -0.55939014569100        5.53099738811726        7.64179127019734
H            1.43205416221932        3.97329726234898       10.14325215539452
B           -4.86939947586349       -2.56191245699019        0.07748066718865
B           -4.50452043310384       -1.21156994639901       -0.66864029274147
B           -4.24903983256982        0.02673567290146       -1.75644048010068
B           -3.37688912053793       -2.58717356819015       -0.53686513379717
B           -2.85480796603468        0.31236692088501       -1.12203399203536
B           -4.28687860757631        0.42069005891275       -0.00749197522596
B           -5.02857824076776        1.46337344190568        0.95519710270604
B           -4.57355482125424        3.02871523077870        1.14939706391989
B           -2.74102237660289        0.49068165138859        0.52720772063118
B           -3.24764333794751        3.30041237303503        2.05419555768426
B           -2.17186890050228       -3.73281740297503       -0.57071197612002
B           -1.81896879332013       -2.19200801894959       -0.75272779237546
B           -1.60691586464943       -0.57498243532169       -0.51753302401714
B           -0.56032844673631       -3.20052976204320       -0.62390660423907
B           -0.15002579866750       -0.17399810422976        0.08521714244144
B           -1.34338625216126       -0.00139264546901        1.21775202786926
B           -1.71900306103101        1.61929262235408        1.17091317441257
B           -1.88329928091635        3.19347246197959        1.22478139084302
B           -0.15469820474541        0.99682214101391        1.46016505660064
B           -0.75398960548333        4.30541638236733        0.82232979528992
B            0.83681460938477       -4.12241121402396       -0.41917221398752
B            0.95389905533177       -2.52635273910844       -0.47262074666818
B            1.25804073646775       -0.96983947852174       -0.27310119685046
B            2.23992981471646       -3.41214271454364        0.09280599209094
B            2.66244095204640       -0.20688402480614       -0.05242687196901
B            1.31602432220186        0.49300899259698        0.54464847669281
B            1.17068434983115        1.98783220677572        1.34038813773993
B            0.51986406847998        3.38566576539039        0.87765736715365
B            2.45551385393755        1.67456244417123        0.30562538733174
B            1.09350982292478        2.91787372466362       -0.62375239703826
B            3.33722741442720       -3.84299471098154        1.29519982488047
B            3.67468700447659       -2.65051756354086        0.23780876770661
B            4.07861029945635       -1.13276723140039       -0.11940752238422
B            4.57021059218740       -2.83687499358900        1.52306422788207
B            5.35796286977282       -0.25866782944271       -0.73180577835708
B            4.15947221958120        0.52299436051479        0.02247786030556
B            3.98025124365785        2.31237618118998       -0.04389949314163
B            2.68402740565641        3.00955643670999       -0.83766675537904
B            5.39456424227232        1.48749924149084       -0.35913521544197
B            4.13187400740680        3.45534031534283       -1.15072406213058
H           -5.41104881904645       -3.19528435239493        0.89968237385313
H           -5.68021045461990       -1.88424668631850       -0.66502717280226
H           -4.96910504015606        0.29246564544981       -2.65045822015821
H           -5.86404233968456        1.07411560909384        1.70245057881420
H           -5.24206777170863        3.89393416733483        0.70732067059718
H           -3.35051999393344        3.41881064820221        3.22056007623243
H           -2.39937413099087       -4.88102581066194       -0.58206633599717
H           -0.91999397662273        5.41057795293390        0.45445283766554
H            0.79785830989967       -5.27570508657696       -0.61491159735213
H            0.37140204277469        2.51420313145569       -1.47079403054757
H            3.13154481765575       -4.77952481058613        1.96422826243626
H            5.46771375033185       -2.52971563274491        2.19861444448386
H            6.35185408358332       -0.65748638746630       -1.20106177756530
H            6.47882131375009        1.92516292151238       -0.29701166672434
H            4.90039482338509        4.12576873702756       -1.71712695975492
87
 energy: -121.923669048974 gnorm: 0.004939272058 xtb: 6.7.1pre (5071a88)
O            1.78352366256030        2.39481229395683       10.61229101870686
C            1.08523133710572        1.79215984599204        9.75223508957594
C            1.03497454157057        0.34955663537364        9.76482838837577
O            1.76934888579797       -0.22475990831469       10.75516534215406
C            0.30065562530103       -0.34977511388449        8.83779043339061
C            0.15633481085045       -1.79056751932238        8.73457604045043
C            0.71693375214669       -2.67410399422386        9.66394258568375
C            0.54039765859160       -4.03661280272223        9.52404205558402
C           -0.18838542979099       -4.55110220545237        8.46358722552933
O           -0.39408424357482       -5.90171217893587        8.27107724394050
C           -0.75585067078066       -3.67988060707244        7.52229482969944
O           -1.47309740312991       -4.16969104055542        6.47067282908889
C           -0.58312172227146       -2.31888501385944        7.66474146232740
O           -0.39582678129408        0.32345285102899        7.86549646026696
C           -0.41480232706394        1.66933573814841        7.82069624992868
C           -1.17629134026750        2.27108576295102        6.82802289273728
C           -1.22468210781480        3.65798467493442        6.75536053757246
O           -1.98491461703908        4.20769038449369        5.77571469258323
C           -0.51670379970634        4.44859514448199        7.65674812616611
C            0.25596837569187        3.85746950656283        8.64615694191548
O            0.94494423947294        4.61055094777985        9.50921069479336
C            0.30878009029793        2.44688322907924        8.73426415547405
H            2.16693493085190        0.53798777318921       11.22569558836082
H            1.28297802418007       -2.29182605434212       10.49556440090497
H            0.97047633498079       -4.71456333097906       10.25063499721853
H            0.04356879895726       -6.39011266451792        8.97509569918443
H           -1.48964352976834       -5.13236305474918        6.55914807721577
H           -1.03155375279428       -1.66547762295220        6.93490460582927
H           -1.73314655679032        1.67254030134257        6.12881475392376
H           -1.94948160021583        5.17117248363249        5.82549566756364
H           -0.55963471871324        5.52605803676467        7.60156692885962
H            1.41781084545040        3.97807329210242       10.12039803784485
B           -4.87063662372137       -2.55963908533016        0.08101100832852
B           -4.50137449939097       -1.20770856816875       -0.66056596910018
B           -4.24198635131136        0.03297416066456       -1.74478840393012
B           -3.37626785242149       -2.58474739909913       -0.52853201002324
B           -2.84889156835433        0.31564240854113       -1.10672530272632
B           -4.28276473869864        0.42235817229031        0.00609540351573
B           -5.02235114382855        1.46377914018616        0.97174541176875
B           -4.57142063263028        3.03079039762980        1.16107894802159
B           -2.73805210649810        0.49046513565091        0.54323153761226
B           -3.24770998133280        3.30504906841180        2.06792055028634
B           -2.17161136760594       -3.73149827369216       -0.56176060622470
B           -1.81723141635462       -2.19047926547830       -0.73857855768299
B           -1.60371443942283       -0.57423019658439       -0.50072382538809
B           -0.55961616997672       -3.20057723301031       -0.60989759510782
B           -0.14743397934807       -0.17468860376884        0.10448707768869
B           -1.34115053662725       -0.00158323055553        1.23575902698190
B           -1.71720162696758        1.61892088941132        1.18932018790804
B           -1.88159705962558        3.19328499051192        1.24180689846786
B           -0.15238175678713        0.99667472134757        1.47787602653655
B           -0.75194237511855        4.30464948245399        0.83811085811842
B            0.83733698710849       -4.12262631683967       -0.40300961804162
B            0.95416884162081       -2.52664102646313       -0.45796998208340
B            1.25999042721405       -0.97059235334733       -0.25693890753136
B            2.24196396907180       -3.41193024887107        0.10482195257354
B            2.66459904599902       -0.20735734163390       -0.03964889943637
B            1.31935128288958        0.49279011356548        0.55950938969888
B            1.17286436671171        1.98719297236353        1.35724924322648
B            0.52166542006020        3.38515724687334        0.89511418064375
B            2.45626423862911        1.67565651523198        0.32063749374642
B            1.09392616732434        2.91698694303341       -0.60662053327345
B            3.34076116758549       -3.83755984506692        1.30895941778301
B            3.67737460580160       -2.65145181711494        0.24341822696684
B            4.08093723804038       -1.13330994758277       -0.11211927660219
B            4.57280193274371       -2.82905184626411        1.53085181345061
B            5.35790626702094       -0.25827707457199       -0.72873039174334
B            4.16211542147086        0.52196732248374        0.03165985341150
B            3.98101470450352        2.31075281678607       -0.03313106932108
B            2.68400875151194        3.00958108693795       -0.82392227516879
B            5.39516638766032        1.48750343280610       -0.35313537434494
B            4.13166802892339        3.45202713292363       -1.14231586509366
H           -5.41558559842593       -3.19442225721295        0.90005096594258
H           -5.67851855714870       -1.87861382243243       -0.66138431057523
H           -4.95952535087437        0.30126407040858       -2.64013867865607
H           -5.87235466247919        1.07833814870561        1.70585775737800
H           -5.23862173087046        3.89559646725243        0.71563379387789
H           -3.35256531450322        3.42007749129481        3.23429930488899
H           -2.40066566837487       -4.87937339137813       -0.57598689508843
H           -0.91731378793740        5.41143044744257        0.47478164254835
H            0.79808701116814       -5.27642871387347       -0.59565008984924
H            0.37071538344173        2.51299506886420       -1.45258646246195
H            3.13584640291127       -4.77286702595498        1.98006626283701
H            5.47052861310860       -2.51706369640830        2.20411523674518
H            6.34999836581363       -0.65628949054418       -1.20297915499345
H            6.47952720610780        1.92497924144998       -0.29248696488364
H            4.89960234926276        4.12060119581054       -1.71181650449387
87
 energy: -121.923782610346 gnorm: 0.006413688872 xtb: 6.7.1pre (5071a88)
O            1.76754139851648        2.39721017938845       10.59976372442777
C            1.07346149040195        1.79399591644596        9.73707467590584
C            1.02205824850559        0.35142682233059        9.75265959371613
O            1.75019477333526       -0.21825024656961       10.74877188470881
C            0.29466163923443       -0.35066148896267        8.82266738715468
C            0.15165187991679       -1.79148673068069        8.72132311412373
C            0.69573995254032       -2.67103071638580        9.66480016766332
C            0.52091591466045       -4.03416927445961        9.52819307670036
C           -0.18796324636344       -4.55277839599064        8.45488849294099
O           -0.39187532535830       -5.90382335745347        8.26524315890739
C           -0.73888818529479       -3.68549249471559        7.49916883482524
O           -1.43718292442744       -4.18099001488672        6.43661739028738
C           -0.56928373868310       -2.32421651983109        7.63984434252518
O           -0.39519601240575        0.32018643128629        7.84512264857669
C           -0.41457531292884        1.66595244205039        7.79716280150807
C           -1.17142754472816        2.26446086088777        6.79892254196726
C           -1.22029470020526        3.65112294402857        6.72182629243286
O           -1.97605065371967        4.19673308545667        5.73701556019044
C           -0.51655010092063        4.44408270927039        7.62431037260222
C            0.25062933029587        3.85631763066067        8.61988747743815
O            0.93461889525216        4.61235765230591        9.48455577470772
C            0.30366327053892        2.44614936847680        8.71283519505545
H            2.14492208255122        0.54761070379265       11.21792428923652
H            1.24858245030586       -2.28581263618196       10.50398178375330
H            0.93852648267129       -4.70919236009312       10.26526823015284
H            0.03151337248389       -6.38992513315377        8.98480354759114
H           -1.45299167466868       -5.14311125778435        6.52797379782275
H           -1.00552775689300       -1.67355452341363        6.89994231416953
H           -1.72465426457663        1.66358634205664        6.09903756804462
H           -1.94168288268290        5.15982266421377        5.78236642478596
H           -0.55888437642889        5.52130050980251        7.56533626503955
H            1.40458980323896        3.98354612740649       10.10057530954588
B           -4.87097166842593       -2.55759122487759        0.08443573318428
B           -4.49817545882235       -1.20417917428454       -0.65348226045339
B           -4.23510894261342        0.03797754574148       -1.73494026748840
B           -3.37548126516136       -2.58232020528524       -0.52114080166369
B           -2.84335941481966        0.31875849348794       -1.09317442448544
B           -4.27918208500095        0.42434670668593        0.01748917792526
B           -5.02213935511779        1.46554680654248        0.98086863399500
B           -4.57030207473724        3.03181873624045        1.17309543796251
B           -2.73554898813001        0.49078181408745        0.55761557578659
B           -3.24768895875957        3.30610818775469        2.08134805626505
B           -2.17078953973374       -3.72986988995127       -0.55480791226476
B           -1.81541673625163       -2.18866556289984       -0.72647402655623
B           -1.60047870171267       -0.57322946812660       -0.48646120535737
B           -0.55855845353037       -3.20023886737589       -0.59779328681605
B           -0.14496778508496       -0.17480419068589        0.12090912220606
B           -1.33909779152132       -0.00144909426081        1.25132450340956
B           -1.71474221210429        1.61883605077627        1.20517739913471
B           -1.88031481899849        3.19311879673361        1.25749038808597
B           -0.14983110776521        0.99659315503518        1.49301869159924
B           -0.75034157244643        4.30419143295037        0.85261294637291
B            0.83799040157667       -4.12229610342916       -0.38848729253582
B            0.95499912394159       -2.52655209384266       -0.44457746933592
B            1.26195718175617       -0.97085244645366       -0.24272320407093
B            2.24387221531741       -3.41099020889377        0.11680771721877
B            2.66654284328346       -0.20721432347967       -0.02782485058434
B            1.32221337792809        0.49279398514349        0.57329169371119
B            1.17532746042308        1.98730414473952        1.37159114507454
B            0.52327383002734        3.38498690449007        0.91020412490413
B            2.45749639573793        1.67611719694908        0.33320248066145
B            1.09335502587173        2.91637446486704       -0.59234949371246
B            3.34319874887456       -3.83438610380359        1.32169608327569
B            3.68007002649861       -2.65151599686123        0.25191567883166
B            4.08267774765533       -1.13319843696158       -0.10402365882662
B            4.57540064072768       -2.82595589917760        1.54046515187666
B            5.35805962616598       -0.25800761079654       -0.72381239844141
B            4.16440875064731        0.52196579577031        0.04018355466465
B            3.98149436160301        2.31037710630244       -0.02511219773650
B            2.68293997439661        3.00921510421573       -0.81316461135155
B            5.39539725572964        1.48832269940099       -0.34830906097707
B            4.12988733846062        3.45016590937187       -1.13645391781452
H           -5.41986186644114       -3.19296302603578        0.90041655791955
H           -5.67581319828928       -1.87209217294793       -0.65767266744567
H           -4.95072666337197        0.30906802692752       -2.63100242380662
H           -5.87229866576252        1.07932534099174        1.71410003267586
H           -5.23607507981054        3.89690620835175        0.72604485119542
H           -3.35400893516395        3.42337665271972        3.24732489437876
H           -2.40146135187873       -4.87734639902689       -0.57229817032995
H           -0.91557956500998        5.41179422356592        0.49164692053729
H            0.79911228453123       -5.27664253781353       -0.57773674552932
H            0.36863484979456        2.51180782119517       -1.43673037411053
H            3.13832012395981       -4.76964386354142        1.99289637441321
H            5.47300629031502       -2.51081765204550        2.21256730327133
H            6.34928694700533       -0.65548431864466       -1.20055034991853
H            6.47981919416807        1.92586303663728       -0.28999836395311
H            4.89668295575278        4.11755128454872       -1.70894283350232
87
 energy: -121.923966060019 gnorm: 0.006001529398 xtb: 6.7.1pre (5071a88)
O            1.74182905322065        2.39276893601141       10.59315910154927
C            1.05355898288724        1.79376285221974        9.72350146690221
C            1.00339917985719        0.35230913506021        9.73501519652637
O            1.73000893893608       -0.21026874262971       10.73224266369483
C            0.28336907204492       -0.35285317822196        8.80222377698265
C            0.14387440625597       -1.79232959292726        8.70066690234079
C            0.67739356583131       -2.66495703182111        9.65413987005159
C            0.50739231701185       -4.02934775372564        9.52437350328770
C           -0.18652467666011       -4.55675111174486        8.44787481337106
O           -0.38851064099899       -5.90820334748165        8.26804674849201
C           -0.72500403301593       -3.69618795230133        7.47964742322743
O           -1.40411772263066       -4.20332944092474        6.41007096925014
C           -0.56062255598318       -2.33427923355933        7.61320659985417
O           -0.40374710116125        0.31834966389654        7.82593855936056
C           -0.41914432056592        1.66409367069643        7.77438227813100
C           -1.16708980370505        2.26054691605495        6.76864270889191
C           -1.21203714951368        3.64728475774697        6.68534423505011
O           -1.95825149712814        4.18968925665805        5.69292636970239
C           -0.51199102439335        4.44033534420432        7.58949467149910
C            0.24340002900771        3.85531891779111        8.59515678407967
O            0.92078571952532        4.61317682931599        9.46347383002384
C            0.29283424427831        2.44607712271522        8.69396337014832
H            2.11798220802000        0.56368188475218       11.19828405418558
H            1.22026183223256       -2.27612204430035       10.49720366207594
H            0.91888423312843       -4.69814487448367       10.26937757505413
H            0.02808551399282       -6.38682259681647        8.99572438283589
H           -1.41594170243780       -5.16449409924240        6.50542151106326
H           -0.98891099235919       -1.68972153508005        6.86378421962641
H           -1.71753329028166        1.66043183707730        6.06670262590576
H           -1.91557474339480        5.15077984358200        5.73246300583640
H           -0.54771790754300        5.51736987346090        7.52502773980555
H            1.38464258421952        3.99058193031705       10.08708261890981
B           -4.87098506436075       -2.55626790891946        0.08766119867076
B           -4.49389050325669       -1.20086477760711       -0.64662753980610
B           -4.22553404544146        0.04230752718973       -1.72483744858356
B           -3.37504383253826       -2.57986245974322       -0.51298603084598
B           -2.83622464925897        0.32234615955739       -1.07762300570108
B           -4.27473333400309        0.42481190360257        0.03157326618616
B           -5.02128957594813        1.46627994557163        0.99186865439433
B           -4.57133449025569        3.03230092413134        1.18832575568025
B           -2.73257795220413        0.49095442121356        0.57437254165618
B           -3.24856032524406        3.30671657367313        2.09582179245062
B           -2.16848212378533       -3.72804003128679       -0.54778689686117
B           -1.81367130762732       -2.18643136844560       -0.71199013656589
B           -1.59610840882126       -0.57233606113273       -0.47097755748816
B           -0.55715018328228       -3.19983456203387       -0.58423505545713
B           -0.14200214403857       -0.17379196748872        0.13812947968798
B           -1.33600153891476       -0.00068438036357        1.26851749811086
B           -1.71105986292288        1.61900995662518        1.22282660304966
B           -1.87948890586515        3.19336323377897        1.27507747664327
B           -0.14587794781601        0.99722347456477        1.50799816143238
B           -0.74852205288050        4.30353071716297        0.86732721797895
B            0.83897941620091       -4.12084783224524       -0.37303119159901
B            0.95646057461852       -2.52581729364407       -0.42993327431107
B            1.26478062200576       -0.97031793118096       -0.22774541557359
B            2.24660286408148       -3.40781906782360        0.13022201779820
B            2.66892699511259       -0.20599659046882       -0.01514410389674
B            1.32484984366570        0.49389235653176        0.58708139393534
B            1.17961774472526        1.98884622617215        1.38547689631885
B            0.52600941152621        3.38595572520233        0.92633456713116
B            2.46054986457267        1.67564616667128        0.34540002790264
B            1.09217233863942        2.91607824698889       -0.57770531154691
B            3.34443603428639       -3.83267953736158        1.33631170149723
B            3.68419690637793       -2.65058949216722        0.26469549807716
B            4.08381371908897       -1.13198598578759       -0.09383607716798
B            4.57648717361514       -2.82672231547980        1.55671417256155
B            5.35852493536069       -0.25762067183707       -0.71593181666894
B            4.16674099973627        0.52349642856620        0.04994427778708
B            3.98254515040577        2.31171679644020       -0.01936573231938
B            2.68102733209126        3.00854584559142       -0.80372126105025
B            5.39583471883383        1.48981424329708       -0.34263631349038
B            4.12614824161081        3.44987803069120       -1.13340160271030
H           -5.42604585937447       -3.19009391821363        0.90061434667999
H           -5.67260012116604       -1.86391340110859       -0.65419240975647
H           -4.93872439273805        0.31712707207406       -2.62163873440246
H           -5.87296241046839        1.07989151190504        1.72304161396326
H           -5.23491717775377        3.89732996914601        0.73779073335324
H           -3.35720751768456        3.42639563976198        3.26124040933637
H           -2.40234145054703       -4.87466406821844       -0.56825535135230
H           -0.91391354475052        5.41302687498279        0.51205804807609
H            0.80254535366021       -5.27598453572909       -0.55708909797679
H            0.36462767379834        2.51075806994300       -1.41918823866444
H            3.13718475510415       -4.77118292818972        2.00236965783643
H            5.47530840354329       -2.50890784890557        2.22599671845578
H            6.34953404075887       -0.65509292297466       -1.19351840542931
H            6.48033191606757        1.92715275904769       -0.28653770895027
H            4.89137597461697        4.11566082199496       -1.70985924621751
87
 energy: -121.924153688869 gnorm: 0.005010236916 xtb: 6.7.1pre (5071a88)
O            1.70848518998392        2.39748123549007       10.57325314576383
C            1.03127553976617        1.79678056523271        9.69576210206356
C            0.97853528546971        0.35515197874931        9.71570388847714
O            1.68948628057781       -0.20078616367767       10.72903786140900
C            0.27317641531022       -0.35468510495055        8.77448377424879
C            0.13610327089703       -1.79430415132235        8.67792641137417
C            0.64285623175361       -2.65993776085702        9.65270692887392
C            0.47665468072503       -4.02535830492500        9.52761538666268
C           -0.18693528303046       -4.56047057782932        8.43503505004812
O           -0.38450301362381       -5.91269950563057        8.25915805423926
C           -0.69874259319772       -3.70640471761961        7.44615821399968
O           -1.34775769387407       -4.22189446348217        6.36259825982833
C           -0.53843422784368       -2.34380701694695        7.57467684121313
O           -0.39982377221630        0.31230883458514        7.78450270987170
C           -0.41637019698038        1.65786620949176        7.72839593084902
C           -1.15490081034253        2.24872447799672        6.71271451202811
C           -1.20175411530937        3.63529070004575        6.62336561474767
O           -1.94062997581108        4.17123284868780        5.62253640762750
C           -0.51075560904612        4.43282882725655        7.53061819448775
C            0.23458169939240        3.85343305140052        8.54689099774645
O            0.90171520922173        4.61650661468833        9.41914144524174
C            0.28425575416035        2.44485214066062        8.65312773428353
H            2.07202049357756        0.57869341516403       11.19250266720466
H            1.16281959059929       -2.26577700392164       10.50854647971308
H            0.86814521794911       -4.68872561908624       10.28899471955058
H            0.02038165864650       -6.38581903936996        8.99412382496280
H           -1.36119375655381       -5.18251609888700        6.46458731728546
H           -0.94674475006700       -1.70434955829342        6.80984852637226
H           -1.69803332356153        1.64517164218751        6.00785185262973
H           -1.89867307714908        5.13269017181165        5.65670517393230
H           -0.54622332077408        5.50967564712288        7.46117361166421
H            1.35811067680968        4.00010866899862       10.05278657969702
B           -4.87026710094847       -2.55295390969938        0.09307806050883
B           -4.48837266153892       -1.19473251088803       -0.63461323467488
B           -4.21374208005891        0.05207859292754       -1.70692213729818
B           -3.37266716623324       -2.57539723966900       -0.50105854194384
B           -2.82661468591856        0.32851349936185       -1.05361802137828
B           -4.26830678672205        0.42809456289074        0.05207842747667
B           -5.01947129082931        1.46829559521640        1.01008243475263
B           -4.56974819598621        3.03373322417513        1.21004828273389
B           -2.72798202413749        0.49176076065515        0.59972334742668
B           -3.24833598472700        3.30812426003082        2.11907188062763
B           -2.16578441667004       -3.72461681018804       -0.53645459801182
B           -1.80990945697924       -2.18261781527098       -0.69197150379239
B           -1.59016525706866       -0.56995086916368       -0.44658103499570
B           -0.55440541862004       -3.19819104204727       -0.56358662402845
B           -0.13736464881501       -0.17319112656735        0.16582367043704
B           -1.33195191225023       -0.00022043176806        1.29513138499271
B           -1.70625894657153        1.61910693666772        1.25082770947497
B           -1.87728576867491        3.19341992466731        1.30215852099427
B           -0.14099522117559        0.99729274599403        1.53439738214235
B           -0.74560782986303        4.30372979882616        0.89420635968893
B            0.84087504134622       -4.11928250440104       -0.34780042171532
B            0.95896922022742       -2.52483435709875       -0.40626687498272
B            1.26872895824402       -0.96971444278360       -0.20314078690567
B            2.24994184369638       -3.40508261144623        0.15311005461140
B            2.67251405353466       -0.20474474545507        0.00647607018226
B            1.32962181426462        0.49394354595216        0.61283329952397
B            1.18439412565306        1.98980339223009        1.40959080278246
B            0.52847187277693        3.38581667305354        0.95143437991621
B            2.46336625775095        1.67620246074484        0.36660068671567
B            1.08987879603628        2.91515899160235       -0.55447029999230
B            3.34793833503897       -3.82952454162908        1.35903775551914
B            3.68882770742523       -2.64933280536106        0.28521885015924
B            4.08672729009526       -1.13101258899068       -0.07643405722145
B            4.58087136464013       -2.82560203700245        1.57768813086845
B            5.35908721303619       -0.25735570894601       -0.70409503724724
B            4.17053574950139        0.52473927403056        0.06522987841466
B            3.98307885107113        2.31275456626607       -0.00694651007722
B            2.67778001347502        3.00727341928469       -0.78677241924382
B            5.39592643546452        1.49199094953029       -0.33501399104004
B            4.12100862751256        3.44796195316245       -1.12499938088132
H           -5.43262932661222       -3.18782652071169        0.90028256744276
H           -5.66716697637753       -1.85259285321264       -0.64923235305851
H           -4.92381167479689        0.33228870388010       -2.60454291876871
H           -5.87288879537059        1.08084955610281        1.73846165777261
H           -5.23123551378320        3.89914476369870        0.75697633945361
H           -3.35973548254487        3.43170986697453        3.28368553745509
H           -2.40231971168503       -4.87063217454254       -0.56315019214032
H           -0.91174361712623        5.41290563314697        0.53826875612370
H            0.80531580013066       -5.27528313919258       -0.52630090379225
H            0.35940575453767        2.50817927429866       -1.39257502366939
H            3.13982846576248       -4.76887306443869        2.02376058715538
H            5.48094918824651       -2.50622646618156        2.24449323057991
H            6.34916557467583       -0.65417517677938       -1.18401144891140
H            6.48042931088352        1.93018147705607       -0.28495553645568
H            4.88334761141014        4.11210514826400       -1.70723241183239
87
 energy: -121.924356825073 gnorm: 0.004838118115 xtb: 6.7.1pre (5071a88)
O            1.66690010855881        2.40132688128569       10.55380603725831
C            1.00278659785326        1.79902537879510        9.66681053989578
C            0.94910491500264        0.35686137205665        9.69492909554767
O            1.64286001123868       -0.19266873568678       10.72601330752797
C            0.25984867328731       -0.35691625957674        8.74399729414255
C            0.12697777813130       -1.79728735928560        8.65327462300387
C            0.61167702081537       -2.65475007885268        9.64291129132078
C            0.45044839361357       -4.02125426612234        9.52331959129633
C           -0.18567534254289       -4.56559442793959        8.42057704880872
O           -0.37541822944074       -5.91920273929621        8.24627365814476
C           -0.67471562358586       -3.71912670180628        7.41725091566930
O           -1.29548841038048       -4.24326430606427        6.32465926516389
C           -0.52024704730799       -2.35524392099006        7.54105740355853
O           -0.39813763939550        0.30611675305522        7.73848844960871
C           -0.41526496920440        1.65156280965656        7.67855719737254
C           -1.14044642414972        2.23831792627318        6.65135921051168
C           -1.18691326967516        3.62474165996039        6.55615526412519
O           -1.91464009267063        4.15604464161843        5.54474933125669
C           -0.50709218379117        4.42658809801235        7.46840446299563
C            0.22445698409682        3.85120800895736        8.49665736743108
O            0.87960681324759        4.61924542514864        9.37418799832244
C            0.27222967184555        2.44319302874116        8.60979671650579
H            2.01651561696382        0.59261237334698       11.18819122690209
H            1.11206532065382       -2.25360897152082       10.50445596870399
H            0.82622558222321       -4.67778016473174       10.29563206706641
H            0.01486822685148       -6.38623419466414        8.99424844347149
H           -1.31207704282540       -5.20355236404233        6.43571401624312
H           -0.91014010474821       -1.72167525537255        6.76392093910466
H           -1.67517669312845        1.63242479076626        5.94162356325350
H           -1.86982623743550        5.11869718246896        5.57281954115690
H           -0.54109989578823        5.50329213391258        7.39459878109835
H            1.32492903826139        4.00886474933684       10.01948612995179
B           -4.86847252281576       -2.54987890119717        0.09803194624204
B           -4.48248957238233       -1.18823460093904       -0.62241600421865
B           -4.20115753939551        0.06313296192094       -1.68749370304287
B           -3.36909941350667       -2.57051360603645       -0.48909049565497
B           -2.81626866118948        0.33567582447893       -1.02799815795147
B           -4.26105887086654        0.43089061036487        0.07474909195928
B           -5.01496554337385        1.46851941519571        1.03283615621314
B           -4.56765010933590        3.03468634788530        1.23077090180227
B           -2.72272408382788        0.49287566730562        0.62670000068619
B           -3.24853833901398        3.31071971356194        2.14212423619337
B           -2.16142702822086       -3.72059176650658       -0.52510824075074
B           -1.80527527457514       -2.17815741148246       -0.67128567022875
B           -1.58343598762212       -0.56689143166484       -0.42128764628488
B           -0.55049933343551       -3.19568489778620       -0.54203206458902
B           -0.13215465648892       -0.17147020316732        0.19387879723975
B           -1.32708460142799        0.00069285021151        1.32271693753696
B           -1.70075317336205        1.61969271990602        1.28087246707300
B           -1.87499602724869        3.19411583207847        1.33033289582784
B           -0.13529420208250        0.99794400213548        1.56179108702367
B           -0.74238374626356        4.30489756823070        0.92301805408213
B            0.84379641312497       -4.11664649326390       -0.32114559403728
B            0.96277110806707       -2.52295773456459       -0.38084914630252
B            1.27337526148928       -0.96800853798977       -0.17731233089805
B            2.25366068860522       -3.40090546934391        0.17949551262377
B            2.67637358493233       -0.20210042520524        0.03044478035487
B            1.33419335305493        0.49435851603429        0.64143549717070
B            1.19023697279054        1.99199183609513        1.43375351161953
B            0.53108061454154        3.38629045911010        0.97649303304434
B            2.46730536814861        1.67640206594489        0.38774577490711
B            1.08613709549934        2.91453421922129       -0.53180434641611
B            3.35090662547018       -3.82919079361805        1.38380855298496
B            3.69377268731732       -2.64631259729469        0.31347262958593
B            4.08948895548393       -1.12886814271913       -0.05456513230299
B            4.58632354618782       -2.83056506862891        1.60439744832426
B            5.36014134616724       -0.25705198469685       -0.68761166798921
B            4.17412733445861        0.52773726615698        0.08193793596792
B            3.98347426062973        2.31607459698301        0.00393994491779
B            2.67290128071474        3.00533997703598       -0.77127086079951
B            5.39583802586120        1.49528187907941       -0.32749192267246
B            4.11326156871818        3.44782603409487       -1.11863983293115
H           -5.43909250144189       -3.18539670247045        0.89894083721829
H           -5.66042791434022       -1.84077266881320       -0.64538484946796
H           -4.90798665522025        0.34980592017959       -2.58558481229134
H           -5.87396424400928        1.08102873430943        1.75504963667978
H           -5.22983148134862        3.89978628130649        0.77875825840413
H           -3.36389974944239        3.43393523826218        3.30601858368713
H           -2.40100410049663       -4.86587992515100       -0.55851668986678
H           -0.91002483994863        5.41285592307183        0.56419490008743
H            0.80981116255567       -5.27351347262788       -0.49376394876702
H            0.35202865378451        2.50513228089038       -1.36549848492033
H            3.14018196037804       -4.77086782334442        2.04453609464476
H            5.48718037585810       -2.51130162684194        2.26997484450313
H            6.34995432694642       -0.65382743558179       -1.16748195896884
H            6.48022507969098        1.93509777663334       -0.28553933219499
H            4.87161597542045        4.11075773584348       -1.70741420151080
87
 energy: -121.924542827387 gnorm: 0.005314893783 xtb: 6.7.1pre (5071a88)
O            1.62319136671146        2.41059810579639       10.52652760958297
C            0.97144716595134        1.80273612759408        9.63386966061223
C            0.91755550159108        0.36047234299409        9.67069392551733
O            1.59499973919701       -0.18335235778494       10.71689367652997
C            0.24510229331855       -0.35876203158882        8.71184203472140
C            0.11707229156299       -1.80022844369648        8.62747846052616
C            0.57217113008449       -2.65009526699067        9.63945315541290
C            0.41593191104944       -4.01748227012372        9.52508035986848
C           -0.18757263779237       -4.57064228272202        8.40832358717294
O           -0.36924756530468       -5.92631424957623        8.23705325584137
C           -0.64491338041675       -3.73203498036383        7.38088051935436
O           -1.22760467194327       -4.26412384295928        6.26729046006967
C           -0.49493585962045       -2.36655329256434        7.49833051423330
O           -0.39651291041254        0.29837197263203        7.68925925653751
C           -0.41464969282310        1.64360810180998        7.62313481821234
C           -1.12438237626726        2.22538663192939        6.58173806807697
C           -1.17080567742658        3.61144776561643        6.47961563302361
O           -1.88593467500823        4.13809425469222        5.45604124023558
C           -0.50482577767358        4.41874026369890        7.39761248654282
C            0.21229649681840        3.84813926621601        8.43915595820026
O            0.85485215977540        4.62184258381699        9.32138100934199
C            0.25823293910433        2.44072780136116        8.56061856764844
H            1.95898291832861        0.60504632374750       11.18071653712492
H            1.04392712837703       -2.24132192485891       10.51629493937080
H            0.76734116217992       -4.66770901681827       10.31658269754723
H            0.00545406146726       -6.38727515667297        8.99445817348926
H           -1.24967432319492       -5.22365094092345        6.38742801487394
H           -0.85852705640192       -1.73895675097344        6.70065575061522
H           -1.64862778307785        1.61631103867162        5.86632785441837
H           -1.84027377284124        5.10165637890952        5.47921742538444
H           -0.53883575077778        5.49515014692825        7.31861804140451
H            1.28900303319945        4.01586123310816        9.97804606509446
B           -4.86682036717931       -2.54571555904566        0.10365034721753
B           -4.47617252187346       -1.18057049621613       -0.60805567889039
B           -4.18756994023094        0.07598760492314       -1.66526383815570
B           -3.36447250551928       -2.56516749332810       -0.47518970452867
B           -2.80506329455796        0.34363389891845       -0.99882111576209
B           -4.25373560308169        0.43494464531141        0.09892678995259
B           -5.01329427128376        1.47085185610681        1.05406212576494
B           -4.56437217984188        3.03637130706198        1.25217666919918
B           -2.71735474494904        0.49400923653986        0.65712105376809
B           -3.24858384141428        3.31276981100905        2.16785315530654
B           -2.15708642330795       -3.71633105625754       -0.51092328704932
B           -1.79978627856857       -2.17340049301545       -0.64774235663039
B           -1.57650484722146       -0.56340804247484       -0.39126200321303
B           -0.54607418348220       -3.19282982786229       -0.51725838331118
B           -0.12650004166747       -0.17039005683234        0.22715194754275
B           -1.32231108313051        0.00128720040060        1.35469693886383
B           -1.69563227596442        1.62000980052648        1.31486971316890
B           -1.87201813104113        3.19441599124606        1.36216526883249
B           -0.12992404301579        0.99838405870926        1.59464497094902
B           -0.73935204124052        4.30559086687230        0.95373802404810
B            0.84716896886530       -4.11440809466936       -0.29035471215449
B            0.96682563702273       -2.52124265354971       -0.35187184350976
B            1.27823225861000       -0.96649367323035       -0.14701952231050
B            2.25763787655280       -3.39771555148510        0.20929021976895
B            2.68059370183565       -0.19968937578152        0.05831989129135
B            1.33959898510399        0.49417856430709        0.67527805141746
B            1.19546029480773        1.99360974958767        1.46264160260364
B            0.53328347639748        3.38638816546384        1.00523870523807
B            2.47053064781866        1.67753555895196        0.41346944990118
B            1.08255392551777        2.91351526814437       -0.50486915084985
B            3.35564927723515       -3.82726533950789        1.41203319527832
B            3.69865515818414       -2.64350290160139        0.34287825438363
B            4.09326609120522       -1.12712174041296       -0.03062079509218
B            4.59304165178083       -2.83148362314392        1.63194027075256
B            5.36116039014451       -0.25656150559016       -0.67070260292463
B            4.17816602701747        0.53003254433043        0.10102474671571
B            3.98363366937838        2.31860901800420        0.01905460200438
B            2.66810366273450        3.00321964773036       -0.75150430719470
B            5.39561213675900        1.49827168641612       -0.31840861211896
B            4.10598637207710        3.44618125557207       -1.10863639221187
H           -5.44518567275209       -3.18377142068535        0.89703070152787
H           -5.65335906610447       -1.82936370448419       -0.64169391390455
H           -4.89063274082754        0.36969625954811       -2.56406718448666
H           -5.87129215775346        1.08192009946479        1.77603470489921
H           -5.22621783382391        3.90175696224990        0.80060272332278
H           -3.36927134606928        3.43758817724886        3.33071066522465
H           -2.39891853711173       -4.86098746831833       -0.55160228985795
H           -0.90798170982347        5.41366926063465        0.59562479170348
H            0.81319401810407       -5.27201026368971       -0.45776465003786
H            0.34530002672453        2.50123790033817       -1.33433403741753
H            3.14363833078953       -4.76909053948732        2.07217451781496
H            5.49556508450756       -2.51284283212269        2.29549551389568
H            6.34991975176046       -0.65319085046821       -1.15267100294754
H            6.47965579033489        1.94004909712864       -0.28581321662753
H            4.86016208359500        4.10760553964706       -1.70450876779318
87
 energy: -121.924709838539 gnorm: 0.005590757055 xtb: 6.7.1pre (5071a88)
O            1.58001325036732        2.41862983661515       10.50609342996544
C            0.94011502122509        1.80508559280929        9.60871853861479
C            0.88902031363942        0.36340294816571        9.64817888253233
O            1.55735575268198       -0.17751832927645       10.70053201417805
C            0.22960930103010       -0.36011949251901        8.68466953473055
C            0.10839202374663       -1.80261530300686        8.60378361253402
C            0.54403880451280       -2.64649897411805        9.63091855659265
C            0.39412348682902       -4.01465800372016        9.52036769706758
C           -0.18488421090822       -4.57582376831791        8.39349577443027
O           -0.36079296501826       -5.93386073283015        8.22971355826500
C           -0.62166332287953       -3.74407270746244        7.35212805714033
O           -1.18282963324105       -4.28240431856090        6.23389221567192
C           -0.47754855232296       -2.37699860035786        7.46475206487794
O           -0.40160849880461        0.29259608151771        7.65189269949245
C           -0.41793250868929        1.63771279401497        7.57967308941724
C           -1.11027088156038        2.21747886236217        6.52489352870397
C           -1.15276057116988        3.60321772268678        6.41740082434581
O           -1.85203890794893        4.12942847075843        5.38167154306406
C           -0.50044110597156        4.41372494564441        7.34206671173315
C            0.20051614806982        3.84511425200176        8.39594325286586
O            0.83194052221436        4.62182434592729        9.28313672300778
C            0.24180894956466        2.43822900245047        8.52323101897896
H            1.91115219512170        0.61148096573621       11.16901877775246
H            0.99544240013905       -2.23119177828559       10.51635837627862
H            0.72916443158515       -4.65897341071853       10.32520382684604
H            0.00037058514068       -6.38895578256247        8.99528053873119
H           -1.20762228096614       -5.24087952168749        6.35769928195157
H           -0.82778513275218       -1.75598845749856        6.65994788223920
H           -1.62485000548475        1.60797529011807        5.80264400379472
H           -1.80087361668219        5.09306203868350        5.40247634177349
H           -0.53221222986864        5.48983100939913        7.25889136305880
H            1.25511888764236        4.01689473090500        9.94791098214099
B           -4.86427354299657       -2.54247399003676        0.10689600423012
B           -4.47078925249763       -1.17443480770279       -0.59720123781018
B           -4.17641459471382        0.08672612404624       -1.64731571154619
B           -3.35899014013855       -2.56125874644439       -0.46461777985336
B           -2.79596352716249        0.35029934149192       -0.97520435416534
B           -4.24795041494778        0.43747367767473        0.11811113707698
B           -5.01199027564094        1.47196966841588        1.07069992338142
B           -4.56278774182807        3.03748742338919        1.26623282982350
B           -2.71301731429848        0.49493762711281        0.68143992360985
B           -3.24984055182142        3.31360537445407        2.18544731696404
B           -2.15184091151730       -3.71285089060815       -0.49918141941622
B           -1.79435877229100       -2.16940224799657       -0.62914197010553
B           -1.57072602981718       -0.56022198403186       -0.36677587553506
B           -0.54107262349465       -3.18960147816856       -0.49718460248627
B           -0.12166931097658       -0.16881747864532        0.25340467300136
B           -1.31825501110604        0.00206147414674        1.38013121319459
B           -1.69176057136453        1.62057496767865        1.34200124668349
B           -1.86985880961249        3.19506417351199        1.38660627769610
B           -0.12571692161069        0.99939973104813        1.62127541915131
B           -0.73752307698673        4.30673962577385        0.97676792470223
B            0.85124777595906       -4.11184082778168       -0.26501335124385
B            0.97157211632262       -2.51911489747568       -0.32780453004854
B            1.28262541353962       -0.96416034892959       -0.12209999972659
B            2.26118404413404       -3.39447625245340        0.23610195321076
B            2.68407590688923       -0.19637657986868        0.08278225061747
B            1.34351293088251        0.49423730443218        0.70508211819164
B            1.19959416945550        1.99605505347573        1.48492856236595
B            0.53445881659797        3.38723584078550        1.02663608715078
B            2.47358188258376        1.67849980051149        0.43379318614816
B            1.07844076281297        2.91296441876025       -0.48475117736487
B            3.35952799777059       -3.82834930950741        1.43632043706592
B            3.70246776422100       -2.63932073548651        0.37320410774524
B            4.09643721667433       -1.12455236660990       -0.00727588431196
B            4.59971950864477       -2.83655364464906        1.65887543212772
B            5.36249983748162       -0.25581062460431       -0.65309337613471
B            4.18082540214215        0.53341068950725        0.11761093368897
B            3.98337549663556        2.32267545487976        0.03027541477157
B            2.66286127041201        3.00073405291454       -0.73711918610352
B            5.39500670408515        1.50139534088585       -0.31084682080469
B            4.09812683470579        3.44629856149583       -1.10182886913371
H           -5.44836433692855       -3.18301028451600        0.89380926215751
H           -5.64673405500519       -1.82200007775305       -0.64128345195977
H           -4.87637563242182        0.38675339530544       -2.54637673415685
H           -5.86769061103307        1.08205499077612        1.79422307021661
H           -5.22495004691066        3.90287409091027        0.81530097623159
H           -3.37740421105775        3.43908330655842        3.34713218412491
H           -2.39464974886724       -4.85699656817739       -0.54521574600587
H           -0.90729568336755        5.41537017166592        0.62074382743748
H            0.81676020325042       -5.26976955477069       -0.42944495925421
H            0.33860342483893        2.49741818761997       -1.31017073400682
H            3.14569231125892       -4.77058036872605        2.09528690316895
H            5.50411380874668       -2.52141386490673        2.32153373966913
H            6.35095312028657       -0.65327909755429       -1.13501565618962
H            6.47826387187532        1.94565761002687       -0.28785831130804
H            4.84801247870522        4.10693383931885       -1.70385729975122
87
 energy: -121.924863471018 gnorm: 0.005815397453 xtb: 6.7.1pre (5071a88)
O            1.53249602669173        2.42743373658022       10.48919659558433
C            0.90777821982465        1.80715309210147        9.58539404063430
C            0.86069578097691        0.36653537747945        9.62538255843575
O            1.52093780354741       -0.17308961705970       10.68181360083348
C            0.21206789108181       -0.36122065078031        8.65926876189216
C            0.09562783928661       -1.80468113418967        8.58442993792401
C            0.51805864246637       -2.64322787533381        9.62049977453374
C            0.37445508272616       -4.01196373977593        9.51468394321744
C           -0.18483232827653       -4.58029374393615        8.38237123987269
O           -0.35068063565212       -5.94054205219387        8.22132699632453
C           -0.60588986681384       -3.75556280437454        7.33157101457680
O           -1.14282358223993       -4.30014736044468        6.20254293018512
C           -0.46885404757782       -2.38684387339122        7.44054870261856
O           -0.41120124742748        0.28705279245974        7.61963204771231
C           -0.42244826880719        1.63219421575868        7.53907603752829
C           -1.09521819022717        2.21120783356576        6.47106195529519
C           -1.13101907315188        3.59659603833832        6.35886306582701
O           -1.81045853907961        4.12452441005434        5.31006671506093
C           -0.49388888317912        4.40935758512846        7.29132871756717
C            0.18849693926407        3.84177868324068        8.35773435854810
O            0.80760584529899        4.61967461932607        9.25173140890466
C            0.22362431453734        2.43529868489909        8.48923120301759
H            1.86719940691466        0.61415298033516       11.15563320923828
H            0.95729608102838       -2.22216324184597       10.50423793640450
H            0.70279299148330       -4.65057816817887       10.32002214790722
H           -0.00612466705712       -6.38998852961059        8.99824549144878
H           -1.16969638405011       -5.25748484746181        6.32825338153582
H           -0.80065908508306       -1.77149622953402        6.61944593099122
H           -1.59981775835437        1.60241307204978        5.74153426858499
H           -1.75192735351767        5.08742379996531        5.32982207112526
H           -0.52239925387280        5.48504047344285        7.20412410029716
H            1.21945215954975        4.01263047293852        9.92280202857534
B           -4.86057261163082       -2.53928620819944        0.10846311838617
B           -4.46508994901458       -1.16873460413906       -0.58794483488085
B           -4.16583260438122        0.09700710292815       -1.63092251815060
B           -3.35185306612568       -2.55831981436073       -0.45534313014887
B           -2.78733550174798        0.35622244716697       -0.95361412236001
B           -4.24243961654264        0.43902822730007        0.13513210375824
B           -5.00956289715324        1.47194033448470        1.08634317991980
B           -4.56322701129092        3.03859462712638        1.27564119669291
B           -2.70882773037059        0.49572366875960        0.70333707416910
B           -3.25300797485442        3.31460554625207        2.19758598072105
B           -2.14537720141094       -3.70980682354935       -0.48748398855456
B           -1.78791207125740       -2.16576734255120       -0.61207458759695
B           -1.56507730731290       -0.55711251743639       -0.34358336186329
B           -0.53471940528174       -3.18586799083998       -0.47779936854251
B           -0.11680654810939       -0.16700365211778        0.27788318263064
B           -1.31451411692546        0.00308180389741        1.40355182863352
B           -1.68886444221552        1.62146611483681        1.36681512908259
B           -1.86855960696941        3.19621350009082        1.40750680323752
B           -0.12234919639573        1.00105355893020        1.64656463329253
B           -0.73660508023545        4.30861233359979        0.99711123110600
B            0.85673280816992       -4.10903951446251       -0.24021179060763
B            0.97757545468584       -2.51664955248826       -0.30394945260728
B            1.28717073281457       -0.96114539553581       -0.09758115222451
B            2.26511928580833       -3.39130402188469        0.26435121286776
B            2.68745055847469       -0.19214806693107        0.10825687602144
B            1.34702149972869        0.49439087432809        0.73613420142149
B            1.20276754614918        1.99936384653334        1.50543403491386
B            0.53456002484348        3.38867550969608        1.04523420961352
B            2.47639421645782        1.67969272442161        0.45315842807602
B            1.07336591877956        2.91264616111815       -0.46707174798206
B            3.36388681123586       -3.83132841049963        1.46099604226806
B            3.70612115238843       -2.63362435259771        0.40752831494844
B            4.09988779409685       -1.12109225026979        0.01861672531141
B            4.60756257240227       -2.84409260362759        1.68814836159344
B            5.36426919004986       -0.25449813196804       -0.63290584934832
B            4.18286475816202        0.53779705200693        0.13492341468587
B            3.98255009607085        2.32797875956100        0.04087646293845
B            2.65664361314113        2.99757807157364       -0.72434337072783
B            5.39386623213023        1.50499116479895       -0.30304886049022
B            4.08912424820056        3.44736849235340       -1.09550543099286
H           -5.44901571153402       -3.18306535576359        0.88900959090310
H           -5.63929583789696       -1.81708243331159       -0.64335478104969
H           -4.86281233856950        0.40312737924905       -2.53010045216353
H           -5.86565445025377        1.08216772800950        1.80956650441576
H           -5.22569039494658        3.90334238206635        0.82369003990688
H           -3.38974489178311        3.43989703886280        3.35785666510863
H           -2.38770155820935       -4.85364546145309       -0.53824350594946
H           -0.90773084770358        5.41762011558824        0.64286063838855
H            0.82069314620721       -5.26699223299937       -0.40358794813320
H            0.33130956398283        2.49307527637966       -1.28829484998819
H            3.14848229162462       -4.77337966901541        2.11955930290368
H            5.51465418038561       -2.53580348606053        2.35044853780613
H            6.35293003280681       -0.65352666840335       -1.11338354809269
H            6.47572638474960        1.95259704848896       -0.29090841205616
H            4.83414899598400        4.10772767055204       -1.70364413345775
87
 energy: -121.924990291633 gnorm: 0.007309789632 xtb: 6.7.1pre (5071a88)
O            1.48522728680420        2.43551361544021       10.47369876642480
C            0.87777955740945        1.80972092471513        9.56093422628233
C            0.83205678289941        0.36986204940901        9.60451354146200
O            1.47795907756556       -0.16711607026961       10.67229695676958
C            0.19737623962910       -0.36222149304866        8.63124412625020
C            0.08613866158034       -1.80620574951663        8.55898376814751
C            0.49161210312820       -2.63908304621086        9.60566813551059
C            0.35289254101224       -4.00849334516211        9.50491767791909
C           -0.18263923378182       -4.58298952928692        8.36404496408626
O           -0.34227944084277       -5.94458118318193        8.20801303060525
C           -0.58453025316129       -3.76496394057743        7.30128191688472
O           -1.09815001978603       -4.31625170441317        6.16454635179339
C           -0.45395506910368       -2.39535776163015        7.40737763751022
O           -0.41395277706338        0.28112093898542        7.58211625102491
C           -0.42203191957072        1.62621836978269        7.49428544008350
C           -1.07785407700452        2.20227243320402        6.41429722845570
C           -1.10964862254904        3.58726960692183        6.29726859739288
O           -1.77096848727933        4.11337119955523        5.23611552471196
C           -0.48735546135802        4.40306457061447        7.23677899261477
C            0.17778764730704        3.83879323718853        8.31576168648065
O            0.78287975159515        4.61824313733895        9.21800637744533
C            0.20928453520200        2.43261110365170        8.45194932737694
H            1.82041588785910        0.61920792290654       11.14917556943712
H            0.90666697339215       -2.21238919700620       10.50314706273039
H            0.66071475149223       -4.64340823174257       10.32716738079463
H           -0.02071513727193       -6.38965800211884        9.00378866982236
H           -1.12695546527451       -5.27292047326957        6.29450981456866
H           -0.77287353085535       -1.78529949848561        6.58081901528359
H           -1.57216452256717        1.59191661946897        5.67936563741885
H           -1.71050732606218        5.07545784365889        5.25312923764093
H           -0.51419458626316        5.47823260229083        7.14486461244076
H            1.18386495547972        4.00969826126079        9.89676780273583
B           -4.85682855051365       -2.53573898610956        0.11030648592351
B           -4.45835683295805       -1.16286920288060       -0.57840826416080
B           -4.15436320465808        0.10711583133909       -1.61466795820278
B           -3.34468542431684       -2.55553366532069       -0.44521754941475
B           -2.77792184812635        0.36146663686301       -0.93186317473006
B           -4.23611142751418        0.44062454694053        0.15235608152811
B           -5.00529981407031        1.47157509084083        1.10361083471163
B           -4.56478114079516        3.04008243956429        1.28642631635371
B           -2.70422529415182        0.49646719593707        0.72559968075221
B           -3.25725115113253        3.31803715232394        2.21020712340525
B           -2.13923434541303       -3.70691823344145       -0.47492221109728
B           -1.78083409201906       -2.16231640912438       -0.59365851750608
B           -1.55883968647703       -0.55436972285139       -0.31948799046675
B           -0.52806963030877       -3.18265177030677       -0.45650321529192
B           -0.11162791389260       -0.16563452925274        0.30457789320289
B           -1.31101503442110        0.00425306258544        1.42830852073662
B           -1.68630854827739        1.62248206543101        1.39277345467127
B           -1.86813268415427        3.19758023732978        1.42916502666518
B           -0.11929377193184        1.00279205984387        1.67316686152512
B           -0.73593880688577        4.31033817151310        1.01886335674809
B            0.86255245239619       -4.10673988018708       -0.21327959005232
B            0.98364802670316       -2.51465757458804       -0.27778732925449
B            1.29184712561105       -0.95869298012395       -0.07069032258009
B            2.26972684446536       -3.38861533902406        0.29403568337004
B            2.69107351445650       -0.18840793146156        0.13547840420672
B            1.35127318238567        0.49461386647017        0.76874870916274
B            1.20540954472434        2.00260589703256        1.52827878451698
B            0.53443381935750        3.38998508445954        1.06611487951330
B            2.47867817667829        1.68113050898647        0.47473227720613
B            1.06824950178961        2.91215233850582       -0.44726197715728
B            3.36922128894050       -3.83280174186528        1.48733260550273
B            3.71060648868470       -2.62838673403334        0.44111866812201
B            4.10385191396621       -1.11777972855144        0.04497638256440
B            4.61603745521877       -2.84944729830157        1.71699314306725
B            5.36603604114482       -0.25284974244582       -0.61262651591841
B            4.18552262179171        0.54175596712068        0.15393650615716
B            3.98151789008949        2.33232938235915        0.05346757149270
B            2.65043901686077        2.99439395149620       -0.70941475983451
B            5.39257419486999        1.50877656461656       -0.29416664164758
B            4.08044405191777        3.44754515243337       -1.08721609565044
H           -5.44988756418187       -3.18291615906482        0.88451904890937
H           -5.63104088785635       -1.81081223233127       -0.64421060736228
H           -4.84820758276824        0.41872592991671       -2.51436961424200
H           -5.86797732627528        1.08295924600829        1.82075445175042
H           -5.22678589515736        3.90339651525121        0.83080975402021
H           -3.40255444551926        3.44261528508153        3.36920451568717
H           -2.38075760889109       -4.85062957083881       -0.53139814551279
H           -0.90810569039038        5.41917567975702        0.66476748934530
H            0.82485786121234       -5.26485278998315       -0.37542096941022
H            0.32390991411650        2.48868442211272       -1.26435599747349
H            3.15363221655147       -4.77407114019451        2.14668001201582
H            5.52587331568896       -2.54762897585706        2.37868555944618
H            6.35480862429399       -0.65280888003865       -1.09237747745943
H            6.47300724841792        1.95966435287772       -0.29241496410991
H            4.82066804785932        4.10762537275961       -1.70155152189753
87
 energy: -121.925058320907 gnorm: 0.002908792120 xtb: 6.7.1pre (5071a88)
O            1.48296126235207        2.43461957630135       10.47628327374023
C            0.87590701941857        1.80974971159173        9.56346328928255
C            0.83042087580251        0.36985397556464        9.60708339127940
O            1.47494028150530       -0.16677936268953       10.67599175916282
C            0.19705391711416       -0.36186719694867        8.63210381886733
C            0.08543253703433       -1.80554954140809        8.55895944656423
C            0.48909713631350       -2.63860506623667        9.60672875065030
C            0.35197753096448       -4.00815338225554        9.50435912329087
C           -0.18057057808761       -4.58257652790943        8.36221337167846
O           -0.33998254690120       -5.94356669711685        8.20536801197274
C           -0.58337506311812       -3.76363979120522        7.29964245757525
O           -1.09855399407238       -4.31478335425883        6.16404940641583
C           -0.45367005376388       -2.39431830174544        7.40603790592663
O           -0.41140353694306        0.28157735123015        7.58198106453835
C           -0.42049711141895        1.62669515099761        7.49535804036395
C           -1.07478563822034        2.20158364349387        6.41460282530611
C           -1.10698317607506        3.58666368396257        6.29720344517381
O           -1.76393312547047        4.11022340171985        5.23353024077041
C           -0.48645738359799        4.40265894470574        7.23752426341367
C            0.17624747865085        3.83953395202852        8.31792983777676
O            0.77908843487993        4.61842740185199        9.22161891510227
C            0.20912291645897        2.43316013130947        8.45385095060633
H            1.81893752774580        0.61999626696133       11.15253763722249
H            0.90521013547050       -2.21314518484012       10.50237780991786
H            0.66168191611839       -4.64352500069592       10.32392783955838
H           -0.02345317236387       -6.38758490902778        9.00004534196459
H           -1.12408789700770       -5.27197475567985        6.29377795723320
H           -0.77531068747250       -1.78328297690745        6.58061476495259
H           -1.56700774813147        1.59013671088800        5.67935213471538
H           -1.70686642929298        5.07247762672894        5.24940717089139
H           -0.51298432769947        5.47778915222740        7.14470893754630
H            1.18023636551230        4.00924327966226        9.90027836308788
B           -4.85641750324996       -2.53575980422191        0.10964132602527
B           -4.45691108959800       -1.16350022893501       -0.57978847784047
B           -4.15253471187811        0.10505047537486       -1.61754253274545
B           -3.34392664069422       -2.55658807713301       -0.44440440931126
B           -2.77706160146523        0.36016467410547       -0.93336934343322
B           -4.23627688205939        0.44024154747939        0.14933669520763
B           -5.00905842900356        1.47283802045410        1.09594205322740
B           -4.56671915731108        3.04031633240001        1.28187014898895
B           -2.70485161728423        0.49672896905744        0.72414758009448
B           -3.26019339281988        3.31841539276150        2.20712200505044
B           -2.13862268678142       -3.70757691055524       -0.47291122154151
B           -1.77991714392745       -2.16298469569191       -0.59255987294416
B           -1.55842881210440       -0.55498086381585       -0.31930427463010
B           -0.52717908534287       -3.18316641202435       -0.45481010926742
B           -0.11173173996238       -0.16584777957421        0.30594539697693
B           -1.31226909906131        0.00488102076216        1.42832386762473
B           -1.68747784388472        1.62301480757155        1.39162092661030
B           -1.87000981451994        3.19806986669387        1.42810229069914
B           -0.12059835912098        1.00334867479749        1.67347790806909
B           -0.73713585134042        4.31054425806781        1.01828851314456
B            0.86360413496200       -4.10717691538164       -0.21223143489184
B            0.98425136454793       -2.51501995693831       -0.27550783526729
B            1.29182673612764       -0.95896743900612       -0.06816124217366
B            2.27080575826270       -3.38915131762910        0.29520289554698
B            2.69090738055812       -0.18833254952376        0.13780885032292
B            1.35119144308606        0.49482857482671        0.77083171499643
B            1.20404142235388        2.00314576707939        1.52945071998607
B            0.53329907888252        3.39028510212138        1.06676903070656
B            2.47777033206396        1.68131399656817        0.47627510964921
B            1.06729880072403        2.91214712652228       -0.44659116656853
B            3.37107174236011       -3.83352291697367        1.48719777311443
B            3.71150474862754       -2.62824916711036        0.44163689387042
B            4.10395346206978       -1.11729483756545        0.04642428797603
B            4.61812303857446       -2.85042591674728        1.71616656029225
B            5.36576368944704       -0.25199318561657       -0.61124087601205
B            4.18541419464764        0.54208068561103        0.15609290134978
B            3.98063550590027        2.33228372900141        0.05505839801051
B            2.64955911100360        2.99404335366645       -0.70822653495208
B            5.39186954117872        1.50932487386925       -0.29264660467165
B            4.07964843249593        3.44761214336066       -1.08540325353079
H           -5.44953345041819       -3.18214621660651        0.88461140758274
H           -5.62980007205640       -1.81134677407011       -0.64529234253418
H           -4.84606473971126        0.41582306435890       -2.51775896130712
H           -5.86685875542246        1.08296553506433        1.81774101572590
H           -5.22768025131370        3.90322655853843        0.82472752080978
H           -3.40733121350390        3.44582972605631        3.36556924308248
H           -2.37918441915121       -4.85155127397614       -0.52912725774969
H           -0.90888557244374        5.41921267568881        0.66356078822192
H            0.82601296028863       -5.26520293417205       -0.37550609333514
H            0.32306887191597        2.48852506581938       -1.26366064130630
H            3.15700677790927       -4.77524358679455        2.14634067020290
H            5.52668242335088       -2.54774246080891        2.37915543849794
H            6.35448743242136       -0.65156723742703       -1.09137672668526
H            6.47211464736736        1.96041428583681       -0.29089789020909
H            4.81969903829499        4.10807924253607       -1.69947237535154
87
 energy: -121.925118256847 gnorm: 0.003866502607 xtb: 6.7.1pre (5071a88)
O            1.47768138251408        2.43351807999609       10.48285233489436
C            0.87204849802484        1.80982769414105        9.56918251966124
C            0.82661666440629        0.36970659806061        9.61270706464242
O            1.46782850675684       -0.16622637457492       10.68395104546767
C            0.19627504160623       -0.36131326903797        8.63453032989237
C            0.08438428029115       -1.80444912074546        8.55923660893606
C            0.48685558523477       -2.63813422748015        9.60739961916878
C            0.35195708671223       -4.00790182242265        9.50194863816824
C           -0.17740145384242       -4.58145107205550        8.35810910822971
O           -0.33575416884245       -5.94151360221564        8.19863100527334
C           -0.58245784245520       -3.76059560802513        7.29665623966854
O           -1.09908338428280       -4.31146610854147        6.16226690764738
C           -0.45396546596778       -2.39186242581802        7.40440360480225
O           -0.40624915017434        0.28231744170101        7.58222631978338
C           -0.41717393951441        1.62744056866116        7.49755108818454
C           -1.06760215302119        2.20030784124177        6.41432712407310
C           -1.09989147560508        3.58551208390004        6.29551058891509
O           -1.74894892710403        4.10458566966694        5.22694978465934
C           -0.48431766934050        4.40180069202911        7.23879640824102
C            0.17305468266893        3.84065791594682        8.32281720439373
O            0.77051047797288        4.61876794673581        9.23009938944239
C            0.20838037046131        2.43395462720317        8.45828406328384
H            1.81366519100518        0.62141248750882       11.15991733595639
H            0.90151669187178       -2.21428403766372       10.50230292766033
H            0.66256400204410       -4.64448404861081       10.31843190602867
H           -0.02760924855142       -6.38506728427699        8.99249058195120
H           -1.11819095438653       -5.26948600687176        6.29102249655965
H           -0.77867063384673       -1.77885120238749        6.58097553506526
H           -1.55561280856209        1.58682412533223        5.67820163095147
H           -1.69897862357706        5.06725063775460        5.24089292195263
H           -0.51110579891422        5.47691940123052        7.14474672790646
H            1.17161119799161        4.00875568436699        9.90882656459773
B           -4.85528724118127       -2.53594716987924        0.10814317442650
B           -4.45391896023443       -1.16497066004030       -0.58301629188983
B           -4.14886010141504        0.10102314109038       -1.62346586347359
B           -3.34197924883679       -2.55880764245776       -0.44297194433138
B           -2.77503870362859        0.35711154108052       -0.93695416190856
B           -4.23600034049687        0.43877096959456        0.14377098932634
B           -5.01006305500532        1.47281353400407        1.08804857969830
B           -4.57031033723000        3.04135156012411        1.26980510904825
B           -2.70571027303484        0.49700067696683        0.72064932497963
B           -3.26724570453652        3.32266529371843        2.19901273861890
B           -2.13704237107563       -3.70906670340737       -0.46855945005632
B           -1.77750509625157       -2.16465085866596       -0.59016487646008
B           -1.55721610311159       -0.55644399973205       -0.31905669435219
B           -0.52489527312521       -3.18449935806861       -0.45051552001454
B           -0.11185848990400       -0.16626119498516        0.30920931701465
B           -1.31489530706203        0.00613764183244        1.42842439026353
B           -1.69039900741250        1.62411703229321        1.38977384427523
B           -1.87437720690640        3.19926823529647        1.42531879460334
B           -0.12361583945337        1.00463276741770        1.67451718253720
B           -0.73996046532005        4.31081746250864        1.01599971459953
B            0.86639320535397       -4.10827301544236       -0.20991329022286
B            0.98599838117093       -2.51594093337983       -0.27009493159230
B            1.29184214072620       -0.95963165612539       -0.06207069170976
B            2.27378603003120       -3.39056893120038        0.29762895149590
B            2.69049771514899       -0.18803082528457        0.14328543790611
B            1.35095015428257        0.49529954420581        0.77588241344461
B            1.20088374556351        2.00438566238757        1.53238247712913
B            0.53064168739655        3.39095263842002        1.06833524079168
B            2.47564963806821        1.68187481497207        0.47992753925685
B            1.06516357753304        2.91231861610496       -0.44493599360257
B            3.37575885424316       -3.83555005636127        1.48680124666185
B            3.71394034928347       -2.62786794704601        0.44320776702603
B            4.10401800594798       -1.11606650294758        0.04932584108509
B            4.61887211131160       -2.84816203477265        1.71881017016325
B            5.36488194300958       -0.24978370246586       -0.60868273895444
B            4.18515263013486        0.54294979722118        0.16097869188257
B            3.97859473434938        2.33242966311243        0.05887370894684
B            2.64755171336260        2.99344250861077       -0.70539651275395
B            5.39038517810482        1.51079828623947       -0.28902042164689
B            4.07781898498089        3.44777875697947       -1.08134966276500
H           -5.44885259831435       -3.18056930493255        0.88445137360007
H           -5.62705640722146       -1.81340066182618       -0.64822183078025
H           -4.84127999589359        0.40947713036320       -2.52531635792571
H           -5.87366264650663        1.08530303838893        1.80350867398603
H           -5.23094800644576        3.90253182109435        0.80945560267877
H           -3.41856834813765        3.45126597328176        3.35690742860828
H           -2.37560669606557       -4.85358488046425       -0.52383337101036
H           -0.91064650390986        5.41938015866347        0.66047905679016
H            0.82904340891167       -5.26603427015803       -0.37573268886774
H            0.32127254309210        2.48800412786477       -1.26188523371803
H            3.16506949103887       -4.77840484381349        2.14539763079718
H            5.53278839271838       -2.55213927508777        2.37739657043441
H            6.35358053331785       -0.64888406177395       -1.08923655061446
H            6.47022921889127        1.96257899324457       -0.28699742486451
H            4.81744499786655        4.10903981854007       -1.69500210466687
87
 energy: -121.925157081883 gnorm: 0.006078635146 xtb: 6.7.1pre (5071a88)
O            1.47113311125220        2.43320590120788       10.49088952112186
C            0.86777781077811        1.81002315036830        9.57552769597751
C            0.82248188274071        0.36960345746067        9.61872241281321
O            1.45977245152763       -0.16563522164899       10.69251394727837
C            0.19578436108517       -0.36088610265245        8.63747883473112
C            0.08371354591559       -1.80358029829427        8.56001142156858
C            0.48636824863518       -2.63834261625782        9.60719483093414
C            0.35299857865573       -4.00822920339840        9.49862682991193
C           -0.17496857894794       -4.58011475450327        8.35348152416688
O           -0.33147403885846       -5.93955964586718        8.19022827264240
C           -0.58212248741876       -3.75723103110381        7.29366755714913
O           -1.09918572724567       -4.30756559058169        6.15953835350700
C           -0.45462618866450       -2.38903877731596        7.40370665433405
O           -0.40075694586121        0.28288957682431        7.58269709699419
C           -0.41320593924841        1.62798194178591        7.49937011148485
C           -1.05897200767836        2.19920598882977        6.41287600382340
C           -1.09116486547370        3.58447061676867        6.29240928646300
O           -1.73251037666191        4.09985006106322        5.21869586017372
C           -0.48187368970254        4.40101185882555        7.23976550646921
C            0.16977021094543        3.84146561128203        8.32796100368628
O            0.76079519043738        4.61924291256125        9.23950913920704
C            0.20728976760215        2.43452202889451        8.46306554451638
H            1.80573065923584        0.62278206751505       11.16831851418517
H            0.89865182784448       -2.21563256055550       10.50306610275178
H            0.66352563895565       -4.64642387025381       10.31335616083422
H           -0.03093465627750       -6.38424298018331        8.98493061271775
H           -1.11265072865383       -5.26615373412380        6.28678791330398
H           -0.78072190166299       -1.77395304386131        6.58222301109747
H           -1.54241123622118        1.58390421776629        5.67537023381858
H           -1.68958580173040        5.06292331592812        5.23123343503200
H           -0.50950717421576        5.47615377239285        7.14495138139911
H            1.16150354212215        4.00887667593872        9.91856430584191
B           -4.85399610751586       -2.53622237048815        0.10697397035653
B           -4.45084079552154       -1.16679118949651       -0.58657624284151
B           -4.14432413918721        0.09572650644164       -1.63063724787732
B           -3.33971499622042       -2.56125371650837       -0.44113585346082
B           -2.77263580067563        0.35354758058152       -0.94096955129030
B           -4.23614463506982        0.43744649732115        0.13665007485506
B           -5.01436742731414        1.47394563556096        1.07511900097065
B           -4.57501120619366        3.04254597144481        1.25629025261308
B           -2.70718722748770        0.49756394110224        0.71668777172609
B           -3.27546280987876        3.32630992901150        2.18999550925341
B           -2.13515920987972       -3.71074458113094       -0.46370004736628
B           -1.77480291203113       -2.16656298563921       -0.58720969457318
B           -1.55585203848910       -0.55806583749918       -0.31829002279965
B           -0.52231256805606       -3.18594539920015       -0.44575280869662
B           -0.11213965331946       -0.16675845353221        0.31364599527983
B           -1.31834608755954        0.00768779359371        1.42886775497437
B           -1.69391640865475        1.62546001973300        1.38748802480250
B           -1.87966560095922        3.20053370375044        1.42183194559553
B           -0.12742675577891        1.00615318013695        1.67634844597476
B           -0.74345077653188        4.31137298012653        1.01397227556558
B            0.86937864656357       -4.10948305728302       -0.20696549977248
B            0.98791230628823       -2.51691652950344       -0.26336043408796
B            1.29185736762324       -0.96040366896294       -0.05422353892395
B            2.27666555931488       -3.39212442170335        0.30129888181104
B            2.69010455270330       -0.18776796394104        0.15070995930165
B            1.35045609253850        0.49570854954421        0.78247668669550
B            1.19692554281899        2.00586546745601        1.53610276773767
B            0.52710075622726        3.39162859441686        1.07006712827061
B            2.47295892917159        1.68259358211629        0.48449357624069
B            1.06249210799396        2.91241049051552       -0.44298499318868
B            3.38129414607652       -3.83779423526362        1.48680546038106
B            3.71629266907710       -2.62761363414236        0.44493422068220
B            4.10441683256945       -1.11460771009205        0.05417093809623
B            4.63140546064307       -2.85709823249812        1.71126797421900
B            5.36377301401740       -0.24709359493334       -0.60513092795004
B            4.18481533155384        0.54412111630476        0.16738493833619
B            3.97597785477424        2.33285858681268        0.06370000384573
B            2.64503092583117        2.99274971742840       -0.70196372538199
B            5.38862893083881        1.51272089085041       -0.28434507504785
B            4.07550994530110        3.44786269034118       -1.07664609501081
H           -5.44823129568302       -3.17869958461315        0.88467919078346
H           -5.62410654925001       -1.81665728211154       -0.65186804317769
H           -4.83520243161032        0.40138899271440       -2.53460273802335
H           -5.87905732935191        1.08722672383271        1.78944727431080
H           -5.23331612219931        3.90241001703605        0.79028872997386
H           -3.43144118870172        3.45969821835164        3.34693780499168
H           -2.37166239324353       -4.85581108751289       -0.51752932977027
H           -0.91318463407875        5.41934264934360        0.65606598794221
H            0.83251481888427       -5.26687256698960       -0.37577757957308
H            0.31919565591794        2.48713540160790       -1.25992072418062
H            3.17479657941791       -4.78254083450580        2.14407633576168
H            5.53143550606598       -2.54704019799566        2.38251352158532
H            6.35206192665726       -0.64563256821935       -1.08700560927365
H            6.46802992161471        1.96549890819121       -0.28186817176706
H            4.81464823644674        4.10991764333935       -1.69000752888257
87
 energy: -121.925234172967 gnorm: 0.005165457579 xtb: 6.7.1pre (5071a88)
O            1.46259112056277        2.43370783510772       10.50037752749197
C            0.86261071211835        1.81036730236403        9.58245880967696
C            0.81792939503218        0.36963711050642        9.62507232342299
O            1.45079047836711       -0.16495587879154       10.70160694601434
C            0.19558282403191       -0.36062499202402        8.64091862920329
C            0.08335387420786       -1.80305615409138        8.56148870798982
C            0.48705422839146       -2.63943760884901        9.60656830840696
C            0.35467595733856       -4.00931348160490        9.49482164719555
C           -0.17326338718669       -4.57877254933564        8.34858067237465
O           -0.32724416836924       -5.93792877027344        8.18058262484149
C           -0.58208826767026       -3.75379712438762        7.29080261497089
O           -1.09903108534865       -4.30310026581624        6.15607056121921
C           -0.45550583515073       -2.38603736570034        7.40406753565539
O           -0.39523446740789        0.28320621063701        7.58338562832567
C           -0.40883972836712        1.62822255298750        7.50068357441207
C           -1.04922818267942        2.19825634306518        6.41029954863302
C           -1.08153349657966        3.58349143526876        6.28835002278941
O           -1.71521488290111        4.09623128250337        5.20918520375784
C           -0.47969061101714        4.40032897142066        7.24057512244730
C            0.16600686685254        3.84191188243053        8.33320991467767
O            0.74965619559188        4.61991401268995        9.24948007791116
C            0.20551730014729        2.43485627592989        8.46804301296022
H            1.79482618728510        0.62409915731245       11.17794695339080
H            0.89759855141441       -2.21766215290264       10.50430196259224
H            0.66515601805606       -4.64948404204870       10.30857806223421
H           -0.03363380997730       -6.38512173199682        8.97760926094720
H           -1.10829581165206       -5.26196738241081        6.28127231832536
H           -0.78187186780147       -1.76880741638666        6.58456722029440
H           -1.52759733600705        1.58147471207570        5.67072722911769
H           -1.67878310533322        5.05962962470322        5.22109536319794
H           -0.50859276379077        5.47550693868693        7.14547524930196
H            1.14959996972378        4.00969300029642        9.92914658460439
B           -4.85221593117418       -2.53672538559880        0.10546180525499
B           -4.44727884350540       -1.16902692157092       -0.59087868616631
B           -4.13854851644120        0.08931841582308       -1.63918508431236
B           -3.33660051527454       -2.56396964533862       -0.43918908214733
B           -2.76953767360266        0.34960895701852       -0.94542618380920
B           -4.23652266480183        0.43619575076617        0.12786797446544
B           -5.02135421619210        1.47609793579992        1.05743695257531
B           -4.58020300138016        3.04389544079434        1.24060485547365
B           -2.70916853392529        0.49836371158759        0.71224384939114
B           -3.28480919047688        3.32986877034718        2.17995584946408
B           -2.13236362222079       -3.71271619758657       -0.45830994965452
B           -1.77122996872322       -2.16886147834434       -0.58348849710102
B           -1.55420198615389       -0.55988642850842       -0.31694262830242
B           -0.51874285262477       -3.18765501648067       -0.44013337664049
B           -0.11254819727007       -0.16734351741760        0.31934998034452
B           -1.32257513403898        0.00944016930077        1.42972646408637
B           -1.69806708819749        1.62694960583443        1.38506522122623
B           -1.88573251454896        3.20179329162001        1.41788065822570
B           -0.13204244428192        1.00786515580541        1.67916157125381
B           -0.74771337302867        4.31204345732124        1.01161095924027
B            0.87352156913196       -4.11091476737770       -0.20365464715303
B            0.99090705893683       -2.51813933283504       -0.25537057361065
B            1.29185182797719       -0.96125275292085       -0.04466071194690
B            2.28113791120420       -3.39419776810291        0.30492201136728
B            2.68941891158369       -0.18707746802282        0.15935729644869
B            1.34963239873787        0.49613260209692        0.79064018470360
B            1.19213147350506        2.00760577437700        1.54072830398073
B            0.52266596895723        3.39234606044607        1.07195124624092
B            2.46973058078791        1.68367208554340        0.49012580022997
B            1.05922988902076        2.91238761059927       -0.44070048480920
B            3.38854705201039       -3.84125774145278        1.48644165892864
B            3.71973608336314       -2.62701833056765        0.44798850028908
B            4.10425751220894       -1.11262535358334        0.05871264728206
B            4.63314095405894       -2.85409782158602        1.71574784989781
B            5.36219712871339       -0.24360094295274       -0.60156011012638
B            4.18419943770020        0.54573007194782        0.17451604079516
B            3.97278195050103        2.33378274710258        0.06943447885536
B            2.64192048311694        2.99204418555285       -0.69796583051737
B            5.38659074865182        1.51528707419752       -0.27887663955765
B            4.07258923078105        3.44793426109795       -1.07154326870608
H           -5.44741926820272       -3.17660074775967        0.88462928988489
H           -5.62058862009788       -1.82117913846305       -0.65698811149932
H           -4.82726193324785        0.39174095590680       -2.54587749800239
H           -5.88358437154170        1.08902600709011        1.77466174937215
H           -5.23465751990776        3.90277854615230        0.76715958330626
H           -3.44605398555101        3.47061468081307        3.33559439403449
H           -2.36700306517876       -4.85827062478703       -0.51026789777539
H           -0.91648544465384        5.41931228705826        0.65091584418179
H            0.83701944810018       -5.26783775670839       -0.37573202585211
H            0.31676873990779        2.48579424671046       -1.25766634522580
H            3.18657224891412       -4.78796474607742        2.14241149896979
H            5.54149069982461       -2.55358750208500        2.37980569704637
H            6.34988171013707       -0.64173774987600       -1.08504787943325
H            6.46553663384203        1.96926926462003       -0.27544862250027
H            4.81109695238782        4.11063228136088       -1.68498530039889
87
 energy: -121.925348938415 gnorm: 0.002994850521 xtb: 6.7.1pre (5071a88)
O            1.44462005129334        2.43552321319512       10.51652869067853
C            0.85235463487360        1.81124806488676        9.59337648639918
C            0.80998569010806        0.37017856778444        9.63476141215206
O            1.43530897753840       -0.16377202191797       10.71584328886425
C            0.19573914119795       -0.36039543135114        8.64619416118541
C            0.08364076346445       -1.80288630842529        8.56443283475878
C            0.48869528967539       -2.64251290130722        9.60570133047847
C            0.35739732857854       -4.01215249783219        9.48919323847066
C           -0.17119969476870       -4.57726451107853        8.34121817066502
O           -0.32146335216715       -5.93637557866928        8.16592916826041
C           -0.58104959040773       -3.74925470484233        7.28654222863199
O           -1.09734871169713       -4.29571257347653        6.14964490022244
C           -0.45578665373225       -2.38185860803557        7.40551258241334
O           -0.38711971699516        0.28329594659390        7.58402691629555
C           -0.40163930431272        1.62810776801363        7.50101838018390
C           -1.03248924719948        2.19721032454073        6.40409692043856
C           -1.06579595386404        3.58221686678746        6.28111987891031
O           -1.68766120981590        4.09322725283427        5.19347364740964
C           -0.47651961715592        4.39976170818251        7.24105489671943
C            0.15974382054977        3.84214856934694        8.34023615273975
O            0.73138752656346        4.62137841252313        9.26360426947968
C            0.20173635013200        2.43519192096827        8.47484822581226
H            1.77301379061663        0.62581541366824       11.19488030702953
H            0.89975846148449       -2.22249988488274       10.50575529936839
H            0.66889989932964       -4.65538143275841       10.30162417844809
H           -0.03585008192019       -6.38812812097658        8.96668147792644
H           -1.10398167654481       -5.25464118198774        6.27101658740229
H           -0.78202167878857       -1.76157878268429        6.58885767487321
H           -1.50211140766729        1.57912227274324        5.65985798230713
H           -1.65827814809270        5.05677811307441        5.20621851471548
H           -0.50734861925621        5.47495562531184        7.14626355466342
H            1.12874121266508        4.01204831577665        9.94513754324387
B           -4.84925691532912       -2.53799104066705        0.10270414387062
B           -4.44202662739819       -1.17290879092163       -0.59783332450272
B           -4.12918763168955        0.07938228490362       -1.65197609124643
B           -3.33127079544854       -2.56821895253899       -0.43646004122734
B           -2.76423698638211        0.34349346117154       -0.95199219739019
B           -4.23682129360108        0.43376500763452        0.11498332582723
B           -5.02671890904620        1.47775902520153        1.03610605750746
B           -4.58658955908515        3.04668979851154        1.21251165895695
B           -2.71222372822615        0.49933295798157        0.70551027188956
B           -3.30010668050641        3.33970135546977        2.16267302192718
B           -2.12740074803481       -3.71615542812840       -0.44965259309207
B           -1.76526794566491       -2.17284436844303       -0.57672871028803
B           -1.55141642774095       -0.56288727384577       -0.31400113328473
B           -0.51278197896614       -3.19061690373181       -0.43033871982603
B           -0.11332333043192       -0.16823674034040        0.32966675266232
B           -1.32949721425610        0.01203790869964        1.43191958159620
B           -1.70546063632273        1.62911388599345        1.38278295153733
B           -1.89552273351788        3.20367632477297        1.41149821934566
B           -0.13999147759330        1.01078779466762        1.68499049964456
B           -0.75547723166104        4.31259771609182        1.00501812284133
B            0.88059879898247       -4.11313898037896       -0.19795512138004
B            0.99593028800257       -2.51999443443705       -0.24128729605178
B            1.29192391521922       -0.96252876877754       -0.02781167361196
B            2.28861034065979       -3.39729700065878        0.31137971558781
B            2.68834283489328       -0.18561846869175        0.17481603656414
B            1.34784705401992        0.49672023100127        0.80508531200293
B            1.18386860298172        2.01061014509179        1.54876718176917
B            0.51479704632345        3.39353220668361        1.07457101817015
B            2.46425365309796        1.68576314445370        0.50010993138386
B            1.05367792640181        2.91200990347091       -0.43695701863917
B            3.40145850324586       -3.84749638248085        1.48568470267266
B            3.72543131352316       -2.62586497248655        0.45349984991235
B            4.10397201574546       -1.10898320899239        0.06712545075908
B            4.64068807914342       -2.85349183893777        1.71965937207261
B            5.35905386003597       -0.23715749189453       -0.59574274903522
B            4.18298884772599        0.54882393611869        0.18702850935571
B            3.96720462470398        2.33603723288339        0.07951490255109
B            2.63656683548586        2.99079264547954       -0.69137492054573
B            5.38316480103522        1.52002119564685       -0.26898212318755
B            4.06748125720280        3.44772491713488       -1.06360372182232
H           -5.44564640113901       -3.17331626430181        0.88469253933756
H           -5.61532015914383       -1.82961939714273       -0.66643122291579
H           -4.81345058585174        0.37610121961257       -2.56392538013532
H           -5.89869853484771        1.09477275404474        1.74440126710173
H           -5.23668658671733        3.90327700657679        0.72806354349425
H           -3.46981165991096        3.48684115629320        3.31663463454364
H           -2.35980767266322       -4.86228866693799       -0.49811966339161
H           -0.92247053931017        5.41959826513319        0.64256633276597
H            0.84496236819210       -5.26924453293126       -0.37538037596547
H            0.31281608844770        2.48270632929094       -1.25392343131809
H            3.20685317573403       -4.79793965337469        2.13864967655721
H            5.55655369528024       -2.56134239437456        2.37723660841651
H            6.34512168483178       -0.63481260610061       -1.08298490664706
H            6.46142422093274        1.97590044996020       -0.26376621874996
H            4.80486588465371        4.11108448558981       -1.67771345956567
87
 energy: -121.925471870982 gnorm: 0.004379569542 xtb: 6.7.1pre (5071a88)
O            1.41699191403317        2.43826279122497       10.53751326393348
C            0.83682945314012        1.81262476591196        9.60694397354892
C            0.79847838002979        0.37126842382725        9.64652774059392
O            1.41377202781704       -0.16232945101441       10.73356075929590
C            0.19574242396702       -0.36023379513174        8.65199729468172
C            0.08517690764652       -1.80303635006069        8.56738598378648
C            0.49228169197277       -2.64683502716258        9.60404397020446
C            0.36190583004708       -4.01609808636759        9.48211051053752
C           -0.16836055453222       -4.57620155559792        8.33244398657539
O           -0.31618169984387       -5.93524017951879        8.15018425178119
C           -0.57915440224790       -3.74465819455089        7.28154088350837
O           -1.09461195723850       -4.28652371983520        6.14151355709945
C           -0.45501056989571       -2.37757488353131        7.40694736348894
O           -0.37757421701893        0.28309168429961        7.58375830191884
C           -0.39279176033523        1.62760746105449        7.49988159136715
C           -1.01028833634160        2.19595334982852        6.39440094115907
C           -1.04531108948436        3.58060262812662        6.27115067116508
O           -1.65300410831743        4.09086452144075        5.17373469914547
C           -0.47246605517890        4.39937956021746        7.24038342793086
C            0.15133655228286        3.84230614958389        8.34753660792077
O            0.70810871873828        4.62350131736149        9.27905045222668
C            0.19600372517660        2.43562349607466        8.48204174302784
H            1.74184683425271        0.62750891277027       11.21771219969778
H            0.90461486408899       -2.22943423926558       10.50617454028616
H            0.67417329852335       -4.66247716007387       10.29285983984837
H           -0.03458040258060       -6.39151721582218        8.95227527836384
H           -1.10056892055650       -5.24561619937381        6.25782222014517
H           -0.78152296757745       -1.75413431396088        6.59327428639222
H           -1.46821420898651        1.57703361710665        5.64329741951652
H           -1.62944840297561        5.05437622453191        5.18901347474103
H           -0.50566357515706        5.47454464549949        7.14661163560655
H            1.10016642260900        4.01562497853011        9.96430294202208
B           -4.84510609643413       -2.53983732773841        0.09892325382053
B           -4.43520139419521       -1.17812072290894       -0.60686862137431
B           -4.11611020705766        0.06639890058978       -1.66801041476991
B           -3.32405072097840       -2.57367199071738       -0.43307970434738
B           -2.75669563796691        0.33604983214989       -0.95946834629951
B           -4.23718901639355        0.43092032483939        0.09830863070408
B           -5.03497136104817        1.48082896157295        1.00668732696592
B           -4.59567662495001        3.05054532101558        1.17806095599413
B           -2.71632869986300        0.50044257723229        0.69763489994962
B           -3.31951695464826        3.35108137313904        2.14054657350499
B           -2.12038382241115       -3.72087343186394       -0.43863054703109
B           -1.75748669907189       -2.17806513839010       -0.56723364942147
B           -1.54772721298875       -0.56679594859232       -0.30898197535839
B           -0.50491109779810       -3.19448711215970       -0.41710808590537
B           -0.11438441930245       -0.16953166860125        0.34429126502048
B           -1.33854033447647        0.01524381387991        1.43579013101805
B           -1.71506109566290        1.63172076419542        1.38041270351648
B           -1.90837068163064        3.20579906122473        1.40252977315033
B           -0.15054238318826        1.01465370257502        1.69380267010608
B           -0.76578181247287        4.31422596372652        0.99922538098167
B            0.89009798914892       -4.11573205344221       -0.19008085900994
B            1.00251911958247       -2.52215546681721       -0.22197699149823
B            1.29224030174130       -0.96404619087543       -0.00467110594211
B            2.29846930889178       -3.40072640619012        0.32047844957529
B            2.68709016787107       -0.18334856396223        0.19637305671771
B            1.34512650868563        0.49737925077939        0.82489634200760
B            1.17275499318601        2.01473277376655        1.55945771808914
B            0.50349523967999        3.39477346195290        1.07738153965985
B            2.45691773465348        1.68874901062183        0.51386857779066
B            1.04589831431716        2.91084881897391       -0.43234071621514
B            3.41903519967646       -3.85578036574479        1.48486579482972
B            3.73289512264343       -2.62395482965886        0.46150942379595
B            4.10369732092744       -1.10374821429452        0.07949244430693
B            4.65524155135198       -2.85738022252345        1.72132607287344
B            5.35441986246271       -0.22787590171825       -0.58767051893780
B            4.18113727507319        0.55336732091190        0.20453427315730
B            3.95946348519261        2.33973575375704        0.09339952497051
B            2.62912556382758        2.98900072658886       -0.68272315185191
B            5.37836673727135        1.52680626891810       -0.25477619408838
B            4.06030182776609        3.44713400794842       -1.05357595896509
H           -5.44313627927747       -3.16948735272107        0.88424917105299
H           -5.60832838118208       -1.84114749836308       -0.67976340602673
H           -4.79399354780804        0.35595959076722       -2.58707493790615
H           -5.91759125886349        1.10280212361685        1.70511005017459
H           -5.23645440392764        3.90464298918653        0.67561776001255
H           -3.49940494943878        3.51058778013561        3.29171116839957
H           -2.35068952294885       -4.86757134712126       -0.48241325075845
H           -0.93150089294775        5.41893889878582        0.62910312725795
H            0.85602310729412       -5.27078128744862       -0.37442306479461
H            0.30760637029750        2.47727869077673       -1.24936326464641
H            3.23365501958395       -4.81152676582711        2.13294134429339
H            5.57438194667757       -2.56876814208818        2.37587956633276
H            6.33788972797076       -0.62489002573556       -1.08072888920430
H            6.45571770836382        1.98504824551665       -0.24676792133116
H            4.79623718844060        4.11079751029212       -1.66911320591208
87
 energy: -121.925621250116 gnorm: 0.005641127215 xtb: 6.7.1pre (5071a88)
O            1.37904308860250        2.44166511333025       10.56235044865823
C            0.81549667992567        1.81434353768387        9.62232602781018
C            0.78299275651902        0.37280029402402        9.65931055734868
O            1.38569526885109       -0.16086664681028       10.75361569283384
C            0.19537774544945       -0.36024471330561        8.65701668423230
C            0.08794487731152       -1.80339795294434        8.56915399333097
C            0.49756846381873       -2.65156569779371        9.60125380455327
C            0.36782503090799       -4.02037016326953        9.47400485164400
C           -0.16450271078732       -4.57588603306143        8.32286799400977
O           -0.31194528960362       -5.93475151313007        8.13552107320545
C           -0.57597066333020       -3.74079503485127        7.27582091745761
O           -1.09105536471061       -4.27678728681175        6.13246843893618
C           -0.45277639006678       -2.37397254885255        7.40729747570992
O           -0.36698631451084        0.28256792559036        7.58160201800846
C           -0.38279967411728        1.62674301806807        7.49669945898355
C           -0.98368303385521        2.19444880314499        6.38126776166060
C           -1.02132370247444        3.57871675014975        6.25867484410124
O           -1.61335665514935        4.08912850310374        5.15116001256277
C           -0.46767739879317        4.39910893601626        7.23785947103130
C            0.14111611965108        3.84236831236273        8.35393311075028
O            0.68092621655841        4.62598935680109        9.29406092334200
C            0.18832899067704        2.43609769062126        8.48854277616699
H            1.70122705212301        0.62882466695395       11.24547569090244
H            0.91210925588807       -2.23736975926162       10.50454869080349
H            0.68132720323755       -4.66953727084333       10.28243014451249
H           -0.02767724835698       -6.39449448518505        8.93545353185815
H           -1.09870370244427       -5.23621234646244        6.24329162637248
H           -0.78043248021087       -1.74794774797065        6.59628979299274
H           -1.42745654267442        1.57530313509707        5.62157712613864
H           -1.59333380141891        5.05244993313971        5.17050920701315
H           -0.50337739164968        5.47419821287658        7.14566978115302
H            1.06456221054070        4.01997043428753        9.98511484540092
B           -4.83981005908196       -2.54234255236835        0.09373403387719
B           -4.42696304842318       -1.18445697472008       -0.61770536071771
B           -4.09948589773624        0.05128724324150       -1.68595238458577
B           -3.31505231584992       -2.58002272926647       -0.42930049670617
B           -2.74693803317521        0.32780200869899       -0.96676530393632
B           -4.23741940213996        0.42768390443412        0.07904374810359
B           -5.04517283510892        1.48534639108504        0.97058990432227
B           -4.60351629416848        3.05518858245021        1.13450844826470
B           -2.72125194070038        0.50125658022977        0.68965212521706
B           -3.34202427831584        3.36512429845375        2.11434754050701
B           -2.11124424405296       -3.72662472946819       -0.42574690802255
B           -1.74812133497053       -2.18413783055876       -0.55501883320641
B           -1.54322213466592       -0.57139517368012       -0.30143126154000
B           -0.49529336748622       -3.19893743404243       -0.40078081702018
B           -0.11574826847562       -0.17112099038611        0.36329027350074
B           -1.34925080978415        0.01877969613698        1.44190810987965
B           -1.72672347319764        1.63440715055858        1.37899726231302
B           -1.92318636194599        3.20781588100525        1.39271181580494
B           -0.16340367001700        1.01949971099874        1.70581839484534
B           -0.77960940507860        4.31490050269160        0.98650946225692
B            0.90184975387830       -4.11825645113906       -0.17992668342320
B            1.01053103415636       -2.52431077085902       -0.19776411299407
B            1.29283520002333       -0.96550307288817        0.02446800148570
B            2.31056142299873       -3.40394258080370        0.33221851066586
B            2.68567602997619       -0.17999853475928        0.22383938279114
B            1.34135620584277        0.49837083670055        0.84964807428882
B            1.15894736068896        2.02020344999884        1.57234912219932
B            0.48925941977548        3.39659814348646        1.07963767404797
B            2.44807778993720        1.69271229558847        0.53147086830110
B            1.03636525219380        2.90856837677088       -0.42702344839668
B            3.44087156716115       -3.86573758797755        1.48413241656350
B            3.74200434275163       -2.62103955352716        0.47233016150851
B            4.10325240867162       -1.09686120460536        0.09567138861360
B            4.67545233536053       -2.86478938349482        1.72198666255076
B            5.34833661568927       -0.21574669366025       -0.57698129145179
B            4.17857695277606        0.55938256827935        0.22706555526430
B            3.94981785448649        2.34501140336100        0.11093305853349
B            2.61996680288044        2.98637211513232       -0.67248115007895
B            5.37222720279314        1.53559226653495       -0.23609447647167
B            4.05133583484761        3.44597867947896       -1.04191895606447
H           -5.44004521508297       -3.16576774219500        0.88234570885935
H           -5.59966579863446       -1.85503981988750       -0.69676704931960
H           -4.76899683742526        0.33296858207677       -2.61367662305659
H           -5.93882801346419        1.11356584392013        1.65878861768384
H           -5.23534107319097        3.90631762932242        0.61550015822758
H           -3.53432469189413        3.53825494906028        3.26186042804099
H           -2.33988868088850       -4.87379159403605       -0.46413710066500
H           -0.94337097246153        5.41917510196603        0.61471012056442
H            0.87009199788592       -5.27205960823450       -0.37237322195309
H            0.30140620642021        2.46897567398536       -1.24384119567811
H            3.26576463502689       -4.82815591941778        2.12528866814696
H            5.59602510154839       -2.57722847374270        2.37482641018226
H            6.32810830629891       -0.61173560860529       -1.07826077357774
H            6.44848370490343        1.99650201794370       -0.22399690510620
H            4.78557952224165        4.10928970809205       -1.65984652697367
87
 energy: -121.925809042990 gnorm: 0.005666068319 xtb: 6.7.1pre (5071a88)
O            1.32681771231790        2.44543930271561       10.59197915823447
C            0.78594878909534        1.81627098809521        9.63989564758106
C            0.76131937585458        0.37465340546235        9.67322802068529
O            1.34735062266115       -0.15951459488458       10.77682275967151
C            0.19414355027632       -0.36042529209703        8.66035648219489
C            0.09181212907893       -1.80378780510239        8.56857730757872
C            0.50421980421177       -2.65602942628032        9.59666943293578
C            0.37514735525881       -4.02435513807580        9.46443678615524
C           -0.15870373799239       -4.57639250012959        8.31195907115902
O           -0.30770743136142       -5.93490671853940        8.12189936373131
C           -0.57057685276069       -3.73795802309728        7.26852458593804
O           -1.08593705519559       -4.26728344174065        6.12212472749443
C           -0.44850865157218       -2.37135660285040        7.40523189342832
O           -0.35446212913303        0.28178446473400        7.57631837532166
C           -0.37118103097953        1.62559970223105        7.49074332331135
C           -0.95125185969600        2.19256142152688        6.36367586250253
C           -0.99252822762969        3.57650573032834        6.24247395133482
O           -1.56648509381908        4.08744316560258        5.12429198291603
C           -0.46158311440190        4.39875172649175        7.23251769460266
C            0.12840105087574        3.84237517563995        8.35910377367436
O            0.64814889446047        4.62857475923666        9.30880710791187
C            0.17799875619312        2.43660530448115        8.49403103805944
H            1.64685239724607        0.62957473759439       11.27941587102472
H            0.92135942971007       -2.24540999257141       10.50014308707961
H            0.69069281908222       -4.67582040661287       10.26975747963730
H           -0.01385059475494       -6.39658603203356        8.91632121401041
H           -1.09772539472116       -5.22721343489499        6.22769385423459
H           -0.77830805187263       -1.74369911078197        6.59630488829647
H           -1.37767211022067        1.57367881847663        5.59365394733286
H           -1.54761592323918        5.05052159316012        5.14876948265593
H           -0.49972636964344        5.47372534463620        7.14218190790138
H            1.01907879983460        4.02462450600496       10.00828271869915
B           -4.83288236678163       -2.54566732750397        0.08622263840116
B           -4.41639765705019       -1.19209595905661       -0.63106039965958
B           -4.07769143560309        0.03390473844898       -1.70599900656475
B           -3.30359166694332       -2.58751795036440       -0.42507173086576
B           -2.73376893634880        0.31858853795867       -0.97344721467378
B           -4.23671886911660        0.42384186053253        0.05675682812849
B           -5.05690878491505        1.49066948211579        0.92735329483948
B           -4.61469682435472        3.06073349432078        1.08571749692066
B           -2.72672007021796        0.50170773793310        0.68189079461611
B           -3.36844710898621        3.38134695719244        2.08193908427599
B           -2.09917574178097       -3.73362583100731       -0.41028668098184
B           -1.73648089796954       -2.19117048974245       -0.53899686481680
B           -1.53736778550936       -0.57688625651181       -0.29014769683385
B           -0.48326078629227       -3.20413895014054       -0.37997493628134
B           -0.11731516893951       -0.17319746034686        0.38852789336879
B           -1.36182335814962        0.02306178838679        1.45143452238541
B           -1.74062455777388        1.63761700056781        1.37853362385192
B           -1.94137448971280        3.21024542124190        1.37894601850768
B           -0.17901112033580        1.02591145104658        1.72214545543926
B           -0.79580623904900        4.31772241660136        0.97744976967918
B            0.91678029409798       -4.12059865331280       -0.16664553552989
B            1.02045707911900       -2.52643969665518       -0.16686813675821
B            1.29390574859031       -0.96694788809478        0.06187783847141
B            2.32583403152716       -3.40669483047025        0.34746763979967
B            2.68414045701227       -0.17527695269080        0.25939952224533
B            1.33636282239251        0.49981419112043        0.88109463255038
B            1.14200331537469        2.02743010657837        1.58827606370870
B            0.47069025371590        3.39832737365809        1.08154085298369
B            2.43716568625007        1.69782059691820        0.55400555675133
B            1.02384860422212        2.90441626137907       -0.42098070413767
B            3.46831904243786       -3.87775427905831        1.48347103401255
B            3.75358862006745       -2.61662131667049        0.48710927937645
B            4.10271801174037       -1.08768990784756        0.11694015154470
B            4.70189662034449       -2.87561804573779        1.72267152369267
B            5.34024499496714       -0.19949578698074       -0.56273190744582
B            4.17504227954106        0.56740222334590        0.25657708775964
B            3.93734450094896        2.35242201582054        0.13318693084832
B            2.60803924190388        2.98261787055374       -0.66011308905799
B            5.36410200165088        1.54727660878315       -0.21114689273389
B            4.03952377474330        3.44402001774250       -1.02822728359315
H           -5.43631800650773       -3.16228465239885        0.87776920121354
H           -5.58835670770317       -1.87119411521715       -0.71830653353310
H           -4.73624352248721        0.30707480450348       -2.64418377108392
H           -5.96500522722434        1.12693235741772        1.60097917656955
H           -5.23035622608473        3.90849223664367        0.54085712284120
H           -3.57465067750268        3.57249466008448        3.22433923257643
H           -2.32671035182295       -4.88113649954212       -0.44273678650415
H           -0.95925513708358        5.41719270304494        0.59130947537782
H            0.88841107936352       -5.27287040547753       -0.36880521343458
H            0.29355518635672        2.45642981785343       -1.23745855284864
H            3.30449849520747       -4.84867328083518        2.11478274196826
H            5.62437417405425       -2.58888120333886        2.37311351344611
H            6.31512856984222       -0.59402323663350       -1.07467405349058
H            6.43903722094907        2.01123507183313       -0.19286478193108
H            4.77182475837124        4.10625354534131       -1.64959102273633
87
 energy: -121.926013425225 gnorm: 0.005009656444 xtb: 6.7.1pre (5071a88)
O            1.26328622417338        2.44866294454634       10.62317425286660
C            0.74966156941017        1.81786270486617        9.65745792711204
C            0.73366230757180        0.37632280044426        9.68661383805397
O            1.29923499436527       -0.15849449687539       10.80115047126303
C            0.19130783129802       -0.36070812838377        8.66081767821039
C            0.09568819552819       -1.80390988538243        8.56467067247193
C            0.51074694821746       -2.65883038527341        9.59019178566322
C            0.38318136923650       -4.02683790988802        9.45402286900487
C           -0.15060962328853       -4.57751251376046        8.30045298731913
O           -0.30168896012755       -5.93555329190568        8.11008260049366
C           -0.56298186870074       -3.73662646634336        7.25960927788925
O           -1.07877380785745       -4.26051140448224        6.11121488224042
C           -0.44257581730640       -2.37018470145743        7.39968159029915
O           -0.34046665625021        0.28096261490507        7.56728659087451
C           -0.35899399937826        1.62451722097053        7.48216436801446
C           -0.91578033400175        2.19042541638306        6.34293367577935
C           -0.96099351984585        3.57424028108251        6.22299312007149
O           -1.51509462272856        4.08509500177469        5.09407139043239
C           -0.45443863254837        4.39802669517784        7.22414427295376
C            0.11372680456675        3.84237013422081        8.36244448331768
O            0.61130788736429        4.63048793346712        9.32246471942836
C            0.16540606409731        2.43700987630612        8.49767453851856
H            1.58115922642908        0.62968205743572       11.31564454958051
H            0.92893816704130       -2.25115135880711       10.49342805507696
H            0.70103660335141       -4.67978803934891       10.25620792033222
H            0.00551689738531       -6.39733754483805        8.89754077894256
H           -1.09576909439204       -5.22095723526407        6.21337737024527
H           -0.77480796156215       -1.74225191579096        6.59170459523618
H           -1.32300833054283        1.57180982664797        5.56237786146069
H           -1.49578191294312        5.04807150765781        5.12301635177074
H           -0.49443292552385        5.47289821253586        7.13513859104726
H            0.96624333135598        4.02815794512922       10.03181614898546
B           -4.82478861542142       -2.54963892525205        0.07634567654220
B           -4.40390268969477       -1.20028111454887       -0.64598256312305
B           -4.05188085808418        0.01614227896452       -1.72598034815973
B           -3.29045630404581       -2.59541290025244       -0.42068455306070
B           -2.71792151668083        0.30927258722352       -0.97804912352001
B           -4.23486576101160        0.41966074992726        0.03350711774090
B           -5.07012341591481        1.49690773784732        0.87837678893500
B           -4.62336020511126        3.06617184595943        1.02922037934290
B           -2.73224927334003        0.50122948094898        0.67591708104319
B           -3.39663949059291        3.39769155417001        2.04670940951341
B           -2.08494971327532       -3.74095575457048       -0.39356455473545
B           -1.72331793503117       -2.19815621917076       -0.52002573815895
B           -1.53044222568653       -0.58259642483682       -0.27528926566156
B           -0.46964119668484       -3.20937206251841       -0.35576365621136
B           -0.11897792296037       -0.17547528532535        0.41900377393115
B           -1.37521793521230        0.02768426900614        1.46463008285572
B           -1.75576132123151        1.64078583122649        1.37993006425067
B           -1.96050364293887        3.21236907793109        1.36571109935902
B           -0.19619299915251        1.03370218377077        1.74208799832629
B           -0.81561481419886        4.31853649516794        0.95741509702077
B            0.93385552921884       -4.12215523942954       -0.15060131066313
B            1.03147019085131       -2.52808957084166       -0.13083938963456
B            1.29539657177117       -0.96806099697244        0.10579541800839
B            2.34326462928714       -3.40831473482961        0.36559863145534
B            2.68257124747210       -0.16923092688403        0.30116456485489
B            1.33046512387708        0.50224615125658        0.91718101416031
B            1.12294522457130        2.03654053155158        1.60598080388601
B            0.44986801722071        3.40101100391990        1.08227840689851
B            2.42525073234836        1.70387419225438        0.58045455117335
B            1.00994355545067        2.89842353343678       -0.41440045049534
B            3.49929326792400       -3.89054171320475        1.48308872101352
B            3.76706665757042       -2.61076885501711        0.50521217755119
B            4.10201973640854       -1.07673253240105        0.14197378863715
B            4.73261616483211       -2.88897564971380        1.72360542170745
B            5.33073201799341       -0.18009150317013       -0.54516371681625
B            4.17082777696205        0.57691220259376        0.29166084481663
B            3.92317134349464        2.36149782933355        0.15875196701451
B            2.59465775872138        2.97749811188208       -0.64672320580927
B            5.35460332879360        1.56111922518357       -0.18114678372521
B            4.02603559602306        3.44124119633423       -1.01342792229853
H           -5.43286908143493       -3.15991886966574        0.86929981337658
H           -5.57460012027863       -1.88743022840181       -0.74257207632422
H           -4.69761722196313        0.28181446159135       -2.67518655918802
H           -5.99082154023208        1.14168778057708        1.53863597654624
H           -5.22471563207510        3.90996990227552        0.46383319848386
H           -3.61938170184067        3.60936837985466        3.18259835563477
H           -2.31191309452364       -4.88866146508703       -0.42077746445513
H           -0.97767776246819        5.41669031361469        0.56836936692963
H            0.90985699634504       -5.27268034069333       -0.36335550197079
H            0.28480938041089        2.43991784358952       -1.22967909602506
H            3.34647004554675       -4.87116360830241        2.10202235817134
H            5.65830521767279       -2.60375550485246        2.37024639535465
H            6.29992452808417       -0.57265168455493       -1.06930813099382
H            6.42811181755131        2.02820771057134       -0.15480405288870
H            4.75631018000095        4.10144375284359       -1.63929109562312
87
 energy: -121.926223575777 gnorm: 0.004697975333 xtb: 6.7.1pre (5071a88)
O            1.19375193923508        2.45067991369702       10.65128161701132
C            0.70921307439838        1.81868116010482        9.67203726924054
C            0.70134638590927        0.37737088563017        9.69730210992648
O            1.24382826776164       -0.15785827521715       10.82357029166704
C            0.18608781190402       -0.36102319632888        8.65777177793326
C            0.09801308092529       -1.80375919781163        8.55752991470315
C            0.51503135101262       -2.65925754342638        9.58244964825246
C            0.39084816389802       -4.02725029843298        9.44387622985468
C           -0.14077120190749       -4.57897912842809        8.28950872197676
O           -0.29233059246046       -5.93667342498076        8.10050002671600
C           -0.55375291926651       -3.73722592555711        7.24951961632986
O           -1.06904123222029       -4.25877889026441        6.10032835804741
C           -0.43594320535752       -2.37076503001149        7.39064975155009
O           -0.32627685739604        0.28018386793525        7.55456607375751
C           -0.34772103067699        1.62368183782403        7.47106461408809
C           -0.88084691834732        2.18833292696106        6.32039999408490
C           -0.92944068462396        3.57223163757542        6.20096061103143
O           -1.46238910791048        4.08194913089234        5.06147346526268
C           -0.44704878980502        4.39683284025237        7.21281924297252
C            0.09772627963945        3.84228305975482        8.36309035026289
O            0.57219943209701        4.63115337299452        9.33377629964055
C            0.15096441020956        2.43711521006844        8.49845775101266
H            1.50857085317216        0.62937692673521       11.34877245253189
H            0.93202165702368       -2.25292892481479       10.48552065657596
H            0.71107297573468       -4.68063449824199       10.24376207535425
H            0.02881676462434       -6.39705328299771        8.88132276557401
H           -1.09068305368730       -5.21949792918232        6.20206449079628
H           -0.76988810057402       -1.74391791065997        6.58220281502660
H           -1.26860772412740        1.56959239069629        5.53041949569795
H           -1.44197591968236        5.04498974518936        5.09258691249694
H           -0.48786535193827        5.47166077358574        7.12401599925041
H            0.90981969894273        4.02946078916213       10.05259391443732
B           -4.81616698727707       -2.55397240713429        0.06439763352564
B           -4.39002907964440       -1.20795589937533       -0.66094877928104
B           -4.02384450088888        0.00076777464921       -1.74292957143480
B           -3.27672381856148       -2.60274036598040       -0.41659458070486
B           -2.70027825286075        0.30102365477115       -0.97898878779880
B           -4.23104810369922        0.41539571293310        0.01257502176650
B           -5.08189447272712        1.50164039511131        0.83114712412048
B           -4.63227835929759        3.07033763380283        0.97548848334949
B           -2.73671942486359        0.50004542750024        0.67346187342875
B           -3.42376460429216        3.41389040141816        2.01048222848367
B           -2.06971501976457       -3.74748351900991       -0.37730795043133
B           -1.70963668717882       -2.20398654661282       -0.49929935778849
B           -1.52272611066806       -0.58771221412135       -0.25711947622338
B           -0.45550726639737       -3.21380797325444       -0.33013176574282
B           -0.12042570720694       -0.17764271414887        0.45326620560695
B           -1.38788601904192        0.03296258165544        1.48158952037381
B           -1.77045115085038        1.64446179615671        1.38377734434373
B           -1.97947401436340        3.21505886894088        1.35137361994445
B           -0.21307258106121        1.04293728789910        1.76441120415895
B           -0.83419487462887        4.32096111993441        0.94231337549198
B            0.95164276053284       -4.12245321880416       -0.13289700587151
B            1.04260284123860       -2.52892565302270       -0.09222701271879
B            1.29722362132212       -0.96871087656742        0.15340387340029
B            2.36142774124933       -3.40837461408663        0.38533348145358
B            2.68117271756383       -0.16240562372020        0.34615483417679
B            1.32440286316113        0.50572963545451        0.95528149644896
B            1.10417733969414        2.04689990179693        1.62439051040159
B            0.42859187443667        3.40354573301738        1.08241453903503
B            2.41343108117517        1.71025637358741        0.60845494105217
B            0.99529440129402        2.89054081579617       -0.40786749704714
B            3.53092513434863       -3.90272730049970        1.48305801831420
B            3.78156111922031       -2.60383571933510        0.52551374617963
B            4.10133765490983       -1.06481200328874        0.16896518861546
B            4.76430631797774       -2.90302118161489        1.72551297656305
B            5.32084590924199       -0.15901059009505       -0.52491178786110
B            4.16633896477562        0.58720204039679        0.32969773535253
B            3.90830827496865        2.37155778306937        0.18507522175993
B            2.58055329293613        2.97142310010311       -0.63344774079124
B            5.34448087670955        1.57623873656437       -0.14841522151600
B            4.01155789422864        3.43773501394689       -0.99922718770438
H           -5.43043382008917       -3.15930618392407        0.85646163437604
H           -5.55889554915037       -1.90109993070514       -0.76722359752318
H           -4.65600673940334        0.26120022841258       -2.70252191950305
H           -6.01604659251446        1.15472447492430        1.47594829993982
H           -5.21684121726395        3.90969132626858        0.38693554561139
H           -3.66279373026147        3.64339447894661        3.13918575274117
H           -2.29647542362763       -4.89524668262682       -0.40141808136709
H           -0.99668558294471        5.41387508294042        0.53874203912642
H            0.93258144269904       -5.27107495930720       -0.35632371030499
H            0.27560230027753        2.42030216862207       -1.22127373938590
H            3.38759958685013       -4.89343785710774        2.08787310283553
H            5.69598584126233       -2.62186687137871        2.36560428832263
H            6.28417522818707       -0.54920917603194       -1.06133334303808
H            6.41656454862838        2.04631001508776       -0.11237152313193
H            4.73993960484823        4.09519150540471       -1.63014653624575
87
 energy: -121.926461636497 gnorm: 0.004932470760 xtb: 6.7.1pre (5071a88)
O            1.11857796375729        2.45146458939338       10.67438845712074
C            0.66439467681338        1.81863228301350        9.68212714142503
C            0.66382004871347        0.37760815177072        9.70418794022338
O            1.18054587790475       -0.15736094550606       10.84278542260088
C            0.17746752327545       -0.36138892259417        8.65087966888557
C            0.09753249718599       -1.80358146587200        8.54735073183160
C            0.51572618346874       -2.65730938554328        9.57368616464028
C            0.39779987255339       -4.02568417960311        9.43434840849623
C           -0.12916855580508       -4.58071538122955        8.27932925331626
O           -0.27775779288844       -5.93844736310979        8.09242273948203
C           -0.54305973933442       -3.74009367543700        7.23820933657490
O           -1.05579675462896       -4.26356385878006        6.08915642144089
C           -0.42950523385980       -2.37332454608722        7.37825842197178
O           -0.31230038349638        0.27928350440828        7.53765382078680
C           -0.33795097892008        1.62298828812316        7.45661342521563
C           -0.84692150842951        2.18630998878337        6.29512313178614
C           -0.89777608830859        3.57046307921958        6.17520071988086
O           -1.40699678595070        4.07792591439579        5.02464993129011
C           -0.43998217062336        4.39510921460464        7.19793005962027
C            0.07941937161536        3.84201259945993        8.36044638818067
O            0.52913061271826        4.63041190431338        9.34249933659080
C            0.13384074952508        2.43674689547148        8.49564049403438
H            1.42830494701769        0.62936385477466       11.37664228969676
H            0.92848291285232       -2.25010351713028       10.47727211248405
H            0.72016667545887       -4.67823406365628       10.23348140437573
H            0.05622713685433       -6.39638798126011        8.86790517397714
H           -1.07965529460471       -5.22422230727715        6.19372048669992
H           -0.76380955998258       -1.74866636851571        6.56796224039629
H           -1.21471380825740        1.56675229296546        5.49683400930100
H           -1.38635082574334        5.04120523587489        5.05519003024034
H           -0.48069538355220        5.46998848064154        7.10812408652448
H            0.84901477742054        4.02814847900835       10.06939420860460
B           -4.80705839130058       -2.55879282870555        0.04986089247881
B           -4.37438410557481       -1.21490219466390       -0.67577378106197
B           -3.99322453588780       -0.01126631028488       -1.75603507585206
B           -3.26239424715536       -2.60916816203050       -0.41289187612024
B           -2.68058531671231        0.29421753162260       -0.97511192682495
B           -4.22483252723514        0.41102977935106       -0.00523706314240
B           -5.09194226548980        1.50438307189297        0.78644250429679
B           -4.64054856052805        3.07262320733702        0.92451592281721
B           -2.73992575725944        0.49772422846372        0.67582672517143
B           -3.44968104197410        3.42699067889780        1.97537446252678
B           -2.05354064415578       -3.75266119560790       -0.36220546033250
B           -1.69533934794095       -2.20814361020259       -0.47648735957157
B           -1.51388832420673       -0.59183582472576       -0.23485382642750
B           -0.44085365425702       -3.21700160401147       -0.30266417867304
B           -0.12150223200344       -0.17950298506290        0.49248672031129
B           -1.39959987191147        0.03891598606271        1.50357440254015
B           -1.78439623030994        1.64841995847271        1.39099936756846
B           -1.99775434313554        3.21771972688770        1.33851074934261
B           -0.22931982940498        1.05387870074041        1.78991757478155
B           -0.85327528707167        4.32206475685934        0.92168163939743
B            0.97011042830034       -4.12113722882641       -0.11338754682494
B            1.05374743592635       -2.52865327062918       -0.05025621783867
B            1.29950842756073       -0.96876058708633        0.20585492868693
B            2.38017292578193       -3.40663086523885        0.40715583979485
B            2.68007854788390       -0.15465144965639        0.39494846644147
B            1.31847494614320        0.51080212968974        0.99589540944777
B            1.08584156682182        2.05905079474765        1.64374214231950
B            0.40760107724167        3.40670279134708        1.08172502748917
B            2.40212939575945        1.71713277892292        0.63839205101704
B            0.98064602848176        2.88055438412003       -0.40101293774751
B            3.56301547649230       -3.91411081469523        1.48344587883781
B            3.79715940706373       -2.59567037995679        0.54837156985676
B            4.10078398825299       -1.05177976944259        0.19831442225146
B            4.79717463385421       -2.91778799230157        1.72831434500397
B            5.31079253839287       -0.13626043076060       -0.50154230908410
B            4.16186304675104        0.59837584511237        0.37096661752984
B            3.89317646914301        2.38267841175270        0.21206856508760
B            2.56628047493382        2.96411000380013       -0.62035300912601
B            5.33413123530800        1.59275125187254       -0.11265769676457
B            3.99650548378268        3.43333377104825       -0.98584787572898
H           -5.42974504599114       -3.16103656401406        0.83785406052859
H           -5.54058077485527       -1.91125105159186       -0.79268906157311
H           -4.61110619819137        0.24694706622696       -2.72516611703495
H           -6.03960684090632        1.16509444179686        1.41440822466285
H           -5.20716143966739        3.90677014195077        0.31183556379004
H           -3.70596742318990        3.67795548309674        3.09567463756269
H           -2.28011166158865       -4.90041367360503       -0.38652386126969
H           -1.01591345268395        5.41080373959543        0.50783714946291
H            0.95646419476508       -5.26761950593940       -0.34772988623242
H            0.26627322202469        2.39725210175304       -1.21132302671951
H            3.42788250526889       -4.91529295609084        2.07239664237140
H            5.73745243220693       -2.64338498266738        2.35908192131278
H            6.26846598320069       -0.52411925895423       -1.04917822804378
H            6.40478042640166        2.06560327167667       -0.06569744866342
H            4.72306108981397        4.08707266709786       -1.62270211177756
87
 energy: -121.926745402231 gnorm: 0.005306824691 xtb: 6.7.1pre (5071a88)
O            1.03590414172092        2.45170102983535       10.69353973966806
C            0.61416343206325        1.81805733183851        9.68781910147372
C            0.62046276230850        0.37718516601697        9.70743970639221
O            1.10819317564222       -0.15624761489735       10.85938993355063
C            0.16521251775335       -0.36194563491826        8.64040396571390
C            0.09359583330796       -1.80386061333445        8.53486659252546
C            0.51211141251861       -2.65394154890955        9.56413716172430
C            0.40387555245137       -4.02309033192845        9.42517527447946
C           -0.11557376063926       -4.58270303151588        8.26908439517270
O           -0.25606279248546       -5.94108464848177        8.08330373402053
C           -0.53093564283303       -3.74505910237471        7.22527405373122
O           -1.03830588815441       -4.27469424311145        6.07666041286777
C           -0.42415924103715       -2.37766806712273        7.36318573219229
O           -0.29777879759898        0.27787091769307        7.51600533677917
C           -0.32889533496826        1.62203233751376        7.43748470218544
C           -0.81201027942411        2.18401732651590        6.26477851283478
C           -0.86408761136731        3.56848668548611        6.14360771551463
O           -1.34496554471250        4.07267709080872        4.98028092289853
C           -0.43355218393735        4.39280299320702        7.17859927400939
C            0.05729239354976        3.84145869041686        8.35425763325553
O            0.47851036071038        4.62871169049876        9.34935497579581
C            0.11320899464143        2.43580179699943        8.48892067773605
H            1.33732085901409        0.63108832267212       11.40031089759442
H            0.91744328014100       -2.24360375839123       10.46941748992121
H            0.72798848091098       -4.67359278182842       10.22539101522221
H            0.08687017247440       -6.39639152125371        8.85601838902594
H           -1.05978818429123       -5.23502622620794        6.18634988901988
H           -0.75761747795974       -1.75552779164188        6.55042651637915
H           -1.15811965478957        1.56275277198963        5.45841641878925
H           -1.32774231600308        5.03635330749714        5.00827851863132
H           -0.47415142092417        5.46781587317820        7.08712803027614
H            0.78045365158357        4.02494310094851       10.08304662921520
B           -4.79724563063312       -2.56453578334250        0.03211305919889
B           -4.35612119252210       -1.22153171085359       -0.69077040456454
B           -3.95878050313590       -0.02031020525501       -1.76590960094072
B           -3.24689298377893       -2.61492576371814       -0.40929975047284
B           -2.65815686048824        0.28860429123178       -0.96590361361372
B           -4.21612335795532        0.40619932305143       -0.02039632068391
B           -5.10136558806111        1.50512983963461        0.74240971181834
B           -4.64637358643890        3.07296564676693        0.86922168592857
B           -2.74221341917270        0.49501909569089        0.68369437671297
B           -3.47619741625281        3.44265952579889        1.93837639489321
B           -2.03591203997775       -3.75642917921704       -0.34798275825213
B           -1.67975915241510       -2.21062900223329       -0.45021904868859
B           -1.50351482410975       -0.59487684101322       -0.20683396528774
B           -0.42498251349922       -3.21875834574124       -0.27247762082098
B           -0.12230953613564       -0.18084654297225        0.53942421901191
B           -1.41121577885198        0.04684731408171        1.53241730820592
B           -1.79838589820894        1.65396918500907        1.40273469490959
B           -2.01609010364799        3.22185468491007        1.32614958766881
B           -0.24557412775732        1.06774963615547        1.82010837290346
B           -0.87128983239052        4.32407578528515        0.90290675461979
B            0.98988154784825       -4.11825448795047       -0.09175383355456
B            1.06542640948376       -2.52728188472858       -0.00271776777044
B            1.30215361380497       -0.96821683744151        0.26614293216027
B            2.40004352441195       -3.40360117712410        0.43210404150040
B            2.67920731809075       -0.14586815917441        0.44975613616610
B            1.31286467359623        0.51776051084350        1.04154109039911
B            1.06776424775727        2.07354142467659        1.66571983327065
B            0.38675732114800        3.41031267535363        1.08123351521843
B            2.39092311908984        1.72476360770155        0.67128738817888
B            0.96531033336983        2.86814393620619       -0.39319892213804
B            3.59690324338922       -3.92574931932630        1.48394595959817
B            3.81429950994461       -2.58619471932329        0.57458475169001
B            4.10039900789276       -1.03721638515916        0.23149654835178
B            4.83231731239931       -2.93348222343951        1.73206941697981
B            5.30099694933426       -0.11156882344392       -0.47324658260174
B            4.15750014118478        0.61082497760333        0.41670741005944
B            3.87729716974207        2.39506188249559        0.24034945177196
B            2.55121608073976        2.95534858580421       -0.60672706433569
B            5.32344874549607        1.61120573483893       -0.07307635730796
B            3.98023082017348        3.42782497243647       -0.97292256070354
H           -5.43115378128886       -3.16540686133118        0.81249279279683
H           -5.51866136586027       -1.91820239305215       -0.82074289323012
H           -4.56117871928017        0.23821739901707       -2.74452074533449
H           -6.06156353777583        1.17274556011830        1.35373761396069
H           -5.19985428294482        3.89982735424599        0.23855635975683
H           -3.75160335985280        3.70978252804882        3.04972780506950
H           -2.26155626437965       -4.90428268971630       -0.37668081263761
H           -1.03509452428439        5.40532399998470        0.46927633221614
H            0.98202254323470       -5.26217342894727       -0.33838841782470
H            0.25633016116892        2.36998864557232       -1.19904982973722
H            3.47023421537657       -4.93815732649363        2.05527833052557
H            5.78366558921389       -2.66904534135814        2.35076439015512
H            6.25318403460599       -0.49709277540811       -1.03152326723726
H            6.39244862062881        2.08709706127573       -0.01403130091329
H            4.70482803802873        4.07692750679274       -1.61674817569464
87
 energy: -121.927076431922 gnorm: 0.005145537649 xtb: 6.7.1pre (5071a88)
O            0.95149374572907        2.45138970448087       10.70463620302968
C            0.56083674452647        1.81710104938744        9.68706287378418
C            0.57294365665859        0.37623458708792        9.70592666464377
O            1.03034824066147       -0.15396011895998       10.87107811775440
C            0.14887919417536       -0.36283397469297        8.62686280343405
C            0.08523495323636       -1.80503378134778        8.52121378852657
C            0.50282305502760       -2.64977990024189        9.55483358947744
C            0.40773159446546       -4.02007142268580        9.41739752829900
C           -0.10037348315977       -4.58502286087266        8.25921690323319
O           -0.22659570966765       -5.94480457914905        8.07264027854307
C           -0.51751233851674       -3.75229016322980        7.21126619562338
O           -1.01581996461987       -4.29220947172012        6.06287027539424
C           -0.42086068846311       -2.38395593148636        7.34659876058203
O           -0.28450222981861        0.27568352267602        7.49081728571419
C           -0.32163588190604        1.62044539341976        7.41381708428738
C           -0.77841016428853        2.18133121440631        6.23027635925059
C           -0.83037719676018        3.56602753840047        6.10723811357606
O           -1.27949680040575        4.06658246800275        4.93056319446106
C           -0.42832398449084        4.38992845546998        7.15429019545881
C            0.03220229169259        3.84033118544278        8.34268849608121
O            0.42275616314780        4.62609284622193        9.35096325883097
C            0.08967187641780        2.43412714032013        8.47709569265102
H            1.23939567912495        0.63563491931325       11.41667533670276
H            0.89741396217535       -2.23401491588658       10.46310038617170
H            0.73255942436272       -4.66707076560848       10.22096269448869
H            0.11750300310868       -6.39750058848559        8.84704041254444
H           -1.02862303495032       -5.25202432813479        6.17906809749454
H           -0.75243247497153       -1.76429047867480        6.53120999378784
H           -1.10231992997443        1.55774077005220        5.41667322343265
H           -1.27059571650038        5.03066578082741        4.95473173577704
H           -0.46929856821123        5.46508577014303        7.06084393321084
H            0.70680816113008        4.02014053988688       10.09040696468990
B           -4.78712731985988       -2.57095180191069        0.01117657935298
B           -4.33566629198176       -1.22700756634680       -0.70473045229278
B           -3.92168935949553       -0.02427418853042       -1.77069905176613
B           -3.23090710755595       -2.61906099866575       -0.40656735179510
B           -2.63375725924926        0.28545329218866       -0.95027241961393
B           -4.20476576064107        0.40145300525849       -0.03059200920670
B           -5.10801160434871        1.50232146420924        0.70592991420835
B           -4.65624558907458        3.07093981303642        0.82590706914610
B           -2.74323501488761        0.49146914805256        0.69834120165253
B           -3.50143037185765        3.45527559497083        1.90511959433584
B           -2.01779156431299       -3.75790932677279       -0.33649218946520
B           -1.66360545137761       -2.21068901745517       -0.42157347210109
B           -1.49172910110566       -0.59614411128739       -0.17365360028418
B           -0.40866854094834       -3.21833139931033       -0.24093698437401
B           -0.12262261265029       -0.18137440849931        0.59300366027360
B           -1.42178968945392        0.05627644718201        1.56807515190797
B           -1.81146261429923        1.66043143735052        1.41918118977249
B           -2.03439859200984        3.22614705756786        1.31550451462032
B           -0.26061939980355        1.08406264194658        1.85435596073675
B           -0.88967612576648        4.32358744183683        0.87702227601130
B            1.00983397904713       -4.11354869187852       -0.06930126948137
B            1.07706492341697       -2.52465972021986        0.04877858279865
B            1.30515429025676       -0.96700791079979        0.33229529424648
B            2.41982821182266       -3.39950659426774        0.45923255176212
B            2.67882031860794       -0.13645480375814        0.50804947373762
B            1.30838644789636        0.52657737884413        1.09056530032587
B            1.05094275193437        2.09006330845110        1.68943301374967
B            0.36729493635179        3.41452007733387        1.08049451041507
B            2.38083660584444        1.73289565969451        0.70567582098226
B            0.95084691443929        2.85360437230536       -0.38456738077219
B            3.63063181083336       -3.93703984980569        1.48430519814508
B            3.83199471833877       -2.57586079361965        0.60310838640637
B            4.10034082580879       -1.02186234411166        0.26733698719286
B            4.86776319573356       -2.94897215366345        1.73647897207188
B            5.29259844435671       -0.08668406376237       -0.44084881326271
B            4.15385611660230        0.62393494092464        0.46427695296454
B            3.86205722182525        2.40797071540696        0.26826242462540
B            2.53676725741099        2.94523249430705       -0.59325738455660
B            5.31357649982242        1.63055059495690       -0.03172038136995
B            3.96407291077423        3.42118670495208       -0.96136475032994
H           -5.43522526262321       -3.17297780274505        0.77938650495293
H           -5.49358000970563       -1.92015735019013       -0.85092307846669
H           -4.50839814637367        0.23763441290695       -2.75789133219405
H           -6.08288036509598        1.17480195077014        1.29653379587314
H           -5.18826807610853        3.88938879897625        0.16097316128047
H           -3.79505558132907        3.74494853471331        3.00649012820816
H           -2.24129132343056       -4.90605038834422       -0.37490780877721
H           -1.05304586956729        5.39921646315663        0.43092300460410
H            1.00750082292793       -5.25441750458905       -0.32953374324014
H            0.24680629317813        2.33973017579967       -1.18450927995850
H            3.51278376834988       -4.96041330191645        2.03761571900798
H            5.83156886088882       -2.69742873709929        2.34128552415909
H            6.24032856818178       -0.47063649335611       -1.00712461683148
H            6.38064455101567        2.10979552772640        0.03900084428311
H            4.68656418003526        4.06472626378453       -1.61315833466199
87
 energy: -121.927433958656 gnorm: 0.004588002968 xtb: 6.7.1pre (5071a88)
O            0.86860583247693        2.45220396232553       10.71072384646261
C            0.50749705904770        1.81680191094939        9.68202790084646
C            0.52460932237273        0.37575600185706        9.70201447631480
O            0.95160247881682       -0.14960456388974       10.88035350792051
C            0.13084148903118       -0.36426009214109        8.61275113977612
C            0.07441331786817       -1.80745806498980        8.50867998843691
C            0.48991469298116       -2.64697998230698        9.54671206199206
C            0.40923285926680       -4.01842177747749        9.41078037801311
C           -0.08463040637314       -4.58775861744019        8.24901794830546
O           -0.19273709528305       -5.94935573556829        8.05915177746473
C           -0.50314569167281       -3.76047057304974        7.19694818337778
O           -0.98937213555912       -4.31099412140988        6.04739249004879
C           -0.41919188487677       -2.39112294337904        7.33103319274043
O           -0.27267201340468        0.27222293962075        7.46472484337179
C           -0.31501635048071        1.61740330946370        7.38686741238565
C           -0.74528699015344        2.17732880238804        6.19240773873629
C           -0.79709928639747        3.56196332881254        6.06767880650420
O           -1.21370814295970        4.05963703522637        4.87809190785759
C           -0.42479132453064        4.38650939278886        7.12592880613630
C            0.00540984031758        3.83843900699198        8.32623646711053
O            0.36459061398711        4.62387312629210        9.34643397192572
C            0.06522388203918        2.43189681759754        8.46114028231724
H            1.13938989248932        0.64365239196958       11.42907185247199
H            0.87263448547445       -2.22534088413190       10.45863975256558
H            0.73332498144129       -4.66121652235353       10.21903295795958
H            0.14286216761833       -6.40002352586835        8.84021326922753
H           -0.98888365770903       -5.27032651513831        6.16828571709586
H           -0.74904390550016       -1.77321247073207        6.51389494937087
H           -1.04691044687242        1.55154128579037        5.37156639552195
H           -1.21818971215085        5.02387647332950        4.90017074655347
H           -0.46761674048221        5.46166242093562        7.03117286593043
H            0.63195709838370        4.01656289639875       10.09155953439702
B           -4.77687109340438       -2.57812480358386       -0.01130809098940
B           -4.31424028645748       -1.23203149266936       -0.71720892143268
B           -3.88366896717405       -0.02548404899470       -1.77252218236123
B           -3.21469156071246       -2.62200576229243       -0.40469065659185
B           -2.60885359107135        0.28391135337369       -0.93102421821602
B           -4.19266957318948        0.39664178720997       -0.03743894364421
B           -5.11408152612851        1.49916808951784        0.67294196028030
B           -4.66173780594082        3.06840910025697        0.77785965214255
B           -2.74393462376125        0.48876200004876        0.71685903893571
B           -3.52623711689617        3.46988220212753        1.87268363405857
B           -1.99972716580278       -3.75784563585967       -0.32768621384427
B           -1.64730926451936       -2.20932123663359       -0.39188267126595
B           -1.47928099443070       -0.59617981795582       -0.13752404606674
B           -0.39222007202787       -3.21625203089246       -0.20943309383519
B           -0.12270625434073       -0.18113165846199        0.65047519639168
B           -1.43209511530102        0.06748974394507        1.60754507726132
B           -1.82356814250152        1.66849269490933        1.43824532898777
B           -2.05133584315276        3.23158865989627        1.30700086003081
B           -0.27458443550222        1.10187825065931        1.89091578394938
B           -0.90511261049072        4.32381303456293        0.85685319261742
B            1.02941662089192       -4.10799030893896       -0.04755415824860
B            1.08875766044365       -2.52156558016111        0.10218629738173
B            1.30807333621086       -0.96555590253237        0.40113741283529
B            2.43897600864525       -3.39586608939948        0.48717812708633
B            2.67882722762433       -0.12729802442683        0.56692472282836
B            1.30538418871901        0.53588356244164        1.14167108970662
B            1.03569013494220        2.10697584109356        1.71487081943687
B            0.35006260056501        3.41849749205800        1.08112603071023
B            2.37157800538995        1.74108849128143        0.73991693291930
B            0.93719686473222        2.83846768988714       -0.37495526298746
B            3.66363177560566       -3.94841506314156        1.48439020989456
B            3.84924385306264       -2.56565563209263        0.63228191185303
B            4.10068201848855       -1.00671566617843        0.30445657476063
B            4.90276843528058       -2.96365983625075        1.74067808629833
B            5.28620988835930       -0.06340428071947       -0.40655486631520
B            4.15110848378407        0.63696437138920        0.51067940923367
B            3.84782491820953        2.42036332239664        0.29506264263387
B            2.52300656755450        2.93448945197899       -0.57975180307736
B            5.30499829628829        1.64950731552048        0.00884883418553
B            3.94842534585679        3.41385623436684       -0.95068457442502
H           -5.44033403248991       -3.18278175825005        0.74200295230718
H           -5.46733796433014       -1.91938222724654       -0.88251420330292
H           -4.45513619324486        0.24059612223230       -2.76782050824597
H           -6.09993754120300        1.17527692071379        1.24680402034025
H           -5.18678791837464        3.87684972851661        0.10060780647236
H           -3.83855519928239        3.77954106960007        2.96444923720503
H           -2.21940179453504       -4.90647752688819       -0.37936377656062
H           -1.06843335068505        5.39068219777462        0.38913182172462
H            1.03169448308970       -5.24532483880899       -0.32299005969267
H            0.23769576162073        2.30897310673649       -1.16833178380413
H            3.55644417475224       -4.98187712069158        2.02106167323225
H            5.87759593507218       -2.72558536717748        2.33265641420456
H            6.23080874705393       -0.44704070637174       -0.97792444833655
H            6.36972431415061        2.13291741927813        0.08925620313449
H            4.66855516107558        4.05167445005362       -1.61073964099113
87
 energy: -121.927804506150 gnorm: 0.005437850226 xtb: 6.7.1pre (5071a88)
O            0.79122815804757        2.45479875156600       10.70934005924102
C            0.45576456530870        1.81751311255437        9.67218797758316
C            0.47620295591964        0.37634983115848        9.69611224436656
O            0.87378610403655       -0.14302727383533       10.88686036248705
C            0.11108143440601       -0.36641368878356        8.59913479571464
C            0.06167815316871       -1.81101698067654        8.49794231860314
C            0.47363883358166       -2.64596494579910        9.54044612077761
C            0.40760573577111       -4.01838261441570        9.40554363970075
C           -0.06871502535001       -4.59114014703512        8.23846504326600
O           -0.15702028741328       -5.95452577836919        8.04402166945892
C           -0.48707872416683       -3.76925289402042        7.18246979773532
O           -0.95797988135347       -4.32828442197523        6.02976639552087
C           -0.41806596516426       -2.39899258692255        7.31688641625567
O           -0.26426100955627        0.26707319858131        7.43952902986239
C           -0.31001453941869        1.61227234035181        7.35791895914411
C           -0.71408120030252        2.17099242782627        6.15298105785490
C           -0.76612639540726        3.55521912466337        6.02640534110763
O           -1.15185254822866        4.05118381476670        4.82568285870175
C           -0.42348970476928        4.38210268713811        7.09307768992454
C           -0.02196803430066        3.83546263529711        8.30365594168156
O            0.30725672762603        4.62247746122653        9.33251742124937
C            0.04066892796197        2.42908990409221        8.44058290179927
H            1.04130182880499        0.65465031539554       11.43632782910935
H            0.84415011833247       -2.21909119145541       10.45605017599820
H            0.72912405961707       -4.65660057012601       10.21908944871782
H            0.15969929288616       -6.40318231083860        8.83653122494917
H           -0.94150503946866       -5.28721165320233        6.15195029150674
H           -0.74680277073740       -1.78251533991168        6.49860396134602
H           -0.99408406934206        1.54373882579372        5.32526219076911
H           -1.17332674461306        5.01505924956526        4.84845965499350
H           -0.46923481198065        5.45696130063420        6.99731905055158
H            0.55990168970141        4.01566624365856       10.08356298034765
B           -4.76627672916854       -2.58543998083503       -0.03514708162441
B           -4.29242635190519       -1.23557227979514       -0.72712851709976
B           -3.84568908695542       -0.02302778003241       -1.77039783344863
B           -3.19836972740846       -2.62282381331421       -0.40435973586310
B           -2.58417751577111        0.28502276703419       -0.90820124245304
B           -4.18049335103455        0.39284195657343       -0.03967502724251
B           -5.11887919451052        1.49528774005852        0.64831252295443
B           -4.66968426592387        3.06576941443332        0.74143773851732
B           -2.74462743782886        0.48724873106122        0.73890350289570
B           -3.54897847865525        3.48812562346595        1.84439965718823
B           -1.98206145817186       -3.75581254316413       -0.32214025213580
B           -1.63132097809613       -2.20628348071977       -0.36210183003336
B           -1.46670559967910       -0.59467314160039       -0.09946956626965
B           -0.37605951180256       -3.21214341199017       -0.17914384487909
B           -0.12280649789622       -0.17987539894731        0.71010829695150
B           -1.44199290734497        0.08013978815870        1.64941986626224
B           -1.83523023493540        1.67777378760747        1.46003413630329
B           -2.06783521997577        3.23754686208832        1.29956359094625
B           -0.28755944000034        1.12070784151229        1.92877878957230
B           -0.91901173382179        4.32265106452919        0.83699996667533
B            1.04791927993898       -4.10139909178093       -0.02709805764627
B            1.10041032045424       -2.51820003084693        0.15604256842417
B            1.31052631726089       -0.96385418291479        0.47050251281862
B            2.45690121494802       -3.39305510416813        0.51517477778415
B            2.67912511825846       -0.11879410929740        0.62430506301216
B            1.30400753915117        0.54506500820123        1.19369172523656
B            1.02181156492830        2.12345663448993        1.74133991491475
B            0.33493200125570        3.42189350785736        1.08274470259474
B            2.36312629756416        1.74913968850924        0.77309870111691
B            0.92479041926585        2.82318363496934       -0.36448846251884
B            3.69480859541490       -3.95914781523376        1.48435934944407
B            3.86527024559505       -2.55614541136277        0.66132158688883
B            4.10116163043083       -0.99261610551243        0.34190459842304
B            4.93595839940516       -2.97637456294014        1.74442638685562
B            5.28279669399312       -0.04338541038971       -0.37037938917163
B            4.14922261644573        0.64930271357314        0.55374931409548
B            3.83506502127627        2.43133850747023        0.32018762113954
B            2.51030554740665        2.92313240777583       -0.56622353206457
B            5.29799054341204        1.66689159797524        0.04678568826647
B            3.93373904256859        3.40577257041617       -0.94066720594539
H           -5.44518553340635       -3.19475108039772        0.70040279206757
H           -5.44095716953583       -1.91530850571999       -0.91434187779498
H           -4.40290886104590        0.24717002611124       -2.77294543397213
H           -6.11355021346323        1.17186230669056        1.20647413540764
H           -5.18563460718192        3.86343811809894        0.04393968378745
H           -3.87419764141524        3.80966596420769        2.92727600071396
H           -2.19616983730601       -4.90493676637375       -0.38987850856909
H           -1.08063489793550        5.38123534943406        0.35017581062379
H            1.05347394531645       -5.23460473016120       -0.31921837797788
H            0.22936674605120        2.27882074646649       -1.15095685019789
H            3.60044594912687       -5.00108357020984        2.00683167478590
H            5.91953506015978       -2.75150942197411        2.32579007378016
H            6.22558468326227       -0.42781239630948       -0.94447839522830
H            6.35980758513862        2.15578647592582        0.13399310215186
H            4.65120527027573        4.03780446446342       -1.60915968084532
87
 energy: -121.928187901082 gnorm: 0.007073924508 xtb: 6.7.1pre (5071a88)
O            0.71695457882015        2.45991186997712       10.70326776039363
C            0.40452500624124        1.81946529133072        9.66002151782647
C            0.42756598885353        0.37833452294476        9.68962853454345
O            0.79634941304154       -0.13496430884407       10.89209052681829
C            0.09055501402641       -0.36911449929696        8.58655593389511
C            0.04877915070975       -1.81489494145698        8.48854171261152
C            0.45606176748237       -2.64633931152521        9.53545048254486
C            0.40383145393915       -4.01943858558921        9.40046906945248
C           -0.05320520857137       -4.59497014899354        8.22710628432617
O           -0.12329714137584       -5.95960277332638        8.02883868101832
C           -0.46910819999009       -3.77759872922997        7.16745558305581
O           -0.92223648092144       -4.34103641683025        6.00948098759536
C           -0.41559182295565       -2.40670628526557        7.30346643300461
O           -0.25866417601837        0.26026992949635        7.41567757156807
C           -0.30616871421029        1.60499720440291        7.32826708065297
C           -0.68304424206856        2.16135480920475        6.11246626323774
C           -0.73648483011798        3.54489250432125        5.98314090085326
O           -1.09267240643522        4.03948955620132        4.77184842523166
C           -0.42457838357390        4.37605233126888        7.05620728029718
C           -0.05054387937466        3.83159511808637        8.27672878961163
O            0.24922002266516        4.62254762654598        9.31187394844619
C            0.01551728238234        2.42598963494062        8.41732917428713
H            0.94479954704015        0.66686388793896       11.44162100958484
H            0.81436429981319       -2.21576088247372       10.45456717069780
H            0.72141223585634       -4.65360765832219       10.21869331938551
H            0.16979806933807       -6.40602531939060        8.83371648403207
H           -0.89049488558124       -5.29965461531809        6.12900548884734
H           -0.74361425335686       -1.79194274080324        6.48389478997919
H           -0.94086386561887        1.53322065814655        5.27769611561150
H           -1.13258511458682        5.00242916148755        4.79789737350331
H           -0.47366081207878        5.45031434945352        6.95892813321574
H            0.48895551609820        4.01878354505809       10.06964051579065
B           -4.75465978122197       -2.59272073887746       -0.06031725093800
B           -4.27003613792310       -1.23793198639479       -0.73543038066073
B           -3.80699355252359       -0.01906492549410       -1.76648208405626
B           -3.18111956954296       -2.62211029555787       -0.40536074810422
B           -2.55911604972036        0.28765593747400       -0.88403149831895
B           -4.16851431192075        0.38973189007630       -0.03957999408356
B           -5.12241220275911        1.49196437559479        0.62829252229439
B           -4.67740925434550        3.06374895755905        0.70854302853361
B           -2.74533366633295        0.48664329953330        0.76176477615668
B           -3.57082425396281        3.50214583345294        1.81971545318460
B           -1.96399403508088       -3.75276177222714       -0.31815881852340
B           -1.61498406762398       -2.20262625114836       -0.33219509596664
B           -1.45359647390951       -0.59254157706740       -0.06089356747901
B           -0.35959419623618       -3.20699138045568       -0.14895896722649
B           -0.12265267381529       -0.17828716585894        0.77087491532122
B           -1.45177205735657        0.09282789228822        1.69151764153428
B           -1.84628331059539        1.68689430072905        1.48279809711863
B           -2.08340620511967        3.24230668063288        1.29522893213724
B           -0.30023034539770        1.13887931377676        1.96800397868328
B           -0.93254061739496        4.32031562246095        0.81944885638931
B            1.06632276450462       -4.09427511782492       -0.00723357332976
B            1.11264297645934       -2.51521348137338        0.21094254497502
B            1.31283224235603       -0.96243112978995        0.54031178815086
B            2.47458354440252       -3.39130734226493        0.54367654454749
B            2.67985440267432       -0.11100196502001        0.68074449785933
B            1.30413344506501        0.55318600224147        1.24713910029033
B            1.00779303161824        2.13851837585740        1.76923087006905
B            0.32019568625592        3.42406256792518        1.08595736107640
B            2.35440446853752        1.75706935779435        0.80613408122659
B            0.91233602142862        2.80793832358484       -0.35270711022170
B            3.72570008895725       -3.96938129757324        1.48461527791257
B            3.88051776226118       -2.54704625342280        0.69089550208377
B            4.10200788752334       -0.97936554782957        0.38019905126698
B            4.96840577257514       -2.98703885502659        1.74809903405980
B            5.28132006564726       -0.02566731919888       -0.33356439262531
B            4.14782585489602        0.66115408666587        0.59445789073396
B            3.82275988736612        2.44084756558417        0.34515596715576
B            2.49743682705072        2.91094174001175       -0.55174806034122
B            5.29185363630217        1.68292962938573        0.08298345387804
B            3.91890063090696        3.39680387159188       -0.93005670740275
H           -5.44796220003341       -3.20807196272961        0.65601945930601
H           -5.41481435473162       -1.90984850194489       -0.94590579732201
H           -4.35037045490333        0.25397709393714       -2.77603568585490
H           -6.12719656303365        1.16893357804266        1.16987175592382
H           -5.18617227064950        3.85145893969187       -0.00575967133077
H           -3.90952649591717        3.85358350341741        2.89292906269502
H           -2.17134535696881       -4.90212907977730       -0.40234011105798
H           -1.09175708660387        5.37034965745697        0.31356235745838
H            1.07424119649278       -5.22272657841083       -0.31748491376448
H            0.22087491365789        2.24943591180509       -1.13238056836773
H            3.64699391594113       -5.01898428457834        1.99455472115767
H            5.95921288519565       -2.77495147236595        2.32104372089143
H            6.22358415663725       -0.41237694268862       -0.90723896082560
H            6.35016265130329        2.17887540252454        0.17426921879722
H            4.63319089986379        4.02327272973614       -1.60713084704446
87
 energy: -121.928534165051 gnorm: 0.009462073481 xtb: 6.7.1pre (5071a88)
O            0.65846387917116        2.46751105007553       10.67923533930631
C            0.35992353188826        1.82238363079140        9.63681070985337
C            0.38219547069755        0.38154676096657        9.67594871518737
O            0.72703937987490       -0.12548532720904       10.88593832086957
C            0.06708051832708       -0.37265358850393        8.57317933800076
C            0.03296155714093       -1.81934428287062        8.48038520855910
C            0.43254399608213       -2.64716959679336        9.53325568698846
C            0.39364948847224       -4.02069042361793        9.39850614004070
C           -0.04028468459422       -4.59951794765489        8.21784227897936
O           -0.09277537739149       -5.96501795949356        8.01792922622384
C           -0.44910996388811       -3.78696967486971        7.15295816249870
O           -0.87855849717131       -4.35179008216549        5.98675586014775
C           -0.41218741532794       -2.41564457713266        7.29053598188153
O           -0.26212152149405        0.25104594497553        7.39404568627717
C           -0.30829689826355        1.59468985605655        7.29742741184777
C           -0.66183292660014        2.14722001662489        6.07404284421718
C           -0.71681444705757        3.52964952077676        5.93981020140573
O           -1.05021306976367        4.02316872004910        4.72245808637826
C           -0.43097624000970        4.36723897929486        7.01228019709424
C           -0.07820643258539        3.82605280803512        8.23881132330044
O            0.19822654110017        4.62359909041437        9.27315480845770
C           -0.00925106736079        2.42199047082725        8.38622879660100
H            0.86184403613867        0.68021050746867       11.43154934207951
H            0.77604332381557       -2.21323913065374       10.45648113763401
H            0.70403465341533       -4.65056065632736       10.22235395586137
H            0.17005618333728       -6.40851208646338        8.83654206350242
H           -0.83094610481698       -5.31002831688221        6.09987591720424
H           -0.73768867796567       -1.80392354035024        6.46790262472134
H           -0.90132958092602        1.51883831859413        5.23567700934330
H           -1.10903092168928        4.98418332026815        4.75211325004255
H           -0.48328835312853        5.44052046499187        6.91194115222883
H            0.42980335671638        4.02590874600205       10.03681978922387
B           -4.74302875530648       -2.59897049104821       -0.08708895595318
B           -4.24856189933789       -1.23550937658699       -0.73745707717563
B           -3.77117736343110       -0.00633978838319       -1.75275116578114
B           -3.16512263879737       -2.61600515291881       -0.40945874796066
B           -2.53580859230712        0.29647467929960       -0.85316197088729
B           -4.15623586406458        0.38964226958422       -0.02886516682145
B           -5.12130207490813        1.48822848678554        0.62676741340165
B           -4.68315059211274        3.06146927429046        0.69861118264574
B           -2.74465940917082        0.48806055459278        0.79070380421059
B           -3.58337679620765        3.51928521587846        1.80626351255169
B           -1.94796267788140       -3.74509400231997       -0.32084037738776
B           -1.60101117380275       -2.19485283863826       -0.30425932523355
B           -1.44098960619523       -0.58687968412606       -0.02125744952636
B           -0.34568710435458       -3.19781344608320       -0.12316959152850
B           -0.12207528185067       -0.17491839664573        0.83057021859709
B           -1.45845921957601        0.10622579755631        1.73473326526220
B           -1.85438319475494        1.69667446158084        1.51061750596438
B           -2.09399839688869        3.24689466568073        1.29515641712281
B           -0.30916057831191        1.15683646310734        2.00708237931522
B           -0.94055633349341        4.31569671293133        0.80532736319280
B            1.08096095886187       -4.08448526087643        0.00872662846160
B            1.12288955687649       -2.51145200815011        0.26193751595566
B            1.31429014899645       -0.96048392803468        0.60469793813160
B            2.48804446439513       -3.38946350220457        0.56998793678777
B            2.68140007999980       -0.10500855242283        0.72917143833189
B            1.30763655165897        0.56045865223373        1.29672882351614
B            0.99796478612360        2.15064075446084        1.79614667568898
B            0.31101355313306        3.42400543730765        1.09049975534036
B            2.34794402596818        1.76394302562256        0.83431246271225
B            0.90273936129465        2.79220839787614       -0.34039557066977
B            3.74956301825191       -3.97586431923292        1.48477235472850
B            3.89208758786199       -2.53931222367369        0.71863687328022
B            4.10324587799608       -0.96920579629087        0.41602502440645
B            4.99366719564725       -2.99235378167450        1.75136817781088
B            5.28540112306574       -0.01516854179893       -0.29600138735553
B            4.14780173045466        0.67072641089582        0.62573302183212
B            3.81395021481014        2.44654554302235        0.36443091612611
B            2.48700625032678        2.89755502053942       -0.53897189011200
B            5.28893592372493        1.69450082446720        0.11175521489894
B            3.90622582378062        3.38619858215655       -0.92258456767100
H           -5.44952111641459       -3.22561621002370        0.60498286339829
H           -5.39044943499906       -1.89620275614697       -0.97272603958990
H           -4.30347162910968        0.27125034518095       -2.76615393100947
H           -6.12747681835966        1.15996613269354        1.15911145919644
H           -5.19168656002382        3.83894370409326       -0.02427285388294
H           -3.92350037515556        3.88100749700858        2.87140767861915
H           -2.14714143837537       -4.89419009856104       -0.42518158874326
H           -1.09566175942701        5.35783416663865        0.28459212840557
H            1.08930256574204       -5.20727447489128       -0.32019400998195
H            0.21389529595212        2.22222177846282       -1.11294273208756
H            3.68733831710672       -5.02966479687835        1.98628515666076
H            5.98835739112805       -2.79198562921729        2.31993099181939
H            6.23036024575337       -0.40649329544778       -0.86206503835785
H            6.34293894450749        2.19940972195814        0.20179756336839
H            4.61704695478355        4.00694676121739       -1.60830879004090
87
 energy: -121.928924215666 gnorm: 0.010638698107 xtb: 6.7.1pre (5071a88)
O            0.57259321259036        2.47748031639904       10.68463383114150
C            0.30547777504671        1.82636972679517        9.63157840246576
C            0.33393857568657        0.38576394003576        9.67387989451812
O            0.64734460401720       -0.11763988848963       10.89756371634942
C            0.05124535920641       -0.37520080330695        8.56215238126707
C            0.02642827538331       -1.82153989038688        8.47058193331119
C            0.42073058348260       -2.64828941850880        9.52704346320136
C            0.39075852697912       -4.02175975004098        9.39000772639497
C           -0.02799238223938       -4.60318010176182        8.20475764817496
O           -0.07276282114736       -5.96844565480815        8.00658081368305
C           -0.42987266234420       -3.79192269306931        7.13690363574105
O           -0.84258319546609       -4.35264181880009        5.96351292682659
C           -0.40298000480090       -2.42065977299905        7.27625695969802
O           -0.25355162939299        0.24313287070960        7.37045686329005
C           -0.30112751773519        1.58573389579809        7.26871410101083
C           -0.62323248669140        2.13249329883731        6.03143484805704
C           -0.68423245489794        3.51416392078636        5.89291813071163
O           -0.98970499430520        4.00402694510397        4.66274743997755
C           -0.43446227454827        4.35825448636458        6.97334212846538
C           -0.10970958550973        3.82225201663649        8.21345186827844
O            0.13463143049797        4.62701377534272        9.25486091490220
C           -0.03531293786708        2.41960725062813        8.36594861046797
H            0.76358272181529        0.68903256713787       11.44866130917545
H            0.75359366111383       -2.21431440478085       10.45320124009374
H            0.69730630637058       -4.65057370735321       10.21505857230065
H            0.18348723189034       -6.40979063920050        8.82547437377264
H           -0.79062697845020       -5.31079439852178        6.06988194984155
H           -0.72663831916068       -1.81220886759835        6.45028049251273
H           -0.83637475059743        1.50273424310533        5.18416615646806
H           -1.06222734835349        4.96366890164271        4.69688373808375
H           -0.49030816843206        5.43076182618095        6.87002918893286
H            0.35329851865798        4.03612859977538       10.02832848234496
B           -4.72902674515946       -2.60463387443820       -0.11219577353470
B           -4.22554937163797       -1.23681311871848       -0.74672022884246
B           -3.72978706887281       -0.00768079027830       -1.75450146923118
B           -3.14512062273361       -2.61518115466155       -0.40968195346767
B           -2.50914443358174        0.29784967453856       -0.83375994913096
B           -4.14652661060920        0.38810364427253       -0.03440061208149
B           -5.12830638403402        1.49033667793346        0.59816733742846
B           -4.69350282862699        3.06418356017414        0.66298729020740
B           -2.74708225063938        0.48981360437934        0.80734066715801
B           -3.60818466525521        3.54392927649813        1.77767846423464
B           -1.92746080727842       -3.74333827818280       -0.31243387841536
B           -1.58275379441476       -2.19306857399033       -0.27268360443390
B           -1.42745920128806       -0.58601257196016        0.01617749864450
B           -0.32745851386233       -3.19429720043710       -0.09008326711841
B           -0.12205077365487       -0.17391075863113        0.89153409358039
B           -1.47071809460560        0.11788160713880        1.77261747732429
B           -1.86950957002190        1.70508403564590        1.53342374569896
B           -2.11248589087515        3.25120356763900        1.28872121102234
B           -0.32593608359452        1.17350261878325        2.04794006647804
B           -0.95775653239545        4.31334914994685        0.78700178931036
B            1.10190213439671       -4.07822763800457        0.02967575726122
B            1.13686107305827       -2.51007359860846        0.32071442078298
B            1.31632210408943       -0.95996193568416        0.67680588784821
B            2.50810287476904       -3.38936013137514        0.60039326659760
B            2.68190536229699       -0.09742851105375        0.78847568232935
B            1.30758474266048        0.56633140878690        1.35445875774610
B            0.97908838303567        2.16338785112649        1.82698499914414
B            0.29130644027626        3.42453443755908        1.09580498796456
B            2.33546114810489        1.77255385356048        0.87064752373479
B            0.88652083460112        2.77765420386848       -0.32658692457948
B            3.78569815309677       -3.98795913928776        1.48543685096825
B            3.90780412969885       -2.53000480476093        0.75040855697877
B            4.10392868953999       -0.95582201579487        0.45674081983789
B            5.02980483119604       -3.00298794556488        1.75542018910930
B            5.28311216666378        0.00315696292096       -0.25893755723753
B            4.14533117909993        0.68297686951332        0.66858140634613
B            3.79885715209014        2.45483639608694        0.39369827942626
B            2.47048392059346        2.88442064160695       -0.52090178007162
B            5.28105521005097        1.71002427208434        0.14877438728210
B            3.88803522441417        3.37618413123553       -0.90801653891991
H           -5.44567383128786       -3.23626430142391        0.56417524942961
H           -5.36565657978112       -1.89578809604844       -1.00328224696580
H           -4.24629263150417        0.26803633985311       -2.77748540251003
H           -6.14343761891010        1.16375196350157        1.11621825774705
H           -5.18917207618083        3.83248525107457       -0.08642200898557
H           -3.95739835253313        3.92213346677355        2.83319236210894
H           -2.12100251326066       -4.89187564484867       -0.42649005665646
H           -1.10960462573855        5.34833094200280        0.25124925562719
H            1.11343037718613       -5.19564488326546       -0.31947939640363
H            0.20267760357913        2.19331518683593       -1.09368071694816
H            3.74276112326207       -5.05097302251008        1.97339419465337
H            6.03046206095711       -2.81262107358327        2.31860252186384
H            6.22660176965466       -0.39060576317963       -0.82669353650841
H            6.33092010950693        2.22403442925206        0.24209957671545
H            4.59466840338856        3.99194603011896       -1.60283967206758
87
 energy: -121.929273448235 gnorm: 0.008609419533 xtb: 6.7.1pre (5071a88)
O            0.52713381975209        2.48272472297474       10.66991004394223
C            0.27022491794094        1.82820894005871        9.61920362002586
C            0.30055395897147        0.38821890676148        9.66554980122337
O            0.59882196342660       -0.11351954726354       10.89293951061994
C            0.03494731174658       -0.37653207945328        8.55238430246966
C            0.01782584899809       -1.82218821588830        8.46206404651808
C            0.40583794933223       -2.64642239095734        9.52336162080949
C            0.38290078170938       -4.02003603267809        9.38624873812801
C           -0.02165547079848       -4.60581220610350        8.19770403936061
O           -0.06027204109986       -5.97120035377630        8.00287667273458
C           -0.41465247999715       -3.79646550027008        7.12475316511281
O           -0.81161376716899       -4.35682115192212        5.94600933212304
C           -0.39529089791973       -2.42500454778870        7.26338809907918
O           -0.25600631729027        0.23788246945858        7.35495936790327
C           -0.30407669356099        1.57981750209449        7.24979602264191
C           -0.60754687700552        2.12120451067811        6.00603668733402
C           -0.67109468016780        3.50230842429445        5.86146210747881
O           -0.96155210161240        3.98706796600622        4.62523357836496
C           -0.43930876724465        4.35007732061775        6.94169330570142
C           -0.12982202374540        3.81919285278647        8.18822361953551
O            0.09927940241186        4.62793066550778        9.22922548282986
C           -0.05526022655286        2.41765160012091        8.34754858801673
H            0.70671609887481        0.69299512180588       11.44557824816278
H            0.72710732960933       -2.21079911995465       10.45257820575782
H            0.68496923579792       -4.64780852524483       10.21345727568335
H            0.19512612548915       -6.41013047403248        8.81964711824122
H           -0.75708305297314       -5.31500029739312        6.05024963172643
H           -0.71278028062528       -1.82049595271602        6.43180153565326
H           -0.80522980900662        1.48898578744551        5.15704911519555
H           -1.03774792451552        4.94566914212401        4.65492402980585
H           -0.49558562689038        5.42208302329110        6.83344241321147
H            0.30763172807679        4.04109750348329       10.00926724130179
B           -4.71933137113187       -2.60735193677350       -0.13156143300029
B           -4.20944576574501       -1.23378876755831       -0.74966205822715
B           -3.70233290613319       -0.00164481566460       -1.74787552980821
B           -3.13210829035621       -2.61110378680843       -0.41091745823122
B           -2.49082381137306        0.30307432087338       -0.81450489690006
B           -4.13770781585489        0.38830059774346       -0.03044285921949
B           -5.12751769493146        1.48933926588064        0.59151084662041
B           -4.69424730699141        3.06347293785349        0.64950822710617
B           -2.74599148598430        0.49087402594534        0.82409963048681
B           -3.61751307125492        3.54859103877023        1.76938932975222
B           -1.91390393728089       -3.73873023951757       -0.30986728982584
B           -1.57171475584678       -2.18852770131920       -0.25128037824762
B           -1.41791231604915       -0.58292303736092        0.04359401667319
B           -0.31657943258842       -3.18951356372624       -0.06953010442651
B           -0.12085057992292       -0.17305361278279        0.93324263036500
B           -1.47537746292420        0.12429670209061        1.80016178595939
B           -1.87586799137766        1.70948034868135        1.55364073622328
B           -2.11865571854546        3.25198858766929        1.29378891181966
B           -0.33394123051766        1.18366507207095        2.07712133882004
B           -0.96513488786025        4.31053342620585        0.78207534188887
B            1.11436269823178       -4.07155015927412        0.04274429049636
B            1.14478056130152       -2.50849596779510        0.35845037065433
B            1.31808373883722       -0.95953123397757        0.72327710100274
B            2.51981054292656       -3.38742349758607        0.61998656700698
B            2.68319962726827       -0.09327490355555        0.82518254867749
B            1.30976213464731        0.57028902492438        1.39048265507778
B            0.96938623263658        2.16997671536975        1.84674220412508
B            0.28057013054844        3.42244424752634        1.10020944404477
B            2.32838654553009        1.77755975750460        0.89274515973089
B            0.87632884560772        2.76606120790861       -0.31695274018313
B            3.80592217461909       -3.99276613209063        1.48610176533356
B            3.91766528531635       -2.52410996734672        0.77178798662413
B            4.10501636590299       -0.94822604913431        0.48310924813025
B            5.05020235322256       -3.00772755053121        1.75907119460764
B            5.28455318052535        0.01293842983199       -0.23154505420128
B            4.14418777335362        0.69012101841198        0.69449909898008
B            3.78991679865745        2.45829140279301        0.40966098367943
B            2.45990578360204        2.87410559467566       -0.51012416315241
B            5.27692960293034        1.71864592638955        0.17110565520298
B            3.87578459860652        3.36778116589803       -0.90102924933527
H           -5.44280180879937       -3.24680856375640        0.53036760578218
H           -5.34849243275872       -1.88911157772050       -1.02012888659987
H           -4.20859637529772        0.27686175648777       -2.77526107190442
H           -6.14947365444977        1.16356529764185        1.09949402824386
H           -5.18638771802852        3.82749814418257       -0.10575820280095
H           -3.97651652705276        3.96234869535544        2.81658760045270
H           -2.10445610642855       -4.88652377092022       -0.43318778081055
H           -1.11692439340276        5.33805521265404        0.22855936144087
H            1.12774779126835       -5.18470467833366       -0.31920371199246
H            0.19500093380988        2.17317081966164       -1.07970737558919
H            3.77214690922234       -5.05964042604734        1.96535983958839
H            6.05414508344889       -2.82328702788981        2.31927972192707
H            6.22855061792874       -0.38292355270197       -0.79694727789413
H            6.32343735974103        2.23962995781465        0.26591067715015
H            4.57967074496303        3.97935575736312       -1.60236694807749
87
 energy: -121.929709660471 gnorm: 0.008769441149 xtb: 6.7.1pre (5071a88)
O            0.47067737850081        2.49099080722661       10.64819465207666
C            0.23360225247173        1.83045991816025        9.59636780004862
C            0.26583855913240        0.39122391265115        9.64795054797978
O            0.54667736229590       -0.10909002563007       10.87957958300754
C            0.01743401524395       -0.37781367916362        8.53572342849913
C            0.00836759008085       -1.82207293263864        8.44867202799803
C            0.38369760457854       -2.64217961710688        9.51850820702513
C            0.36745450117317       -4.01578669046043        9.38311525905690
C           -0.01697244747252       -4.60874494665828        8.19071323973160
O           -0.04995220433936       -5.97423983276173        8.00219550217749
C           -0.39394028584662       -3.80190046333236        7.10902918743685
O           -0.76997644180587       -4.36313117515799        5.92426735065822
C           -0.38132616853805       -2.43024815203100        7.24443505225838
O           -0.26077167968600        0.23128574148561        7.33400652173893
C           -0.30893966697046        1.57250372715276        7.22438525447576
C           -0.59573243474779        2.10522199030420        5.97690903236286
C           -0.66452053988144        3.48572792781576        5.82373855679546
O           -0.94427065572701        3.96015474185549        4.58364771557788
C           -0.45075443903181        4.33785172384340        6.90134442789378
C           -0.15301333066995        3.81556259725503        8.15226270737756
O            0.06109336181137        4.62928117086355        9.19067589616876
C           -0.07641916992171        2.41505065179443        8.31933632343755
H            0.65156374699374        0.69548291115918       11.43221786823936
H            0.68845137673041       -2.20401472760245       10.45152205929564
H            0.66152701604669       -4.64256035377475       10.21392656254381
H            0.20868648634299       -6.40945933650014        8.81549474251328
H           -0.71751290212492       -5.32142442551083        6.02961475364322
H           -0.68619593624982       -1.83177914371082        6.40308530125150
H           -0.77888826861439        1.46760901879197        5.13154901508002
H           -1.02010084844708        4.91855164373830        4.60183920088554
H           -0.50798653412396        5.40942614464519        6.78590126970722
H            0.26511387804397        4.04702723910051        9.97246128664145
B           -4.70718190438038       -2.60772228780925       -0.15421841517878
B           -4.19040582257651       -1.22534931347901       -0.74903209846137
B           -3.67154834112744        0.01030206486919       -1.73418592904910
B           -3.11735019870621       -2.60267940193488       -0.41185431116601
B           -2.46997464824661        0.31317271921979       -0.78805922845756
B           -4.12650868149117        0.39126117278286       -0.02018352554462
B           -5.12316451179478        1.48927014189804        0.59261767477560
B           -4.69175359870587        3.06346244026908        0.64855534872998
B           -2.74291472554038        0.49358611663491        0.84660109988150
B           -3.62050482898135        3.55486758737227        1.76809797564181
B           -1.89830138737533       -3.73010047762434       -0.30857809109607
B           -1.56046125855490       -2.18026618988637       -0.22649517993768
B           -1.40730015042588       -0.57684682125376        0.07697230827906
B           -0.30563858798315       -3.18223431023821       -0.04728649425260
B           -0.11851788477303       -0.17199736612932        0.98107112306960
B           -1.47806215791374        0.13063509133192        1.83189400579463
B           -1.88159492159772        1.71418800608376        1.58091569878007
B           -2.12225357093632        3.25257094183544        1.30235174661054
B           -0.34151758817344        1.19493490806845        2.11173055787212
B           -0.97063680870529        4.30560395609423        0.77710919104060
B            1.12730574393789       -4.06163993712136        0.05630551307682
B            1.15207001518655       -2.50642870013192        0.39979979394069
B            1.32021998400608       -0.95923430830436        0.77427789958301
B            2.53152624408909       -3.38320045877621        0.64137591014412
B            2.68542365087388       -0.08982597832296        0.86430443015999
B            1.31416859954586        0.57459488763583        1.42870111129901
B            0.96040082254186        2.17494399889964        1.86840277917289
B            0.26985521926817        3.41738899107437        1.10639269631465
B            2.32080016836261        1.78259705704996        0.91606246738428
B            0.86496359627365        2.75156732401796       -0.30522860403860
B            3.82477166698184       -3.99450136701373        1.48794175637203
B            3.92790958588629       -2.51744653720245        0.79685181114021
B            4.10686824413730       -0.94094466293582        0.51209990158547
B            5.06906643175109       -3.01049164274373        1.76530173056278
B            5.28746312816418        0.02213665022081       -0.20094463314937
B            4.14294738180326        0.69701033151812        0.72143346254315
B            3.78039634398733        2.45937738735933        0.42449601388979
B            2.44795064995203        2.86084733557287       -0.49851841178934
B            5.27298227361399        1.72630703943677        0.19407659710484
B            3.86140610706299        3.35617125848801       -0.89518442403748
H           -5.43559381309766       -3.25924943594663        0.49034222181145
H           -5.32874727732471       -1.87737749529240       -1.03399126538621
H           -4.16627438030647        0.29512034929518       -2.76482225392043
H           -6.14628606969333        1.16152064808922        1.09526998861170
H           -5.18213585301289        3.82357558556702       -0.10785302835178
H           -3.98263411764078        3.98793881108623        2.80635707955673
H           -2.08721844650327       -4.87660577551031       -0.44270852301103
H           -1.12191233526791        5.32686428311792        0.21454780502339
H            1.14320716027956       -5.16922803196805       -0.31976692511264
H            0.18562223515548        2.15127614577190       -1.06297642134089
H            3.79744332805971       -5.06482853019365        1.95621675037332
H            6.07508837809318       -2.83010801047403        2.32348001098110
H            6.23378432014804       -0.37762029497859       -0.75864129404092
H            6.31491021191849        2.25618241139459        0.28958414708911
H            4.56227620423599        3.96213932748702       -1.60411988451783
87
 energy: -121.930158144396 gnorm: 0.009482002650 xtb: 6.7.1pre (5071a88)
O            0.40084567830561        2.49802052696390       10.62157967644247
C            0.17857593237742        1.83279217583194        9.57602226742703
C            0.21714055094906        0.39421194084568        9.63215915517887
O            0.48073377897591       -0.10310630750946       10.86652148390220
C           -0.00567146353674       -0.37932388559950        8.51781321227035
C           -0.00258397384085       -1.82305670047711        8.43235485214395
C            0.35882316709668       -2.63864770378564        9.51080190792931
C            0.35281540832314       -4.01245985578058        9.37694897601784
C           -0.00677615510729       -4.61191493387540        8.17890343173924
O           -0.02883401951277       -5.97792706641069        7.99286523225702
C           -0.36819208708764       -3.80844739613758        7.08845153553432
O           -0.72101265948674       -4.37430905620300        5.89807575491870
C           -0.36549505577567       -2.43639156465343        7.22154532333739
O           -0.26355681801811        0.22428235650864        7.30934195335855
C           -0.31569161381301        1.56526588223595        7.19570222297224
C           -0.57418439522890        2.08904424162071        5.93735490601757
C           -0.64773888676816        3.46884655906756        5.77468131981568
O           -0.90464647962298        3.93094474475045        4.52472021109599
C           -0.45971608566305        4.32527829167952        6.85342212975992
C           -0.18468954315927        3.81195947237962        8.11422614310326
O            0.00802407479101        4.62988849238467        9.15251591833087
C           -0.10901587831193        2.41239268235431        8.29191723373442
H            0.57175241039995        0.70179681743946       11.42277254959553
H            0.64334325060009       -2.19673273959435       10.44872798708110
H            0.63622137377603       -4.63722853894158       10.21344750968377
H            0.22410078000623       -6.40933139155671        8.81088221589721
H           -0.66853078998912       -5.33276787925905        6.00762314676785
H           -0.65728419756531       -1.84259366632926        6.37182999810924
H           -0.73243270343171        1.44387650160178        5.09099488659974
H           -0.98446201613450        4.89025225449832        4.53065988419793
H           -0.51865868439337        5.39637872873334        6.73044177040283
H            0.19273525100387        4.05091580171755        9.94409245141083
B           -4.69216831888751       -2.60859654399719       -0.18175370829552
B           -4.16469669219238       -1.21816693366039       -0.75265660091873
B           -3.62907907082124        0.01976624635269       -1.72385500816974
B           -3.09783656782856       -2.59588267343093       -0.40984668419079
B           -2.44195040272340        0.32181561638032       -0.75798507348453
B           -4.11228257582371        0.39301616345495       -0.01462723058886
B           -5.12198163114667        1.48966368000052        0.57973051396223
B           -4.69229497634960        3.06413675142075        0.63191406539514
B           -2.74070745282968        0.49653673631905        0.87255420583017
B           -3.63240245624783        3.57191108349026        1.75547809192252
B           -1.87747275505217       -3.72224361604560       -0.30269952770870
B           -1.54452798821389       -2.17244649787929       -0.19219316504485
B           -1.39363159089657       -0.57123460072162        0.12120306420543
B           -0.29006484715353       -3.17561804302763       -0.01516052410504
B           -0.11631996798530       -0.17147891017337        1.04600382529909
B           -1.48489674436732        0.14046536715110        1.87429719697188
B           -1.89246775000302        1.72185255316355        1.61335047788257
B           -2.13192993764315        3.25601669484107        1.30726774354599
B           -0.35464069941275        1.21203259865142        2.15686509879529
B           -0.98079445643453        4.30171824125055        0.76663594046951
B            1.14632051406033       -4.05106392127176        0.07546727559369
B            1.16214215396159       -2.50405282392933        0.45746217643725
B            1.32313663444537       -0.95911446541810        0.84646602621511
B            2.54885288613022       -3.37820888954849        0.67077014076791
B            2.68730965322301       -0.08400268511231        0.92161209500569
B            1.31729365094832        0.58165528044171        1.48187986405179
B            0.94648754755124        2.18473813007335        1.89774295240814
B            0.25357569171565        3.41367828416928        1.11391255929024
B            2.30980096283841        1.79017215482252        0.94956759831268
B            0.84904410112111        2.73383566851438       -0.29017530250378
B            3.85409073456018       -4.00090282023708        1.48936071620922
B            3.94248099986950       -2.50714545738117        0.83083035668089
B            4.10863199596674       -0.92875032299656        0.55187106296141
B            5.09798217648591       -3.01843226883822        1.77335699418691
B            5.28730276587997        0.03894610875983       -0.16156400314271
B            4.14048304601023        0.70782492612334        0.76241242337598
B            3.76600208103876        2.46385278517490        0.44653534649949
B            2.43149644961883        2.84488529783689       -0.48289402619405
B            5.26575980101035        1.73988766465438        0.22832694177389
B            3.84194690977956        3.34255298561896       -0.88640945737485
H           -5.42869335740686       -3.27054877319819        0.44433926729581
H           -5.30103516807916       -1.86824375101055       -1.05780122476845
H           -4.10739814723497        0.31138515908578       -2.76061049299157
H           -6.14759777223022        1.16019897366462        1.07365773906131
H           -5.17552842038589        3.81706876796175       -0.13541872334507
H           -4.00102636060978        4.01066040779254        2.78299365938212
H           -2.06456398618560       -4.86789256803803       -0.45004317066910
H           -1.13137856947557        5.31512940383543        0.19109674690758
H            1.16690235853207       -5.15212812634748       -0.32051762683961
H            0.17282521631678        2.12131720582386       -1.04082946626119
H            3.83627858110989       -5.07967603991627        1.93968688702021
H            6.10910203519105       -2.84489588213743        2.32510921615317
H            6.23387074998530       -0.36425841322232       -0.71592271696904
H            6.30225942758385        2.27972776725217        0.32846358079819
H            4.53939638825649        3.94108153903354       -1.60509536419673
87
 energy: -121.930598783899 gnorm: 0.005906763264 xtb: 6.7.1pre (5071a88)
O            0.31838489044353        2.50748380144544       10.60608785236784
C            0.12976487426380        1.83537396262388        9.55313023181694
C            0.17523014898901        0.39708467288047        9.61434898200948
O            0.41495157811434       -0.09595571600699       10.85794349022957
C           -0.02124694861311       -0.38140595901461        8.49708113115523
C           -0.00902774628504       -1.82522260933847        8.41535630217718
C            0.33635139221886       -2.63717508056512        9.50188718869587
C            0.33886322205141       -4.01093265357039        9.37041876526468
C            0.00242951870616       -4.61456500853992        8.16751661453257
O           -0.01041622045384       -5.98096159412563        7.98320541587783
C           -0.34310995560490       -3.81455500642493        7.06929249161599
O           -0.67386397151069       -4.38531563045153        5.87412798807766
C           -0.34761690951039       -2.44236149285256        7.19962537054642
O           -0.26023848625628        0.21668269947492        7.28209568255606
C           -0.31527132041618        1.55740458488969        7.16213583269270
C           -0.55393499734679        2.07369396751543        5.89821389816665
C           -0.63402986615719        3.45255442990553        5.72857493190909
O           -0.87367081613437        3.90443178808568        4.47319020107134
C           -0.46854739772155        4.31342603819920        6.80696568745607
C           -0.21287117126723        3.80793135838004        8.07498542946306
O           -0.04325419646712        4.63096892124075        9.11461722908355
C           -0.13375441193838        2.40899044319275        8.25960176168435
H            0.49606937282089        0.70936193578914       11.41448237147439
H            0.60169160879330       -2.19194643032450       10.44416593630537
H            0.60886582419746       -4.63326243805361       10.21389187640901
H            0.23552382824805       -6.40891409537589        8.80871819084164
H           -0.62422184627601       -5.34362017483410        5.98936723894238
H           -0.62609814465619       -1.85174196215948        6.34331475453794
H           -0.69307168453668        1.42174018767471        5.05434988426195
H           -0.95242905379311        4.86444488145960        4.46656398987045
H           -0.53233934937724        5.38400931481415        6.67934991693671
H            0.12826212195985        4.05504143382414        9.91175383072797
B           -4.67703418026373       -2.60754478499950       -0.20605999782095
B           -4.13961845721910       -1.21063956158018       -0.75550705228883
B           -3.58843716033417        0.02862416160849       -1.71397313189321
B           -3.07893234967846       -2.58939218281379       -0.40636890887238
B           -2.41565397890765        0.33018564996310       -0.72958732754063
B           -4.09862338097440        0.39460801154988       -0.00899701478468
B           -5.11982368428217        1.48969298484135        0.56879502970935
B           -4.69197964997809        3.06445188448702        0.61702987595738
B           -2.73851399888626        0.49968698514167        0.89671168821417
B           -3.64353781010979        3.58570816511544        1.74607996518020
B           -1.85718968475138       -3.71467639475921       -0.29597160971008
B           -1.52966419588208       -2.16537976531996       -0.15964520336442
B           -1.38126644084108       -0.56602726015307        0.16336698132542
B           -0.27517021654938       -3.16962024518058        0.01488289448248
B           -0.11429058478704       -0.17175228601772        1.10721916306487
B           -1.49146123193665        0.14891854650290        1.91365905573503
B           -1.90262024012995        1.72846991773306        1.64429120284897
B           -2.13991615434692        3.25831244320934        1.31546359778057
B           -0.36741015890785        1.22759736132597        2.19949882375755
B           -0.98952884457412        4.29786168609556        0.76150452933159
B            1.16428449795514       -4.04091276171038        0.09367152051791
B            1.17185338825713       -2.50248323858169        0.51043004170882
B            1.32582495490348       -0.95971517748388        0.91398644366410
B            2.56529980189997       -3.37315134270128        0.69787648353462
B            2.68908014676329       -0.07955343403716        0.97527806734559
B            1.32031832767996        0.58755400887165        1.53091693965569
B            0.93365156603219        2.19252960360728        1.92534780459121
B            0.23826825913279        3.40890976613027        1.12252023317836
B            2.29914519212887        1.79670432146330        0.98057380696204
B            0.83374148743484        2.71767213006069       -0.27517973261797
B            3.88078346512051       -4.00620395083833        1.49121667401715
B            3.95677502041325       -2.49822360216189        0.86249516203510
B            4.11022545621450       -0.91772495979474        0.58872420850230
B            5.12339119552604       -3.02508158570004        1.78263571928978
B            5.28709778357576        0.05462198957136       -0.12477017804380
B            4.13785554104830        0.71743728550382        0.80052825800854
B            3.75202162036965        2.46716338383338        0.46615770117411
B            2.41579279724813        2.82982279079978       -0.46793241998384
B            5.25852678762363        1.75259132692207        0.25990569880834
B            3.82330048666805        3.32887393556641       -0.87885481279331
H           -5.41948123219886       -3.27679330797428        0.40537564750255
H           -5.27408725851487       -1.86175414489012       -1.08063054311842
H           -4.05108325583587        0.32647958595166       -2.75632460187734
H           -6.15102882978526        1.15911708173625        1.05114872863546
H           -5.16428968325513        3.81157176103039       -0.16571903634114
H           -4.02179630870946        4.04011621563128        2.76263841604134
H           -2.04334457054202       -4.85941664644785       -0.45438155359121
H           -1.14014486213715        5.30357253928822        0.17182925831262
H            1.18932882852254       -5.13557042070598       -0.32034552380043
H            0.16004895325681        2.09417573044189       -1.01890697786456
H            3.86899837012970       -5.09231781100855        1.92417176980449
H            6.14004068081166       -2.85783678105956        2.32662847120175
H            6.23285373499541       -0.35136747483061       -0.67899429583739
H            6.28955596803585        2.30215501270717        0.36559933063774
H            4.51783520581496        3.91971828437956       -1.60680973919242
87
 energy: -121.930935201778 gnorm: 0.007038103291 xtb: 6.7.1pre (5071a88)
O            0.24946003287501        2.51736957611668       10.57921062784236
C            0.08631794602634        1.83832673930977        9.52523529682400
C            0.14155798995182        0.40015968205331        9.59181028669828
O            0.36862610644109       -0.08728376057158       10.83955448280004
C           -0.03363464953569       -0.38391306741434        8.47516948157129
C           -0.01240959190912       -1.82853631961271        8.39805106034557
C            0.31364626710100       -2.63777901139887        9.49186409749483
C            0.32304962565472       -4.01139897548988        9.36407839620287
C            0.00899856062192       -4.61647132678230        8.15784774723055
O            0.00160342485629       -5.98291603098232        7.97579824122109
C           -0.31795986763917       -3.81996316981731        7.05231633257161
O           -0.62683497096589       -4.39614538900781        5.85415508894501
C           -0.32636725787146       -2.44798339725402        7.17865857686679
O           -0.25977469438346        0.20806574763471        7.25638878114906
C           -0.32076717215499        1.54858962041076        7.12978346511637
C           -0.54301198758437        2.05762121022300        5.86016632255059
C           -0.62959197624213        3.43522314995448        5.68321581438761
O           -0.85121138966857        3.87741935852238        4.42085528367468
C           -0.48521548563450        4.30145442144062        6.76251544550425
C           -0.24469023925243        3.80317694757741        8.03610521083242
O           -0.09107360591850        4.63174829769209        9.07328286924764
C           -0.16075747329359        2.40499704909122        8.22672320844553
H            0.44016432087900        0.71978737011610       11.39491865353425
H            0.55937528844680       -2.18954102019651       10.43755123408592
H            0.57547872360391       -4.63099282518213       10.21565107664978
H            0.24184757893758       -6.40785293581837        8.80829134578456
H           -0.58312184385452       -5.35388297925935        5.97734887993023
H           -0.58898425866729       -1.85860569117815        6.31733943667132
H           -0.66275142199464        1.39817949005442        5.01796294374993
H           -0.92605214279567        4.83833234176664        4.40282072122236
H           -0.55236680677110        5.37109018546550        6.62893112993970
H            0.07400133767551        4.05818265113567        9.87060281986654
B           -4.66063435186490       -2.60079124450380       -0.22433751910001
B           -4.11466146085539       -1.19936644129026       -0.75424388930088
B           -3.55045732874817        0.03956455323985       -1.70157627122040
B           -3.06071954571543       -2.58092635261343       -0.39988498990804
B           -2.39203515186476        0.34002599339467       -0.70105839630774
B           -4.08531421837370        0.39755006184252        0.00039339608072
B           -5.11498187825599        1.49099027496174        0.56588774160118
B           -4.68899586798679        3.06584993682740        0.61163575597512
B           -2.73544605008038        0.50405751859338        0.92035849197268
B           -3.64981090673152        3.59636950791972        1.74511682813181
B           -1.83790749555412       -3.70529992585288       -0.28858336821068
B           -1.51698081452157       -2.15785632104031       -0.12945013621608
B           -1.37080203840734       -0.56029010327140        0.20383021007297
B           -0.26199832131830       -3.16309191837302        0.04138843369604
B           -0.11183857042522       -0.17283848667132        1.16303966110297
B           -1.49600957797864        0.15509182745768        1.94878159047807
B           -1.91078515769947        1.73365278893724        1.67505580090422
B           -2.14502882572735        3.25922369966475        1.32724998236784
B           -0.37848474998585        1.24069812318157        2.23878178064160
B           -0.99479398895035        4.29298320357768        0.76357766855651
B            1.17949913112936       -4.02999905137898        0.11010385385931
B            1.18028339490976       -2.50199718488896        0.55497931553748
B            1.32816382899984       -0.96149333251932        0.97258963249546
B            2.57887394330181       -3.36732616760051        0.72145984480217
B            2.69137687436434       -0.07832812056187        1.02072787908367
B            1.32517169219258        0.59119825071407        1.57216471223504
B            0.92391686488772        2.19548160307983        1.95073884127712
B            0.22585110975265        3.40102445008029        1.13417105143401
B            2.28975427266238        1.80100868035638        1.00700613832118
B            0.81982390041020        2.70269978875777       -0.25921899367400
B            3.90050157147513       -4.00716790805282        1.49529814213607
B            3.96912741574857       -2.49126886333342        0.89085104140869
B            4.11223642460984       -0.90944135888677        0.62033132183871
B            5.14186077711658       -3.02838374579481        1.79432007053974
B            5.28749785191325        0.06681634450253       -0.09471387710969
B            4.13548537675093        0.72426557901182        0.83147922583171
B            3.73977469446533        2.46659643927496        0.48060637341173
B            2.40164168075974        2.81507292309951       -0.45345148057938
B            5.25228028112783        1.76250431309512        0.28543758248294
B            3.80602845059748        3.31323513725902       -0.87430975374183
H           -5.40490889422469       -3.27388940699234        0.37739305846460
H           -5.24818567329128       -1.85624141069727       -1.09789825105146
H           -3.99919730174360        0.34347132209984       -2.74778062855186
H           -6.15125016631297        1.15859969460980        1.03761976122153
H           -5.15112604719370        3.80975994281280       -0.18175598573153
H           -4.03624907702185        4.06601510917856        2.75155179210104
H           -2.02402114322210       -4.84866837406032       -0.45535053542565
H           -1.14425598884287        5.29458198624189        0.17141040506096
H            1.20850353216298       -5.11783347238496       -0.31888624780267
H            0.14708459156551        2.07255845001088       -0.99675580981515
H            3.88944891906373       -5.09853062148503        1.91237706025441
H            6.16398062545869       -2.86625259281593        2.32948748934157
H            6.23296999959740       -0.34318585833586       -0.64721069757106
H            6.27746523285828        2.32169674702691        0.39553406405020
H            4.49807278780992        3.89582007407554       -1.61091352647218
87
 energy: -121.931190558153 gnorm: 0.007185917818 xtb: 6.7.1pre (5071a88)
O            0.17930842068606        2.52300677471007       10.55102564996141
C            0.03809262321189        1.83967974882477        9.49716070077641
C            0.09928133975471        0.40209085017602        9.57173660555444
O            0.30715713847655       -0.07915676379071       10.82716052526404
C           -0.05166769952423       -0.38667812110265        8.45432058439829
C           -0.02181961839754       -1.83228571158426        8.38247633082328
C            0.28749806291695       -2.63734553673091        9.48389757874665
C            0.30757199679411       -4.01177752051480        9.35952206034435
C            0.01898601591359       -4.61984723714279        8.14792548691196
O            0.02146691964081       -5.98726084348908        7.96733424277973
C           -0.29182451565375       -3.82850524014414        7.03442845069460
O           -0.57670344243643       -4.41098214117180        5.83229823515725
C           -0.30871624127910       -2.45599191636200        7.15757953998713
O           -0.25812851787563        0.19965563478830        7.22754320818648
C           -0.32345271940936        1.53949046337636        7.09350362102630
C           -0.52930315455134        2.04440831899166        5.81957266626797
C           -0.61779566524195        3.42054974671130        5.63599423141054
O           -0.82356772030529        3.85947689824397        4.37207272267998
C           -0.49082767824574        4.29101553553512        6.71221115008253
C           -0.27061929208173        3.79694299160765        7.99196656144242
O           -0.14097946662461        4.63052583257128        9.03159654888549
C           -0.18606793375580        2.39994752837202        8.19018108258832
H            0.36668664428155        0.73076110413432       11.37889536519797
H            0.51394796771497       -2.18470008392753       10.43332720544533
H            0.54762551460781       -4.62728574261607       10.21777963963065
H            0.25549413625735       -6.40921670210352        8.80381196564662
H           -0.53280390422217       -5.36785200064198        5.96070734429345
H           -0.55657834538403       -1.86844157164028        6.29086623790231
H           -0.63426224748053        1.38224270366778        4.97971780880888
H           -0.89395662913170        4.81955388153514        4.34673539536888
H           -0.56281812391266        5.35963178506703        6.57524952913094
H            0.00383036742475        4.05969430171707        9.83857127475893
B           -4.64499310960892       -2.59570052128090       -0.24478287725505
B           -4.08785505088164       -1.19085140760409       -0.75638951874359
B           -3.50649677800565        0.04924731096277       -1.69190670344313
B           -3.04134481533236       -2.57439987819054       -0.39364447094167
B           -2.36494319238932        0.34770700178841       -0.67079509941778
B           -4.07118284058373        0.39916368899086        0.00676519577521
B           -5.11263102619080        1.49225339224995        0.55526964580665
B           -4.68888077355981        3.06714225484687        0.59496614660683
B           -2.73377212206942        0.50689467716140        0.94635272399987
B           -3.66237513066374        3.60820694446880        1.73536393108915
B           -1.81809799408318       -3.69801927809415       -0.28043289209379
B           -1.50202561739852       -2.15169713442878       -0.09329172354276
B           -1.35856167589187       -0.55582850653152        0.24914075774140
B           -0.24710800324977       -3.15734989399679        0.07458400153202
B           -0.11016384191540       -0.17291116666148        1.22688648406149
B           -1.50302802389995        0.16412130085232        1.99028642035186
B           -1.92109600642376        1.74072698087138        1.70596314427438
B           -2.15530215981043        3.26190760869272        1.33364919410627
B           -0.39177927115226        1.25725040799545        2.28200736031063
B           -1.00440310024622        4.28988878783457        0.75956761700988
B            1.19741123396965       -4.01963173232980        0.12851176288294
B            1.18918475595404       -2.50017522537934        0.61060584148012
B            1.33061483764389       -0.96237192097849        1.04181489005697
B            2.59451166760504       -3.36187316479024        0.74936751570484
B            2.69340791250777       -0.07449337989544        1.07407161006440
B            1.32880434150363        0.59673209624577        1.62140459652086
B            0.91127296211891        2.20313883447592        1.97971168187862
B            0.21069665239066        3.39630550105819        1.14323646289316
B            2.27972727040582        1.80731644263367        1.03888055439608
B            0.80472680828124        2.68539505372250       -0.24361757983355
B            3.92706745806743       -4.01277396035527        1.49776596095262
B            3.98243857233806       -2.48187459885071        0.92230304124170
B            4.11365861901792       -0.89797915078379        0.65704647687799
B            5.16903071548586       -3.03700657113219        1.80304723838826
B            5.28635194414115        0.08292166269351       -0.06080235054218
B            4.13291019691960        0.73394401107889        0.86851084633332
B            3.72625056308054        2.47002265479074        0.50064378515061
B            2.38638070109704        2.79937257502699       -0.43790182221100
B            5.24519932280911        1.77643751522262        0.31785062687420
B            3.78773120089733        3.29711152993358       -0.86857078177113
H           -5.39917713232077       -3.27266582077343        0.34271209973068
H           -5.21961307508867       -1.85047475272272       -1.12317232287042
H           -3.93922136190897        0.35782545754497       -2.74416308254576
H           -6.15472745268899        1.15867442638216        1.01381972708647
H           -5.14298411602696        3.80621720307787       -0.20481869204549
H           -4.05837040301100        4.09663865109822        2.73107589351755
H           -2.00221613180406       -4.84016771297280       -0.46048781821754
H           -1.15138943089492        5.28628502630184        0.15748776081148
H            1.23182955005840       -5.10036478293874       -0.32089776811601
H            0.13432045393880        2.04385227816695       -0.97406240848091
H            3.92193283147542       -5.11186775551083        1.89758047448243
H            6.19768658089195       -2.88283767150833        2.32814182835813
H            6.23086919763778       -0.33106595155799       -0.61191872543224
H            6.26516912866979        2.34431986652563        0.43324345909538
H            4.47684492575422        3.87046782958639       -1.61558967015687
87
 energy: -121.931287835584 gnorm: 0.003189263022 xtb: 6.7.1pre (5071a88)
O            0.17798271236890        2.52062752418781       10.54737567751552
C            0.03785700210209        1.83838711312780        9.49378858725090
C            0.10112828555032        0.40111377929258        9.56759320336933
O            0.30993096481046       -0.07991100494438       10.82203094661189
C           -0.04846074119820       -0.38735178454491        8.45078106851452
C           -0.02093257714943       -1.83281788497058        8.37969766022003
C            0.28470858192269       -2.63709453708719        9.48237560617217
C            0.30345563939088       -4.01182442140065        9.35966346710385
C            0.01910266631653       -4.62062148777115        8.14802687310714
O            0.02207909268189       -5.98832268776613        7.96872322119599
C           -0.28996491444715       -3.82998748026016        7.03364473325149
O           -0.57202635782973       -4.41263986675071        5.83204271936235
C           -0.30691541659486       -2.45740742841185        7.15542769959204
O           -0.25532139631062        0.19943183758846        7.22463749781332
C           -0.32286354926192        1.53888280363975        7.09166536093188
C           -0.53171201615616        2.04496208127341        5.81794331719883
C           -0.61859938852968        3.42140192329238        5.63559716120363
O           -0.82370134444775        3.86317607636507        4.37164633292255
C           -0.49086045711610        4.29179812222994        6.71224817448558
C           -0.27238753370747        3.79591556841438        7.99086199146734
O           -0.14225724260979        4.62867221683960        9.02924721152563
C           -0.18609972020397        2.39927786669578        8.18812932245283
H            0.36130849095210        0.73059038443820       11.37366330580136
H            0.50886203974591       -2.18404765715720       10.43139674542604
H            0.54344079646531       -4.62642354412984       10.21752538937856
H            0.25102713199957       -6.40978363755593        8.80417459407497
H           -0.52657430350300       -5.36926935256920        5.96014348810404
H           -0.55310224134419       -1.87010542190386        6.28818781670971
H           -0.63730053730146        1.38442768525833        4.97570611200734
H           -0.89454866296372        4.82320085412105        4.34967369206765
H           -0.56039267248406        5.36037821731787        6.57497591510464
H            0.00385673097597        4.05747652186005        9.83453185872420
B           -4.64331315383067       -2.59348727742323       -0.24361475551310
B           -4.08568287246695       -1.18940793380924       -0.75560062667342
B           -3.50256535801130        0.05042613504032       -1.69031166230414
B           -3.03978224867668       -2.57383422156461       -0.39375619668454
B           -2.36419589755288        0.34744188197676       -0.66739777101474
B           -4.07092830009530        0.39948097028625        0.00798952032037
B           -5.11186109022524        1.49288917206335        0.55608868598204
B           -4.68944395201137        3.06781484040212        0.59523810929809
B           -2.73503608011555        0.50713882954874        0.94849119973745
B           -3.66354113623228        3.60936929327439        1.73527736585898
B           -1.81740812381310       -3.69760976069561       -0.27982755641043
B           -1.50194385625558       -2.15231102386973       -0.08846681412718
B           -1.35960309230633       -0.55641202798242        0.25320832504993
B           -0.24633769977185       -3.15705747542785        0.07661412739431
B           -0.11136509318292       -0.17263402560876        1.23025254301301
B           -1.50437514085772        0.16554274890806        1.99234186880088
B           -1.92223618593390        1.74179373828938        1.70640663025200
B           -2.15650390614070        3.26255254495704        1.33499611407940
B           -0.39315804741944        1.25889635253376        2.28188012125359
B           -1.00494367679272        4.29052412752635        0.76156839969330
B            1.19796671559087       -4.01827724276651        0.12892344098604
B            1.18924945663505       -2.50101084530767        0.61473246763207
B            1.32960245742636       -0.96297367229119        1.04491296453913
B            2.59483513152479       -3.36169887716589        0.75064205342580
B            2.69294564348767       -0.07559075387506        1.07500420754679
B            1.32853788631436        0.59645416808208        1.62186868636341
B            0.91051487817997        2.20310510185884        1.97931509711603
B            0.21039482387800        3.39576938418251        1.14209720691850
B            2.27918745471643        1.80659488074345        1.03879025037887
B            0.80448855664519        2.68443481127977       -0.24405752227704
B            3.92577348645782       -4.01232725568617        1.50068246127533
B            3.98403641510669       -2.48365561776777        0.92091634181281
B            4.11256230346846       -0.89923655245632        0.65705586807613
B            5.16807800581430       -3.03709102184362        1.80488899188893
B            5.28638391469813        0.08182623681304       -0.05899338435035
B            4.13223474338369        0.73277367865664        0.86887062002074
B            3.72572667945866        2.46883731927954        0.50111622556926
B            2.38619858603248        2.79751186669690       -0.43809687202235
B            5.24445271773436        1.77590164437095        0.31899562909797
B            3.78791548243145        3.29359133624431       -0.86878344802674
H           -5.39685823815176       -3.26763522646183        0.34762184490160
H           -5.21819233901417       -1.84861645854483       -1.12201848881730
H           -3.93347984562312        0.35834006537420       -2.74280784299670
H           -6.15499706779102        1.15932296103315        1.01023665241642
H           -5.14034966348029        3.80541868525548       -0.20783913893467
H           -4.05872770737389        4.09719377891004        2.73106828715328
H           -1.99970587341125       -4.83912695547829       -0.46305918323368
H           -1.15143963764166        5.28822388202969        0.15975822070484
H            1.23300173592835       -5.09681287842804       -0.32357816014768
H            0.13375627478209        2.04306976429486       -0.97403533153740
H            3.91852719816411       -5.11030344459948        1.90211811273441
H            6.19654740202621       -2.88317147427633        2.32922159054156
H            6.23040556397279       -0.33118783108939       -0.61113419352927
H            6.26440863511957        2.34352618105301        0.43511188283870
H            4.47686907280589        3.86804509481722       -1.61448991680137
87
 energy: -121.931364183052 gnorm: 0.003238001847 xtb: 6.7.1pre (5071a88)
O            0.17523686973587        2.51605361337659       10.54104266263105
C            0.03830154164495        1.83601903837540        9.48660920808868
C            0.10361105229220        0.39889950082793        9.55908405470803
O            0.31275351408753       -0.08131824789472       10.81267462563974
C           -0.04440715536461       -0.38886525718339        8.44253883583064
C           -0.01953622785184       -1.83428843196345        8.37293647224174
C            0.27931237655377       -2.63671813318387        9.47855369601108
C            0.29617656435857       -4.01196163032070        9.35918125801726
C            0.01895171406685       -4.62240536677174        8.14727231722028
O            0.02230672825990       -5.99062174947992        7.97042260599702
C           -0.28509541717280       -3.83360986730327        7.03018290515720
O           -0.56131739159590       -4.41740872943443        5.82924634190580
C           -0.30159786770312       -2.46076899309012        7.14910174217346
O           -0.25052935535931        0.19897118865360        7.21695598337209
C           -0.32199883405315        1.53790429598290        7.08601337156851
C           -0.53531359126329        2.04649350989199        5.81308879590560
C           -0.61984404814938        3.42321811952019        5.63344776142388
O           -0.82452151736343        3.87014205239076        4.36995754599542
C           -0.49037802560819        4.29332094268446        6.71086078652049
C           -0.27377292188958        3.79459494232302        7.98785856966238
O           -0.14458371627023        4.62588605752885        9.02561213034535
C           -0.18594274012639        2.39796732987589        8.18267644857140
H            0.35431537895419        0.73051480507987       11.36355089143469
H            0.49826982435297       -2.18263804484548       10.42754760218569
H            0.53189270963173       -4.62486025366837       10.21839915928999
H            0.24154025901349       -6.41167086213427        8.80594303809162
H           -0.51332661242708       -5.37373020185582        5.95732915300319
H           -0.54386064831011       -1.87421664240629        6.28034248501159
H           -0.64267570797058        1.38955789040245        4.96714190586123
H           -0.89651336599840        4.83012525605271        4.35468277479022
H           -0.55704907398419        5.36181118929253        6.57346395877053
H            0.00175917223591        4.05427926035111        9.82892382763167
B           -4.64102695322591       -2.58779513417190       -0.23876295398951
B           -4.08203061216439       -1.18597202408432       -0.75362184507191
B           -3.49422488699560        0.05204221175958       -1.68791754119309
B           -3.03779729669194       -2.57238697409352       -0.39145374473500
B           -2.36160238133987        0.34638763678018       -0.66033351637263
B           -4.06981505263964        0.40062907631705        0.00991894763343
B           -5.11201654974767        1.49514944244509        0.55262160188056
B           -4.68688699840048        3.06891937408169        0.59203466633250
B           -2.73682980522584        0.50764013236738        0.95342940203120
B           -3.66567528176169        3.61081521292431        1.73535202685029
B           -1.81660930692731       -3.69646413311108       -0.28112705075825
B           -1.50165855746312       -2.15300456731265       -0.08005400988509
B           -1.36053281802896       -0.55757282285209        0.26295283375271
B           -0.24558938278236       -3.15665159383638        0.08099522094464
B           -0.11274670036037       -0.17237155752348        1.23961120280769
B           -1.50672336626415        0.16806026698690        1.99810280636481
B           -1.92386325438010        1.74378140305897        1.70849550295003
B           -2.15842597591178        3.26377205242080        1.33711390718636
B           -0.39550477923878        1.26206521464293        2.28410008219261
B           -1.00561178193247        4.29150223033276        0.76447846532374
B            1.19848140675844       -4.01567126980185        0.12895114604533
B            1.18854344581510       -2.50200582384265        0.62243698552245
B            1.32845039431877       -0.96479041978805        1.05466128417456
B            2.59434441104015       -3.36145403038391        0.75433464469192
B            2.69263368284513       -0.07782338558147        1.07826132882991
B            1.32888041423463        0.59595849195916        1.62440210556953
B            0.90892311388782        2.20309668363040        1.97952667357715
B            0.21039217734035        3.39508585524934        1.13993703232826
B            2.27799928614130        1.80538933163275        1.03939273741151
B            0.80395179001716        2.68142147813367       -0.24438288643292
B            3.92209153434349       -4.01083424011205        1.50900758023213
B            3.98523069916873       -2.48597836076862        0.92096175562216
B            4.11113904129519       -0.90118700027024        0.65812214051269
B            5.16841997092544       -3.03865597476529        1.80509165077861
B            5.28558949292185        0.08053569011310       -0.05676914250778
B            4.13101420714535        0.73089645160222        0.86971254197108
B            3.72449280173018        2.46709224215537        0.50308319092813
B            2.38578214892911        2.79414260469492       -0.43791335782300
B            5.24283775635767        1.77556600077576        0.32152296478290
B            3.78788654456733        3.29062056165153       -0.86666308924813
H           -5.39460147193502       -3.25729996464960        0.35730975481070
H           -5.21468383506342       -1.84669744506171       -1.12080165058582
H           -3.92160231181205        0.35945542417267       -2.74121857114758
H           -6.15421948093112        1.16178814535298        1.00706197286383
H           -5.13761655069216        3.80585970499036       -0.21182300476114
H           -4.06093540179578        4.09894439130398        2.73050126361567
H           -1.99552768174379       -4.83740842343129       -0.46855677893987
H           -1.15144952346419        5.29267526607653        0.16629099237423
H            1.23628252669671       -5.09106526850155       -0.32863968875056
H            0.13272670230338        2.03985219109811       -0.97345356300321
H            3.91193121428305       -5.10788390824392        1.91150761777343
H            6.19257321726633       -2.88221699519886        2.33599979267409
H            6.22907754732181       -0.33199252597984       -0.60954707503744
H            6.26303014766662        2.34236553436426        0.43896821911046
H            4.47828383659995        3.85745095929860       -1.61629548732866
87
 energy: -121.931397425878 gnorm: 0.005466884717 xtb: 6.7.1pre (5071a88)
O            0.17190231906047        2.51073536969677       10.53432632124983
C            0.03834961701255        1.83326022992012        9.47805884164252
C            0.10522177947232        0.39607641426823        9.54905367146386
O            0.31359492566830       -0.08306861896804       10.80252277081852
C           -0.04164760473475       -0.39078613230419        8.43209170570953
C           -0.01834750088516       -1.83629131758409        8.36396704539442
C            0.27227196856775       -2.63657270114129        9.47332719465650
C            0.28742817338149       -4.01227947910494        9.35770786941253
C            0.01817414291961       -4.62473574877772        8.14523535835023
O            0.02164921716581       -5.99346141217288        7.97107701424312
C           -0.27820677193238       -3.83823969758360        7.02429767516283
O           -0.54714533438123       -4.42407362034659        5.82363148504447
C           -0.29397814566886       -2.46500880327199        7.13993524224139
O           -0.24609067315929        0.19845734619112        7.20673036851161
C           -0.32134119465496        1.53710357482909        7.07798177222270
C           -0.53830032904001        2.04856720088907        5.80622513497128
C           -0.62122064141246        3.42548853865948        5.62970201978104
O           -0.82627469033572        3.87748092752102        4.36715158405787
C           -0.49010006260106        4.29492055714499        6.70798110532364
C           -0.27463306167288        3.79351973143492        7.98365448350046
O           -0.14718691907321        4.62315651122352        9.02211425018317
C           -0.18593933505329        2.39649761550019        8.17537924798843
H            0.34907987117935        0.73026582590074       11.35220925019000
H            0.48515868186978       -2.18115442316485       10.42276346188522
H            0.51608495475283       -4.62331629806237       10.21978552539388
H            0.22925229460594       -6.41427225270650        8.80867021728233
H           -0.49717383044511       -5.38014421060258        5.95246395159272
H           -0.53068312038220       -1.87954286830366        6.26889939710660
H           -0.64774005901853        1.39557944856066        4.95701801226610
H           -0.89987636676108        4.83742205189788        4.35889762298245
H           -0.55502001179666        5.36337226762648        6.57097313517541
H           -0.00154010774218        4.05114985741116        9.82412496645491
B           -4.63908085652177       -2.58063466099258       -0.23242655325270
B           -4.07820136976982       -1.18154589882025       -0.75122107985495
B           -3.48460788408925        0.05395617912820       -1.68535344103901
B           -3.03590312462153       -2.57053773455178       -0.38673980729532
B           -2.35779721679948        0.34539828541477       -0.65209012608367
B           -4.06792884697516        0.40204949309765        0.01272156119993
B           -5.11075963043258        1.49764646163389        0.55221129053720
B           -4.68657587449213        3.07148478824866        0.59028387057467
B           -2.73804753433893        0.50853436674825        0.95976863445295
B           -3.66767220802268        3.61381312168734        1.73479468822026
B           -1.81587931386026       -3.69501183652470       -0.28237810373938
B           -1.50104720004378       -2.15340402847951       -0.06942706147804
B           -1.36091588217533       -0.55849457759176        0.27550179582784
B           -0.24459624150852       -3.15622308219382        0.08589108825810
B           -0.11372467727804       -0.17188820808554        1.25240596306164
B           -1.50912603678075        0.17108857873182        2.00629221310855
B           -1.92550399525071        1.74639611801497        1.71225654396633
B           -2.16030825403506        3.26538410818706        1.33818011089988
B           -0.39796950934234        1.26617080050217        2.28885287162385
B           -1.00561076032067        4.29335789884483        0.76832472148819
B            1.19926033288195       -4.01289913360231        0.12825530818531
B            1.18764276590012       -2.50297069870586        0.63177755604614
B            1.32738060001052       -0.96670795793094        1.06685650556292
B            2.59414212617811       -3.36147301976533        0.75833776465821
B            2.69259266335115       -0.08028805201061        1.08291860072916
B            1.32996507486622        0.59577501617077        1.62814914900347
B            0.90719744140897        2.20337606874096        1.98070998501505
B            0.21096299438118        3.39469715791524        1.13763256248477
B            2.27706051472008        1.80465322360887        1.04112304891804
B            0.80322331107486        2.67739408658439       -0.24439224965532
B            3.91880451242983       -4.01009144701715        1.51736396351241
B            3.98651853490650       -2.48830429238268        0.92222419889162
B            4.10974079467635       -0.90334901373568        0.66006527665457
B            5.15924000390038       -3.03406018594848        1.82404833727746
B            5.28481381453376        0.07885408967256       -0.05382977170885
B            4.13012380381777        0.72862707561051        0.87178430473085
B            3.72357391724905        2.46462460181982        0.50414393495985
B            2.38518070366203        2.78883676882590       -0.43827712575144
B            5.24188559661006        1.77455023239729        0.32559932679392
B            3.78859755684200        3.27839443426621       -0.87101587706255
H           -5.39311314698629       -3.24486905191406        0.36878972268475
H           -5.21073448586076       -1.84486207946680       -1.11978720892127
H           -3.90769884830292        0.36126066522226       -2.74000757275596
H           -6.15569120299799        1.16527835948231        1.00010990210469
H           -5.13187090698419        3.80629824880893       -0.21876208397537
H           -4.06342998303271        4.10201531708062        2.72943603316038
H           -1.99210522397956       -4.83519190657964       -0.47595631854917
H           -1.15106360012326        5.29721644881967        0.17350597261338
H            1.24104309845667       -5.08523390981999       -0.33535443786392
H            0.13133235144394        2.03453674999076       -0.97162096429757
H            3.90540921679565       -5.10543322639624        1.92384771784244
H            6.19558059326346       -2.88661731102390        2.33324870843346
H            6.22781590697230       -0.33317298275374       -0.60744212796445
H            6.26215360455085        2.34082141390837        0.44458837854873
H            4.47734479486482        3.85512225263003       -1.61431740310409
87
 energy: -121.931474041361 gnorm: 0.004893074520 xtb: 6.7.1pre (5071a88)
O            0.16932961262547        2.50627825057713       10.52881440093650
C            0.03786239811712        1.83095651381691        9.47051001626956
C            0.10560238261102        0.39357837682236        9.54028109232257
O            0.31243524568082       -0.08463432268088       10.79429694823732
C           -0.04065013915627       -0.39242882190228        8.42241502020062
C           -0.01741146234430       -1.83807994373546        8.35522070982709
C            0.26533864305411       -2.63662461849440        9.46805695696430
C            0.27935222925501       -4.01258213227313        9.35549634518965
C            0.01716115704470       -4.62684543047264        8.14231168788838
O            0.02043390748169       -5.99591057455080        7.97039137735491
C           -0.27062997118005       -3.84235015423154        7.01751061193998
O           -0.53244674526118       -4.43055265321624        5.81650421532196
C           -0.28566234679619       -2.46872560902104        7.13040410636834
O           -0.24315723874216        0.19817367580528        7.19698328906038
C           -0.32074917036722        1.53689769170897        7.06990815982552
C           -0.53930902767177        2.05064445655200        5.79928630362907
C           -0.62210273552739        3.42768809668675        5.62525299178514
O           -0.82825520514862        3.88292065799126        4.36381942869089
C           -0.49014747497979        4.29616948206815        6.70429528248360
C           -0.27488143700436        3.79301702909560        7.97927971263118
O           -0.14901499788457        4.62121741328995        9.01945072701657
C           -0.18589993675495        2.39543734310212        8.16832509733243
H            0.34725447000184        0.72986831522238       11.34277629232364
H            0.47289238006390       -2.17996181459991       10.41822421400972
H            0.50051040607153       -4.62211554764633       10.22090731657681
H            0.21724621486566       -6.41647815658284        8.81151198786217
H           -0.48200783412660       -5.38646819096863        5.94686280587603
H           -0.51626849804107       -1.88439592107871        6.25686131173788
H           -0.65016088338149        1.40050740198204        4.94827897069187
H           -0.90345627016675        4.84279687499461        4.36037767442700
H           -0.55489738573335        5.36468657579915        6.56815051386098
H           -0.00436261758754        4.04880192312711        9.82108716974764
B           -4.63831387564122       -2.57419661419812       -0.22665696473684
B           -4.07555477936820       -1.17740250058561       -0.74898401596702
B           -3.47650199030603        0.05541322792545       -1.68317893091103
B           -3.03486400813012       -2.56899545684748       -0.38098357972740
B           -2.35410863452371        0.34491618432582       -0.64490081575143
B           -4.06625160006061        0.40336357281434        0.01555003624344
B           -5.10942923520469        1.50014757141296        0.55270852642092
B           -4.68689161998697        3.07447110431913        0.58875359321240
B           -2.73874832292933        0.50970457012102        0.96577683170730
B           -3.66914074456778        3.61736463579790        1.73377478083585
B           -1.81573003632668       -3.69379637814912       -0.28291201696547
B           -1.50064843854401       -2.15351307418069       -0.05917794975714
B           -1.36115361428774       -0.55894322837633        0.28750981317471
B           -0.24398831513944       -3.15615310049123        0.09003065017850
B           -0.11443859961073       -0.17160411373025        1.26533674331942
B           -1.51134327648519        0.17374329453170        2.01476734356147
B           -1.92714453975950        1.74888958296753        1.71696750481239
B           -2.16151268535445        3.26718675923212        1.33916304575434
B           -0.40032170645626        1.27002825653745        2.29506635611944
B           -1.00515744768791        4.29506383981312        0.77127717638107
B            1.19971003004181       -4.01100995170767        0.12812272281709
B            1.18609180638901       -2.50380214655724        0.64090350194241
B            1.32635481567917       -0.96838441264201        1.07839255754418
B            2.59321291133054       -3.36191269070557        0.76406349395588
B            2.69274231426240       -0.08266956344768        1.08832817957990
B            1.33119550886399        0.59563796515256        1.63227773550756
B            0.90543979317335        2.20359031521258        1.98260400102212
B            0.21157292788268        3.39441403826769        1.13579226446042
B            2.27591515856885        1.80417055571737        1.04330004388532
B            0.80278784494872        2.67334708833119       -0.24389926573615
B            3.91597013416803       -4.00933318983660        1.52660245130784
B            3.98632637580068       -2.48981888331219        0.92526957789382
B            4.10909409362443       -0.90513707481586        0.66286254399205
B            5.16361106182629       -3.03812124412815        1.81941749350920
B            5.28421099621801        0.07752198838757       -0.05088995559469
B            4.12947248775983        0.72670716977806        0.87438837579771
B            3.72259008407704        2.46269150868457        0.50615653808916
B            2.38483197076931        2.78479586178040       -0.43799852915312
B            5.24090982764575        1.77374093127285        0.32931905033344
B            3.78890625840829        3.27194205028153       -0.87183464439390
H           -5.39295351854244       -3.23384742551645        0.37892064823166
H           -5.20785969070453       -1.84349508835919       -1.11914564071078
H           -3.89556702126747        0.36310476654102       -2.73936540390942
H           -6.15828024035435        1.16921010720253        0.99287616554404
H           -5.12603731746230        3.80729321623167       -0.22565511890494
H           -4.06634430942781        4.10582990354217        2.72769908776654
H           -1.99087853203131       -4.83307729921944       -0.48337513509284
H           -1.15054761059278        5.30033766293826        0.17900904440744
H            1.24573482053443       -5.08102855379879       -0.34104252225609
H            0.13066163776927        2.02855318453478       -0.96930498243162
H            3.90086384240301       -5.10399879210836        1.93510783544600
H            6.18861304997160       -2.88266836457045        2.34863041711407
H            6.22702793363766       -0.33391371228700       -0.60525470740681
H            6.26119734956296        2.33971156121905        0.44981099441019
H            4.47806400614641        3.84689819759250       -1.61626968532474
87
 energy: -121.931558245363 gnorm: 0.003682643566 xtb: 6.7.1pre (5071a88)
O            0.16630466169164        2.49970951051999       10.52034840087233
C            0.03612938171502        1.82742401628916        9.45903559882036
C            0.10429813812613        0.38968202146486        9.52698256762030
O            0.30826064854919       -0.08749304835760       10.78224928055449
C           -0.04104929738923       -0.39486567419552        8.40726238333828
C           -0.01629534148945       -1.84073352207127        8.34062358345653
C            0.25291996489617       -2.63714464143269        9.45875463919033
C            0.26553170570764       -4.01324248392839        9.35026093242146
C            0.01482352676832       -4.63013817079840        8.13571551101833
O            0.01698549689866       -5.99955614662862        7.96717651680059
C           -0.25692349613517       -3.84825070442753        7.00474838346579
O           -0.50595919469540       -4.44049585062660        5.80219790789873
C           -0.27065415552795       -2.47403430769792        7.11380456550701
O           -0.24049179253544        0.19795879432313        7.18170204772380
C           -0.31997900629121        1.53727701090281        7.05684133927223
C           -0.53873315623291        2.05399953927788        5.78791751563877
C           -0.62337587513955        3.43130824728106        5.61714298850589
O           -0.83202408621426        3.88950606949974        4.35764446841866
C           -0.49130687610052        4.29771652654991        6.69749172444743
C           -0.27540781551745        3.79250935102543        7.97182249383422
O           -0.15121400174236        4.61840404843312        9.01549417454533
C           -0.18607281902466        2.39409314700888        8.15718815655912
H            0.34731615447036        0.72845515072162       11.32899614461252
H            0.45164791710542       -2.17868626089650       10.41046380245796
H            0.47387619921636       -4.62075877393472       10.22122717212889
H            0.19679519897929       -6.41913854483480        8.81510191681666
H           -0.45703774569346       -5.39619735915366        5.93616406639940
H           -0.48946245504256       -1.89155972917097        6.23571094429396
H           -0.65027098877080        1.40687128034164        4.93548692749678
H           -0.90963527604181        4.84920886834990        4.35872752653875
H           -0.55746305035231        5.36652388070972        6.56349413187991
H           -0.00797131437381        4.04496268563750        9.81716781289127
B           -4.63786064128730       -2.56404490569594       -0.21843247599930
B           -4.07196736391389       -1.17028311455912       -0.74535667070905
B           -3.46339228814317        0.05722535049406       -1.67971390424115
B           -3.03358355005826       -2.56674479420425       -0.37072607415590
B           -2.34767539277120        0.34521049179771       -0.63350943192904
B           -4.06399044331910        0.40604885322228        0.01974348745838
B           -5.10999017199419        1.50616560077848        0.54575791032847
B           -4.68134992478291        3.07889626308069        0.58067278420139
B           -2.73972662775114        0.51234024490884        0.97569413880562
B           -3.67090438183977        3.62259669787476        1.73226028642535
B           -1.81557392952976       -3.69183414544615       -0.28374508688441
B           -1.49992760448984       -2.15336733348456       -0.04244447001095
B           -1.36179992692971       -0.55920836284890        0.30756102147383
B           -0.24323977975228       -3.15686786123797        0.09731815906069
B           -0.11544334937991       -0.17192401805226        1.28775747660066
B           -1.51503513997676        0.17772570341725        2.02952254259299
B           -1.93015233263134        1.75286425221783        1.72659030401906
B           -2.16198650325117        3.27092083408468        1.34384086245453
B           -0.40449043442419        1.27618613670717        2.30767033748753
B           -1.00385752876776        4.29677233299466        0.77402082259412
B            1.20056342500812       -4.00908438271190        0.12868246864784
B            1.18353306175055       -2.50540612141170        0.65569182151099
B            1.32469390257895       -0.97138821181010        1.09730636620219
B            2.59241836119530       -3.36336483419009        0.77332718178810
B            2.69292133000973       -0.08673115989492        1.09799628812652
B            1.33341226573722        0.59512317040171        1.63981390377151
B            0.90220940568591        2.20348339332703        1.98705902957083
B            0.21245498757613        3.39365495058787        1.13353584258379
B            2.27327043827969        1.80359374859564        1.04766600762269
B            0.80239049789581        2.66596250906296       -0.24190149437497
B            3.91325167735129       -4.00909055338022        1.54011958534920
B            3.98568703162380       -2.49153650783953        0.93207578912786
B            4.10831218746179       -0.90775556957631        0.66714110713414
B            5.16273948220699       -3.03866480552038        1.82842569469632
B            5.28332320877267        0.07571428399736       -0.04642105086978
B            4.12834714396987        0.72375872465410        0.87866883146225
B            3.72039359107542        2.46019932818209        0.51156991778912
B            2.38443136215136        2.78026535400156       -0.43614965543761
B            5.23860670954842        1.77279572635502        0.33402726787752
B            3.78793950165796        3.27419864475445       -0.86435984323715
H           -5.39413533416630       -3.21722524092860        0.39235115077538
H           -5.20337312156645       -1.84150995062413       -1.11932779041350
H           -3.87556239211028        0.36665293624024       -2.73851866618627
H           -6.15984328699523        1.17753336927554        0.98671791260300
H           -5.12038088407438        3.81227446162900       -0.23279678649415
H           -4.07339163745161        4.11361425608653        2.72317358288959
H           -1.99061600558474       -4.82946845410105       -0.49561151652855
H           -1.14940501659536        5.30435690712548        0.18698552502038
H            1.25340198082861       -5.07611049158149       -0.34843729215244
H            0.13036972814217        2.01783412471466       -0.96473249988097
H            3.89593706893800       -5.10195625459604        1.95441893323435
H            6.18397836323160       -2.87994354566103        2.36502319670515
H            6.22616874284493       -0.33499883093046       -0.60159517397667
H            6.25894951014047        2.33840358068721        0.45685652418170
H            4.48273377778854        3.81727628893258       -1.62864980417957
87
 energy: -121.931634470907 gnorm: 0.004202099469 xtb: 6.7.1pre (5071a88)
O            0.16461527782027        2.49425084701525       10.51197394849203
C            0.03418410224053        1.82418276662301        9.44879682388915
C            0.10179456564029        0.38618357905886        9.51514528639068
O            0.30384790757425       -0.09068860010549       10.77115643318064
C           -0.04226256157779       -0.39699645010485        8.39385040299194
C           -0.01563046034486       -1.84294931364049        8.32696160425877
C            0.24053060692087       -2.63807928633597        9.44937239185130
C            0.25202498587865       -4.01418355730108        9.34376849218549
C            0.01215908994207       -4.63305248647958        8.12788461931861
O            0.01233023349689       -6.00269667257833        7.96239658040088
C           -0.24378128468470       -3.85272485131092        6.99190034758127
O           -0.47970656277231       -4.44811588183873        5.78728285376117
C           -0.25616109127832       -2.47809671203406        7.09799879139675
O           -0.23960816300232        0.19770157042300        7.16849455514149
C           -0.31974237447076        1.53774201653185        7.04542034939564
C           -0.53771043642568        2.05663039301408        5.77775644700366
C           -0.62522188688387        3.43430172263390        5.60937497461797
O           -0.83617461959485        3.89387052535307        4.35145261544353
C           -0.49383977298170        4.29858668458360        6.69105663852805
C           -0.27678495815573        3.79173389695686        7.96473140313636
O           -0.15310027985171        4.61556968149399        9.01111514712906
C           -0.18677080018637        2.39286746230432        8.14747137463822
H            0.34758241192942        0.72618131991587       11.31688254639920
H            0.43027361449916       -2.17835197163285       10.40265967790093
H            0.44865857805771       -4.62023861957804       10.21912131134127
H            0.17891544812191       -6.42059518254849        8.81539791476896
H           -0.43358904740419       -5.40359122235816        5.92490629960047
H           -0.46272457863216       -1.89711431851858        6.21568171542803
H           -0.64826144389069        1.41103833577208        4.92452788351915
H           -0.91558657172241        4.85339479309939        4.35412241996541
H           -0.56199113955701        5.36773974117645        6.55940801985513
H           -0.01040834624954        4.04079869033437        9.81264325366849
B           -4.63746411982343       -2.55493282701670       -0.21016352855184
B           -4.06939852665729       -1.16336927648241       -0.74076187842320
B           -3.45167253839283        0.05836254801428       -1.67537743047149
B           -3.03248912902023       -2.56465711014645       -0.36061769273746
B           -2.34169541843735        0.34606187060683       -0.62281972614952
B           -4.06230078534103        0.40910156146864        0.02451504790581
B           -5.11070045520664        1.51282269578456        0.53926521983996
B           -4.67642361077793        3.08394656724682        0.57290071834913
B           -2.74041923686360        0.51533119130711        0.98501918018010
B           -3.67177683431328        3.62816733998246        1.72988852643611
B           -1.81518371432249       -3.68959884137473       -0.28428992769910
B           -1.49933964618145       -2.15277808230165       -0.02729035975493
B           -1.36258255608114       -0.55905535460738        0.32625715411369
B           -0.24279481500987       -3.15763793103941        0.10502455175510
B           -0.11592882301383       -0.17214950173577        1.30873030477584
B           -1.51787723286631        0.18187660688898        2.04325238293121
B           -1.93309033274582        1.75690509086951        1.73576743700560
B           -2.16195161848551        3.27454774515496        1.34725479486551
B           -0.40846092300639        1.28276342220823        2.32007662626458
B           -1.00203307231340        4.29845961520434        0.77586249336120
B            1.20153890734489       -4.00721407553801        0.12964046795364
B            1.18152918351562       -2.50648058946037        0.66854914638590
B            1.32349511587539       -0.97377185480017        1.11446611192261
B            2.59203380787412       -3.36499364130065        0.78212332846652
B            2.69333819960494       -0.08999975248640        1.10752652397418
B            1.33596613666140        0.59530220426034        1.64677509745682
B            0.89935320501059        2.20376288288866        1.99194869392825
B            0.21310379352665        3.39285277898988        1.13183098223952
B            2.27157009641422        1.80437212797749        1.05313461058522
B            0.80173568762620        2.65879502992586       -0.23955146717445
B            3.91128278512498       -4.00954517539566        1.55258391838111
B            3.98475126773546       -2.49293239258893        0.94071913954650
B            4.10815702830685       -0.91031634634427        0.67310331366047
B            5.16196196695718       -3.03963642290340        1.83815383493913
B            5.28335437488427        0.07306663284822       -0.04033740476570
B            4.12830719904183        0.72071394944514        0.88488295054487
B            3.71932012416453        2.45635724539805        0.51335241948977
B            2.38368033133441        2.77328285397664       -0.43576983603123
B            5.23843023629032        1.77018942853723        0.34071497742348
B            3.78862606073215        3.25550903343702       -0.87247138565081
H           -5.39531093999825       -3.20299719941914        0.40428525009273
H           -5.19948524558471       -1.84007009944831       -1.11849429584355
H           -3.85760131066650        0.36960300688286       -2.73640473204943
H           -6.16104612075566        1.18660130062619        0.98190059044095
H           -5.11440978540692        3.81792721889735       -0.24017550820276
H           -4.07927642381915        4.12285534634557        2.71728203566012
H           -1.99047319046180       -4.82580878938517       -0.50479663067224
H           -1.14766116026936        5.30715458671797        0.19185456485546
H            1.25997437549492       -5.07161316352709       -0.35397066966726
H            0.12951368202277        2.00762047306383       -0.95958711692006
H            3.89218828392914       -5.10115761168549        1.97073690590381
H            6.18007805191531       -2.87801278448335        2.38065446441681
H            6.22614826162908       -0.33722623839329       -0.59614150739931
H            6.25828701822259        2.33647696601975        0.46497640212483
H            4.48060694185439        3.81432084104938       -1.62714219325412
87
 energy: -121.931720725928 gnorm: 0.003958963257 xtb: 6.7.1pre (5071a88)
O            0.16452070798771        2.48994163332240       10.50304683653133
C            0.03255541637342        1.82115029766436        9.43922191999666
C            0.09863840912311        0.38303425897647        9.50408529873381
O            0.29986823230697       -0.09438573064823       10.76014445466390
C           -0.04344416535834       -0.39886338083602        8.38153340514240
C           -0.01517480637609       -1.84475243671729        8.31367361649319
C            0.22703743435020       -2.63956439086179        9.43950203612635
C            0.23731279829328       -4.01559811720182        9.33559154041896
C            0.00892171474138       -4.63560053775014        8.11808949799599
O            0.00568706868676       -6.00538458605085        7.95534977308569
C           -0.23016143729781       -3.85560109569860        6.97821164184270
O           -0.45163052749541       -4.45282280039813        5.77095100959011
C           -0.24087477416099       -2.48077443812989        7.08227694892251
O           -0.23982760919181        0.19730287472370        7.15678769466876
C           -0.31971508335443        1.53810186156070        7.03525402390106
C           -0.53642705637244        2.05848544389434        5.76842183896215
C           -0.62772287320237        3.43658386157037        5.60172759554003
O           -0.84068026022495        3.89627222564535        4.34494721179568
C           -0.49786867222664        4.29878182264135        6.68485575422049
C           -0.27898046201060        3.79050493727417        7.95769729365205
O           -0.15481090503656        4.61258837136707        9.00565380154312
C           -0.18780074098301        2.39159065917387        8.13876973360370
H            0.34725900280852        0.72279129026117       11.30573391780944
H            0.40668127858945       -2.17923274118589       10.39450718127412
H            0.42255080692072       -4.62083057378166       10.21404172565273
H            0.16352948035395       -6.42097804139529        8.81093285288114
H           -0.40972032410718       -5.40805724998326        5.91197687277405
H           -0.43387331232887       -1.90079213845569        6.19611341908875
H           -0.64421773188644        1.41317760665728        4.91464434154934
H           -0.92122253515387        4.85566255092475        4.34638875726429
H           -0.56861159229018        5.36825694016446        6.55572618803573
H           -0.01135835082860        4.03617231427889        9.80653523576603
B           -4.63657622169204       -2.54604155096668       -0.20359443621176
B           -4.06714121447809       -1.15566464388708       -0.73591975816272
B           -3.44002578933242        0.06034951409789       -1.66973881133210
B           -3.03094463728567       -2.56227498025951       -0.35104462054175
B           -2.33538655416015        0.34783674744526       -0.61185464205274
B           -4.06073197807577        0.41258675829695        0.03080895227999
B           -5.10868790747348        1.51944662261636        0.54058242047376
B           -4.67725996477421        3.09115685583428        0.56947007242712
B           -2.74084697163379        0.51853709490996        0.99432735697881
B           -3.67209810356133        3.63605468405507        1.72568909699057
B           -1.81441144879291       -3.68693000053461       -0.28389401443590
B           -1.49881936686639       -2.15197246283913       -0.01186082289314
B           -1.36369552002219       -0.55869730466466        0.34483689458898
B           -0.24251588091347       -3.15873268622937        0.11374839435421
B           -0.11638355230949       -0.17297569100438        1.32982693018253
B           -1.52025547918038        0.18616644669313        2.05678006720435
B           -1.93655623355739        1.76100243433952        1.74499670581401
B           -2.16253360493664        3.27738087912899        1.34759941890010
B           -0.41302458859375        1.28983692782993        2.33304028306468
B           -1.00009534186062        4.30009133091029        0.77781453844872
B            1.20254048132859       -4.00586550274969        0.13308985535564
B            1.17983399882196       -2.50782419170426        0.68120511164900
B            1.32222996649493       -0.97650178410423        1.13144088223340
B            2.59229266723556       -3.36683575388394        0.79108495586656
B            2.69363922079746       -0.09352392781945        1.11734791538386
B            1.33862991389009        0.59508330224826        1.65379508814965
B            0.89621170809223        2.20350350624682        1.99762564239587
B            0.21237314363167        3.39075909849993        1.13107090739077
B            2.26895173979259        1.80541279668470        1.05904535596294
B            0.80086543091106        2.65127262365131       -0.23623958090446
B            3.91027000755019       -4.01058037344105        1.56441295853973
B            3.98421836236352       -2.49441087925082        0.95040867885972
B            4.10822354580310       -0.91300957271660        0.67926882775834
B            5.15719423062526       -3.03794888571733        1.85630623978538
B            5.28378805977145        0.07027460737717       -0.03359396779137
B            4.12823012097971        0.71750503972048        0.89134192625422
B            3.71758279130904        2.45224455900450        0.51645427099445
B            2.38268177544290        2.76788100362938       -0.43408607795526
B            5.23771273607045        1.76753690141902        0.34678013605881
B            3.78819411741896        3.24381292808919       -0.87474931084577
H           -5.39604736320337       -3.18986595738083        0.41337395554644
H           -5.19531113669395       -1.83812107247100       -1.11827139883148
H           -3.83962816162037        0.37361364310388       -2.73271188564659
H           -6.16537153168173        1.19654974962470        0.97129471942520
H           -5.10334860356335        3.82265189844657       -0.25268000900277
H           -4.08292087173881        4.13424192585618        2.70997793001815
H           -1.99040002002168       -4.82155487630292       -0.51202437355659
H           -1.14509580887140        5.30838341252815        0.19355544112856
H            1.26531186116179       -5.06771211429461       -0.35577652089083
H            0.12930541405339        1.99685600223949       -0.95395714423981
H            3.88902264173056       -5.10072559925960        1.98634623520465
H            6.17916368073206       -2.87818721615827        2.39171776159102
H            6.22682469327372       -0.34023206810778       -0.58891680663732
H            6.25689071018064        2.33494008292657        0.47198679142361
H            4.48083670650999        3.80051302737295       -1.63037195633987
87
 energy: -121.931816495030 gnorm: 0.003226353762 xtb: 6.7.1pre (5071a88)
O            0.16587757628830        2.48627388841463       10.49205821384591
C            0.03113205924436        1.81779062180294        9.42872207469247
C            0.09506245105647        0.37975739381821        9.49188316180445
O            0.29635800306271       -0.09945523056122       10.74718210331065
C           -0.04392281118904       -0.40075832225914        8.36817365741086
C           -0.01470971448252       -1.84642167226070        8.29837871818787
C            0.20893214110757       -2.64238528708797        9.42718538712505
C            0.21728705062629       -4.01826891385693        9.32338108652416
C            0.00492119630039       -4.63798334871087        8.10286837335449
O           -0.00344129417833       -6.00779046528435        7.94206033650462
C           -0.21253689890928       -3.85657734892713        6.95992084225157
O           -0.41548100312107       -4.45359624319159        5.74885414326743
C           -0.22124245249907       -2.48180611029526        7.06344349728878
O           -0.24058625200105        0.19659163018055        7.14453817199253
C           -0.31980225105776        1.53813922014771        7.02467527000339
C           -0.53530207387528        2.05958744353083        5.75839970463831
C           -0.63174024617660        3.43810458679614        5.59301055933676
O           -0.84678461518979        3.89689559964245        4.33699716207808
C           -0.50466198737529        4.29815702875256        6.67789467919095
C           -0.28278269544519        3.78844595722625        7.94956632151342
O           -0.15731658336679        4.60902683643104        8.99791061172515
C           -0.18942727630652        2.38984537837558        8.12958619018021
H            0.34579130705626        0.71704303141539       11.29385050015333
H            0.37504000650563       -2.18253855206621       10.38458514160340
H            0.38893742586154       -4.62371323135329       10.20385385763455
H            0.14752866869217       -6.42097078871747        8.79830857853211
H           -0.38013534597528       -5.40863110629695        5.89261831976601
H           -0.39674762380922       -1.90198175994619        6.17365708344493
H           -0.63823357695478        1.41352887223963        4.90403843798479
H           -0.92765762795725        4.85624806537683        4.33421176689428
H           -0.57911735086197        5.36784881450307        6.55166094884804
H           -0.01094712088800        4.03046624064527        9.79729354830235
B           -4.63473151484206       -2.53613550856866       -0.19793254870538
B           -4.06469056766681       -1.14592655044309       -0.72971488565584
B           -3.42604424615750        0.06313573436432       -1.66180735344918
B           -3.02832950931976       -2.55917793720037       -0.33953509902612
B           -2.32800340638701        0.35080659043488       -0.59811949897537
B           -4.05994431755240        0.41716556039717        0.03905217090238
B           -5.10817316373023        1.52929086586636        0.53740191136794
B           -4.67236534859445        3.09932587676773        0.55962408101269
B           -2.74200983428600        0.52305119689787        1.00534025640277
B           -3.67202555081097        3.64680723173476        1.71913243863827
B           -1.81272142546977       -3.68319025320456       -0.28050420141487
B           -1.49850814281248       -2.15061248366850        0.00827023667701
B           -1.36562095737760       -0.55764544092428        0.36702667969018
B           -0.24221226813754       -3.15970267796956        0.12570612547462
B           -0.11727434399771       -0.17405724874382        1.35501299596334
B           -1.52289485853416        0.19192460514544        2.07235715353055
B           -1.94165344077937        1.76620647536750        1.75621586077637
B           -2.16260247144247        3.28127331669931        1.34979608766614
B           -0.41964493792495        1.29948268771461        2.34880124726898
B           -0.99804322023179        4.30026908811361        0.77645921521145
B            1.20347966318859       -4.00472374213169        0.14173062719609
B            1.17796858565274       -2.50979202196473        0.69780196850585
B            1.32013671156401       -0.97961629422861        1.15124136382753
B            2.59296622369026       -3.36909521992857        0.80318977761175
B            2.69378380223039       -0.09797483475237        1.12960467996999
B            1.34180488252513        0.59472804015509        1.66181427413681
B            0.89185180983411        2.20288367772993        2.00499531631367
B            0.21012430220119        3.38726378224603        1.13075631207155
B            2.26489628402725        1.80756486224424        1.06699074435825
B            0.79983726117567        2.64188942328963       -0.23137947111875
B            3.90981097060172       -4.01267604838536        1.57847880381674
B            3.98431744380236       -2.49702275545438        0.96283933253181
B            4.10833788110151       -0.91683661636459        0.68779096782652
B            5.15242579543674       -3.03720001575457        1.87765054853286
B            5.28535133755996        0.06581449950020       -0.02327073152928
B            4.12836648044989        0.71303976196771        0.90006729504995
B            3.71521621662199        2.44596429039539        0.52060150377035
B            2.38145135801013        2.76164596236007       -0.43131170894518
B            5.23691105904059        1.76337695948308        0.35418961669478
B            3.78753904199054        3.22977590728668       -0.87590722605810
H           -5.39595062483013       -3.17540967997791        0.42171460011185
H           -5.18982618421265       -1.83521258378086       -1.11863133824962
H           -3.81814384057697        0.37891513710425       -2.72667328738563
H           -6.16783601276554        1.21103630886329        0.96361610694089
H           -5.09291377177375        3.82998979458447       -0.26593657975154
H           -4.08756139814759        4.15089812375121        2.69838760552115
H           -1.99022094994439       -4.81554925761287       -0.51787842710634
H           -1.14139007879261        5.30923796961889        0.19261386744015
H            1.26962225259034       -5.06337942843414       -0.35271708321442
H            0.12980738632572        1.98278129581249       -0.94608813343805
H            3.88510948616906       -5.10109444918307        2.00405056081250
H            6.17734769815473       -2.87805387433222        2.40720246374447
H            6.22908718631413       -0.34522569289978       -0.57691778215479
H            6.25469600297877        2.33319404612373        0.47997659791303
H            4.48214317940632        3.78015331549140       -1.63438448855586
87
 energy: -121.931900019701 gnorm: 0.003308786325 xtb: 6.7.1pre (5071a88)
O            0.16682628126012        2.48252217724101       10.48065537633841
C            0.03043115051588        1.81420023342035        9.41772319092499
C            0.09298853917252        0.37634261077190        9.47905113739263
O            0.29435090936811       -0.10522541423091       10.73329819177531
C           -0.04285621418314       -0.40275682154165        8.35419170126995
C           -0.01384882449487       -1.84820194637540        8.28228019900522
C            0.18770502375955       -2.64635588051968        9.41392514868070
C            0.19348806698987       -4.02211262685457        9.30889638857886
C            0.00173025917505       -4.63999273792431        8.08372536756187
O           -0.01053731682851       -6.00970874265516        7.92270898355877
C           -0.19182202199535       -3.85620849532399        6.93817862488212
O           -0.37417434192074       -4.45096719933365        5.72274170499741
C           -0.19886750859450       -2.48158883118160        7.04291138242704
O           -0.23965584552430        0.19569979206201        7.13160443492234
C           -0.31974402601999        1.53756179444922        7.01378244908444
C           -0.53583717399199        2.06026052000834        5.74817759031118
C           -0.63675811556426        3.43889304261346        5.58443184480922
O           -0.85394915728999        3.89771437957514        4.32900929521119
C           -0.51222778346175        4.29734728143207        6.67092010064429
C           -0.28725658488089        3.78604653055854        7.94130887313412
O           -0.16127357874046        4.60543171378012        8.98958577545957
C           -0.19114192266836        2.38765067005193        8.11990624952627
H            0.34343182784960        0.70991530320193       11.28164203976815
H            0.33734624410677       -2.18808191004913       10.37461660668129
H            0.34829567882439       -4.62890375111895       10.19131339400985
H            0.12874008294935       -6.42249872244483        8.78036591964120
H           -0.34564257330031       -5.40603651033611        5.86697662302659
H           -0.35546047198931       -1.90076538813948        6.15031126796654
H           -0.63478834790259        1.41423848962831        4.89264470804971
H           -0.93469380018513        4.85711826273294        4.32299277591109
H           -0.59024703933601        5.36699141605642        6.54702639376204
H           -0.01164568325488        4.02494296058780        9.78709344150680
B           -4.63197801730018       -2.52508601752775       -0.19224791955714
B           -4.06161223011985       -1.13489711099059       -0.72315036521097
B           -3.41019721488885        0.06711585905858       -1.65326545217231
B           -3.02500984565476       -2.55528367811408       -0.32703088801924
B           -2.31986057025014        0.35358545098271       -0.58254651908774
B           -4.05915581007316        0.42228094410053        0.04804786938095
B           -5.10821916429559        1.54017120377471        0.53287603615998
B           -4.66829302432356        3.10839991954598        0.54936006674162
B           -2.74372072107309        0.52811381536437        1.01731919093708
B           -3.67218178219245        3.65873349488711        1.71118896472534
B           -1.81041815350981       -3.67888823140750       -0.27569581815779
B           -1.49838562665501       -2.14900788793604        0.03099812136487
B           -1.36734901215966       -0.55632218362405        0.39141274369025
B           -0.24229542588896       -3.16010520010624        0.14115702095586
B           -0.11834254851043       -0.17469583674128        1.38255643220958
B           -1.52569079158796        0.19877339791648        2.08886495079274
B           -1.94731285190337        1.77220548446954        1.76771440815674
B           -2.16323525937306        3.28516911535966        1.35042510345361
B           -0.42740044907110        1.31083797431671        2.36542171617062
B           -0.99628242167199        4.30098232222473        0.77523426178438
B            1.20375007787859       -4.00338705981501        0.15384861642011
B            1.17564592987017       -2.51199332145856        0.71783260304401
B            1.31766165907270       -0.98297291395094        1.17428846500852
B            2.59291376429783       -3.37116641276908        0.81782026366136
B            2.69412143117300       -0.10315492402747        1.14338805722586
B            1.34544873650516        0.59428066921210        1.67048205797445
B            0.88682559077600        2.20225890501612        2.01286578215119
B            0.20664523710641        3.38284525285641        1.13033294531249
B            2.25983276190406        1.81047967034710        1.07581813551836
B            0.79868087583605        2.63128521585248       -0.22605858613640
B            3.90802783907323       -4.01475302910702        1.59572515450194
B            3.98456692323332       -2.50076398872342        0.97625839867357
B            4.10826115772355       -0.92151496860101        0.69792575437610
B            5.14973266251544       -3.03908367821616        1.89584603879697
B            5.28774497887937        0.06022000509176       -0.01067068368958
B            4.12860083851409        0.70778211470176        0.90941757987236
B            3.71248152636602        2.43820577817293        0.52577199672556
B            2.38021010386686        2.75482380399678       -0.42776998663136
B            5.23595320112756        1.75863038536114        0.36228164338738
B            3.78714689930311        3.21534608806604       -0.87501014147573
H           -5.39528498632226       -3.15940627523974        0.43013532715959
H           -5.18263504236120       -1.83162888571265       -1.11994483282970
H           -3.79442126007044        0.38537208207635       -2.71999749888281
H           -6.16990156852007        1.22679052326059        0.95617374731832
H           -5.07933929871017        3.83654093656007       -0.28339917618967
H           -4.09075940053134        4.17266462584232        2.68386201082184
H           -1.98907169726561       -4.80898089828249       -0.52225780271835
H           -1.13717912844883        5.30889610692338        0.18828510599605
H            1.27283968247786       -5.05870952173464       -0.34644213713303
H            0.13074143861546        1.96710613622604       -0.93790529447738
H            3.87885340122009       -5.10204923315031        2.02304325730738
H            6.17335935789272       -2.87747420852081        2.42708091987539
H            6.23277210852955       -0.35186837771248       -0.56112647918094
H            6.25198972642292        2.33138893141212        0.48885022107109
H            4.48516466043457        3.75288943043895       -1.63982856805490
87
 energy: -121.931982448326 gnorm: 0.003229622950 xtb: 6.7.1pre (5071a88)
O            0.16761680732081        2.47961756578401       10.47168704450169
C            0.03054429868345        1.81106550277214        9.40916352422176
C            0.09258815510063        0.37339752962496        9.46880412180147
O            0.29417522111584       -0.11137180036340       10.72178478106154
C           -0.04110598234369       -0.40442274775599        8.34288905345007
C           -0.01303519413131       -1.84966001561135        8.26817448513153
C            0.16542866159092       -2.65182314857597        9.40083013609062
C            0.16891583419167       -4.02727783845156        9.29156140715042
C           -0.00059220089823       -4.64085450024189        8.06074510235181
O           -0.01429075004451       -6.01012261984537        7.89559748882614
C           -0.17087466284544       -3.85302329460210        6.91470400287339
O           -0.33214095057810       -4.44249926875442        5.69419853635615
C           -0.17667315389250       -2.47877217153125        7.02382247350227
O           -0.23760136119244        0.19501546072855        7.12111011836247
C           -0.31991447822801        1.53668495452670        7.00529247788109
C           -0.53812479545026        2.06027998390017        5.74033845111034
C           -0.64269558926910        3.43861085362682        5.57807064466250
O           -0.86210994352132        3.89780183785678        4.32299364517653
C           -0.52013147263552        4.29628223306075        6.66559600550089
C           -0.29211457655477        3.78384691175966        7.93498114973116
O           -0.16649115064615        4.60265879142987        8.98300648296006
C           -0.19288886735980        2.38553643018375        8.11222162135396
H            0.34245057673376        0.70141030105173       11.27266277365052
H            0.29728273272557       -2.19688195092578       10.36556415900149
H            0.30519299246907       -4.63736774060612       10.17461272467897
H            0.11126994250013       -6.42537218154652        8.75402912052565
H           -0.30986286374053       -5.39804634274146        5.83521356580383
H           -0.31487702593422       -1.89506654965397        6.13041345428834
H           -0.63461238683090        1.41469573374605        4.88374298181724
H           -0.94190292421599        4.85729579501508        4.31465228587156
H           -0.60145301588778        5.36563758115164        6.54305749403725
H           -0.01386559563425        4.02085452699475        9.77884979596253
B           -4.62895081700569       -2.51496951230871       -0.18844749347263
B           -4.05891490774003       -1.12408893437550       -0.71745297554678
B           -3.39569488782123        0.07224930642710       -1.64527595112167
B           -3.02165809421928       -2.55102127866910       -0.31486973368284
B           -2.31244221811435        0.35600327056363       -0.56791670707972
B           -4.05878898940747        0.42705658243268        0.05703746213884
B           -5.10759684686411        1.55036187865933        0.53066271019181
B           -4.66157767629305        3.11644709846191        0.53647923205892
B           -2.74562652999341        0.53326870783297        1.02827316573015
B           -3.67194929586557        3.67325886908417        1.70069741675192
B           -1.80781922060580       -3.67450212502259       -0.26859761269936
B           -1.49868199983499       -2.14708839781655        0.05340865899985
B           -1.36842392919871       -0.55430528012516        0.41383822773011
B           -0.24298536898114       -3.15970753389143        0.15873627729065
B           -0.11926041638085       -0.17436883492862        1.40823865078181
B           -1.52804878999455        0.20586153137088        2.10364510268223
B           -1.95309466552333        1.77834032878759        1.77830933477971
B           -2.16355355393761        3.28901675187688        1.35021253375001
B           -0.43547233417292        1.32286160120985        2.38073086999894
B           -0.99525910029545        4.29936516702693        0.76805191449142
B            1.20290472281470       -4.00251072590561        0.16956615737423
B            1.17300170449817       -2.51406846907495        0.73935706078336
B            1.31520348245142       -0.98578656861376        1.19754578670005
B            2.59193361458624       -3.37286361683625        0.83388290480710
B            2.69487282111901       -0.10844970555286        1.15746843949646
B            1.34930130755755        0.59405688251970        1.67839285735036
B            0.88167674586135        2.20202771831463        2.02013992753895
B            0.20242845993830        3.37834429401587        1.12926983728186
B            2.25434258964682        1.81475767178004        1.08487066233774
B            0.79829688912603        2.62075864887327       -0.22102676301145
B            3.90557284218275       -4.01715792158625        1.61365626239149
B            3.98485208981181       -2.50533171370499        0.98964524323776
B            4.10825435499785       -0.92659050392302        0.70935818916147
B            5.14838806002204       -3.04306478706969        1.91132406562015
B            5.29138886109297        0.05369091935973        0.00364997472159
B            4.12943645123943        0.70223872148312        0.91882231562917
B            3.71027809955856        2.42930648875945        0.53106238983568
B            2.37978668941021        2.74786803025827       -0.42412717212539
B            5.23580863761947        1.75333736336445        0.37062823324718
B            3.78819682496123        3.19905705128462       -0.87422879107782
H           -5.39487742989546       -3.14517720434901        0.43503900499871
H           -5.17476478732757       -1.82757813151426       -1.12272349313132
H           -3.77295419025396        0.39271747158533       -2.71351732104212
H           -6.17280085314458        1.24264497926671        0.94852493191824
H           -5.06688369061955        3.84091857206725       -0.30202643376669
H           -4.09260798466905        4.19719128272682        2.66689105415687
H           -1.98797795045602       -4.80254696931197       -0.52269814575730
H           -1.13285368236613        5.30779391176868        0.18043578675789
H            1.27345924716780       -5.05541357333751       -0.33484445276011
H            0.13289570108355        1.95114632564893       -0.93010299580074
H            3.87165988421311       -5.10420128364006        2.04057161521720
H            6.16899988791254       -2.87801342044830        2.44725848103686
H            6.23850267804097       -0.36028615144223       -0.54161529404143
H            6.24977898050825        2.32954216105175        0.49787050981073
H            4.48953730268936        3.72392723366974       -1.64489302242803
87
 energy: -121.932068541813 gnorm: 0.003101586269 xtb: 6.7.1pre (5071a88)
O            0.16779656540974        2.47669445852451       10.46617835155262
C            0.03104656503519        1.80821324876547        9.40362344229256
C            0.09370570588562        0.37060731965154        9.46136553847455
O            0.29567055579740       -0.11812973519421       10.71291994213660
C           -0.03936209523533       -0.40581436090697        8.33435642520817
C           -0.01264578098374       -1.85089172711922        8.25592864346364
C            0.14180664160597       -2.65882006514405        9.38787271549121
C            0.14373564512452       -4.03380858080399        9.27133455342478
C           -0.00228061664347       -4.64069806056772        8.03410316001236
O           -0.01413116676368       -6.00915385803600        7.86077197995221
C           -0.14970241877333       -3.84717533884465        6.88922099682113
O           -0.28902719384035       -4.42861006372656        5.66279468480263
C           -0.15487414643050       -2.47348369196470        7.00585240252260
O           -0.23447683503100        0.19499033578987        7.11316576305818
C           -0.32060238853527        1.53603685381506        6.99958148877024
C           -0.54242162181499        2.06045243426566        5.73543537843220
C           -0.64962707180902        3.43822131107164        5.57483340312879
O           -0.87161993298851        3.89863112388086        4.32019007104082
C           -0.52782154601892        4.29558013305489        6.66291953177545
C           -0.29724668894227        3.78222098336803        7.93156115445165
O           -0.17292068441466        4.60067265685143        8.97982300057895
C           -0.19467017724268        2.38381748695626        8.10713191162033
H            0.34381253631245        0.69159226605523       11.26699446275435
H            0.25517257519092       -2.20890207711262       10.35727918858692
H            0.26039048631089       -4.64905978801685       10.15360927037653
H            0.09511880033838       -6.42995156811719        8.71922608066271
H           -0.27173777940844       -5.38514759508481        5.79689375078613
H           -0.27493303034682       -1.88489505178188        6.11333041168583
H           -0.63864063314456        1.41604376088687        4.87782691702905
H           -0.95014175508812        4.85819783948436        4.31192718211599
H           -0.61169741591983        5.36456179352746        6.54086216345847
H           -0.01797502535055        4.01825495159088        9.77443325839467
B           -4.62611231783753       -2.50557846572760       -0.18619869697374
B           -4.05626556542405       -1.11373664833291       -0.71302582344601
B           -3.38210781094346        0.07799633136047       -1.63889210962081
B           -3.01870838258892       -2.54659788515998       -0.30300903916200
B           -2.30571001148215        0.35784879777932       -0.55478086749439
B           -4.05855832633809        0.43180342545055        0.06449436765548
B           -5.10899421580814        1.56008954039194        0.52432332790041
B           -4.65745531511997        3.12406277750673        0.52429105985803
B           -2.74779145691897        0.53877769752071        1.03806403898059
B           -3.67148858171639        3.68716730507466        1.68820216687164
B           -1.80536463437410       -3.67038294540109       -0.25949540504041
B           -1.49941787268853       -2.14492937395700        0.07515081745186
B           -1.36872195357527       -0.55159937096438        0.43425568946402
B           -0.24426432209941       -3.15868581249077        0.17802499291852
B           -0.12003001376964       -0.17288219921458        1.43209601305771
B           -1.53042516763176        0.21318968840972        2.11682663929494
B           -1.95828268163861        1.78482792673737        1.78726314510316
B           -2.16408167578354        3.29213511339800        1.34547892858238
B           -0.44348665190963        1.33519356199277        2.39462920125442
B           -0.99421427834472        4.29920403037037        0.76145836624232
B            1.20078628769419       -4.00232547014007        0.18802233244275
B            1.16984278515339       -2.51613629102579        0.76263388476915
B            1.31289748741709       -0.98815856185910        1.22129590608964
B            2.58982652461779       -3.37443780378128        0.85139816460426
B            2.69619887175747       -0.11422233327802        1.17202369158551
B            1.35344223702343        0.59396982214204        1.68552525070200
B            0.87672509244361        2.20230032733209        2.02676503105859
B            0.19775008980636        3.37375953868686        1.12753641707212
B            2.24845103627635        1.82034715208828        1.09378749177837
B            0.79866231683527        2.61057912121698       -0.21678385912434
B            3.90236239528114       -4.01995489562470        1.63240994831810
B            3.98495906725503       -2.51074673210686        1.00277805276778
B            4.10836400115438       -0.93214370798130        0.72198589926940
B            5.14759541213070       -3.04860549954510        1.92551395121859
B            5.29632215229870        0.04634065056877        0.01960265739926
B            4.13083390070773        0.69636702135872        0.92810324907343
B            3.70868585127890        2.41936357467290        0.53639224679870
B            2.38029157246231        2.74071132207486       -0.42067879527044
B            5.23657239507049        1.74765090034743        0.37943131708551
B            3.79097555707578        3.18039803779802       -0.87413558625282
H           -5.39579191317465       -3.13208975583255        0.43657095599345
H           -5.16612858228069       -1.82243365634898       -1.12700233574190
H           -3.75361013260538        0.40053655739182       -2.70828552890970
H           -6.17406781119939        1.25659620705124        0.94396901238678
H           -5.05259953646792        3.84278692080492       -0.32422102807896
H           -4.09144487831341        4.22665479727604        2.64613485778890
H           -1.98745042427048       -4.79675043563118       -0.51929043061601
H           -1.12846318023700        5.30301871697078        0.16524808317054
H            1.27174677692436       -5.05401890594422       -0.31856339484538
H            0.13643476799848        1.93528719767903       -0.92348689311772
H            3.86381619192397       -5.10741777407895        2.05763709404867
H            6.16525069446236       -2.88056933869057        2.46614463800674
H            6.24625025661479       -0.37025781133995       -0.51867018547860
H            6.24830354118034        2.32746116661517        0.50786839838548
H            4.49533535913903        3.69244305136199       -1.65060453220162
87
 energy: -121.932161130409 gnorm: 0.003250825005 xtb: 6.7.1pre (5071a88)
O            0.16729948508233        2.47275784312528       10.46529950984115
C            0.03140057831780        1.80535340988157        9.40195703831107
C            0.09556007894805        0.36755813327246        9.45707224429186
O            0.29828619781668       -0.12584695891642       10.70697114372815
C           -0.03859736075763       -0.40697338172181        8.32874556267461
C           -0.01301717976855       -1.85191072744848        8.24529598718503
C            0.11762933072577       -2.66712315573136        9.37479157572101
C            0.11917149753545       -4.04149542914100        9.24835142433708
C           -0.00330001816769       -4.63967117079515        8.00439838865813
O           -0.01057177831398       -6.00698243458863        7.81969110491361
C           -0.12877283994695       -3.83889957497374        6.86205540559358
O           -0.24578597331352       -4.41016602627361        5.62905552684956
C           -0.13412523658155       -2.46601867503830        6.98881871597861
O           -0.23124996051625        0.19613663502064        7.10818261149869
C           -0.32234370103074        1.53635267123978        6.99741843051022
C           -0.54871889383482        2.06184606613638        5.73437794521391
C           -0.65754858856606        3.43906888264173        5.57596249410644
O           -0.88262114269964        3.90183990416082        4.32215935353386
C           -0.53491026215378        4.29595801150271        6.66448919860504
C           -0.30250613421591        3.78146991670889        7.93248540628259
O           -0.18005849036463        4.59924239208620        8.98195230663304
C           -0.19669571137248        2.38281186998020        8.10578677701001
H            0.34789167741675        0.68050479527219       11.26469450730733
H            0.21259954386317       -2.22365896075866       10.34927546999647
H            0.21618755401845       -4.66344182847622       10.12844349362235
H            0.08127867940000       -6.43594665976196        8.67690486517670
H           -0.23148347011835       -5.36810221311214        5.75335138163390
H           -0.23656917090073       -1.87078508056051        6.09858374456472
H           -0.64674929515705        1.41936349865157        4.87574521628931
H           -0.96010956991898        4.86143666639725        4.31721242500710
H           -0.62025747549350        5.36469407810022        6.54255085876291
H           -0.02362264687929        4.01674464168990        9.77578250239007
B           -4.62401171461089       -2.49715170685371       -0.18565808517300
B           -4.05395583315569       -1.10431180820167       -0.71042497654707
B           -3.37062345861006        0.08444755064660       -1.63442290551012
B           -3.01667978149321       -2.54211880075271       -0.29226092108768
B           -2.30014776105076        0.35912274981393       -0.54420703436715
B           -4.05819266458116        0.43602269635547        0.07058189614714
B           -5.10883744132488        1.56780450491918        0.52197044988298
B           -4.65145103979197        3.12998432048256        0.50918657889928
B           -2.74986050231344        0.54401523938634        1.04629309225294
B           -3.67078019237080        3.70313980731169        1.67232434590652
B           -1.80373396691022       -3.66676155199811       -0.24905861087130
B           -1.50052202803082       -2.14252936944699        0.09493432321276
B           -1.36816678188741       -0.54822580254294        0.45151891632980
B           -0.24618520307030       -3.15738833035291        0.19825048002267
B           -0.12062394537994       -0.16988776948629        1.45308865641127
B           -1.53298911032816        0.22033408348461        2.12811713082142
B           -1.96315595627829        1.79141624531935        1.79471569193137
B           -2.16411444005709        3.29522232537331        1.33932427839582
B           -0.45116183384786        1.34747622944840        2.40624366945027
B           -0.99383949543083        4.29564522539927        0.74597264398489
B            1.19729701824651       -4.00298029097164        0.20812738973123
B            1.16615954897691       -2.51806732092295        0.78681760532285
B            1.31096794771007       -0.98995256365315        1.24490032767610
B            2.58658699160234       -3.37619167817059        0.87001114830370
B            2.69812984688279       -0.12043201093847        1.18691574500698
B            1.35770842791721        0.59445224050393        1.69126571264281
B            0.87192346748710        2.20369719321300        2.03187079855434
B            0.19376098256169        3.37005765771244        1.12301118071718
B            2.24283037507667        1.82748725576782        1.10245128949268
B            0.80109528232061        2.60046701350645       -0.21434894345306
B            3.89850233954074       -4.02311996498266        1.65179425405198
B            3.98454928527190       -2.51676818045923        1.01559346662522
B            4.10859966341517       -0.93813019673906        0.73544619431383
B            5.14680599287049       -3.05504801387049        1.93921612479519
B            5.30238578683697        0.03832808773557        0.03676953435377
B            4.13288493673413        0.69018324255150        0.93732509244313
B            3.70847813420825        2.40872127448428        0.54165933286188
B            2.38291683256979        2.73270746758748       -0.41823300769466
B            5.23879117667196        1.74149859493543        0.38912736778029
B            3.79655762585766        3.15852151156337       -0.87566334552399
H           -5.39892461247079       -3.12032722976957        0.43420588905750
H           -5.15719900430334       -1.81588699812698       -1.13284360210774
H           -3.73755398517651        0.40866409214147       -2.70482102035330
H           -6.17772465605942        1.26893296056334        0.93616857186062
H           -5.04082328258241        3.84139966400235       -0.34785970029275
H           -4.08968751589253        4.25747516256054        2.62219065224853
H           -1.98812595428767       -4.79205983734341       -0.51194070709958
H           -1.12447625888735        5.29840770168869        0.14759353518303
H            1.26804232559561       -5.05503135032466       -0.29804889620928
H            0.14210686416615        1.91991664235081       -0.91910957703832
H            3.85605149670704       -5.11136439000954        2.07493262008041
H            6.16318518655422       -2.88561697373392        2.48179335506331
H            6.25544590156899       -0.38151407850239       -0.49341208524903
H            6.24829031038425        2.32468752859367        0.51967504724613
H            4.50314994912290        3.65896681027590       -1.65737358677600
87
 energy: -121.932257013743 gnorm: 0.003487411647 xtb: 6.7.1pre (5071a88)
O            0.16669353690278        2.46711005188732       10.47012412567995
C            0.03101375545339        1.80224698561991        9.40523588383988
C            0.09682510667685        0.36398336238225        9.45650376007514
O            0.30105472519219       -0.13464940861021       10.70437278155125
C           -0.03969625180773       -0.40777441200212        8.32644046047025
C           -0.01419541847700       -1.85248236810288        8.23635752656750
C            0.09601475382476       -2.67584392591112        9.36152980346596
C            0.09863280478477       -4.04944785305939        9.22370456219880
C           -0.00314642629118       -4.63781963686670        7.97368240889037
O           -0.00501433319728       -6.00369075869496        7.77651617262918
C           -0.11004348852674       -3.82871555618746        6.83537086386945
O           -0.20685222874546       -4.38901601347037        5.59604361567516
C           -0.11649743326762       -2.45699040740141        6.97358463992804
O           -0.22991240669314        0.19892889653444        7.10704562538851
C           -0.32565746603197        1.53849180947846        6.99996892704316
C           -0.55629383451001        2.06564776805487        5.73837227524584
C           -0.66594176183498        3.44268352720436        5.58280656065884
O           -0.89432340381185        3.90872926239526        4.33039375561912
C           -0.54110081884742        4.29812562199031        6.67226006413173
C           -0.30753787330647        3.78180138583317        7.93942918109735
O           -0.18651536086022        4.59806087868384        8.99109156790466
C           -0.19926795139623        2.38282310649429        8.10980548679278
H            0.35401638304292        0.66847369579067       11.26593259251563
H            0.17474769769332       -2.23959986311615       10.34080507786851
H            0.17888083044889       -4.67877518453638       10.10014038381801
H            0.07276655893027       -6.44179499339145        8.63048762305486
H           -0.19287044117621       -5.34838197944913        5.70965565502849
H           -0.20382439508857       -1.85425877914074        6.08689528317615
H           -0.65714537084582        1.42536631591826        4.87875703636110
H           -0.97173950046738        4.86828841860689        4.33138513226467
H           -0.62674541013264        5.36695375158140        6.55100477113470
H           -0.02916854523600        4.01552282116874        9.78433354081073
B           -4.62316606617614       -2.49064452081523       -0.18708362909709
B           -4.05208556691879       -1.09707683568162       -0.71012234833266
B           -3.36212945305238        0.09010674764404       -1.63271548249384
B           -3.01604071138898       -2.53818834202876       -0.28377756937172
B           -2.29630313811096        0.36012054040394       -0.53773225177296
B           -4.05762060391826        0.43977726795800        0.07335103072958
B           -5.11019072481607        1.57356648433441        0.51622769653234
B           -4.64856732118255        3.13428997250483        0.49447318518366
B           -2.75165154965441        0.54887811046860        1.05180636399381
B           -3.66967796868363        3.71713716740118        1.65379813195636
B           -1.80365902280566       -3.66406325989453       -0.23758323105887
B           -1.50185971984609       -2.13999998855841        0.11033390709142
B           -1.36716317084015       -0.54448015884307        0.46359288461759
B           -0.24854611747466       -3.15630935594568        0.21679085635920
B           -0.12112498184909       -0.16567630513191        1.46877090551628
B           -1.53580034170171        0.22688750329356        2.13619137236987
B           -1.96666869651170        1.79788896617931        1.79868196967190
B           -2.16408283194435        3.29747269326247        1.32808492013156
B           -0.45747415455647        1.35831788000153        2.41418122592151
B           -0.99280518921688        4.29387724958682        0.73162042547879
B            1.19261770739991       -4.00482624331122        0.22827228126418
B            1.16231804965706       -2.51989191857408        0.80914194974698
B            1.30952640721576       -0.99116905853131        1.26518730641879
B            2.58275494039971       -3.37848839713119        0.88803701090862
B            2.70034181657032       -0.12695752916303        1.20081195802404
B            1.36156934085377        0.59537072197545        1.69450224778761
B            0.86803542605699        2.20607560683815        2.03514143255375
B            0.19101676802419        3.36724332734171        1.11650223715127
B            2.23789198993369        1.83544427275878        1.10963848185208
B            0.80513935921133        2.59194927368163       -0.21432528477962
B            3.89479384527522       -4.02672128994204        1.66970316465187
B            3.98358304108996       -2.52292779096382        1.02716974079939
B            4.10915890809271       -0.94425575214340        0.74840804539519
B            5.14588398026119       -3.06155905889566        1.95176551191863
B            5.30895172311536        0.03039538035101        0.05371126833053
B            4.13518684877424        0.68394196823843        0.94605394169252
B            3.70954789755393        2.39822089675213        0.54619384359920
B            2.38737839509155        2.72489286964364       -0.41722274004346
B            5.24219471490983        1.73518767025960        0.39924587575798
B            3.80441706920486        3.13497027017650       -0.87892021398695
H           -5.40469241476757       -3.11106881843553        0.42743853096639
H           -5.14893551171479       -1.80784713151975       -1.13953142180227
H           -3.72635542455002        0.41550222236415       -2.70375550840952
H           -6.17991990487747        1.27705715674445        0.93023011556183
H           -5.03129831478844        3.83760672679630       -0.37214289091240
H           -4.08614373244436        4.28677044383674        2.59566700378641
H           -1.99072180271885       -4.78904949723512       -0.50036233521586
H           -1.12076340331630        5.29059374811413        0.12351678961440
H            1.26264562197453       -5.05888597445597       -0.27443601675930
H            0.14977066444443        1.90635644040762       -0.91769541538788
H            3.84984854535063       -5.11546943311614        2.09181133394473
H            6.16374027374010       -2.89284443033852        2.49174359669906
H            6.26484511951756       -0.39291479609468       -0.46853488509960
H            6.24969239754888        2.32111589672893        0.53323706497870
H            4.51278595588755        3.62475789111549       -1.66557152925502
87
 energy: -121.932362242214 gnorm: 0.003666697740 xtb: 6.7.1pre (5071a88)
O            0.16541846798612        2.45702911868319       10.47658672441339
C            0.02894201432075        1.79716795742633        9.40881440715214
C            0.09585065211063        0.35820636773075        9.45409827092535
O            0.30178017121970       -0.14588011554621       10.69958708439036
C           -0.04252864207672       -0.40908165746194        8.32121116159525
C           -0.01559714346509       -1.85340710565726        8.22319858284522
C            0.07298763289835       -2.68447689859135        9.34485137759805
C            0.07721382699644       -4.05728650393099        9.19695528955225
C           -0.00189333533228       -4.63647555042367        7.94080410911014
O            0.00082559739524       -6.00078421886814        7.73300911724279
C           -0.08805452968913       -3.81928724872375        6.80541641302677
O           -0.16267932032161       -4.37010341397184        5.55994268091993
C           -0.09637402959706       -2.44885186832356        6.95380148771299
O           -0.23093391098796        0.20316351817151        7.10403030765440
C           -0.33049710079097        1.54266085770654        7.00256312520459
C           -0.56473500564167        2.07349529319129        5.74328635518308
C           -0.67520881478063        3.45098545425588        5.59256039409837
O           -0.90732448386383        3.92217868685842        4.34258186654737
C           -0.54746421107346        4.30277038538542        6.68450233278959
C           -0.31282837067686        3.78252634037182        7.94991386469497
O           -0.19217394590933        4.59537575002716        9.00512540518276
C           -0.20293503663866        2.38305308669907        8.11542019148273
H            0.35917654611316        0.65484576587560       11.26451815097744
H            0.13447059875323       -2.25504807714802       10.32890450966339
H            0.14020337197491       -4.69319678251226       10.07051056463546
H            0.06182916364125       -6.44713698213656        8.58469044622850
H           -0.14787911452022       -5.33047152762904        5.66528118534765
H           -0.16706150754444       -1.83921668175248        6.06972851704801
H           -0.66817397983662        1.43638152140383        4.88183917272792
H           -0.98659487678695        4.88156476548642        4.35216292135671
H           -0.63274810204902        5.37215226131128        6.56608756658752
H           -0.03399558228056        4.01178288471651        9.79709293544064
B           -4.62311091192648       -2.48252393691435       -0.18758872136448
B           -4.04941831921995       -1.08964639740893       -0.71063668857662
B           -3.35200878391723        0.09544392995210       -1.63169001202092
B           -3.01607219355926       -2.53388670052239       -0.27466889153752
B           -2.29182781508924        0.36153695797891       -0.53109804951025
B           -4.05590149291270        0.44408542803832        0.07476052221077
B           -5.11103571247334        1.57930139338566        0.50926997432942
B           -4.64654421013154        3.13882733430440        0.47723439558222
B           -2.75338018243067        0.55374225520031        1.05793227991390
B           -3.66922350155851        3.73054801351510        1.63305972815811
B           -1.80532335263985       -3.66133457408765       -0.22507122686872
B           -1.50304138114813       -2.13717824789967        0.12660995343587
B           -1.36637016213479       -0.54069491469743        0.47716992544264
B           -0.25115508779510       -3.15589687501916        0.23614401400860
B           -0.12195400322110       -0.16047271092734        1.48630226975152
B           -1.53984520409100        0.23429881151438        2.14582626988230
B           -1.97042180311155        1.80537717102291        1.80226769206585
B           -2.16430674041318        3.30041429730915        1.31595709926811
B           -0.46396341239151        1.36998966652570        2.42221346527618
B           -0.99151762303031        4.29086257562096        0.71292237367419
B            1.18716881219379       -4.00690846445071        0.24896834272599
B            1.15778262091587       -2.52205537477780        0.83360818461192
B            1.30792937756424       -0.99283445442674        1.28761094555665
B            2.57857073551752       -3.38194336513447        0.90815622211539
B            2.70253562526321       -0.13488327305175        1.21655847700864
B            1.36550662273419        0.59694690035807        1.69709926125981
B            0.86359163301158        2.20968451320945        2.03769458892792
B            0.18989970436886        3.36518690881628        1.10610310301215
B            2.23324025483914        1.84410815991640        1.11708486830078
B            0.81104363366238        2.58212875044244       -0.21630029984487
B            3.89057436297396       -4.03065131338420        1.69023579265608
B            3.98208947477229       -2.52985058701967        1.03970648721532
B            4.10967052249447       -0.95154098499354        0.76173706118532
B            5.14429825461238       -3.06784396463571        1.96633163669316
B            5.31540726162217        0.02182987786444        0.07183381892187
B            4.13726179548342        0.67632580799993        0.95643019906404
B            3.71145071256976        2.38685016350421        0.55139026760571
B            2.39387275930488        2.71515936257092       -0.41733624931667
B            5.24618273609803        1.72780160499105        0.41207629074135
B            3.81466103187833        3.10700524323333       -0.88346758990561
H           -5.41269796634837       -3.09860831335449        0.42130445070672
H           -5.13992651073090       -1.79773690362750       -1.14677312131315
H           -3.71261229680473        0.42190781634059       -2.70391728242592
H           -6.18294553519331        1.28472459487687        0.91993214695598
H           -5.02235599732311        3.83377136827535       -0.39933975812574
H           -4.08482608862313        4.31614875533983        2.56568960891253
H           -1.99476410190187       -4.78625664075579       -0.48779974438127
H           -1.11703786210358        5.28468802283516        0.10046824990883
H            1.25815112969292       -5.06300516063200       -0.25031225657116
H            0.15939917147235        1.89136094329850       -0.91819449619291
H            3.84359893738205       -5.11863268968360        2.11461411497858
H            6.16543909147941       -2.90070018310587        2.50079346772105
H            6.27329511016915       -0.40475835707875       -0.44384130788559
H            6.25181370331567        2.31584078728216        0.55176186133457
H            4.52548117701267        3.58376558954222       -1.67634023468083
87
 energy: -121.932490565944 gnorm: 0.003944734017 xtb: 6.7.1pre (5071a88)
O            0.16457261959210        2.44324305713735       10.49119407090694
C            0.02529048822504        1.79065134905322        9.41958511983385
C            0.09248478317711        0.35082931629619        9.45620355773033
O            0.30148526383605       -0.16041043630878       10.69820293205579
C           -0.04824983379253       -0.40975666440507        8.31928733046347
C           -0.01802749746281       -1.85328547894011        8.21043897959589
C            0.05630879364874       -2.69319543240912        9.32475718176371
C            0.06444905652389       -4.06488373371945        9.16497312286796
C            0.00271904546494       -4.63358743027196        7.90439494087778
O            0.01001253062803       -5.99580118036607        7.68514763643401
C           -0.06999532996313       -3.80684231507717        6.77583921662670
O           -0.12707551182814       -4.34739755706622        5.52567662091233
C           -0.08212184631825       -2.43818113420956        6.93595180735817
O           -0.23752077123413        0.21009227597263        7.10598239783603
C           -0.33844098146378        1.55003789153994        7.01226717971454
C           -0.57515633200174        2.08648431177192        5.75607672702860
C           -0.68546165197379        3.46496536525933        5.61195881324317
O           -0.92079454813630        3.94277793823095        4.36512524758851
C           -0.55399160539260        4.31068289219886        6.70811688392696
C           -0.31823634778271        3.78436779571150        7.97081108012453
O           -0.19598079821398        4.59207689848299        9.03048256502398
C           -0.20840446393377        2.38426973334099        8.12975055865857
H            0.36409936087798        0.63768080596637       11.26721976360208
H            0.10436753702829       -2.27154402472480       10.31234202436120
H            0.11614500291936       -4.70807161072922       10.03279671763774
H            0.06169335728828       -6.45032336924588        8.53139789973183
H           -0.10710377324863       -5.30846489539037        5.62262553653390
H           -0.14165528781165       -1.82096814387246        6.05729349840151
H           -0.68099557516313        1.45288502805654        4.89245172854221
H           -1.00327990377097        4.90183393433205        4.38485890813635
H           -0.63784879698350        5.38106259176798        6.59498054124551
H           -0.03682248175360        4.00628677522565        9.82024915659624
B           -4.62447334604573       -2.47772445355740       -0.19189901795762
B           -4.04763914530651       -1.08581903354648       -0.71485454499597
B           -3.34693277799879        0.09990436917839       -1.63356527141677
B           -3.01783859156824       -2.52991278966666       -0.26933410515978
B           -2.28994105784351        0.36360459022975       -0.53035645682629
B           -4.05381435216548        0.44785547835133        0.07177998179062
B           -5.11193204615703        1.58184151048104        0.50160086405131
B           -4.64588507425899        3.14037625112290        0.45771385709635
B           -2.75445087421515        0.55777935584864        1.05942709474078
B           -3.66808584959170        3.74243738017007        1.60752710200576
B           -1.80970240929096       -3.65932551887376       -0.20870302125563
B           -1.50448677750520       -2.13365105734247        0.13552853684990
B           -1.36531264679472       -0.53616803212980        0.48190824734743
B           -0.25505746652207       -3.15577108706602        0.25456672655245
B           -0.12259854795623       -0.15318812303481        1.49445880803227
B           -1.54348092473040        0.24137074749979        2.14951885105918
B           -1.97262960251851        1.81282075382015        1.79991797939013
B           -2.16421279710480        3.30276296365040        1.29837428450315
B           -0.46847720982747        1.38001306404723        2.42390926781775
B           -0.98942691530887        4.28814429561213        0.69147494752282
B            1.17930652263357       -4.01087967832601        0.27310708391203
B            1.15311415068057       -2.52392563263993        0.85500891161630
B            1.30685133221450       -0.99349515881504        1.30389067942665
B            2.57355646209616       -3.38644023493928        0.92846845637567
B            2.70478205623935       -0.14328349203237        1.23096582177578
B            1.36845466701580        0.59945282552334        1.69475393526256
B            0.86022375766326        2.21499407245119        2.03727519722921
B            0.19074588396341        3.36432984397556        1.09220947789911
B            2.22964926122277        1.85442318834442        1.12265208791085
B            0.81990849565749        2.57455885978527       -0.22173980615491
B            3.88650743706464       -4.03529882708948        1.70935842649847
B            3.97975176440384       -2.53742267257040        1.05121437749111
B            4.11073545443538       -0.95955702916875        0.77430797852560
B            5.14345228907312       -3.07481438312033        1.97763534156059
B            5.32247488301802        0.01281685247361        0.09009749286275
B            4.13961743340063        0.66781616184203        0.96734201072944
B            3.71541662690741        2.37487880971536        0.55600925084763
B            2.40376230945559        2.70591422204644       -0.41918220202235
B            5.25189799856179        1.71909785739397        0.42617188742811
B            3.82891709083190        3.07628055778564       -0.88895263793819
H           -5.42379086456480       -3.09112769894869        0.40679326513472
H           -5.13176871878079       -1.78546653762576       -1.15556545619554
H           -3.70626586064277        0.42654976134057       -2.70629909855104
H           -6.18494765245842        1.28717531353204        0.90975985628083
H           -5.02033087472969        3.82719737839311       -0.42493473708017
H           -4.08260194837111        4.33970818823547        2.53237879007286
H           -2.00143396871503       -4.78543062743503       -0.46486430353929
H           -1.11326885297370        5.27601029944082        0.06957487997556
H            1.24965270617990       -5.07114387650383       -0.21786031448371
H            0.17274345485992        1.87941023735654       -0.92337646842658
H            3.83944314843706       -5.12199435034630        2.13710350557761
H            6.17060317043770       -2.91072341363737        2.50189339739223
H            6.28161015523523       -0.41769689788724       -0.41960914638214
H            6.25567259434683        2.30870623522509        0.57406392109285
H            4.54281654665745        3.53896862792513       -1.68752573868085
87
 energy: -121.932635442177 gnorm: 0.004630923673 xtb: 6.7.1pre (5071a88)
O            0.16261840688465        2.42273563529179       10.50185467991449
C            0.01956236377513        1.78012801893082        9.42488240738913
C            0.08566439022999        0.33950495234957        9.44994502733189
O            0.29714661358200       -0.17970040172733       10.68792326279276
C           -0.05441248303669       -0.41169493311828        8.30704824045816
C           -0.01989870115591       -1.85425773081244        8.18640812189468
C            0.02981412395879       -2.70239269764125        9.29736821713327
C            0.04097771200952       -4.07296644951614        9.12835853763979
C            0.00761953613585       -4.63228860021388        7.86096632238871
O            0.01879573181086       -5.99244144532764        7.63247625590981
C           -0.03934539601529       -3.79668709021877        6.73540103494546
O           -0.06831599740068       -4.32899697634406        5.47898444203869
C           -0.05556769210615       -2.42946422550976        6.90481131961645
O           -0.24594459113821        0.21789689233862        7.09909922723453
C           -0.34720508723353        1.55904523846265        7.01623322640630
C           -0.58606009992482        2.10488724216876        5.76466133801204
C           -0.69776883152084        3.48483960666269        5.63089909668237
O           -0.93691078250455        3.97205198309738        4.38854723238385
C           -0.56363093912286        4.32132266640296        6.73385333088229
C           -0.32519891995251        3.78537066152344        7.99196979562487
O           -0.20005513795426        4.58513761189874        9.05754845498767
C           -0.21552864260224        2.38424827389291        8.14064456530640
H            0.36381453964197        0.61623760586307       11.26072262906971
H            0.05645838618760       -2.28789288587869       10.28996666439459
H            0.07343597730168       -4.72232955583058        9.99374820102723
H            0.04781524907206       -6.45331154588898        8.47801186521277
H           -0.04706894479719       -5.29036828722164        5.57193932283857
H           -0.09448816051354       -1.80564340370068        6.02817583302693
H           -0.69236661770486        1.47690920480163        4.89675878606454
H           -1.02428738412754        4.93054530501104        4.41902322357577
H           -0.64730867596416        5.39296820961617        6.62996034017683
H           -0.03897431326507        3.99452061751206        9.84298667775606
B           -4.62494194146969       -2.46683811807836       -0.19151606493952
B           -4.04341726314740       -1.07823569898970       -0.71742280873990
B           -3.33292187016968        0.10458317027968       -1.63268936052237
B           -3.01834420046675       -2.52408546459340       -0.25821938333433
B           -2.28358030041454        0.36702375283182       -0.52251922300576
B           -4.04995201439431        0.45404366001751        0.07011452292825
B           -5.11266027236120        1.58897008628019        0.48780077060778
B           -4.64415548576625        3.14577107533604        0.43117892497803
B           -2.75628688530033        0.56351242021606        1.06595941982781
B           -3.66832740906240        3.75724736530480        1.57778160797227
B           -1.81472304146570       -3.65558465779617       -0.18970464508810
B           -1.50543306927753       -2.12945934981856        0.15480803513129
B           -1.36544590951941       -0.53162570739783        0.49859298844401
B           -0.25914588225630       -3.15628817979658        0.27933029597218
B           -0.12408079385816       -0.14562177652684        1.51565023596856
B           -1.54917086465774        0.25248895745128        2.16113657131570
B           -1.97755120772266        1.82358768600087        1.80107024785645
B           -2.16512698138403        3.30767544201640        1.28046400658496
B           -0.47618959988560        1.39547339215800        2.43199727513549
B           -0.98604026817834        4.28660355573089        0.66973179041667
B            1.17131273503540       -4.01368888545391        0.30087044512792
B            1.14689785301439       -2.52693842151348        0.88584014616784
B            1.30436096558823       -0.99615913294745        1.33117324591794
B            2.56817589337790       -3.39257013677555        0.95588747783234
B            2.70671687294087       -0.15481732133926        1.25172562840359
B            1.37251383826155        0.60220710515809        1.69465483015482
B            0.85427897889616        2.22098735325070        2.03866191107054
B            0.19220527225926        3.36256400465997        1.07457874090371
B            2.22428583371804        1.86556965222583        1.13087480979147
B            0.82927110693782        2.56192291198566       -0.22731293308078
B            3.88035540149283       -4.04052118483938        1.73818663364826
B            3.97720258516521       -2.54743216195593        1.06794554691134
B            4.11147704789074       -0.97065265046754        0.78991871080950
B            5.14142173075097       -3.08263218231066        1.99596127824414
B            5.32931572062940        0.00103808932425        0.11278068378995
B            4.14132511832035        0.65558826724322        0.98323801967805
B            3.71845473225245        2.35901952927710        0.56292405168657
B            2.41444484882833        2.69239033987119       -0.42101008023871
B            5.25680938361201        1.70729611909116        0.44515550196032
B            3.84475257529786        3.03648439617603       -0.89470166696030
H           -5.43469290833136       -3.07354191700689        0.39998462179737
H           -5.12032120460564       -1.77165671157793       -1.16466303012652
H           -3.68589198278788        0.43209114084939       -2.70756138461008
H           -6.18765898416347        1.29587554751827        0.89173953407326
H           -5.01244063787707        3.82440035671637       -0.46081189622473
H           -4.08565230569696        4.36920730638131        2.49195950867126
H           -2.00775875301338       -4.78202866659410       -0.44487089369100
H           -1.10766767548299        5.27033509827792        0.04074108285897
H            1.24433699377140       -5.07531667935194       -0.18714656418010
H            0.18738818292308        1.85977702918479       -0.92704806499053
H            3.83116672681238       -5.12423142021673        2.17321777871204
H            6.17329218146972       -2.91985704240834        2.51170241773734
H            6.28917986494940       -0.43352240864556       -0.39188301429529
H            6.25816875081811        2.29887298370127        0.60394938865495
H            4.56442788488132        3.47723858511813       -1.70182535390140
87
 energy: -121.932788538869 gnorm: 0.004411421043 xtb: 6.7.1pre (5071a88)
O            0.16074814535425        2.40163521230981       10.51588476589090
C            0.01297415836573        1.76901351292237        9.43373535322162
C            0.07685361751185        0.32804590103453        9.44646054824137
O            0.29114088412704       -0.20011023145746       10.67983152729343
C           -0.06149700361359       -0.41264394911711        8.29692120038711
C           -0.02195287119925       -1.85391602964287        8.16434603345122
C            0.01483525158613       -2.70955491576160        9.26961754212805
C            0.03051519000504       -4.07882446255768        9.09209147176601
C            0.01512485759180       -4.62977130917117        7.82088662280595
O            0.02947409513549       -5.98806035490997        7.58447018112076
C           -0.01712686300815       -3.78613019061728        6.70130213158866
O           -0.02763837557099       -4.31130019278052        5.44151913817378
C           -0.03863975336028       -2.42010733365675        6.87896255713240
O           -0.25879433228607        0.22658335953872        7.09527568489154
C           -0.35693673605969        1.56921581264521        7.02398459269562
C           -0.59601933503905        2.12597918186677        5.77732225596209
C           -0.70854346697321        3.50732280035382        5.65509125860224
O           -0.94940711577274        4.00410610081996        4.41701993352115
C           -0.57330643757029        4.33338251716658        6.76587313636603
C           -0.33160166488919        3.78640198534079        8.01862495483192
O           -0.20195715392610        4.57739652382076        9.08978405525733
C           -0.22355183005338        2.38414199880895        8.15592720996403
H            0.35909782639239        0.59310899235239       11.25697108412373
H            0.02744343541429       -2.30151489344842       10.26477644726364
H            0.05267864886681       -4.73359018844247        9.95331310006644
H            0.04634835789224       -6.45264453894081        8.42746024775938
H           -0.00298354865252       -5.27273288136827        5.53174951103583
H           -0.06578722544934       -1.79070658329373        6.00634619346806
H           -0.70112992939292        1.50389230026667        4.90464502305780
H           -1.04075003310327        4.96191948645014        4.45482925181476
H           -0.65731787601800        5.40616589998170        6.67327389560977
H           -0.03865419004651        3.98018752552757        9.86953333661516
B           -4.62550094817820       -2.46051744459145       -0.19337143437331
B           -4.04029899428045       -1.07534271961342       -0.72234259888724
B           -3.32415670039518        0.10695455632002       -1.63317571530005
B           -3.01917244623413       -2.51914065492444       -0.25157446586908
B           -2.27931047731562        0.37113870671791       -0.51941897075083
B           -4.04622789065736        0.45928192040460        0.06476752286048
B           -5.11309325881491        1.59357167023837        0.47322076626450
B           -4.64443389765617        3.14893597186787        0.40812591321881
B           -2.75738879470764        0.56766330468455        1.06735910282422
B           -3.66872088314911        3.76592767408367        1.55192990874151
B           -1.82061644062717       -3.65262803291395       -0.16962735803519
B           -1.50621112922898       -2.12518491810373        0.16616189572655
B           -1.36579129123464       -0.52726509726690        0.50646544480702
B           -0.26394761464508       -3.15662835264950        0.30061307987437
B           -0.12505316820515       -0.13819479862143        1.52641951210833
B           -1.55267919516003        0.26240125301459        2.16583082090917
B           -1.98126714273699        1.83244265142738        1.79725375246227
B           -2.16612570042282        3.31163480190295        1.26356530859659
B           -0.48144997897272        1.40803039066442        2.43416433754675
B           -0.98315855488419        4.28351442845855        0.64652277647704
B            1.16295312522650       -4.01694500932416        0.32816903759793
B            1.14165794750430       -2.52906036987369        0.90942526567317
B            1.30237231533499       -0.99764446323602        1.34930994738571
B            2.56293534200133       -3.39832752080487        0.97975584793098
B            2.70792187804306       -0.16445022417953        1.26803862254031
B            1.37477061384857        0.60501155225045        1.69016381178406
B            0.84971584490812        2.22709685376732        2.03708662067728
B            0.19472223059352        3.36159926156746        1.05694855758533
B            2.22031882218744        1.87583485022821        1.13611383790317
B            0.83920604925032        2.55267671703086       -0.23430286354803
B            3.87460716333934       -4.04532889929355        1.76242563500181
B            3.97443848257534       -2.55689431277106        1.08193908483454
B            4.11243578116352       -0.98103618013401        0.80233255082838
B            5.14045613361457       -3.09032336243939        2.00848251949422
B            5.33472385901821       -0.01004956779927        0.13138359218562
B            4.14279617483024        0.64382103914755        0.99802910292657
B            3.72207522726736        2.34429324588291        0.56862998392618
B            2.42592865840787        2.68154604099512       -0.42347398139613
B            5.26143527094187        1.69518555730205        0.46115639794291
B            3.86087716561145        3.00164342354671       -0.89789822133660
H           -5.44338627824923       -3.06359398541232        0.38976801469889
H           -5.11150517280065       -1.76064542502280       -1.17300289910721
H           -3.67238347894806        0.43468788734427       -2.70947316299699
H           -6.18823483942482        1.30075515722385        0.87538127067759
H           -5.00755791024425        3.82171764419330       -0.49125984260246
H           -4.08912489723436        4.39013115417409        2.45678539443428
H           -2.01367156636449       -4.78019903045787       -0.41973155673599
H           -1.10268254449008        5.26675878292892        0.01587316479065
H            1.23640720679931       -5.07988508771989       -0.15622052499505
H            0.20216269053177        1.84578639553931       -0.93354915319419
H            3.82424448156339       -5.12615505396098        2.20385842808309
H            6.17596369978472       -2.92806679875075        2.51687498659743
H            6.29445475751778       -0.44868608975618       -0.37000434767614
H            6.26039327748379        2.28842049242369        0.63070566066534
H            4.58688326938325        3.42129295835935       -1.71088062795805
87
 energy: -121.932944731567 gnorm: 0.004225900880 xtb: 6.7.1pre (5071a88)
O            0.15660719973618        2.37825688006419       10.52690154378048
C            0.00513220009434        1.75596657293193        9.43920197787018
C            0.06663419365580        0.31515907970668        9.43856011732822
O            0.28286786752590       -0.22353051555993       10.66681070176564
C           -0.06862124863138       -0.41379175393758        8.28146920151445
C           -0.02395699641940       -1.85367124683477        8.13712478268327
C           -0.00172718738716       -2.71661402552710        9.23739243886683
C            0.01863082177426       -4.08445458614412        9.05182935680787
C            0.02332104826180       -4.62726557842139        7.77672304959563
O            0.04128206813800       -5.98410822122500        7.53255519128911
C            0.00843326667155       -3.77618696719974        6.66282474716710
O            0.01906087607233       -4.29420776882907        5.39967098674928
C           -0.01874606648921       -2.41097359250025        6.84819091438993
O           -0.27174899490537        0.23550711615120        7.08658246062862
C           -0.36665454923997        1.57952205110079        7.02822244069242
C           -0.60559219978421        2.14936483399889        5.78728393243836
C           -0.71958100251010        3.53177295533746        5.67902545894541
O           -0.96130130370864        4.03969361739091        4.44555309988028
C           -0.58502848277581        4.34636478688013        6.79849999607691
C           -0.33942165982462        3.78654411901760        8.04485454637213
O           -0.20551655342708        4.56721084492741        9.12235770880407
C           -0.23258582484330        2.38290632742864        8.16832714567784
H            0.35012359404022        0.56581902973480       11.24944400965185
H           -0.00562072147587       -2.31493950787238       10.23514485499717
H            0.02864602411313       -4.74445153273978        9.90936412904446
H            0.04309113487345       -6.45152690155170        8.37399396076923
H            0.04569377913076       -5.25590742792041        5.48683147900164
H           -0.03219745969438       -1.77621132522368        5.97925600873621
H           -0.70847243381387        1.53527896543050        4.90820753953579
H           -1.05484472461050        4.99694165737069        4.48915961653999
H           -0.67077309754563        5.41991730057073        6.71891479222497
H           -0.03994678782256        3.96134819612448        9.89488143957807
B           -4.62495273565655       -2.45238430838411       -0.19289069607235
B           -4.03600475545650       -1.07165957211153       -0.72632544413663
B           -3.31152526649125        0.10897494366350       -1.63154024943017
B           -3.01865467157051       -2.51328096562090       -0.24222197907902
B           -2.27244103144576        0.37573299414652       -0.51274709329434
B           -4.04187680676339        0.46545855790933        0.06005966381166
B           -5.11181609447508        1.60054647658545        0.45692638284224
B           -4.63884125995127        3.15356528641730        0.37783240789441
B           -2.75883228302025        0.57348082996437        1.06999290124018
B           -3.66894032488115        3.78072330232670        1.52168103394725
B           -1.82570957606232       -3.64882204714807       -0.14742939502091
B           -1.50700766979379       -2.12066890038906        0.18322696939593
B           -1.36674729188140       -0.52266240113149        0.52009027568423
B           -0.26938265940908       -3.15646514531693        0.32644897212595
B           -0.12625344585212       -0.13128783403178        1.54325105739653
B           -1.55608286174642        0.27526946400059        2.17318444313147
B           -1.98659270939050        1.84322775702043        1.79481457595490
B           -2.16699855942037        3.31769472009096        1.24613069101461
B           -0.48852641884204        1.42415734604985        2.43969497242660
B           -0.97815717330297        4.28467509390916        0.63069970508440
B            1.15469157898171       -4.01917069770466        0.35808322516263
B            1.13565999929485       -2.53145628268605        0.93780307051743
B            1.29944614540696       -0.99983920203801        1.37296543923992
B            2.55690781079172       -3.40418517160728        1.00706696761952
B            2.70880361945602       -0.17479219504784        1.28696443951495
B            1.37729515541669        0.60713623106423        1.68687208878351
B            0.84441819830709        2.23268598089644        2.03675690700423
B            0.19734931695745        3.35956835106114        1.04024714578022
B            2.21481670745566        1.88602106235693        1.14225252932870
B            0.84841835063198        2.54179205875125       -0.23992683845800
B            3.86704223398082       -4.05025527002296        1.79148323763699
B            3.97127995869162       -2.56780209301141        1.09892478859797
B            4.11311655731962       -0.99290901181997        0.81693033106939
B            5.13841483083607       -3.09906304296909        2.02459187456040
B            5.33937820960697       -0.02319053700547        0.15149645522248
B            4.14410022320093        0.63024442717678        1.01551605926741
B            3.72446438704593        2.32704277476362        0.57577477396972
B            2.43691319474522        2.66960271322569       -0.42481555569546
B            5.26495104711359        1.68107589301526        0.47767140996328
B            3.87717750724973        2.96316921837866       -0.89939368280771
H           -5.44923250376318       -3.05146646818663        0.38439577203095
H           -5.10197242776759       -1.75193500381869       -1.18084098312963
H           -3.65169314317033        0.43698442735829       -2.71025548002763
H           -6.19012524253516        1.31085563370904        0.85259051945363
H           -5.00285928404238        3.82209685080466       -0.52326437672857
H           -4.09497565548173        4.40684043748866        2.42097152943945
H           -2.01784163671584       -4.77705724244317       -0.39474266601677
H           -1.09534968214572        5.26343853723175       -0.00878527332287
H            1.22871932723886       -5.08119345420497       -0.12720882555368
H            0.21652976199659        1.82925472322529       -0.93810668160862
H            3.81386493592392       -5.12814248918147        2.23900675370022
H            6.17518161062778       -2.93569166507022        2.52923276126501
H            6.29907432795662       -0.46609121123369       -0.34653278316368
H            6.26105304943589        2.27642564631551        0.65774340045986
H            4.61048334591416        3.35845109071170       -1.71794715746927
87
 energy: -121.933101206871 gnorm: 0.003932599475 xtb: 6.7.1pre (5071a88)
O            0.14924961883549        2.35500524843376       10.53523093491125
C           -0.00378332542028        1.74244558366588        9.44196574990624
C            0.05643683684041        0.30227823061442        9.42796016804868
O            0.27345521413088       -0.24816995050898       10.65089731144694
C           -0.07565062736808       -0.41497139814718        8.26324921317326
C           -0.02607189206354       -1.85350300074276        8.10789082417111
C           -0.01742668478898       -2.72353951304066        9.20286508409054
C            0.00795435139753       -4.08985974900884        9.00918013505187
C            0.03179365594969       -4.62454986120091        7.73086405139154
O            0.05404828096418       -5.98036956896272        7.47884531653938
C            0.03342346393588       -3.76666023648858        6.62309420163596
O            0.06451203626047       -4.27693805460403        5.35727049495974
C            0.00044163356110       -2.40208027877411        6.81621945834229
O           -0.28258339065462        0.24427948302123        7.07475620825721
C           -0.37581985725717        1.58918556498563        7.02948764309589
C           -0.61437741083310        2.17266311316048        5.79453352312642
C           -0.72988624850612        3.55569297226310        5.70129479207595
O           -0.97133482012510        4.07552614611481        4.47233633508783
C           -0.59726461706735        4.35907259067150        6.82918660745601
C           -0.34856407465344        3.78605785202348        8.06897722535030
O           -0.21192985828369        4.55560586149147        9.15355235539003
C           -0.24209819629734        2.38102558839579        8.17747951756815
H            0.33941097165778        0.53583839067333       11.24046517784337
H           -0.03733926656457       -2.32821498007332       10.20256720068737
H            0.00649821116908       -4.75507165216680        9.86251403100102
H            0.04195101854851       -6.45068988143267        8.31815697649192
H            0.09289114086803       -5.23919120565928        5.43924324674659
H           -0.00028608976545       -1.76194379078702        5.95155212773473
H           -0.71500696744145        1.56830480919130        4.90810989675202
H           -1.06416216093168        5.03257178315040        4.52131297737245
H           -0.68532817735631        5.43296714717133        6.76236798872063
H           -0.04490963113218        3.94013268806736        9.91839991254219
B           -4.62367157830812       -2.44348681757223       -0.19094948438992
B           -4.03051560819219       -1.06769599551689       -0.72943276175544
B           -3.29630698020540        0.11015619245474       -1.62921143463932
B           -3.01714409528510       -2.50702151576161       -0.23129705248349
B           -2.26372029582270        0.38023385004165       -0.50456498132908
B           -4.03726336994237        0.47256551481739        0.05472823023495
B           -5.11070378070883        1.60977991598745        0.43580908609713
B           -4.63477856082442        3.16044992576313        0.35077547634639
B           -2.76053122993166        0.58042622846021        1.07264975332873
B           -3.67004147827467        3.79151299792991        1.49675600347282
B           -1.82938335184705       -3.64470711766287       -0.12442948550177
B           -1.50803485907839       -2.11621188177550        0.20383620852456
B           -1.36765054084320       -0.51769238521816        0.53668127758828
B           -0.27508598621758       -3.15541638651367        0.35491162256993
B           -0.12738497856937       -0.12530904396613        1.56347339381072
B           -1.55905119309155        0.28901262176339        2.18150465556535
B           -1.99295843640099        1.85402910986323        1.79408150632451
B           -2.16830726018894        3.32406084606735        1.23224150645643
B           -0.49696705055517        1.44202307375937        2.44771260168522
B           -0.97426517524544        4.28333175360618        0.61181438727542
B            1.14695656075501       -4.02040846816883        0.38863907503349
B            1.12935748977491       -2.53368528005178        0.96898954438213
B            1.29611753429695       -1.00212962619271        1.40050385747841
B            2.55018048028486       -3.40949534067061        1.03574835854384
B            2.70962576871914       -0.18467598125103        1.30737461335170
B            1.37977752147808        0.60846973268004        1.68505826314688
B            0.83824621325721        2.23755627124319        2.03695778003654
B            0.19902715909083        3.35698527419212        1.02434408276883
B            2.20826534638904        1.89604095260192        1.14930073140862
B            0.85740961005843        2.52987921791815       -0.24395879458694
B            3.85835032512238       -4.05493990373712        1.82291894657670
B            3.96766840521950       -2.57912672483303        1.11781414636420
B            4.11335113373324       -1.00509161868656        0.83353675196890
B            5.13495445812615       -3.10804911937923        2.04400288927472
B            5.34315632837361       -0.03754540326342        0.17201296477603
B            4.14563452920753        0.61644762002706        1.03429194225981
B            3.72605871841592        2.30881115053839        0.58444016906599
B            2.44758430520360        2.65707972439540       -0.42479756284465
B            5.26774163656771        1.66634372173047        0.49316074359264
B            3.89326449947867        2.92379995658836       -0.89878923484831
H           -5.45244407846507       -3.03926909277583        0.38262913480538
H           -5.09277984681552       -1.74589652370827       -1.18746437362752
H           -3.62685966510782        0.43842323131269       -2.71073111025864
H           -6.19112458291648        1.32353423273691        0.82681482627386
H           -4.98836138525726        3.82399444905462       -0.55988849636405
H           -4.10083470747392        4.43149657621464        2.38589919504580
H           -2.02068869467126       -4.77325708706654       -0.37009758334868
H           -1.08786941381100        5.26412785505159       -0.02552044308022
H            1.22091884468763       -5.08021893996811       -0.10064189268197
H            0.23024853411488        1.81209087501860       -0.94096859966204
H            3.80121895110505       -5.13050318869310        2.27491955370143
H            6.17166919186353       -2.94295989615934        2.54740975530109
H            6.30295980233815       -0.48445793901480       -0.32259926004924
H            6.26101081227454        2.26389094467655        0.68187027212184
H            4.63307588623524        3.29425152973316       -1.72253744215254
87
 energy: -121.933268027305 gnorm: 0.003929331691 xtb: 6.7.1pre (5071a88)
O            0.13808191472086        2.33274699793877       10.54114220260809
C           -0.01385294987660        1.72926443721328        9.44232427487066
C            0.04711402205805        0.28995513406697        9.41533772166634
O            0.26360736858613       -0.27260557024986       10.63309219430296
C           -0.08221649779384       -0.41641875492613        8.24347733011551
C           -0.02798012945037       -1.85373925996960        8.07763805210696
C           -0.03397982022798       -2.73112951459040        9.16716370180877
C           -0.00366332822578       -4.09588743210244        8.96483440753670
C            0.04007899139018       -4.62179748566280        7.68323680999788
O            0.06766693298486       -5.97663221257890        7.42282243903835
C            0.05864317152420       -3.75703792765940        6.58147588664531
O            0.11052981629366       -4.25838743676946        5.31309621805612
C            0.01999604281225       -2.39327337934105        6.78311843016764
O           -0.28917416027027        0.25270568262394        7.06056066137782
C           -0.38397770387392        1.59792177300463        7.02793452503315
C           -0.62230601929576        2.19432203811220        5.79889408521030
C           -0.73923972689392        3.57771676825670        5.72051509305319
O           -0.97986138529714        4.10963533660398        4.49600157661771
C           -0.60891563143181        4.37073413814631        6.85596928348398
C           -0.35917193911214        3.78520380425086        8.08970496585913
O           -0.22247806747311        4.54335490464792        9.18213635911820
C           -0.25178238315787        2.37898841893592        8.18324359706496
H            0.32908123577362        0.50495214122677       11.23064006743771
H           -0.07017008830048       -2.34261384712756       10.16885851797115
H           -0.01726451406701       -4.76674349931152        9.81364763772464
H            0.04095140467789       -6.45136883144600        8.25957590148017
H            0.13973625356969       -5.22138311741680        5.38759774080516
H            0.03216542612794       -1.74714524600046        5.92306244718635
H           -0.72129765264670        1.60080749988029        4.90485515454398
H           -1.06955165989790        5.06680323431890        4.55207237089312
H           -0.69898074712130        5.44476797573178        6.80029967637557
H           -0.05532453798417        3.91854876739294        9.93993838905492
B           -4.62233569399423       -2.43346208186396       -0.18751989716904
B           -4.02382158770410       -1.06273505237658       -0.73096161459013
B           -3.27905892838792        0.11084452090040       -1.62662026902035
B           -3.01535260647625       -2.50020284992171       -0.21859301943295
B           -2.25360771163265        0.38399478374864       -0.49563948567728
B           -4.03231598450706        0.48036471943176        0.04965310941100
B           -5.10836387163891        1.62071132948215        0.41368646593733
B           -4.62709984946517        3.16894118948386        0.32160974113580
B           -2.76217445433351        0.58937904596165        1.07574320909278
B           -3.67025755882145        3.80729681253020        1.47018483961061
B           -1.83184754571812       -3.64028353498992       -0.10178732835957
B           -1.50951407136121       -2.11170197133717        0.22797966650955
B           -1.36826551548563       -0.51206202492121        0.55634676581222
B           -0.28073421878663       -3.15361507263921        0.38517819413789
B           -0.12870957276107       -0.11979760414821        1.58779011020016
B           -1.56247791916984        0.30359795895279        2.19141883768989
B           -1.99973463368008        1.86588083968307        1.79541302834595
B           -2.16876071804084        3.33165767506323        1.21905782648932
B           -0.50676942429307        1.46159724706802        2.45863165620895
B           -0.96887748808284        4.28443705208404        0.59827849886801
B            1.13977485772527       -4.02079842399398        0.41858719404868
B            1.12255741878675       -2.53585971385045        1.00354984443202
B            1.29227161695124       -1.00449076719455        1.43267387779254
B            2.54277589578048       -3.41441405359599        1.06569235773406
B            2.71062760650642       -0.19468159564165        1.32998386672227
B            1.38248395312302        0.60885365388466        1.68567416571588
B            0.83190817071414        2.24150636076552        2.03906867628528
B            0.20084524605760        3.35399319129868        1.01070385770932
B            2.20064926553169        1.90586883058506        1.15762588534460
B            0.86592442117101        2.51691669735991       -0.24574592585256
B            3.84895988954199       -4.05948675204746        1.85669291817747
B            3.96347501231272       -2.59049787606886        1.13886861979656
B            4.11308847040485       -1.01733607544930        0.85291005282914
B            5.12965593888950       -3.11674205851599        2.06814236914446
B            5.34625081754804       -0.05272209967987        0.19352895203433
B            4.14738302557603        0.60305622404116        1.05384023609765
B            3.72679605892324        2.29013575274448        0.59472701757098
B            2.45757973462607        2.64343513186114       -0.42336856245397
B            5.26998236683492        1.65196273336842        0.50788726986030
B            3.90846597595032        2.88325255131121       -0.89679012557159
H           -5.45444933016965       -3.02620638377213        0.38434722876148
H           -5.08419230863010       -1.74142971338427       -1.19220478786404
H           -3.59904204659203        0.43840337608342       -2.71152676804301
H           -6.19295216699290        1.33913842235226        0.79659042791196
H           -4.97203113112307        3.82735074666152       -0.59617735153105
H           -4.10547106034021        4.45196162838360        2.35287783255413
H           -2.02348443906776       -4.76891387212154       -0.34652237239448
H           -1.07873423012185        5.26494629932586       -0.04032872201739
H            1.21348766337141       -5.07788749888971       -0.07648961358753
H            0.24282283981733        1.79408384061979       -0.94117283725369
H            3.78703706007635       -5.13343872943936        2.31176853266324
H            6.16651011114802       -2.95037338850712        2.57077560665386
H            6.30627455887503       -0.50312788278750       -0.29759465554375
H            6.26085907363021        2.25145631329978        0.70336280303045
H            4.65287037911268        3.22943061172385       -1.72651592524787
87
 energy: -121.933461299387 gnorm: 0.004199797788 xtb: 6.7.1pre (5071a88)
O            0.12194806338526        2.31189350876551       10.54566746473701
C           -0.02579156268033        1.71667645371579        9.44154758500641
C            0.03826479987830        0.27848791696880        9.40196432498549
O            0.25274359919241       -0.29640406594456       10.61461264482154
C           -0.08829294594645       -0.41794574085044        8.22360493097803
C           -0.02969290410725       -1.85405627693145        8.04757526209492
C           -0.04747600504974       -2.73918127965234        9.13038370014187
C           -0.01192428708728       -4.10225017813382        8.91859222166442
C            0.04858298363348       -4.61853551156889        7.63447715132405
O            0.08264821421197       -5.97212550864421        7.36515187861238
C            0.08011901398337       -3.74657603995644        6.53965411372019
O            0.15059072026920       -4.23761743218686        5.26918126502045
C            0.03596844292893       -2.38400667028177        6.75078996844879
O           -0.29137594880766        0.26086432682760        7.04549455562103
C           -0.39077558989063        1.60581067964513        7.02483905023840
C           -0.62828577750355        2.21400502553765        5.80145195154203
C           -0.74637434033022        3.59756154497484        5.73721259121246
O           -0.98501075780683        4.14126646876056        4.51699962319526
C           -0.61928592919054        4.38098993078390        6.87939303260372
C           -0.37153415853185        3.78390135497847        8.10784093951971
O           -0.23834874850418        4.53051819267014        9.20866131109878
C           -0.26193601799907        2.37691474668582        8.18694497281481
H            0.31789176021344        0.47346232533287       11.22126233518343
H           -0.09779412383520       -2.35811324614084       10.13381206567283
H           -0.03527701840350       -4.77932113294658        9.76183278035001
H            0.04602225025701       -6.45266417731615        8.19749180574813
H            0.17968458756972       -5.20139077843522        5.33417005248250
H            0.05836571471093       -1.73117679662008        5.89632911676356
H           -0.72557888604720        1.63200061747957        4.89986612007108
H           -1.06880976279351        5.09869356747596        4.58185858259014
H           -0.71075976819997        5.45505772952035        6.83300390304601
H           -0.07260827515143        3.89689099122316        9.96034802870361
B           -4.62136121116356       -2.42384436891955       -0.18348985499363
B           -4.01583346944952       -1.05802969264921       -0.73085437789796
B           -3.26170397361046        0.10992924330272       -1.62478747759915
B           -3.01378523681225       -2.49285465836514       -0.20580662814712
B           -2.24288905097298        0.38692467332123       -0.48843925614956
B           -4.02676708304164        0.48868148567946        0.04355677934689
B           -5.10452082313882        1.63253882757041        0.39032913158557
B           -4.61713982615506        3.17849876482242        0.29353905948958
B           -2.76299369702236        0.59986159000818        1.07748422827102
B           -3.66990362936256        3.82072066389198        1.44737498682950
B           -1.83340434342063       -3.63567358190932       -0.07987717964522
B           -1.51136798043961       -2.10691625969150        0.25227213491919
B           -1.36811746665073       -0.50564547835590        0.57529370001731
B           -0.28624071499782       -3.15108749137483        0.41522657654065
B           -0.12982599243987       -0.11488291942561        1.61237815538771
B           -1.56571294686977        0.31747260953289        2.20035864921789
B           -2.00567239209987        1.87763364493489        1.79776857942768
B           -2.16832165817339        3.33946712572892        1.20854775269132
B           -0.51684773287025        1.48102325444090        2.47076561988137
B           -0.96255704596146        4.28650053378613        0.58942413300028
B            1.13322809798994       -4.02054190852982        0.44705127291977
B            1.11558768413955       -2.53770762269817        1.03912174594337
B            1.28833886178380       -1.00663037112416        1.46684206626054
B            2.53488436793803       -3.41889595226992        1.09573225720821
B            2.71180188269212       -0.20443843467199        1.35395843661167
B            1.38499393675770        0.60801034972653        1.68774736953613
B            0.82595076647838        2.24423697670535        2.04275360368725
B            0.20316107783960        3.35083875512535        1.00000367044077
B            2.19242429353803        1.91519958701299        1.16648739785975
B            0.87407947077961        2.50413562074710       -0.24509978543411
B            3.83939945087377       -4.06378178257622        1.89152807710923
B            3.95855756479219       -2.60139932815195        1.16187977929035
B            4.11243707310604       -1.02912555322194        0.87503563902280
B            5.12263568104498       -3.12462322233655        2.09644816800697
B            5.34796097585595       -0.06823505448785        0.21504322080881
B            4.14928580653623        0.59089490067329        1.07373758842509
B            3.72680044300584        2.27190745828858        0.60661808354949
B            2.46692184121426        2.62954169980696       -0.42015649133330
B            5.27155068228781        1.63859969594463        0.52066885573478
B            3.92239232417370        2.84308760176285       -0.89247303699609
H           -5.45484485904288       -3.01473428020374        0.38861066368258
H           -5.07774042396697       -1.73897201428473       -1.19349869437621
H           -3.57156650029610        0.43464578874702       -2.71343657800211
H           -6.19489898412494        1.35606036825730        0.76158441229421
H           -4.95144855225752        3.83247312876122       -0.63064910324533
H           -4.10867011222970        4.47440670470806        2.32211966077032
H           -2.02723965965204       -4.76444269602430       -0.32239102369186
H           -1.06852000519398        5.26637642004212       -0.05063782477691
H            1.20585908463656       -5.07482735464579       -0.05441712786394
H            0.25403951708584        1.77696068085533       -0.93868630304807
H            3.77213172110336       -5.13698567514426        2.34786064541780
H            6.15988476844460       -2.95741185951662        2.59845422137261
H            6.30785986355726       -0.52147953794813       -0.27346947912428
H            6.26094456321507        2.23929868398962        0.72009595509393
H            4.66823122790876        3.16806371474279       -1.72798738542012
87
 energy: -121.933676479281 gnorm: 0.004427563681 xtb: 6.7.1pre (5071a88)
O            0.10190665002748        2.29027664427743       10.55045292064857
C           -0.03972128167424        1.70374250390189        9.44073716816481
C            0.02877424195757        0.26651972892975        9.38801981398553
O            0.24040314011991       -0.32101960091425       10.59540491156557
C           -0.09423754144738       -0.41995234506011        8.20316883476898
C           -0.03172453559770       -1.85467813162205        8.01559154783459
C           -0.06526547468717       -2.74935443183253        9.09065611267936
C           -0.02405913297661       -4.11052721907853        8.86694156284727
C            0.05827411237626       -4.61487341539587        7.57854177802607
O            0.10068667263081       -5.96632668756614        7.29776141727003
C            0.10511192224210       -3.73355420139732        6.49135660847180
O            0.19780725349969       -4.21189369015715        5.21747307906030
C            0.05488599723270       -2.37287913725949        6.71467420967800
O           -0.29049697242383        0.26922186625463        7.02968070024601
C           -0.39672539292217        1.61368863497019        7.02119157070007
C           -0.63319757832013        2.23304134120030        5.80330767215874
C           -0.75288925592838        3.61692087149225        5.75265102318515
O           -0.98948392899364        4.17253933591902        4.53699109109335
C           -0.62986650991018        4.39059304897631        6.90171107793246
C           -0.38630620781290        3.78227837046299        8.12545363955435
O           -0.25983597877057        4.51732397808333        9.23501452436211
C           -0.27316585632428        2.37480539676026        8.19051410049234
H            0.30531256918240        0.44059673831965       11.21172701364211
H           -0.13193835373155       -2.37752465472921       10.09695092351214
H           -0.05934548606739       -4.79539384803310        9.70370680220001
H            0.05021169399309       -6.45556372170322        8.12545407735058
H            0.22486216371781       -5.17643875738848        5.27140034979490
H            0.08932972723403       -1.71176844619346        5.86664636014619
H           -0.72805451394813        1.66248435778681        4.89430329867043
H           -1.06739630686384        5.12992729967972        4.61334432728886
H           -0.72230868972837        5.46496037194422        6.86372367284898
H           -0.09598701484562        3.87570435862121        9.98139071199563
B           -4.62091732502468       -2.41257806434665       -0.17906584723130
B           -4.00605424997695       -1.05150816180101       -0.72885961369283
B           -3.24188489376170        0.10851879481266       -1.62370183551055
B           -3.01270175349975       -2.48372970665033       -0.19128204486673
B           -2.23089638875652        0.38969750977362       -0.48139187912101
B           -4.02013977900110        0.49867620123730        0.03693178116452
B           -5.10018736316913        1.64661855652544        0.36366367094840
B           -4.60673586303645        3.19046988488334        0.26413581899570
B           -2.76330885191638        0.61232073949909        1.07965274110753
B           -3.66885827434891        3.83882246813378        1.42173087739572
B           -1.83514628665187       -3.62978063864344       -0.05640055962797
B           -1.51340608593222       -2.10104926843457        0.27913109631697
B           -1.36720563815422       -0.49801034086443        0.59607314987403
B           -0.29184187474641       -3.14834023977315        0.44792468706153
B           -0.13115128609125       -0.10920962008660        1.64067266022388
B           -1.57023471622896        0.33187313729363        2.21060626791498
B           -2.01194525331532        1.89106204107790        1.80188355216016
B           -2.16756680620710        3.34831270415589        1.19736127357631
B           -0.52859465097170        1.50229334964767        2.48508965663625
B           -0.95513158982263        4.28783864828537        0.57865449281565
B            1.12619931800107       -4.02010595921456        0.47803748383436
B            1.10756910950270       -2.53993975256070        1.07999475780443
B            1.28390144498503       -1.00932080214324        1.50699978416067
B            2.52634056454606       -3.42401739314498        1.12976440132509
B            2.71330264541613       -0.21603972968924        1.38248361168029
B            1.38805380580153        0.60693466994607        1.69134565887503
B            0.81916920494139        2.24688953422075        2.04881821030416
B            0.20610555389929        3.34749352757246        0.98946890241271
B            2.18309106459237        1.92598532275803        1.17779541611442
B            0.88295628606258        2.48919200783184       -0.24264640538133
B            3.82927810462824       -4.06868550611927        1.93141284604185
B            3.95311526779860       -2.61318306986927        1.18888206060239
B            4.11139804291828       -1.04190914227839        0.90172396316470
B            5.11435612112135       -3.13260076336047        2.13077489892434
B            5.34946863045070       -0.08529199907229        0.24024191979510
B            4.15124768800982        0.57833704901179        1.09607510473327
B            3.72666062593686        2.25239262057391        0.62094067661663
B            2.47676958641200        2.61392799509371       -0.41506759308609
B            5.27313409198447        1.62486222807179        0.53507717602950
B            3.93718705100025        2.79765224864715       -0.88762555141625
H           -5.45608071390026       -3.00080040053103        0.39409923527646
H           -5.07146623559016       -1.73515358214256       -1.19272716585062
H           -3.54180710283214        0.42813928513948       -2.71668858909315
H           -6.19575465357772        1.37492237640592        0.72316687776345
H           -4.92476919882726        3.83791860652958       -0.67076488157242
H           -4.11084385736870        4.49776158679885        2.28947739455314
H           -2.03333088364005       -4.75863881857057       -0.29560631097649
H           -1.05623194834792        5.26852327249650       -0.06032178333249
H            1.19817289980881       -5.07183610831586       -0.02921926579490
H            0.26596882415988        1.75747682863743       -0.93418233270488
H            3.75564300608962       -5.14126318022869        2.38884160752236
H            6.15266364198164       -2.96457279575083        2.63098251151818
H            6.30908777215597       -0.54136096225237       -0.24588523028674
H            6.26171756074626        2.22635593800095        0.73736583760489
H            4.68342048023725        3.09923431366496       -1.73222807556012
87
 energy: -121.933895284485 gnorm: 0.005010994496 xtb: 6.7.1pre (5071a88)
O            0.07759243467800        2.26889092952254       10.55692876507790
C           -0.05603741344327        1.69112771364700        9.44159480848052
C            0.01799144727613        0.25484025465637        9.37595045067324
O            0.22555877110041       -0.34446337388042       10.57832720827510
C           -0.09959011593497       -0.42187451004889        8.18478397298544
C           -0.03288187788239       -1.85490672923860        7.98516139158151
C           -0.07429601822985       -2.75926040160744        9.05079065813204
C           -0.02674451790850       -4.11825422759529        8.81503189473430
C            0.06907217754452       -4.61043865430561        7.52410968480892
O            0.11995680439680       -5.95903383009636        7.23227432126336
C            0.12234140365117       -3.71927930749771        6.44581141045042
O            0.22962713656864       -4.18495402019949        5.16988398248665
C            0.06589194275942       -2.36105103226073        6.68131796268242
O           -0.28834300208889        0.27750775929449        7.01590694645982
C           -0.40125568548329        1.62146303205999        7.01900173584208
C           -0.63440794534347        2.25101304153430        5.80600758256832
C           -0.75560763467121        3.63532583705568        5.76754392713582
O           -0.98812315861562        4.20212576514908        4.55618944598990
C           -0.63872111193206        4.39913398762678        6.92364713222977
C           -0.40212804756121        3.78032068003608        8.14349302276559
O           -0.28510604858995        4.50440852355790        9.26127663439701
C           -0.28527252261296        2.37270664724191        8.19574873630403
H            0.28818250298439        0.40929957570152       11.20382514792279
H           -0.15108574189595       -2.39696716254770       10.05911737042447
H           -0.06785649643986       -4.81100098499297        9.64444797717043
H            0.06500753459150       -6.45695964669923        8.05338480327496
H            0.25576085559657       -5.14985113772248        5.21330969918614
H            0.10612164053746       -1.69163650613991        5.84055974408063
H           -0.72486704146260        1.69076128210937        4.89026831427713
H           -1.06134128021644        5.15891841707452        4.64466582248983
H           -0.73144884686304        5.47398652277402        6.89335172939132
H           -0.12392811509159        3.85582172287485       10.00325783390199
B           -4.62161169150763       -2.40419757242754       -0.17545345297490
B           -3.99539596662161       -1.04747955492237       -0.72551068226441
B           -3.22552488710061        0.10459716557632       -1.62464153908725
B           -3.01282038477331       -2.47413400772821       -0.18001608253447
B           -2.22031340089236        0.39221720083886       -0.47894190227775
B           -4.01241699184350        0.50826527967430        0.02817212945895
B           -5.09414426472887        1.65912217701381        0.33787304998352
B           -4.59501591295651        3.20120267911332        0.23739420340586
B           -2.76168328437228        0.62426881197213        1.07866144168816
B           -3.66737623471970        3.85205736466209        1.40125892202701
B           -1.83786546410143       -3.62383228845584       -0.03400231530511
B           -1.51493878205919       -2.09458604337013        0.29936796736292
B           -1.36500218681295       -0.49019119518436        0.60983976985276
B           -0.29707268896154       -3.14563708511387        0.47596296351687
B           -0.13184798382063       -0.10357008467082        1.66225251571131
B           -1.57397706781489        0.34354970582938        2.21638331910959
B           -2.01549527755034        1.90319335455821        1.80441604673704
B           -2.16617832305081        3.35655400534837        1.18913835363434
B           -0.53798238401493        1.51971388871368        2.49639402722385
B           -0.94654338392012        4.28991773644060        0.57383817346014
B            1.11948038217941       -4.01965809101667        0.50611457404386
B            1.10002361953406       -2.54168583705246        1.11645529355407
B            1.28003582062136       -1.01155344872666        1.54242201972849
B            2.51814826573142       -3.42912660151818        1.16168853408417
B            2.71459129283497       -0.22727445466138        1.40974549778961
B            1.39037277317406        0.60521869879396        1.69375970458962
B            0.81418672277745        2.24876015534080        2.05543351036224
B            0.21134908156857        3.34481629824919        0.98178669367451
B            2.17500387162426        1.93541402344344        1.18777827080740
B            0.89171005384292        2.47669913580306       -0.23924856762315
B            3.81975210455308       -4.07316631238723        1.96975838203084
B            3.94727355843554       -2.62399613910084        1.21564936397293
B            4.11022439316414       -1.05368016525729        0.92843252231674
B            5.10578595169430       -3.13905142580888        2.16492739196752
B            5.34892468843281       -0.10137620628900        0.26326097084768
B            4.15262276682442        0.56749320211982        1.11749201672256
B            3.72655630790380        2.23497955478775        0.63541665614551
B            2.48639526867059        2.59891685828706       -0.40945795124605
B            5.27391618878645        1.61266613578022        0.54681853679252
B            3.95049075572410        2.75588551022454       -0.88031463717341
H           -5.45644572737876       -2.99100893432297        0.40002165372585
H           -5.06901189803368       -1.73257228966589       -1.18755743034463
H           -3.51834251487923        0.41556073090963       -2.72203905545500
H           -6.19518146475873        1.39129840833568        0.68378793815010
H           -4.89958533628416        3.84463549372635       -0.70344461144893
H           -4.11329094323830        4.51696827808919        2.26190849127057
H           -2.04159751706199       -4.75333903282392       -0.26687528134442
H           -1.04332248967134        5.27084229353497       -0.06512820605323
H            1.19059568916748       -5.06936948470476       -0.00555153869924
H            0.27640285821279        1.74222614330146       -0.92909686249519
H            3.74025209487019       -5.14509450680903        2.42826452496376
H            6.14523567930757       -2.96985444692641        2.66285074446188
H            6.30711513281019       -0.55937221397788       -0.22333718665175
H            6.26296745902025        2.21361174414972        0.75019006449272
H            4.69385464177633        3.04088922135710       -1.73170905421598
87
 energy: -121.934132423377 gnorm: 0.004534647694 xtb: 6.7.1pre (5071a88)
O            0.05186708910343        2.24634329341489       10.56472647893057
C           -0.07384778478384        1.67806318523132        9.44367397398144
C            0.00514622566623        0.24245617995363        9.36512672917824
O            0.20834892469798       -0.36814620955848       10.56258056488831
C           -0.10511932446121       -0.42399509279974        8.16745687352222
C           -0.03427956306298       -1.85499552763405        7.95432261374956
C           -0.08675194256443       -2.77059181214984        9.01001321702034
C           -0.03289749981919       -4.12715147113671        8.76031452145903
C            0.08060634481846       -4.60543463830366        7.46500770870266
O            0.14109730865916       -5.95029962989885        7.15963624553373
C            0.14264372931905       -3.70245847086525        6.39593488075639
O            0.26826358350139       -4.15399749658483        5.11581343482092
C            0.07963597738997       -2.34721417344914        6.64550718402465
O           -0.28684790728484        0.28581111121738        7.00359823011552
C           -0.40524258831792        1.62935966533612        7.01817492184160
C           -0.63372250315180        2.26852551010475        5.80962825340312
C           -0.75751400154834        3.65325151714007        5.78230801986343
O           -0.98526409396678        4.23077990525956        4.57519127098855
C           -0.64850306103871        4.40676883183539        6.94591212507494
C           -0.41921107100273        3.77790011551323        8.16213513485273
O           -0.31261063400379        4.49205098156719        9.28726644314622
C           -0.29840557773816        2.37032513047844        8.20269433485860
H            0.26758822156583        0.37869801466748       11.19637381656463
H           -0.17657704894414       -2.41923368907679       10.02203972898519
H           -0.08178459652218       -4.82895979968314        9.58209220217777
H            0.07900704467193       -6.45829554208166        7.97436630035556
H            0.29341143304884       -5.11923661765755        5.14853695176569
H            0.12799439600277       -1.66852921421297        5.81200301001356
H           -0.71769302878376        1.71676675669379        4.88797271352604
H           -1.05779514401483        5.18629791002710        4.67567165167407
H           -0.74203659947766        5.48214814234207        6.92354132642972
H           -0.15362709409349        3.83771194854577       10.02522990661732
B           -4.62282315209025       -2.39539556065742       -0.17252624265698
B           -3.98362549328437       -1.04255340529417       -0.72062574465096
B           -3.20828458473497        0.10104591013980       -1.62573344147912
B           -3.01342025020660       -2.46308119795948       -0.16850241104845
B           -2.20951611321061        0.39567009198110       -0.47633495936548
B           -4.00380660236274        0.51850199407424        0.01996239009562
B           -5.08762087584193        1.67225813865164        0.31233053511104
B           -4.58273125329281        3.21237805499222        0.20841687789926
B           -2.75930268399133        0.63617215965796        1.07832980022122
B           -3.66622272264880        3.86624573349760        1.37928225380394
B           -1.84185811857834       -3.61672321891762       -0.00948941017539
B           -1.51575084410084       -2.08716043979080        0.31895429420688
B           -1.36183311545613       -0.48199381425556        0.62306858363564
B           -0.30247661195953       -3.14334214495958        0.50513817807768
B           -0.13235978141776       -0.09695098110657        1.68442635066099
B           -1.57833575002658        0.35490252584537        2.22252022084733
B           -2.01852994366642        1.91597802746300        1.80759752218683
B           -2.16530094186898        3.36498579187788        1.18059078419462
B           -0.54732057404892        1.53663203283479        2.50812944022899
B           -0.93752536660002        4.29130735786344        0.56818535197877
B            1.11184890826824       -4.01963774784835        0.53714287851609
B            1.09191484780601       -2.54384526293155        1.15481910355747
B            1.27609516844909       -1.01425198899152        1.57907353547305
B            2.50993072715626       -3.43511026077058        1.19640796090754
B            2.71586075349915       -0.24012808887576        1.43898848312516
B            1.39353685825704        0.60384868373577        1.69619069306076
B            0.80898901502981        2.25091431492624        2.06340697348455
B            0.21719434969682        3.34167734983807        0.97380686666827
B            2.16685122946871        1.94583045921151        1.19890700068952
B            0.90077066173786        2.46379801886364       -0.23612408680988
B            3.80993997768160       -4.07813515528549        2.01121223159479
B            3.94142280850820       -2.63571095159402        1.24420664383771
B            4.10904858484297       -1.06630613753339        0.95665925820076
B            5.09726586481106       -3.14566306263931        2.20083876523569
B            5.34871770637740       -0.11822526516375        0.28875728201857
B            4.15359156634628        0.55582039173634        1.14034402412144
B            3.72671109442232        2.21689207190744        0.65078719352426
B            2.49651361579591        2.58341428713381       -0.40315815760290
B            5.27473683153043        1.59972663084860        0.56052223488363
B            3.96477484635931        2.71113877196990       -0.87304335266444
H           -5.45838416781663       -2.97975158197739        0.40477297539030
H           -5.06664857392124       -1.72786178390056       -1.18195908271365
H           -3.49482957214472        0.40137347670524       -2.72791107541509
H           -6.19437165745316        1.40837169338825        0.64361505126556
H           -4.87223120100984        3.85124274093872       -0.73987458783725
H           -4.11750402215378        4.54245813190681        2.22999652531229
H           -2.05160349188203       -4.74686873585876       -0.23499990952104
H           -1.02952221157088        5.27197204499206       -0.07216068429552
H            1.18326304236774       -5.06776733570755        0.02240683040603
H            0.28770318756559        1.72577005217933       -0.92417338082878
H            3.72453153173385       -5.14867025548847        2.47218967186131
H            6.13783868094653       -2.97429792991569        2.69588396043562
H            6.30551552518333       -0.57840973154727       -0.19845403670446
H            6.26444646165146        2.19998230602536        0.76542480832312
H            4.70619161771444        2.97726797968982       -1.73351374018087
87
 energy: -121.934392066184 gnorm: 0.004610766615 xtb: 6.7.1pre (5071a88)
O            0.02198052815752        2.22252945671123       10.57450335993215
C           -0.09454189071863        1.66456864380926        9.44747982194162
C           -0.01057483911747        0.22960391902250        9.35624378107397
O            0.18695099996966       -0.39105243568988       10.54915455012044
C           -0.11066931242324       -0.42606554954180        8.15194542352120
C           -0.03499583620915       -1.85454539065788        7.92461518773796
C           -0.09121004295423       -2.78140204814195        8.96931647643020
C           -0.03018832184712       -4.13515845862057        8.70570663359692
C            0.09510802382344       -4.59934657910434        7.40670310378916
O            0.16521904417291       -5.93976321374469        7.08753887874618
C            0.15771741354337       -3.68425752005365        6.34785185827317
O            0.29239097350851       -4.12204925990006        5.06497070139793
C            0.08698959903676       -2.33253110131077        6.61138392657640
O           -0.28633089092250        0.29405744895102        6.99360074231381
C           -0.40806968500982        1.63724793200232        7.01929830228605
C           -0.62883309376563        2.28571374619628        5.81457162186616
C           -0.75545716110178        3.67071596499176        5.79743669219812
O           -0.97553965693501        4.25876581492118        4.59422212137042
C           -0.65719156541852        4.41345654660571        6.96900873722759
C           -0.43692874923062        3.77484000484081        8.18189716478410
O           -0.34231119703735        4.47989605793666        9.31353213734459
C           -0.31264917876107        2.36750060687093        8.21178844740443
H            0.23963856193474        0.35033427826159       11.18983378893122
H           -0.18719210378265       -2.44110907774993        9.98392492428257
H           -0.08074308488592       -4.84579017673321        9.51929837810316
H            0.09920551450509       -6.45796258551829        7.89624225487857
H            0.32038896980843       -5.08722873476049        5.08780974839197
H            0.13637673924896       -1.64506482306094        5.78595519850507
H           -0.70362233126304        1.74078734943287        4.88772253782471
H           -1.05186273500996        5.21236323049181        4.70619767099447
H           -0.75176834622604        5.48923117426184        6.95492041509153
H           -0.18611404212817        3.82089984147089       10.04776501067578
B           -4.62501329563181       -2.38950504824511       -0.17056678626008
B           -3.97069132863834       -1.04028962680181       -0.71436668404397
B           -3.19402624025843        0.09591335996264       -1.62814297520284
B           -3.01497688285910       -2.45129733812406       -0.16066539588921
B           -2.20019056829118        0.40012587256618       -0.47689285183723
B           -3.99405944260251        0.52847752392031        0.00993810556273
B           -5.08059022664082        1.68389168678940        0.28654842411248
B           -4.57245523060356        3.22255274128026        0.18399259106483
B           -2.75537269901515        0.64687524306872        1.07573464838350
B           -3.66502147570186        3.88044668729846        1.35980324732119
B           -1.84771619982898       -3.60931559893541        0.01511953260259
B           -1.51533106549403       -2.07897346514590        0.33130105241672
B           -1.35731419475149       -0.47387710651376        0.62971189571248
B           -0.30782616179449       -3.14103709781400        0.53016018939103
B           -0.13231663911335       -0.08965527739242        1.69998644359047
B           -1.58219561335474        0.36416637388090        2.22487428707963
B           -2.01937064338992        1.92769592769932        1.80919742960615
B           -2.16485204848132        3.37310751246936        1.17410414602290
B           -0.55383610855224        1.54924353992566        2.51640642024358
B           -0.92772385252617        4.29136315670558        0.56439765766400
B            1.10386309892082       -4.01967172673791        0.56653537597388
B            1.08419627850901       -2.54540294104510        1.18852039794552
B            1.27254145629275       -1.01624395104209        1.60984515941704
B            2.50187605815253       -3.44116641296928        1.22968711997411
B            2.71647009982435       -0.25255748131343        1.46607083271292
B            1.39632043882688        0.60235935666177        1.69759559126661
B            0.80568575849365        2.25296383481145        2.07143441125483
B            0.22599704895329        3.33903965939329        0.96704784522493
B            2.16054718928832        1.95464752180841        1.20856836143709
B            0.90985075384864        2.45343159256573       -0.23432496747069
B            3.79986588078114       -4.08232995455684        2.05185726746321
B            3.93528018160746       -2.64701996119673        1.27154632434103
B            4.10766945763558       -1.07834978569668        0.98332027344912
B            5.08860336154678       -3.15091605509450        2.23506799828460
B            5.34677603049946       -0.13425321872487        0.31194346246385
B            4.15359798787915        0.54488473688953        1.16228162541427
B            3.72721621156695        2.20077427752382        0.66608711793669
B            2.50687965456747        2.56852490901848       -0.39691673578871
B            5.27479923804018        1.58737969795453        0.57266720256784
B            3.97836388985011        2.67057621627404       -0.86309527858151
H           -5.45977345004064       -2.97231751960936        0.40927787300039
H           -5.06788748262498       -1.72340099663698       -1.17312277528129
H           -3.47714863921468        0.38241314386297       -2.73496249294473
H           -6.19000317869970        1.42161524035162        0.60712734560816
H           -4.84554391652555        3.85745689439085       -0.77242741275916
H           -4.12251286603215        4.55556473185884        2.20553236743554
H           -2.06286569938052       -4.74062278176994       -0.20053235091700
H           -1.01509861378299        5.27497383796052       -0.07232478907618
H            1.17611309468400       -5.06652607162930        0.04961491921282
H            0.29785773493987        1.71402509714166       -0.92148662972194
H            3.70968940601500       -5.15062920617464        2.51699425813205
H            6.13003571596409       -2.97656786288265        2.72713463402638
H            6.30132218710401       -0.59590674210341       -0.17833343801522
H            6.26602887735031        2.18570731947921        0.77867123039559
H            4.71643936945942        2.92290447259799       -1.73042309962223
87
 energy: -121.934683274020 gnorm: 0.004982671321 xtb: 6.7.1pre (5071a88)
O           -0.01203516241382        2.19586320495156       10.58533792817245
C           -0.11864366129737        1.64942333629371        9.45186707982367
C           -0.03036977610595        0.21510288874433        9.34744860295729
O            0.15989407966695       -0.41570401749388       10.53597701559293
C           -0.11719027882145       -0.42850680691316        8.13582537837401
C           -0.03530389440456       -1.85391558777417        7.89258963970313
C           -0.09480907651144       -2.79353778444652        8.92558158203866
C           -0.02621770528861       -4.14390026885295        8.64621419739631
C            0.10914866386950       -4.59220091152507        7.34314309914372
O            0.18865978001168       -5.92757165926889        7.00861497439513
C            0.17302325427621       -3.66345855304858        6.29491247188917
O            0.31878323715378       -4.08554372497297        5.00675484725845
C            0.09511333018353       -2.31567061326959        6.57367848152757
O           -0.28760767891302        0.30244197496272        6.98379237269560
C           -0.41039279428567        1.64535607269227        7.02106357468677
C           -0.62041915806438        2.30352599866774        5.81984787569618
C           -0.75142740330790        3.68845597704068        5.81297475364807
O           -0.96159714565250        4.28705902454784        4.61355171312096
C           -0.66730294687273        4.41950977562102        6.99322851383961
C           -0.45626193217911        3.77086585364462        8.20253473786685
O           -0.37457169680459        4.46710384335538        9.34055972630249
C           -0.32849865582442        2.36378683236262        8.22192011437698
H            0.20431149936174        0.32109029654593       11.18301109137423
H           -0.19918885268334       -2.46575264893261        9.94443517227841
H           -0.07947910713513       -4.86451518707841        9.45159086211221
H            0.12610564088252       -6.45522890904419        7.80914431768865
H            0.35179643602083       -5.05069662886161        5.01906814132632
H            0.14753959457962       -1.61830325333763        5.75587415930076
H           -0.68305565015462        1.76399061108814        4.88843425469429
H           -1.04671123488467        5.23833646420202        4.73519234277037
H           -0.76496967157239        5.49533382062713        6.98884010998718
H           -0.22139952665198        3.80375196705114       10.07062302876416
B           -4.62764629877590       -2.38423512359760       -0.16956201486217
B           -3.95613704742557       -1.03837064749619       -0.70646822273600
B           -3.17904058681599        0.09147755238325       -1.62939121354878
B           -3.01660272830859       -2.43823338378795       -0.15303203882480
B           -2.19013987912349        0.40676345541000       -0.47639508189677
B           -3.98314627258189        0.53873054754814        0.00057571444656
B           -5.07247505646155        1.69589024681742        0.26108385654507
B           -4.55946623785717        3.23238035144116        0.15593465379314
B           -2.75058081381468        0.65735838531796        1.07395346162284
B           -3.66438430071865        3.89377634446559        1.33990281291636
B           -1.85527133629839       -3.60094611164723        0.04351776501176
B           -1.51370912038445       -2.06980008486666        0.34290866860574
B           -1.35146595305446       -0.46532852222574        0.63619043861747
B           -0.31389263344381       -3.13865032818457        0.55713773468877
B           -0.13166221191549       -0.08136597222146        1.71631426988142
B           -1.58596881444959        0.37351014924776        2.22791254173160
B           -2.01935572920655        1.93961679717383        1.81191246149031
B           -2.16479674537767        3.38153939021772        1.16918930359713
B           -0.55929960623552        1.56054563524771        2.52595213464243
B           -0.91688738055431        4.29105179037119        0.56268740855299
B            1.09458874326967       -4.02020842117677        0.59981600046166
B            1.07596664623697       -2.54705545248514        1.22398045682178
B            1.26896159893204       -1.01829599849163        1.64113689092389
B            2.49316720229818       -3.44808849069406        1.26644713377847
B            2.71688809254523       -0.26585674139070        1.49415646930877
B            1.40040848516376        0.60097206581807        1.70003284804761
B            0.80282117835887        2.25524402171332        2.08097609469339
B            0.23651462764315        3.33545926415642        0.96046740339704
B            2.15449287202292        1.96360533118810        1.21895647043630
B            0.91933197039398        2.44367634154290       -0.23428531286353
B            3.78838322059421       -4.08643082509399        2.09666957213492
B            3.92845463506046       -2.65954543638968        1.30106514947004
B            4.10665614221896       -1.09167802223323        1.01099420608715
B            5.07933482129134       -3.15631435416207        2.27121122975868
B            5.34522094216067       -0.15169552890505        0.33703081174018
B            4.15335829549624        0.53230928786704        1.18599513939986
B            3.72788075716333        2.18365108033421        0.68213852939112
B            2.51807167714485        2.55287176778282       -0.39056025075754
B            5.27495420083021        1.57314822282149        0.58674882177506
B            3.99350667818757        2.62713841720716       -0.85272734291675
H           -5.46140137653956       -2.96587864572566        0.41251491295267
H           -5.07076058937848       -1.71755118091038       -1.16357108838690
H           -3.45904218815512        0.36251784785634       -2.74105774164550
H           -6.18637947213206        1.43640058865499        0.56818965468059
H           -4.81980234863565        3.86487093852512       -0.80449920987973
H           -4.13132122754950        4.57746180719333        2.17559402839842
H           -2.07480817733004       -4.73348643570825       -0.16140234541212
H           -0.99960745968476        5.27659916741975       -0.07254499085288
H            1.16821107450093       -5.06569781931428        0.08063913442993
H            0.30867340843191        1.70292225819894       -0.92092352640869
H            3.69427300482937       -5.15135900507112        2.56839837261503
H            6.12083600449464       -2.97770534094279        2.76128006459016
H            6.29778230348883       -0.61498756992435       -0.15605056507728
H            6.26743168439843        2.16964714070028        0.79512842794962
H            4.72930381860794        2.86559186059645       -1.72634226420885
87
 energy: -121.934760963340 gnorm: 0.003013670817 xtb: 6.7.1pre (5071a88)
O           -0.01475628131907        2.19536606562534       10.58466995609528
C           -0.12011274003145        1.64988032771469        9.45084124091744
C           -0.03201115226902        0.21568346076871        9.34588089204586
O            0.15686474021334       -0.41549574489483       10.53446972921380
C           -0.11693140517936       -0.42684377173427        8.13388068023889
C           -0.03377862856484       -1.85180327348776        7.88988254337134
C           -0.09073115787582       -2.79199882856050        8.92290514840754
C           -0.02190116439232       -4.14193556365562        8.64243170914024
C            0.11188945726009       -4.58917635173741        7.33828876485019
O            0.18860390125797       -5.92444226369504        7.00178459312748
C            0.17484895418190       -3.65998610562539        6.29080049863067
O            0.31446273486131       -4.08094436273475        5.00135144850724
C            0.09615554195936       -2.31245740580827        6.57057559053878
O           -0.28766090045804        0.30446131726314        6.98237675820143
C           -0.40916817646291        1.64727831443783        7.02033166624016
C           -0.61746851489830        2.30629205263657        5.81907852588621
C           -0.74915830363096        3.69068833037981        5.81292697384394
O           -0.95730580217322        4.28964126307955        4.61309128429509
C           -0.66712499313078        4.42138224126566        6.99335320209073
C           -0.45611243829832        3.77213875751465        8.20215628841359
O           -0.37450396442186        4.46825951243306        9.34028835234725
C           -0.32852176598150        2.36491493974177        8.22113942080042
H            0.19928586396484        0.32176492746513       11.18133337335344
H           -0.19445393553123       -2.46493673326710        9.94183096368301
H           -0.07436342895812       -4.86292084249940        9.44745555793364
H            0.12851632655530       -6.45256381665564        7.80356862065036
H            0.35315891251259       -5.04594391533773        5.01369763420824
H            0.14590905111213       -1.61481669017848        5.75304800393675
H           -0.67892460740408        1.76658806421683        4.88761546632232
H           -1.04558771990814        5.24119453114383        4.73261294195527
H           -0.76636372574524        5.49659694795454        6.99002998890523
H           -0.22203092496439        3.80443360554489       10.06933658148911
B           -4.62756472887473       -2.38583989496268       -0.16981738692768
B           -3.95575509185824       -1.03978723435887       -0.70576414013654
B           -3.17880740640983        0.09192608955853       -1.62752037342086
B           -3.01645322104012       -2.43957294430506       -0.15230262902773
B           -2.19008797751283        0.40729351567991       -0.47421213879898
B           -3.98356340813909        0.53755449481249        0.00147722526680
B           -5.07296711210910        1.69487038111678        0.26109658199142
B           -4.55912067240704        3.23074700851887        0.15501556000811
B           -2.75158763437483        0.65571925486899        1.07519692664228
B           -3.66519976642574        3.89412606099286        1.33868742464419
B           -1.85761586450953       -3.60252029348427        0.05038157876281
B           -1.51300753358426       -2.07063625773319        0.34227209160446
B           -1.35129730555828       -0.46645107823485        0.63739347301392
B           -0.31524608596423       -3.13936195051123        0.56027548991076
B           -0.13200548987684       -0.08218451743835        1.71777526487123
B           -1.58646410141518        0.37274803314853        2.22909923118001
B           -2.02031871795730        1.93814085702512        1.81313587436327
B           -2.16596802153816        3.38067362579494        1.17125335824631
B           -0.55928479683261        1.55853931995136        2.52649212440430
B           -0.91740901979633        4.28857816011087        0.56323010022468
B            1.09280363691487       -4.02193263888666        0.60372622625254
B            1.07523586999492       -2.54813592400349        1.22580003691478
B            1.26843372426421       -1.01934582716354        1.64191100583203
B            2.49161785513030       -3.44949269657742        1.26942243785082
B            2.71633971146012       -0.26676340717048        1.49491871708340
B            1.40056084104185        0.60009154549450        1.70349589967597
B            0.80256582113936        2.25444878955343        2.08182353272429
B            0.23691300387221        3.33361317033735        0.96117279499180
B            2.15417180805562        1.96120434830596        1.21938044842444
B            0.91941704625746        2.44357171289830       -0.23590272852520
B            3.78552133021494       -4.08619182087300        2.10128759610948
B            3.92738896338774       -2.66203815134407        1.30213684274007
B            4.10613674140827       -1.09415923080865        1.01106972351200
B            5.07961906382207       -3.15928789771215        2.26958905688062
B            5.34542249210929       -0.15444449633715        0.33816314662709
B            4.15289689299064        0.52943513936105        1.18653939753191
B            3.72758093035256        2.18157020006131        0.68296373097290
B            2.51836836120746        2.55059142647064       -0.39036802573198
B            5.27462934524669        1.56996963991774        0.58792793564861
B            3.99441011786973        2.62960097376399       -0.85024535417695
H           -5.46090050242054       -2.96833265591870        0.41206086911929
H           -5.07267919797971       -1.71695532492469       -1.16289695844903
H           -3.45788478096734        0.36294762591235       -2.73910573943696
H           -6.18646548672093        1.43564902523322        0.57008113756715
H           -4.82067591154442        3.86354993267591       -0.80558569071850
H           -4.13331997142750        4.57798244629212        2.17311834555764
H           -2.07302634028885       -4.73458301688956       -0.16003664894728
H           -1.00000246144422        5.27504491394727       -0.07093094558175
H            1.16571088180085       -5.06704589028853        0.08376801159729
H            0.30858920259307        1.70350403047607       -0.92322528053882
H            3.69279045640459       -5.15030210456965        2.57480278199881
H            6.11759234239348       -2.97695599963644        2.76569930225983
H            6.29856514106017       -0.61802097356268       -0.15349737147279
H            6.26626992927601        2.16676494814316        0.79820457741404
H            4.73174834616143        2.86404056810800       -1.72390884826138
87
 energy: -121.934866631504 gnorm: 0.006265222041 xtb: 6.7.1pre (5071a88)
O           -0.02657095738823        2.19381742176218       10.58309988470732
C           -0.12666800817374        1.65204700039582        9.44753609000616
C           -0.03860764870558        0.21825056772056        9.34012152112279
O            0.14453158265750       -0.41420150843114       10.52906198413056
C           -0.11560044998153       -0.42034408607162        8.12627939043308
C           -0.02715682748008       -1.84364808511040        7.87880730152337
C           -0.07412133874700       -2.78665634278559        8.91116616501993
C           -0.00434785724160       -4.13494866084639        8.62605031903059
C            0.12153742355792       -4.57776966663132        7.31802700748135
O            0.19041603510242       -5.91253162685296        6.97459515228798
C            0.17892690113587       -3.64633828022311        6.27353809431443
O            0.29913752194082       -4.06240287970956        4.97960233272381
C            0.09896234746562       -2.29970139392013        6.55774620191869
O           -0.28721316508609        0.31265133658879        6.97673993364394
C           -0.40461750745134        1.65513703781786        7.01744692763507
C           -0.60615606360847        2.31726411816089        5.81596493175039
C           -0.74042241537559        3.69992430392975        5.81257878217896
O           -0.94107345341617        4.30006292740610        4.61134880299446
C           -0.66659808119876        4.42910197127688        6.99412340049275
C           -0.45637394698297        3.77746324764250        8.20128722184856
O           -0.37582979252655        4.47293679766959        9.34020795209376
C           -0.32907412365417        2.36979757337653        8.21859109981952
H            0.17923898501166        0.32475249664920       11.17535319963363
H           -0.17407901567797       -2.46262550374940        9.93078867250613
H           -0.05179961528851       -4.85778270638502        9.42951641821869
H            0.14108841645395       -6.44195910117464        7.78016116014235
H            0.35862187276042       -5.02677635470876        4.99142279989941
H            0.13952708764435       -1.60048980640706        5.74158330077845
H           -0.66241962659484        1.77711402763129        4.88419841344688
H           -1.04148999647176        5.25221659273599        4.72353186055808
H           -0.77134738013172        5.50247353815780        6.99477789218915
H           -0.22667046810013        3.80757341336298       10.06602812921125
B           -4.62706928285306       -2.39195403872781       -0.16992470054150
B           -3.95484070327657       -1.04499007524417       -0.70247744524211
B           -3.17894071060060        0.09366723770099       -1.62003978834663
B           -3.01566153117991       -2.44375955793111       -0.15134083238641
B           -2.19012159829817        0.40923863362912       -0.46605714371023
B           -3.98499752469321        0.53345388174965        0.00556375991585
B           -5.07486769746896        1.69087199751071        0.26333816547909
B           -4.56060975712935        3.22539129744757        0.15296969227081
B           -2.75497283076399        0.65009596296107        1.08034212361022
B           -3.66815123966923        3.89408107980290        1.33458665705453
B           -1.86356312786319       -3.60686250010264        0.06429490389394
B           -1.51049699839898       -2.07379036349170        0.34004003819573
B           -1.35098279418049       -0.47055977152213        0.64177797397429
B           -0.32002534642092       -3.14242113547126        0.57131746935419
B           -0.13342341356005       -0.08506238456795        1.72279077508359
B           -1.58815639723568        0.36979931422170        2.23394184214068
B           -2.02272765134214        1.93274959623025        1.81782443115049
B           -2.17023175420825        3.37607629228813        1.17660267219605
B           -0.55820220379816        1.55044633342269        2.52900722843108
B           -0.91810583497522        4.28026838792831        0.56804057375954
B            1.08625914733033       -4.02906475994241        0.61910921037643
B            1.07276820287362       -2.55270174064241        1.23302421889202
B            1.26611478060671       -1.02338692234593        1.64442932470173
B            2.48626334502918       -3.45534562799587        1.28078448490873
B            2.71393062945024       -0.27057694476103        1.49744588850838
B            1.40116474759443        0.59670728775711        1.71711730053510
B            0.80256231437568        2.25126590902611        2.08587229631056
B            0.23961204056454        3.32692454516043        0.96493445312736
B            2.15343672370832        1.95172423419759        1.22049497835787
B            0.91898830360194        2.44288026025110       -0.24131990194786
B            3.77529488403052       -4.08671841628612        2.11821397744233
B            3.92404206125573       -2.67143498672195        1.30782782750268
B            4.10402575170447       -1.10384079095258        1.01190081223389
B            5.06492004583023       -3.15447716621399        2.29341270106766
B            5.34578586403231       -0.16506262877036        0.34259042315512
B            4.15088872271099        0.51823341426075        1.18907651253320
B            3.72655842361486        2.17285030535272        0.68402487075978
B            2.51854627160816        2.54153600139296       -0.39077566355765
B            5.27407594430551        1.55730809963310        0.59431869816397
B            3.99600485741077        2.62407589856510       -0.84684228213922
H           -5.45871736216829       -2.97943143483987        0.40946465044673
H           -5.07885362507661       -1.71650654108934       -1.16042205300290
H           -3.45513353519616        0.36519978160042       -2.73132619523944
H           -6.18778611206181        1.43190230728212        0.57495182602689
H           -4.82094615426141        3.85664558167753       -0.81110657693099
H           -4.13942838288485        4.58230682633329        2.16240315253871
H           -2.07193099894243       -4.73959168230091       -0.14555116989949
H           -1.00077369553460        5.26762880264072       -0.06576398271439
H            1.15622670319237       -5.07345232005794        0.09756713382821
H            0.30654894946511        1.70602180159412       -0.93091665002673
H            3.68718087359382       -5.14713608708395        2.60018567643312
H            6.11767917551607       -2.98885167447076        2.76370202057916
H            6.30121271563062       -0.63015801600521       -0.14321823062364
H            6.26297025582939        2.15503195108766        0.81151957635321
H            4.74025109445851        2.87280017570414       -1.71145004881684
87
 energy: -121.934972480662 gnorm: 0.006538358728 xtb: 6.7.1pre (5071a88)
O           -0.03463670375082        2.19397740200345       10.58280286957324
C           -0.13101906766925        1.65433125601866        9.44584419083218
C           -0.04207968910597        0.22060990631732        9.33651596710669
O            0.13721076173880       -0.41251150805713       10.52569102595321
C           -0.11412355016350       -0.41617755752667        8.12118796158142
C           -0.02285210737135       -1.83877685586769        7.87100029746400
C           -0.06449576249688       -2.78410758604646        8.90174023217575
C            0.00582904625524       -4.13158140305508        8.61361642626116
C            0.12551632381871       -4.57160987392766        7.30404338036187
O            0.19483066946297       -5.90588322169302        6.95808144576798
C            0.17739696501058       -3.63816265457001        6.26136193047456
O            0.29396281616774       -4.05092997208479        4.96594109452540
C            0.09882399465504       -2.29191672513089        6.54870049087561
O           -0.28502344616827        0.31833480399706        6.97258072246460
C           -0.40162434250999        1.66070511260012        7.01492034318730
C           -0.59936732260830        2.32430796434230        5.81330804570531
C           -0.73474918436535        3.70663024300962        5.81135482162151
O           -0.93178802158721        4.30735578349140        4.60981370287664
C           -0.66535039854416        4.43462877420643        6.99419359480382
C           -0.45701342798190        3.78153355980369        8.20096387860525
O           -0.37853623249341        4.47615022382377        9.34093333893134
C           -0.32940566073817        2.37384398192801        8.21712092544059
H            0.16806883961689        0.32689980417097       11.17204160880234
H           -0.16041964641494       -2.46202828143692        9.92239788639373
H           -0.03631706700334       -4.85605526969399        9.41592683387140
H            0.15156970395958       -6.43555377451509        7.76367881966587
H            0.36096682394936       -5.01484834953394        4.97613791820762
H            0.13619642095479       -1.59110860420368        5.73372747594535
H           -0.65200999970746        1.78447490247005        4.88108541328211
H           -1.03764242396766        5.25905314800194        4.72008885731044
H           -0.77181890459821        5.50784389897509        6.99662658678075
H           -0.23199705681366        3.81033093646942       10.06618320159752
B           -4.62802125139384       -2.39517240786263       -0.16893837990773
B           -3.95561463996478       -1.04784191906713       -0.69995022281324
B           -3.18069456384773        0.09353526045357       -1.61582184462729
B           -3.01650527254386       -2.44513888553238       -0.15150577589658
B           -2.19083109183192        0.40936510430109       -0.46226962810895
B           -3.98581322855385        0.53135152754314        0.00857070275799
B           -5.07628481728824        1.68828747300479        0.26611893866775
B           -4.56245668499610        3.22248430330329        0.15259470567769
B           -2.75622211089050        0.64772412855885        1.08361169457685
B           -3.66928735928952        3.89246795694393        1.33305519091449
B           -1.86585895183465       -3.60822606283663        0.06360241817017
B           -1.51127920557681       -2.07586125983386        0.34194846574923
B           -1.35145759791534       -0.47265016297581        0.64372847952495
B           -0.32323776288259       -3.14484452786618        0.57689170087288
B           -0.13456790102593       -0.08697271065503        1.72498323646915
B           -1.58918523272679        0.36746596387846        2.23705940121762
B           -2.02268148706863        1.92987543784454        1.82096740152099
B           -2.17178243956071        3.37221765200233        1.17807418065217
B           -0.55682604969096        1.54521813137780        2.53131645361150
B           -0.91712995101565        4.27547454520240        0.57146250480033
B            1.08175019895134       -4.03401263095999        0.62944519223018
B            1.07011331641910       -2.55593726307315        1.23873058605047
B            1.26449524328439       -1.02614158875545        1.64679766130265
B            2.48161275101792       -3.45963968374901        1.29059882906824
B            2.71257801536275       -0.27384490564387        1.49998586783177
B            1.40124885717455        0.59401532022723        1.72525613611960
B            0.80323483002065        2.24851146653861        2.08913688012891
B            0.24231093621620        3.32324073865203        0.96787322644155
B            2.15354799997452        1.94564230356960        1.22164644129686
B            0.91888229079548        2.44175418481416       -0.24269831407771
B            3.76976144835007       -4.08756258864333        2.13008252293065
B            3.92007474268700       -2.67619912332983        1.31329265268378
B            4.10377295053533       -1.10944569440353        1.01573252346798
B            5.07132960708371       -3.16638642297196        2.28215105582531
B            5.34543585393627       -0.17069495226517        0.34610610839364
B            4.14962473742756        0.51228527686751        1.19207063691924
B            3.72634882469258        2.16848785016621        0.68548668969279
B            2.51856432184528        2.53780380651639       -0.38962655581346
B            5.27389680449911        1.55058604611299        0.59941634287963
B            3.99668788357867        2.62296462211447       -0.84360450447169
H           -5.45881935969998       -2.98640803054435        0.40774476346844
H           -5.08070646339154       -1.71898866565136       -1.15952867577513
H           -3.45660600909692        0.36626008314603       -2.72691094734258
H           -6.18963079448979        1.42903479774924        0.57579509953754
H           -4.81870301711630        3.85079815750767       -0.81459144272185
H           -4.14140066379386        4.58658890306380        2.15567346251859
H           -2.07677907144952       -4.74323990291945       -0.13099674308512
H           -0.99998346068518        5.26213085178972       -0.06350820541846
H            1.15046116058282       -5.07922730729300        0.10947968995398
H            0.30494998052794        1.70699426692450       -0.93321269107342
H            3.68363869842585       -5.14635742336688        2.61627551879428
H            6.10573466040291       -2.98157043425288        2.78405838437014
H            6.30194025464190       -0.63691118624508       -0.13666663271717
H            6.26244719638606        2.14813518288530        0.81873887118902
H            4.74316552500028        2.87326833349909       -1.70578134296780
87
 energy: -121.935079754192 gnorm: 0.004241747263 xtb: 6.7.1pre (5071a88)
O           -0.04198939992790        2.19520999815276       10.58287961109319
C           -0.13459951732377        1.65721242382077        9.44461801971150
C           -0.04415832303379        0.22342141312063        9.33345548143707
O            0.13169477588889       -0.41046723611386       10.52263257795448
C           -0.11254032702304       -0.41235000184936        8.11686583983924
C           -0.02031053188639       -1.83468152205846        7.86397779967105
C           -0.05787710179940       -2.78219264188207        8.89246396686113
C            0.01315227294167       -4.12922475715363        8.60179676825141
C            0.12793370090253       -4.56701776883081        7.29172332804261
O            0.20161309837729       -5.90067100495405        6.94502587630306
C            0.17432375206474       -3.63139238093612        6.25045950615150
O            0.29351465651207       -4.04146112656861        4.95485229835909
C            0.09692729385081       -2.28553645863545        6.54055204343806
O           -0.28097610716013        0.32395739131415        6.96878257689964
C           -0.39862014676853        1.66628878166267        7.01236662896918
C           -0.59386321501713        2.33069762504670        5.81090626941156
C           -0.72961586269973        3.71342506513996        5.80977575786249
O           -0.92461865700719        4.31472929161450        4.60859391957128
C           -0.66288010136351        4.44008026819004        6.99400633867579
C           -0.45772371590320        3.78582338151328        8.20096541662174
O           -0.38265869036959        4.47915728948199        9.34224329600996
C           -0.32948829800211        2.37836609559193        8.21610364307486
H            0.16050154532786        0.32846058453337       11.16969107281223
H           -0.14889031536665       -2.46174884496820        9.91444656646756
H           -0.02340321252816       -4.85544358283548        9.40295043403058
H            0.16113630553816       -6.43064892184784        7.74845198006041
H            0.36015929060110       -5.00495922345631        4.96223880082659
H            0.13320669886621       -1.58302385592987        5.72678429581022
H           -0.64364284008963        1.79188314167176        4.87797048450421
H           -1.03203095728565        5.26540421453647        4.72042336788630
H           -0.76881445142606        5.51394751505201        6.99702070694839
H           -0.23849080682155        3.81330025925757       10.06829024969269
B           -4.63072670853812       -2.39759256667362       -0.17001883253961
B           -3.95643024359872       -1.05039629693511       -0.69880294048022
B           -3.18247880192330        0.09158645672274       -1.61371117299287
B           -3.01910952572615       -2.44622478489596       -0.15047254780943
B           -2.19156429765202        0.40790811000100       -0.46084120784627
B           -3.98610751841117        0.52932982945045        0.01038763175611
B           -5.07752628530805        1.68570321674184        0.26621517554054
B           -4.56029900002207        3.21879262952260        0.15068267436123
B           -2.75644525943490        0.64628294386075        1.08578094947896
B           -3.66911315342311        3.89120079016812        1.33166347227667
B           -1.87037430642708       -3.61052776805314        0.07030206312352
B           -1.51489610440753       -2.07823292903376        0.34881907644586
B           -1.35212330312199       -0.47418812053142        0.64436689765860
B           -0.32580725732855       -3.14724753002693        0.58080014637468
B           -0.13590182976024       -0.08904730878987        1.72608767758650
B           -1.59038854454801        0.36461432423313        2.23948984957641
B           -2.02206998184080        1.92767439965648        1.82405107728529
B           -2.17145983468495        3.36939704347839        1.18077816009777
B           -0.55585201169449        1.54085715710813        2.53361543457541
B           -0.91556262547156        4.27047439144839        0.57192021706083
B            1.07824235467504       -4.03832056038712        0.63664633387220
B            1.06799358982670       -2.55907951245134        1.24315401155566
B            1.26290056349323       -1.02874717999995        1.64915090132019
B            2.47813366434029       -3.46408143077865        1.29860484794314
B            2.71105934154834       -0.27725648459761        1.50244217548667
B            1.40052501182368        0.59114575222140        1.73131469667641
B            0.80387678552320        2.24524948351144        2.09234512087128
B            0.24506747390165        3.32054165933632        0.97042594990122
B            2.15401764342622        1.94053111208372        1.22355122552893
B            0.91925076435926        2.43992469702790       -0.24164029024967
B            3.76684455543176       -4.08990034374126        2.13914064778669
B            3.91676928582676       -2.67948091642494        1.31950545904810
B            4.10244994003211       -1.11386452559766        1.01925218300734
B            5.06798849911659       -3.16687087132126        2.29036319406808
B            5.34422045885035       -0.17502643865694        0.34916775702296
B            4.14813281563193        0.50818243481343        1.19453574184957
B            3.72665030104775        2.16641605469270        0.68846480776567
B            2.51879481233659        2.53633702761453       -0.38647228906472
B            5.27326173164875        1.54598905683428        0.60263634458053
B            3.99749979752330        2.63389981146843       -0.83645452367836
H           -5.46145429744684       -2.99049860419112        0.40476407929322
H           -5.08037236816377       -1.72195102200888       -1.16092480087166
H           -3.45952804704946        0.36610260786943       -2.72453609110748
H           -6.19093189008196        1.42673864034968        0.57584406352638
H           -4.81710663494184        3.84578772765383       -0.81612355034400
H           -4.14286483621038        4.58867410704913        2.15128523623809
H           -2.07933774670058       -4.74624634646046       -0.12454475805934
H           -0.99794876223642        5.25837282350589       -0.06082539060218
H            1.14612296694062       -5.08631752378070        0.12211164890013
H            0.30402888556220        1.70669097890390       -0.93244217477768
H            3.68117510909742       -5.14694278952067        2.62981981755808
H            6.10285798223956       -2.98287176217963        2.79157559010691
H            6.30106054210932       -0.64200549177389       -0.13235104564434
H            6.26277943486254        2.14263839361500        0.82145107352180
H            4.74245105263832        2.85978403633465       -1.70610671790218
87
 energy: -121.935261247642 gnorm: 0.004283394623 xtb: 6.7.1pre (5071a88)
O           -0.05793824620036        2.19737066517656       10.58229802227350
C           -0.14234274866873        1.66273408505622        9.44154692437219
C           -0.04835019094378        0.22889722810004        9.32676099605805
O            0.12081745860487       -0.40702596259310       10.51561520235281
C           -0.10965812948479       -0.40467952631990        8.10797352056429
C           -0.01607132109461       -1.82641933214632        7.84966142736196
C           -0.04385626739471       -2.77806858156951        8.87384992977618
C            0.02962897441988       -4.12421060729586        8.57797654772378
C            0.13608902284460       -4.55746891605149        7.26674254972202
O            0.21754153235681       -5.88969556846175        6.91780888339652
C            0.17172102838076       -3.61741711527584        6.22830980691838
O            0.29303577803920       -4.02216173228757        4.93191080616281
C            0.09330449944771       -2.27275230293647        6.52387400673004
O           -0.27217512786010        0.33544340406764        6.96095146761624
C           -0.39288262166164        1.67760530083658        7.00710885561044
C           -0.58359590023640        2.34367894569109        5.80636543175256
C           -0.72029766603786        3.72721136669660        5.80684643143855
O           -0.91141905975791        4.33008138794706        4.60659549003051
C           -0.65869785284026        4.45087530977645        6.99362288294224
C           -0.46048385975355        3.79425807848914        8.20086612134493
O           -0.39333158440186        4.48472493351002        9.34471965212525
C           -0.33058981377224        2.38733196846859        8.21385042775569
H            0.14522817966298        0.33035142176532       11.16467523946209
H           -0.12550204433581       -2.46108677801158        9.89834854511521
H            0.00338105933058       -4.85394908436116        9.37665293010676
H            0.18165990952598       -6.42147317556187        7.71683007187432
H            0.35723103061046       -4.98508693660707        4.93318399051444
H            0.12550068658610       -1.56694867853234        5.71242113998915
H           -0.62821930391713        1.80735744893199        4.87174909646871
H           -1.02082007770402        5.27894192595301        4.72291683034846
H           -0.76324263494331        5.52585556738082        6.99746233573134
H           -0.25347721331522        3.81861902621197       10.07227581871607
B           -4.63708377349965       -2.40275333051291       -0.17209140179860
B           -3.95811230640188       -1.05593940855080       -0.69590079725728
B           -3.18628976390890        0.08653208757781       -1.60935421968037
B           -3.02498210887511       -2.44925005081094       -0.14767539993827
B           -2.19315050955818        0.40378049872880       -0.45800117143528
B           -3.98654767101174        0.52517106785233        0.01447951667788
B           -5.07956813370925        1.68068599895290        0.26699354611020
B           -4.55677244554570        3.21202928904669        0.14760535971219
B           -2.75666702750571        0.64333985338165        1.09039474285134
B           -3.66771576959062        3.88992225894415        1.32767656077440
B           -1.87950931301760       -3.61558769945037        0.08559194210380
B           -1.52184937728424       -2.08274681321624        0.35925054210964
B           -1.35339160638069       -0.47746641287043        0.64603180457169
B           -0.33065850852637       -3.15172013988793        0.58805627840527
B           -0.13827368842189       -0.09239826254349        1.72807649215833
B           -1.59252007012886        0.35947727655481        2.24454996527405
B           -2.02070685847829        1.92388925076243        1.82959318467564
B           -2.17010307390980        3.36428290083340        1.18508885021747
B           -0.55400243877708        1.53363039693532        2.53767793338047
B           -0.91154439248576        4.26281386597591        0.57502386867452
B            1.07124981374615       -4.04654668860654        0.65066254860451
B            1.06377680599048       -2.56486010973524        1.25155885056399
B            1.25985362144855       -1.03297205792036        1.65277602553317
B            2.47135030447389       -3.47259971858809        1.31434252874968
B            2.70810212345210       -0.28324603780654        1.50773680141828
B            1.39910828897644        0.58643936978294        1.74247346889833
B            0.80605175211886        2.23923835467804        2.09881715247124
B            0.25065422555094        3.31590862877580        0.97611139616602
B            2.15586015977368        1.93141939470420        1.22673454080468
B            0.91912073897197        2.43523400227330       -0.23805224654871
B            3.76113128127584       -4.09537703622326        2.15682531713733
B            3.91015406256625       -2.68578190245793        1.33358113471935
B            4.09958563606013       -1.12237365551538        1.02857764457597
B            5.06044823152590       -3.16824309115301        2.30891089376725
B            5.34249189616829       -0.18416179631337        0.35811954119820
B            4.14575342687787        0.50058719873275        1.20138404732421
B            3.72791685935137        2.16059193527053        0.69069133769159
B            2.51822383111005        2.52904538553302       -0.38320102947380
B            5.27373446400558        1.53621127753372        0.61229083893967
B            3.99606356085073        2.62325271279469       -0.83502756469899
H           -5.46746034929869       -2.99776894856069        0.40048596920176
H           -5.08182894949344       -1.72588529146068       -1.16081104735601
H           -3.46601460901665        0.36375297243746       -2.71965963164304
H           -6.19322628216130        1.42258922129128        0.57601728711557
H           -4.81216111377273        3.83506758701225       -0.82027736576602
H           -4.14392456771603        4.59220745947081        2.14289527586207
H           -2.08446032878743       -4.75223574228182       -0.11145112090477
H           -0.99329090261694        5.25014153146128       -0.05809145673409
H            1.13691599019413       -5.10028827202271        0.14721419175008
H            0.30100837331153        1.70480883308607       -0.92872831111223
H            3.67594547093039       -5.14902814589258        2.65561327963934
H            6.09718693195070       -2.98689225213142        2.80729747309879
H            6.29970778857803       -0.65221112944946       -0.12178259152976
H            6.26446011425953        2.13207753171464        0.83000150268166
H            4.74111769060090        2.86576608596000       -1.69931566218304
87
 energy: -121.935474553967 gnorm: 0.005712459366 xtb: 6.7.1pre (5071a88)
O           -0.08000764418240        2.19905951570425       10.58004008008649
C           -0.15308425685535        1.66931649005951        9.43610685652180
C           -0.05473494728325        0.23574004372434        9.31647966411666
O            0.10539798572895       -0.40370413945175       10.50459992296443
C           -0.10607803259135       -0.39386526124766        8.09499992476145
C           -0.00970812955481       -1.81427455101946        7.82965686575975
C           -0.02173091432586       -2.77115832116793        8.84912336585176
C            0.05584115123550       -4.11571960524649        8.54578403300844
C            0.15172894782661       -4.54240144973234        7.23171474317310
O            0.23752310328190       -5.87253462929667        6.87656700921201
C            0.17334785123468       -3.59668991778853        6.19738458590327
O            0.28680725825424       -3.99394197613345        4.89803097008266
C            0.08989438478855       -2.25415710352441        6.50048573813099
O           -0.26078990901182        0.35137657088511        6.94976841776670
C           -0.38486090508996        1.69313380571832        6.99993221421012
C           -0.56856231404642        2.36243408189739        5.80046447190103
C           -0.70679286412107        3.74631347612745        5.80386098558188
O           -0.89110583958291        4.35229910670361        4.60451428997578
C           -0.65333963155620        4.46565504432574        6.99363108281072
C           -0.46430287323313        3.80532882715701        8.20047862250636
O           -0.40769475334959        4.49187558283665        9.34742321702811
C           -0.33248918743116        2.39883651030512        8.21007797475269
H            0.12189660716123        0.33151197698204       11.15665128881454
H           -0.09341138267340       -2.45940414620209        9.87627469985061
H            0.04128651159318       -4.84990497516093        9.34094100215069
H            0.21026675081947       -6.40864083837697        7.67206213079465
H            0.35241362861995       -4.95664052141997        4.89180263555761
H            0.11165823878129       -1.54433445825013        5.69192801857613
H           -0.60671493540136        1.82957470821729        4.86339314235192
H           -1.00444745797772        5.29985167581992        4.72563364307549
H           -0.75746696278453        5.54102558983227        6.99939813021636
H           -0.27343877387657        3.82450459252202       10.07522325070424
B           -4.64393172577711       -2.41052594350365       -0.17422196951909
B           -3.95907265060631       -1.06379941604625       -0.69110771220481
B           -3.18997509654849        0.08078676302814       -1.60229814351558
B           -3.03085827612633       -2.45470507350640       -0.14556793904650
B           -2.19451565534713        0.39824768455604       -0.45218104685216
B           -3.98680356784346        0.51975233118221        0.02043049317007
B           -5.08115305685508        1.67452010500297        0.27039230633867
B           -4.55694378269374        3.20509910183068        0.14597483348417
B           -2.75783192387255        0.63769443917649        1.09742820512183
B           -3.66684126223135        3.88724429336187        1.32292574068134
B           -1.88707124263892       -3.62164578819727        0.09377724800997
B           -1.52706083184622       -2.08891237243284        0.36285456856092
B           -1.35496653089295       -0.48354552708211        0.65002222188059
B           -0.33755612353717       -3.15888253285721        0.60065599577647
B           -0.14161675424291       -0.09774695607025        1.73232548991300
B           -1.59569571299416        0.35252338526012        2.25216599403699
B           -2.01983109741080        1.91794925945568        1.83635197854068
B           -2.16993700561402        3.35649332113845        1.18907636047868
B           -0.55269096284582        1.52375788778998        2.54313449928332
B           -0.90713479073210        4.25457535329354        0.58358275462941
B            1.06065884693479       -4.05935141213612        0.67524684432056
B            1.05721187667094       -2.57343478051791        1.26588347553338
B            1.25572742919601       -1.03916830351362        1.65845949600159
B            2.46193164794240       -3.48351486237225        1.33696748575979
B            2.70388260023769       -0.29106933821337        1.51542759982423
B            1.39690882926513        0.57981344472463        1.75861048544634
B            0.80815944789061        2.23060997891372        2.10725592837609
B            0.25576003836607        3.30804861761173        0.98461245961263
B            2.15761626741878        1.91823506790424        1.23131311715853
B            0.91853177043600        2.42885296095351       -0.23377343261894
B            3.75181216610738       -4.10220991452742        2.18252911476309
B            3.90136730588846       -2.69551048254843        1.35335853753019
B            4.09471621435502       -1.13466735757197        1.04063472286255
B            5.04740752819281       -3.16925928028716        2.33807650677412
B            5.34004723218605       -0.19805740312907        0.37047548223108
B            4.14224637745512        0.48938739003343        1.21003540599753
B            3.72909423448953        2.15226455863992        0.69498959395767
B            2.51741213452188        2.51775661824495       -0.37811671930022
B            5.27335936067416        1.52177496960366        0.62398484453220
B            3.99483131248139        2.61890302623519       -0.82907807459407
H           -5.47405084238683       -3.00967123845431        0.39418236203319
H           -5.08685992884620       -1.72806270339322       -1.15659627855941
H           -3.47131377220154        0.35971001192348       -2.71218346150348
H           -6.19625343345398        1.41716763207172        0.57384287750603
H           -4.80118574219667        3.82001135994335       -0.82956541555215
H           -4.14367643739425        4.59861182613977        2.13033801059536
H           -2.09668409114359       -4.76124862323743       -0.08231878023109
H           -0.98795547873801        5.23812054751917       -0.05541604362329
H            1.12193098001116       -5.11887478880414        0.18295306508980
H            0.29790297961928        1.70141773817092       -0.92492894732761
H            3.66788140685700       -5.15090183363028        2.69224730599245
H            6.08956358200570       -2.99409430848789        2.82737773212256
H            6.29784290099963       -0.66789976996000       -0.10666432265746
H            6.26486936449259        2.11685680586025        0.84076989682498
H            4.74083823764783        2.86456182625260       -1.69152573194224
87
 energy: -121.935746905338 gnorm: 0.005070425905 xtb: 6.7.1pre (5071a88)
O           -0.10780423055567        2.20031991033475       10.57580070322605
C           -0.16674808062914        1.67682989426046        9.42804801695365
C           -0.06300290970233        0.24397715246968        9.30209441285767
O            0.08602406367787       -0.40082910438513       10.48882143404781
C           -0.10150457608201       -0.37977864001698        8.07724166058840
C           -0.00012369058624       -1.79800802064804        7.80341983876171
C            0.00824273356518       -2.76121182534840        8.81742614647946
C            0.09157658462956       -4.10341106966974        8.50450028229175
C            0.17468442457456       -4.52153461987134        7.18626837161268
O            0.26260030756562       -5.84874269382491        6.82087622336809
C            0.17821416776164       -3.56911301290993        6.15741223850382
O            0.27600032404709       -3.95673704270751        4.85338125371567
C            0.08696953097054       -2.22956558182272        6.47004418271679
O           -0.24685010389840        0.37191743432889        6.93458659333690
C           -0.37514227746088        1.71299821375742        6.99049154317765
C           -0.54951199991128        2.38744886118218        5.79296848655383
C           -0.68958642012325        3.77120956088803        5.80114400782417
O           -0.86410035409269        4.38254438498153        4.60289766836470
C           -0.64737297193851        4.48472564758696        6.99457475832523
C           -0.46978568019757        3.81896122205852        8.20016965554829
O           -0.42640942338638        4.50022965913828        9.35083700204087
C           -0.33558458214415        2.41274929244676        8.20456959992898
H            0.09121933764412        0.33120261483755       11.14505559844197
H           -0.05366244627317       -2.45650648394624        9.84720078910828
H            0.09071750237462       -4.84275776022533        9.29511641541768
H            0.24872696284079       -6.39173983615209        7.61344992859853
H            0.34581531140984       -4.91949830346788        4.83844354633021
H            0.09200167320280       -1.51501711339979        5.66514354118072
H           -0.57992321524864        1.85937527358485        4.85250911439340
H           -0.98192409813030        5.32929920415430        4.72963174891145
H           -0.75213127715785        5.55983498625348        7.00374731547530
H           -0.29867936788664        3.83017447590832       10.07712741356273
B           -4.65184555367067       -2.42072308242921       -0.17575556030262
B           -3.95920877004790       -1.07418142825199       -0.68432440232664
B           -3.19371402539594        0.07369164418595       -1.59358500778725
B           -3.03785441023254       -2.46262238424925       -0.13980652819573
B           -2.19592123517226        0.39127499501402       -0.44467866045704
B           -3.98696936183628        0.51301851486530        0.02730124641191
B           -5.08231177236668        1.66782320824593        0.27166318183257
B           -4.55257805302233        3.19590059780629        0.14141154514898
B           -2.75962243434441        0.62920538019913        1.10566985123009
B           -3.66599965859412        3.88357759474970        1.31767129501034
B           -1.89765024325064       -3.63067521253510        0.11189870419463
B           -1.53311043622006       -2.09768429453408        0.36920706226396
B           -1.35585196632438       -0.49195746468655        0.65500063285610
B           -0.34729234443977       -3.16895416028144        0.62092665739264
B           -0.14555206058957       -0.10522847785369        1.73819829638386
B           -1.59948015533767        0.34367252437369        2.26102055049175
B           -2.01961785042565        1.90977148858083        1.84385568933210
B           -2.16997141105342        3.34761892222562        1.19570237327802
B           -0.55244661475025        1.51188653547707        2.54951823085303
B           -0.90364084486850        4.24216723507832        0.58908858921343
B            1.04684764956329       -4.07573075227437        0.70859682761772
B            1.04879992536759       -2.58414736091525        1.28449628859948
B            1.25081273035336       -1.04726730073836        1.66659243631390
B            2.44986212887416       -3.49682949866116        1.36609149457040
B            2.69868608738781       -0.30055871339393        1.52626754535895
B            1.39402073166087        0.57145029252806        1.77921544767618
B            0.80976173305505        2.21956006128727        2.11641805150399
B            0.25960480137768        3.29724145115828        0.99437258340909
B            2.15961744568618        1.90143985360346        1.23736324033954
B            0.91747414675944        2.41905789376143       -0.22784583083741
B            3.73845790636352       -4.11092878859737        2.21641041008294
B            3.89001303304419       -2.70857681101658        1.38042702628179
B            4.08834549396950       -1.15043977409174        1.05787587587092
B            5.03276810376556       -3.17527066211378        2.37143240873682
B            5.33669326076135       -0.21694122102757        0.38710032691498
B            4.13798462545783        0.47502073227224        1.22155826692224
B            3.73046250047940        2.14085420381311        0.70057915530016
B            2.51614425639877        2.50195790628223       -0.37154656320902
B            5.27275013516837        1.50259941917735        0.63892413503917
B            3.99269189446861        2.60937050072226       -0.82277233996748
H           -5.48262305608789       -3.02530843175793        0.38605912920084
H           -5.09440702051299       -1.72978972217568       -1.14915567589697
H           -3.47583118383260        0.35299495985292       -2.70309612114659
H           -6.19871240674936        1.41257879943099        0.57164496759612
H           -4.78942486563748        3.80409593194801       -0.84066125947226
H           -4.14384829596197        4.60555803184183        2.11492250762502
H           -2.10984380796930       -4.77173666085181       -0.05003159708341
H           -0.98199183413313        5.22632357947995       -0.04950598878161
H            1.10130851483374       -5.14147516979665        0.22870601882179
H            0.29452764453591        1.69429059493828       -0.91949143167495
H            3.65598645218794       -5.15389712378166        2.73775931051838
H            6.07658676575834       -3.00177134418474        2.85799719964448
H            6.29507256394083       -0.68958698906650       -0.08619825035197
H            6.26486958483720        2.09681854503719        0.85394436024254
H            4.74157133763059        2.86656875169103       -1.67987319433520
87
 energy: -121.936086094850 gnorm: 0.004398012751 xtb: 6.7.1pre (5071a88)
O           -0.13877130195944        2.20102536303466       10.56927976779873
C           -0.18204354698227        1.68482538743665        9.41748537167650
C           -0.07194526599506        0.25326924880499        9.28359456738192
O            0.06489116712028       -0.39910211386562       10.46782400344933
C           -0.09597406268041       -0.36281521755686        8.05471311500641
C            0.01188408269249       -1.77817219267669        7.77139388249744
C            0.04229117503231       -2.74821599051307        8.77898064086823
C            0.13292990803432       -4.08740762658821        8.45525926743038
C            0.20314661880137       -4.49580347536967        7.13259937842993
O            0.29324824584920       -5.81935414480856        6.75443882099427
C            0.18551520717944       -3.53628346234764        6.11041630913286
O            0.26389180532282       -3.91319172948476        4.80123683458635
C            0.08493095332362       -2.20030488250854        6.43371653404394
O           -0.23105833143451        0.39653331086611        6.91553088913768
C           -0.36446462115689        1.73668639008026        6.97892525768669
C           -0.52816683300565        2.41829129167795        5.78418952690778
C           -0.66995929433550        3.80154847951706        5.79938859635283
O           -0.83233351919596        4.42087696124358        4.60285763110918
C           -0.64115161420407        4.50768826530540        6.99720789580630
C           -0.47672021138263        3.83456915978248        8.20049676308777
O           -0.44865972391567        4.50883247046894        9.35557457454993
C           -0.33962475266026        2.42850988080300        8.19747147765411
H            0.05711504749595        0.32822755524624       11.12944950055452
H           -0.01005035056841       -2.45173013802029        9.81126394676178
H            0.14762063157501       -4.83206776363604        9.24065522527331
H            0.29490911985378       -6.37070687071002        7.54383534576311
H            0.33800366333992       -4.87600439776815        4.77714831484900
H            0.06938946235613       -1.48074782552216        5.63339832289945
H           -0.55027363790289        1.89652062560199        4.83949658439499
H           -0.95235634252804        5.36717826365690        4.73650104983779
H           -0.74720490209734        5.58213972066922        7.01144280199261
H           -0.32767778281960        3.83427067119960       10.07836682031290
B           -4.66017192504882       -2.43280144475116       -0.17598448102562
B           -3.95869832185999       -1.08655682373547       -0.67597949131019
B           -3.19669365840504        0.06445124125149       -1.58455425604709
B           -3.04572192163037       -2.47281362678636       -0.13008954703630
B           -2.19700682744321        0.38162168205633       -0.43649950930313
B           -3.98649903889236        0.50539103768792        0.03401992678056
B           -5.08209791799028        1.66120892243343        0.27136641273032
B           -4.54777683157530        3.18702875964994        0.13633472252210
B           -2.76157332127754        0.61907728609012        1.11401722204904
B           -3.66388032710854        3.88033405744301        1.31071068775976
B           -1.90997231936010       -3.64250118492835        0.13860758326469
B           -1.54019472729728       -2.10899539122367        0.37904346422337
B           -1.35652127149838       -0.50278727243217        0.66144502069159
B           -0.35924063341803       -3.18167697071871        0.64757228890559
B           -0.15028892176110       -0.11500363082741        1.74606226405972
B           -1.60390194186696        0.33420153645287        2.27048858240600
B           -2.01977159898575        1.90073314231208        1.85025862396557
B           -2.16970578431957        3.33749741912129        1.19943629091776
B           -0.55419664074325        1.50012761539754        2.55672694913787
B           -0.89997374935810        4.23231550031634        0.59887557284536
B            1.03090459771492       -4.09480155613465        0.74941669902706
B            1.03873982598263       -2.59668332731068        1.30696778082309
B            1.24495693741387       -1.05734333111236        1.67820034399720
B            2.43597990970123       -3.51172369194461        1.40040184065242
B            2.69247984398370       -0.31165542951615        1.54040167927880
B            1.38994339125371        0.56120860345397        1.80215621282554
B            0.81064779778406        2.20622082634174        2.12551341448348
B            0.26021862435541        3.28414196224328        1.00594571808246
B            2.16151956640658        1.88166862446436        1.24493212142837
B            0.91526698703104        2.40576101866716       -0.21873865972297
B            3.72237517614754       -4.12209289466405        2.25609483738918
B            3.87674239714189       -2.72411840921212        1.41476816295041
B            4.08043997507383       -1.16856357506891        1.08085340761135
B            5.01731380134479       -3.18668246820444        2.40864799616434
B            5.33184577717295       -0.24004648584699        0.40749460135968
B            4.13288533315601        0.45878326068063        1.23546533404900
B            3.73159455227321        2.12723276281406        0.70792150906540
B            2.51386693627225        2.48355288844775       -0.36257797219984
B            5.27119099186811        1.48016106267577        0.65503234366138
B            3.98899267622850        2.60042362446998       -0.81458989952698
H           -5.49252438679690       -3.04295383061506        0.37787603779284
H           -5.10289407437111       -1.73250826689477       -1.13949454480243
H           -3.47877950268038        0.34248757627881       -2.69394670821789
H           -6.20046280411335        1.40890027605690        0.56617923397969
H           -4.77413202200838        3.78790337591795       -0.85386398754474
H           -4.14199221923826        4.60929258257685        2.10027732988034
H           -2.12425699748523       -4.78330727174782       -0.01633077246382
H           -0.97607436877723        5.21256427346525       -0.04635695563255
H            1.07675916671302       -5.16671165109230        0.28257814923893
H            0.29099798105245        1.68236678101816       -0.91066286924752
H            3.64027223820491       -5.15960722909607        2.78734136476352
H            6.05902773828794       -3.01022936711018        2.89867179738406
H            6.29052564881427       -0.71605936757424       -0.06178094987538
H            6.26438694617371        2.07303759034574        0.86616464126563
H            4.74114324432012        2.86389799453183       -1.66739658378987
87
 energy: -121.936483630844 gnorm: 0.005074756315 xtb: 6.7.1pre (5071a88)
O           -0.17104983637083        2.20102115288313       10.56076293330458
C           -0.19810944648870        1.69313186179076        9.40483454741981
C           -0.08094652230891        0.26344866999495        9.26114419247643
O            0.04360103624486       -0.39874950506285       10.44151353006055
C           -0.08986706816321       -0.34312355720679        8.02747080892263
C            0.02522549612313       -1.75516576395955        7.73372398341335
C            0.07731554810171       -2.73223426278949        8.73387793955572
C            0.17660563884505       -4.06794308251547        8.39885555039578
C            0.23512665427508       -4.46605290139070        7.07216432716643
O            0.32977260734938       -5.78548832443905        6.68063750190806
C            0.19447419664700       -3.49946180312883        6.05761677811204
O            0.25385785077847       -3.86542927819983        4.74395049386490
C            0.08416947678144       -2.16731510550256        6.39210614373785
O           -0.21469772378007        0.42502032669333        6.89285220871440
C           -0.35345814550883        1.76407134780965        6.96548469484272
C           -0.50571292271407        2.45483322719626        5.77444542277136
C           -0.64890844241829        3.83730561589915        5.79915316408682
O           -0.79759478333832        4.46715528264935        4.60531069657557
C           -0.63507064672373        4.53442120799481        7.00224803885350
C           -0.48475207832634        3.85191959458527        8.20201708968603
O           -0.47329951314811        4.51711927455591        9.36236820121393
C           -0.34431302382684        2.44598316220994        8.18914225473066
H            0.02272584592565        0.32223511911293       11.10954503921532
H            0.03426396050942       -2.44456471844702        9.76862475387160
H            0.20807998930546       -4.81774394801134        9.17863341300243
H            0.34561399670950       -6.34500646417341        7.46603558550031
H            0.33162389542082       -4.82801415938436        4.71096687870127
H            0.04730255501715       -1.44272964414586        5.59741870919799
H           -0.51916001866257        1.94075215481197        4.82490872977313
H           -0.91608557490907        5.41314019523932        4.74691119864713
H           -0.74294637997029        5.60809419547452        7.02346454474962
H           -0.35909823669999        3.83604711653877       10.07980204667398
B           -4.66802876926042       -2.44644422706156       -0.17383655312335
B           -3.95823605558388       -1.10055835244024       -0.66637750938861
B           -3.19832647989074        0.05208890865651       -1.57600298480832
B           -3.05377289906818       -2.48486340277596       -0.11731335360890
B           -2.19774274331870        0.36848545893308       -0.42811848487761
B           -3.98541565749541        0.49702504325186        0.03951374161733
B           -5.08020511098028        1.65536599053633        0.26714533629575
B           -4.53851492903908        3.17809367854805        0.12936410574099
B           -2.76372805318365        0.60822822762344        1.12193312251414
B           -3.66149909843405        3.87522411582502        1.30605856940638
B           -1.92148855603893       -3.65613327953788        0.16723128506098
B           -1.54788022268677       -2.12241074014827        0.39159067077428
B           -1.35776893453965       -0.51592587542913        0.66995086373231
B           -0.37255881837427       -3.19657280919157        0.67873213197610
B           -0.15612551874930       -0.12704304709627        1.75627505885815
B           -1.60912157936912        0.32472765573162        2.28047268873083
B           -2.02121071855375        1.89136117606016        1.85660857003331
B           -2.16853945420128        3.32817495087783        1.20523265637727
B           -0.55847408357394        1.48978230681907        2.56464213799577
B           -0.89873928903004        4.21878544482749        0.59911148254941
B            1.01389730322587       -4.11581619405502        0.79655807663445
B            1.02734919742018       -2.61076554814860        1.33314504244611
B            1.23782825929320       -1.06926921944136        1.69401436008661
B            2.42094801646631       -3.52776911128029        1.43919751458321
B            2.68509839243219       -0.32420008088166        1.55777264324191
B            1.38426554304576        0.54931816272871        1.82579019782081
B            0.80987748506962        2.19157453729352        2.13269251041850
B            0.25705294495873        3.27009449949709        1.01641227107838
B            2.16335436947136        1.85954801838962        1.25409899002735
B            0.91253006429025        2.38824544505203       -0.20623229074921
B            3.70467854899718       -4.13608117038653        2.30010279408349
B            3.86223477083627       -2.74158233032925        1.45588065235269
B            4.07097562112062       -1.18838461037097        1.10964944940582
B            5.00109928048017       -3.20274742756012        2.45082296094770
B            5.32514912389960       -0.26704908077286        0.43121639207460
B            4.12708431064592        0.44121375116927        1.25177297481885
B            3.73261663343664        2.11142661474223        0.71690873588015
B            2.51097787349845        2.46295510402700       -0.35133802892824
B            5.26885205103191        1.45500319857940        0.67173195986456
B            3.98384176102844        2.59009606178602       -0.80528639694034
H           -5.50245654478569       -3.06150112685073        0.37190516910781
H           -5.11080523046542       -1.73832591525639       -1.12884813968018
H           -3.47951449440537        0.32734933274270       -2.68575059050838
H           -6.20092391376595        1.40746415792780        0.55688591632147
H           -4.75762084050182        3.77473721205466       -0.86576902696652
H           -4.14002011979081        4.61186990409756        2.08710600101907
H           -2.14192500573235       -4.79649412166737        0.02175466833758
H           -0.97102877540021        5.20239985375493       -0.04131490470842
H            1.05031189438501       -5.19354356115339        0.34293567050246
H            0.28764774923697        1.66444500581693       -0.89738874976942
H            3.62104678590247       -5.16929259161228        2.83819489985960
H            6.03861200815819       -3.02072720472025        2.94770077149169
H            6.28365529075672       -0.74661373192271       -0.03459982716667
H            6.26409788977803        2.04580140962319        0.87599590227921
H            4.73924534238579        2.85700654616205       -1.65436350637802
87
 energy: -121.936931976092 gnorm: 0.005499078286 xtb: 6.7.1pre (5071a88)
O           -0.20275114610729        2.19995566458413       10.55107536568912
C           -0.21404372387845        1.70139053417279        9.39088169782967
C           -0.08958439355719        0.27403727005097        9.23562083633741
O            0.02375758255360       -0.39966721539658       10.41087064223683
C           -0.08379676474436       -0.32144376163476        7.99642244757954
C            0.03886860886228       -1.73003107416913        7.69152193539011
C            0.11096830902438       -2.71405561161846        8.68358683268583
C            0.21976139102376       -4.04601935241528        8.33737622591504
C            0.26800784141196       -4.43379107171206        7.00720176758353
O            0.37052122800658       -5.74905233139790        6.60342965998142
C            0.20419691929574       -3.46048658856277        6.00080200027329
O            0.24815940963306       -3.81594267075131        4.68390199275683
C            0.08502627049619       -2.13207701372982        6.34648138748292
O           -0.19964090553117        0.45636876413665        6.86749381467587
C           -0.34283103474067        1.79430001611055        6.95083811448792
C           -0.48321737408085        2.49590447308767        5.76431949721883
C           -0.62755035163213        3.87743717717684        5.80073320295151
O           -0.76206397167976        4.51938716893114        4.61067343393554
C           -0.62951949521804        4.56401744482230        7.00996528491581
C           -0.49313488112524        3.87038734999519        8.20499320551617
O           -0.49821388134486        4.52455683448147        9.37146267163209
C           -0.34918983265870        2.46465991699799        8.18020934738238
H           -0.00933434150148        0.31375539585748       11.08588003228600
H            0.07628611643812       -2.43521968847312        9.72074914152682
H            0.26795976998494       -4.80060198932607        9.11140435305163
H            0.39700137769387       -6.31506310113272        7.38427881318767
H            0.33050978087964       -4.77789103319179        4.64279812641756
H            0.02875849324624       -1.40256388829645        5.55821230582980
H           -0.48766343363683        1.99034091006922        4.80975948237362
H           -0.87600838820658        5.46502556854813        4.76024802366915
H           -0.73969528423707        5.63697759608875        7.04005850202849
H           -0.39077006221587        3.83531444736036       10.08220162509116
B           -4.67510782082583       -2.46066683522463       -0.16900935380571
B           -3.95831577554347       -1.11543678316092       -0.65629801690309
B           -3.19818084215125        0.03647790878361       -1.56872924352402
B           -3.06178906028914       -2.49802726713834       -0.10097502415184
B           -2.19801795449778        0.35233093903978       -0.42028138300899
B           -3.98394901243964        0.48815348529270        0.04270205974187
B           -5.07697213446497        1.65018708113484        0.25982248658221
B           -4.52921656599018        3.17061452062987        0.12185283464506
B           -2.76607520825827        0.59811176546522        1.12839828476365
B           -3.65778175016378        3.87024142712739        1.30078834730783
B           -1.93349611964431       -3.67164254462835        0.20249129317559
B           -1.55665431475449       -2.13735498810842        0.41002008730547
B           -1.35990292497597       -0.53031928949447        0.68053289832493
B           -0.38661382548458       -3.21276211863103        0.71276948662851
B           -0.16323844949118       -0.14089314753099        1.76927011057819
B           -1.61527042980573        0.31656061680307        2.29040270742898
B           -2.02321290490100        1.88279486452334        1.86093043928104
B           -2.16638412054632        3.31867964652009        1.20614722713942
B           -0.56487506914070        1.48170249566807        2.57318305845472
B           -0.89694521869200        4.21098324869651        0.60429853241802
B            0.99703229754708       -4.13737495047560        0.84625117530415
B            1.01551321970401       -2.62587089507271        1.36129457484011
B            1.22919134058565       -1.08281674049349        1.71371798434226
B            2.40549527613919       -3.54479013179533        1.48066310250072
B            2.67653037762146       -0.33805268990780        1.57736391266861
B            1.37698010151694        0.53594661162112        1.84861575960821
B            0.80805249111876        2.17647637409216        2.13873720136747
B            0.25070157196849        3.25639735326398        1.02763708824594
B            2.16479690915061        1.83552006493427        1.26451246409295
B            0.90842348256981        2.36830314574504       -0.19042647970127
B            3.68623109441773       -4.15252075077653        2.34680031105364
B            3.84718438240023       -2.76022313443716        1.50178751729211
B            4.06046529176193       -1.20917499167730        1.14286556435355
B            4.98418117917544       -3.22192012855575        2.49778637514709
B            5.31663239145399       -0.29686936360399        0.45690080803284
B            4.12055671330299        0.42275702734080        1.26961741447990
B            3.73292641324984        2.09364759617169        0.72670820771487
B            2.50690867474523        2.44153822775052       -0.33845925316734
B            5.26548560406713        1.42811909733416        0.68776242057326
B            3.97694871834306        2.57845599766300       -0.79543530784181
H           -5.51185179914149       -3.07874066849510        0.36994337871990
H           -5.11669100919947       -1.74817036751018       -1.11942258482265
H           -3.47746513130869        0.30759055808284       -2.67954062278487
H           -6.20048145324272        1.40702522008916        0.54306488230620
H           -4.74045913668705        3.76495406385087       -0.87666232200843
H           -4.13667082174316        4.61025802222056        2.07731189439946
H           -2.15924808925478       -4.81058809699643        0.05845046862305
H           -0.96716719621467        5.18990513380771       -0.04329225379914
H            1.02437850440891       -5.22067136902048        0.40604102688990
H            0.28351376863872        1.64222722390459       -0.87958002579507
H            3.59926744569038       -5.18325884364176        2.88830118170186
H            6.01735060524457       -3.03438203328568        3.00164969816007
H            6.27461048114816       -0.77999329856481       -0.00608460914091
H            6.26389137785777        2.01594441422737        0.88271243622651
H            4.73535559227388        2.84516115590144       -1.64180199199860
87
 energy: -121.937425323418 gnorm: 0.005182238140 xtb: 6.7.1pre (5071a88)
O           -0.23278896752882        2.19750112030831       10.54086720705827
C           -0.22933025678439        1.70949897802814        9.37613399718271
C           -0.09761731024423        0.28484348743892        9.20764647637609
O            0.00640098668823       -0.40138657030889       10.37671269253876
C           -0.07829910163565       -0.29815868966170        7.96231374225783
C            0.05207321329295       -1.70328264067037        7.64556008931159
C            0.14210725788394       -2.69416929306300        8.62913191633539
C            0.26086760318667       -4.02220969660143        8.27200713309523
C            0.29986311296100       -4.39967000989884        6.93876442199362
O            0.41317001168178       -5.71092700318559        6.52446026936520
C            0.21425173221946       -3.42008497365548        5.94079346368893
O            0.24717957716560       -3.76554462432173        4.62171919725991
C            0.08767548274780       -2.09514487259946        6.29752688049587
O           -0.18750745256203        0.49006752749967        6.84023320468176
C           -0.33310342052154        1.82700586717503        6.93562877069700
C           -0.46131197934551        2.54090948531927        5.75452304356725
C           -0.60666860651771        3.92145410711355        5.80445520637615
O           -0.72702823933246        4.57623556443789        4.61932429480369
C           -0.62454814668637        4.59597133380844        7.02054407741323
C           -0.50109167442586        3.88973216835079        8.20958917066299
O           -0.52137583184872        4.53104351586337        9.38292366400479
C           -0.35390971840515        2.48442901359826        8.17126523722266
H           -0.03781928082822        0.30380197540162       11.05891790038536
H            0.11484361296934       -2.42385043935430        9.66870605752613
H            0.32501733517532       -4.78132489326341        9.04018299034252
H            0.44765864893900       -6.28126631006998        7.30081458439853
H            0.33792062073191       -4.72627245320207        4.57307033310140
H            0.01508969246213       -1.36063720453172        5.51608065024269
H           -0.45621643732893        2.04425314369764        4.79511687014795
H           -0.83531641096978        5.52124575520129        4.77617133804240
H           -0.73722945094039        5.66835106100619        7.06123945014851
H           -0.42062928714976        3.83251224973597       10.08615055413419
B           -4.68099664155979       -2.47468309270863       -0.16067317286069
B           -3.95953598646191       -1.13062930694463       -0.64608145742560
B           -3.19568362906157        0.01729662482263       -1.56280456890199
B           -3.06912744771543       -2.51186624539577       -0.08230994443080
B           -2.19762978146344        0.33353507930054       -0.41285808092158
B           -3.98237396900144        0.47893607133822        0.04290731058042
B           -5.07240562199411        1.64576254052527        0.25012638525875
B           -4.52050418713493        3.16498711472144        0.11460379572143
B           -2.76897550244089        0.58944990525811        1.13328540810371
B           -3.65393699487634        3.86518071893281        1.29697788638173
B           -1.94442826876021       -3.68794270073885        0.23771121941542
B           -1.56566464620286       -2.15312910010265        0.43229990196552
B           -1.36380587623560       -0.54556636924673        0.69388349955566
B           -0.40071740875100       -3.22985038860043        0.74809208614254
B           -0.17200979814960       -0.15613465848977        1.78566098102776
B           -1.62276733910174        0.31012972598485        2.30061881440555
B           -2.02675320466460        1.87522621688741        1.86439728546451
B           -2.16357863779058        3.31034046722503        1.20629138974050
B           -0.57301664429248        1.47598752108451        2.58202434560766
B           -0.89661043050732        4.20163974772723        0.60157664633921
B            0.98083009387592       -4.15906609057047        0.89755566879719
B            1.00339415817036       -2.64185888678499        1.39167699592183
B            1.21867041946115       -1.09760789494750        1.73723949822416
B            2.38985168613402       -3.56263736578882        1.52478913491323
B            2.66658416030473       -0.35295701728630        1.59866152830947
B            1.36789505602857        0.52156270662960        1.86994869621572
B            0.80458881106483        2.16236396285001        2.14297515060190
B            0.24240752238379        3.24394797632586        1.03677338541960
B            2.16591702076610        1.80991974855606        1.27638046217519
B            0.90398720671751        2.34599513190327       -0.17270086587838
B            3.66751400495249       -4.17086655127915        2.39591335874893
B            3.83204061358967       -2.77966359777022        1.55101309267377
B            4.04901512082593       -1.23081714246977        1.17923644878677
B            4.96656791922818       -3.24278851761554        2.54939413023891
B            5.30640211972582       -0.32926076110646        0.48376549391735
B            4.11345162270692        0.40312082145298        1.28881582575319
B            3.73266865011039        2.07364307867739        0.73712209884798
B            2.50248143978647        2.41918283573048       -0.32467802603354
B            5.26139693045640        1.39941980158582        0.70288225728601
B            3.96946782294557        2.56388455943839       -0.78524167697527
H           -5.52013611302354       -3.09337482575846        0.37365909355087
H           -5.11954213415747       -1.76276659581457       -1.11252605286858
H           -3.47152848462990        0.28286710293954       -2.67568176845016
H           -6.19916787111219        1.40720398234683        0.52471111627560
H           -4.72294053522087        3.75889314883261       -0.88592659246219
H           -4.13418835162634        4.60577584361405        2.07165522471137
H           -2.17735242277054       -4.82611471573667        0.09673292403523
H           -0.96431374019222        5.17972786623234       -0.04673226745124
H            1.00055515543216       -5.24734268159401        0.47010323865378
H            0.27871055328874        1.61640059286090       -0.85826619286573
H            3.57583270630271       -5.20111526887545        2.93783382613540
H            5.99650907125571       -3.05180610177242        3.05826676275268
H            6.26346445211094       -0.81584361587367        0.02271692801185
H            6.26399627696801        1.98333821829759        0.88649048816289
H            4.73050875895355        2.82949770170991       -1.62930400228313
87
 energy: -121.937934342476 gnorm: 0.005026039647 xtb: 6.7.1pre (5071a88)
O           -0.25998841447923        2.19372345588115       10.53080228097822
C           -0.24332814932818        1.71741797176340        9.36120599925165
C           -0.10468021365342        0.29560311030758        9.17857000137223
O           -0.00771833165291       -0.40303803784069       10.34097900145827
C           -0.07378185397166       -0.27424008012053        7.92692380849046
C            0.06417465717610       -1.67595153123417        7.59787801731305
C            0.17033667191971       -2.67363107790953        8.57293729115594
C            0.29884495302202       -3.99769910127714        8.20518400124846
C            0.32916776828880       -4.36488950388969        6.86905113705144
O            0.45426714946633       -5.67236788076983        6.44552501248198
C            0.22431336663393       -3.37928052337187        5.87944928669805
O            0.24967601965584       -3.71497143908387        4.55848051038810
C            0.09160832668337       -2.05751971022200        6.24698060149620
O           -0.17907200873560        0.52476010868706        6.81241815121866
C           -0.32476489567573        1.86093162133527        6.92069729604895
C           -0.44087754535847        2.58784823464330        5.74580886550500
C           -0.58708685095749        3.96753410065098        5.80997470339910
O           -0.69386269659499        4.63488303241302        4.63066209210574
C           -0.61977754090157        4.62889984767711        7.03321002921730
C           -0.50778662279462        3.90940664198176        8.21547678816385
O           -0.54086249341269        4.53688702376252        9.39597545117139
C           -0.35817326412098        2.50479016788175        8.16293918553017
H           -0.06207542519535        0.29407237397493       11.03017930189014
H            0.14962798587276       -2.41129400513312        9.61488367711609
H            0.37756113670145       -4.76138834313487        8.96737227842963
H            0.49734769537211       -6.24562624184341        7.21792131736117
H            0.35447349406215       -4.67379163129655        4.50193195644229
H            0.00607775404547       -1.31775181079065        5.47218998585206
H           -0.42592323599095        2.10008384189486        4.78195781071071
H           -0.79825634981545        5.57877387499624        4.79406883459711
H           -0.73451914137002        5.70081454463229        7.08530279975469
H           -0.44655869995140        3.82910461155097       10.09174295938783
B           -4.68631204365114       -2.48737233386903       -0.14895782991568
B           -3.96195188167899       -1.14559695601355       -0.63606268985766
B           -3.19080213314891       -0.00506584165391       -1.55798755178580
B           -3.07586279550690       -2.52612762817843       -0.06168384223688
B           -2.19648736580804        0.31318421741248       -0.40574317196044
B           -3.98116599607457        0.46936814115110        0.04010732890397
B           -5.06782397232762        1.64172318870275        0.23596536787761
B           -4.51099726375500        3.15991201208785        0.10557768772499
B           -2.77253608458922        0.58279816030224        1.13655742016157
B           -3.65040387525556        3.85893377856584        1.29391866679991
B           -1.95493632030256       -3.70472312691315        0.27173629241507
B           -1.57477084829216       -2.16932313483100        0.45797593227036
B           -1.36980990113101       -0.56105245526882        0.70987386793651
B           -0.41439038896740       -3.24757969422197        0.78345619237020
B           -0.18232747099594       -0.17201586511191        1.80521110252393
B           -1.63165736182230        0.30560473277901        2.31103019169849
B           -2.03095187339604        1.86890233487092        1.86649195102459
B           -2.16018078717044        3.30307771144030        1.20466424593663
B           -0.58146847451959        1.47163966692546        2.59091260483934
B           -0.89553548094991        4.19477316513805        0.59946581040074
B            0.96557635847975       -4.18030665275096        0.94793503466192
B            0.99126148449483       -2.65831416167452        1.42342993115104
B            1.20654315888986       -1.11297308799078        1.76314853844142
B            2.37424039368137       -3.58097516981502        1.57051469214413
B            2.65549284924616       -0.36842897759513        1.62061041990797
B            1.35729877015313        0.50672984549655        1.88936435632843
B            0.80025176281359        2.14998579674399        2.14691166417490
B            0.23424131474369        3.23294073738498        1.04474751260916
B            2.16654551892657        1.78344576412474        1.28946157177804
B            0.89929003013520        2.32329118690034       -0.15475989449181
B            3.64886171503353       -4.18985704561066        2.44650904856086
B            3.81710312484330       -2.79913717338158        1.60123308238496
B            4.03710191088238       -1.25289087012605        1.21655010682098
B            4.94845674149633       -3.26356474201824        2.60364237078834
B            5.29500569886009       -0.36296168911633        0.51049700085632
B            4.10596873834399        0.38242567916052        1.30861769384763
B            3.73161823058542        2.05183800786691        0.74761708432744
B            2.49785620757038        2.39614986589105       -0.31110666950900
B            5.25667723868250        1.36960839520901        0.71668234975758
B            3.96227420814261        2.54604469040896       -0.77491908877689
H           -5.52833299153097       -3.10375392903731        0.38312610172800
H           -5.11918985284998       -1.78079604597894       -1.10867254473621
H           -3.46128534275108        0.25341633852540       -2.67405257375020
H           -6.19669224991632        1.40745142383177        0.50551740742382
H           -4.70991849184935        3.75747167990302       -0.89236114969136
H           -4.13292381871557        4.59900222642508        2.06847646453186
H           -2.19459446655480       -4.84256758141324        0.13421001062221
H           -0.96159707475633        5.16784731768448       -0.05579903363507
H            0.97998020419751       -5.27307917142378        0.53230165848810
H            0.27286579017235        1.58968267322529       -0.83535674851019
H            3.55228612471290       -5.22097661811709        2.98719182335862
H            5.97691470253546       -3.07220577654139        3.11492059653644
H            6.25080801685983       -0.85312431496265        0.05070065989778
H            6.26397810474014        1.94886521338169        0.88845468639064
H            4.72536996379690        2.81101644606968       -1.61697417495529
87
 energy: -121.938424405998 gnorm: 0.005199371259 xtb: 6.7.1pre (5071a88)
O           -0.28297159870725        2.18911758906526       10.52105043754747
C           -0.25532819949524        1.72515700159134        9.34651911866635
C           -0.11040024187174        0.30609531838735        9.14981330622323
O           -0.01827134542886       -0.40393266589526       10.30565778577207
C           -0.07036771811281       -0.25074833887109        7.89221588654315
C            0.07465676884063       -1.64906482387945        7.55088858610873
C            0.19492422007344       -2.65326616668855        8.51766811574840
C            0.33229409530141       -3.97344216893422        8.13969858180026
C            0.35513146865165       -4.33066006569221        6.80092131612054
O            0.49135644800331       -5.63444707858339        6.36880044646113
C            0.23451296105779       -3.33918248022947        5.81943139811755
O            0.25494159287786       -3.66522819293163        4.49648921924654
C            0.09629279486820       -2.02045492800887        6.19720408210285
O           -0.17392856830772        0.55891300431541        6.78540109706078
C           -0.31812993366121        1.89448567079753        6.90671292191528
C           -0.42297313836153        2.63423364461927        5.73863655984427
C           -0.56952796332730        4.01330540403707        5.81661519593925
O           -0.66377515346395        4.69254371396029        4.64363633164137
C           -0.61469617757405        4.66119129197160        7.04673972481567
C           -0.51260908819423        3.92875691145296        8.22200068700341
O           -0.55564246498798        4.54257896643995        9.40934596945295
C           -0.36175011044721        2.52501791094838        8.15552980841196
H           -0.08142402025987        0.28588694172418       11.00123993797868
H            0.17990443496197       -2.39821605116912        9.56176752519878
H            0.42373647626484       -4.74180502966259        8.89578623732570
H            0.54515588666100       -6.21026845766812        7.13755332640628
H            0.37794275409627       -4.62135343684123        4.43088150453580
H            0.00126463285235       -1.27537777578851        5.42854999993957
H           -0.39872486455312        2.15517637108649        4.77076781264272
H           -0.76760880733935        5.63482630333978        4.81367284774704
H           -0.73043776936432        5.73270565632989        7.10992107796790
H           -0.46711290298251        3.82662120438098       10.09833732416700
B           -4.69187541325581       -2.49755205129999       -0.13489804151411
B           -3.96520255298809       -1.15956767871678       -0.62687445522366
B           -3.18371595084580       -0.02923648660800       -1.55407102060991
B           -3.08241649799343       -2.54059326714499       -0.03981888347644
B           -2.19432189428510        0.29240731370144       -0.39896939760921
B           -3.98015539446422        0.45971698079832        0.03536393671787
B           -5.06224067237906        1.63759201840031        0.22527685270049
B           -4.50675289886156        3.15696387967856        0.09892439639465
B           -2.77642758155750        0.57743333004387        1.13840990018605
B           -3.64741075340833        3.85335779658369        1.29063283547698
B           -1.96598592021873       -3.72171963743930        0.30429244797815
B           -1.58404217132499       -2.18568108556848        0.48579692671977
B           -1.37752931750800       -0.57648232778389        0.72772057720585
B           -0.42727213077612       -3.26556139688855        0.81756160620809
B           -0.19359546648566       -0.18754819653602        1.82676215194310
B           -1.64160404147491        0.30241115032448        2.32140213552856
B           -2.03566689942767        1.86342646307273        1.86708404096739
B           -2.15710846792966        3.29655330246043        1.20134856128170
B           -0.58933714235561        1.46766409004454        2.59893386754069
B           -0.89419244434314        4.18634441129756        0.59297006997128
B            0.95129539404302       -4.20039152317182        0.99488295526756
B            0.97929072362266       -2.67444076455441        1.45503778799603
B            1.19358416679242       -1.12794722939805        1.78943480779613
B            2.35890142547203       -3.59901085140441        1.61608106625515
B            2.64378748501249       -0.38365677098295        1.64245316188193
B            1.34572055922863        0.49232277651863        1.90688601084368
B            0.79537049857836        2.13987448964590        2.15110871162202
B            0.22800621862847        3.22304059475713        1.05033228397034
B            2.16671479769944        1.75743245634572        1.30357292237485
B            0.89525988245444        2.30097216078795       -0.13857646370477
B            3.63048832099994       -4.20800901410033        2.49704277902843
B            3.80261280301915       -2.81780142085811        1.65014910780164
B            4.02494141251531       -1.27471302280625        1.25264609886064
B            4.93030653550597       -3.28288189390925        2.65757816281455
B            5.28307409433641       -0.39644860088012        0.53598591938368
B            4.09851412866860        0.36124423969784        1.32846164241380
B            3.73000788729062        2.02925330004248        0.75830728105132
B            2.49377895037104        2.37267137953957       -0.29842423137030
B            5.25165192756605        1.33968368707029        0.72915305417367
B            3.95660425055036        2.52515437540695       -0.76430114389998
H           -5.53787864217769       -3.10838379044597        0.39692259014153
H           -5.11628741886305       -1.79960152463747       -1.10727304011699
H           -3.44718796002220        0.22102660761974       -2.67408932230991
H           -6.19452860019377        1.40612945554799        0.48360093969851
H           -4.69687704608027        3.75621337704044       -0.89975816376256
H           -4.13215085392130        4.58931938529946        2.06837175141421
H           -2.20942977993890       -4.85918012604235        0.16766247722625
H           -0.95770516903510        5.15670548375028       -0.06569021324297
H            0.96305153978854       -5.29728868304361        0.59004158268699
H            0.26672333083983        1.56372926439972       -0.81348808302581
H            3.52980640287527       -5.24019390543795        3.03656674176512
H            5.95862575330837       -3.09356650792716        3.16973090543466
H            6.23720952321592       -0.89052234374480        0.07686612041697
H            6.26361523265821        1.91388481734296        0.88975530608731
H            4.72086636868927        2.79074027061263       -1.60477418594256
87
 energy: -121.938871444279 gnorm: 0.005169199526 xtb: 6.7.1pre (5071a88)
O           -0.30110267434062        2.18431609274331       10.51172278556192
C           -0.26489889058507        1.73284770769528        9.33241926778599
C           -0.11467190497014        0.31626976600352        9.12244600993713
O           -0.02565698092736       -0.40374661444616       10.27218565981578
C           -0.06789004712937       -0.22829254181231        7.85960663198432
C            0.08335867678879       -1.62319135226317        7.50638637781262
C            0.21571818346912       -2.63356018009834        8.46524990301491
C            0.36085670316776       -3.95002038379985        8.07751704996867
C            0.37792994224638       -4.29767476697739        6.73631004659838
O            0.52345981748649       -5.59761498169769        6.29537444480863
C            0.24505164455635       -3.30028624302758        5.76263824845082
O            0.26207148303700       -3.61669499236102        4.43756222951580
C            0.10125223236929       -1.98464345327321        6.14998170193195
O           -0.17082912202858        0.59159616840921        6.76011585102874
C           -0.31295642657471        1.92658830499261        6.89401039830608
C           -0.40792790698548        2.67835068264613        5.73302357410142
C           -0.55401664470508        4.05705610643965        5.82375776147020
O           -0.63711181929787        4.74757361852419        4.65731202469343
C           -0.60875758863685        4.69184050977588        7.06018873558960
C           -0.51521452005111        3.94741836924584        8.22864046864279
O           -0.56569419727564        4.54865215745481        9.42209672671303
C           -0.36436018335415        2.54462118504471        8.14908708984431
H           -0.09588894216997        0.27985998600857       10.97335293311332
H            0.20539192562486       -2.38523338411759        9.51118736342133
H            0.46283130182829       -4.72313082172888        8.82743561893392
H            0.59028447614559       -6.17659824599613        7.06028300569447
H            0.40458268902990       -4.56932447415956        4.36132901999963
H           -0.00061968684312       -1.23444866750749        5.38679399474827
H           -0.37593147232343        2.20786783826886        4.76140409454589
H           -0.74396237234940        5.68786951742615        4.83489480792378
H           -0.72422435329413        5.76297028149276        7.13347069109798
H           -0.48196714903587        3.82611904511691       10.10520927249049
B           -4.69812115017053       -2.50513433943805       -0.11910838077419
B           -3.96877306541206       -1.17267105060706       -0.61850002649471
B           -3.17481828285184       -0.05459452426807       -1.55054797860611
B           -3.08903560856142       -2.55555416822440       -0.01792223333278
B           -2.19141563078798        0.27154693578821       -0.39203030213551
B           -3.97963084090460        0.44979078121474        0.02944902909627
B           -5.05815419974901        1.63319511300066        0.20851336502197
B           -4.49965104125411        3.15247838739829        0.08912437242119
B           -2.78061568572288        0.57267371911559        1.13952362924201
B           -3.64503403877690        3.84599297903722        1.28704428111232
B           -1.97659068009462       -3.73827088776528        0.32998048047851
B           -1.59312669523170       -2.20217661899572        0.51260092889276
B           -1.38681541168217       -0.59218007638066        0.74695510393934
B           -0.43895669123266       -3.28359031937641        0.84868205536080
B           -0.20518756715516       -0.20219834646128        1.84884706375160
B           -1.65220747211554        0.29972741546979        2.33161991140659
B           -2.03972576705404        1.85833365741683        1.86626608243873
B           -2.15370599641692        3.29093075355040        1.19802901361121
B           -0.59571592180175        1.46257971430976        2.60591310875573
B           -0.89091675204978        4.17910209826592        0.58914760203613
B            0.93782865874115       -4.21927174173167        1.03703420803835
B            0.96747425022838       -2.68987997262998        1.48510417567127
B            1.18062084341303       -1.14208855749713        1.81408477297111
B            2.34399863130921       -3.61611179242588        1.65981231485477
B            2.63205711071614       -0.39827980909821        1.66364577942033
B            1.33374509391152        0.47861309464108        1.92294512322581
B            0.79079904592915        2.13142625073380        2.15662547916011
B            0.22502186848284        3.21358412769809        1.05475391260533
B            2.16627299500012        1.73270273931405        1.31813950357972
B            0.89193028937666        2.28021548061364       -0.12541068676965
B            3.61219304777492       -4.22420438001692        2.54639903429656
B            3.78868798858887       -2.83521520482417        1.69633502605076
B            4.01279783851199       -1.29583869619368        1.28622073726007
B            4.91229010411367       -3.29996108349347        2.70924254600189
B            5.27107448535046       -0.42848502715900        0.55949148036870
B            4.09130351709913        0.34010814882209        1.34791513122565
B            3.72778966199965        2.00672607182251        0.76921338025913
B            2.49035453024504        2.34874156874670       -0.28713083007024
B            5.24637572046915        1.31049978170544        0.74038754727450
B            3.95284055372629        2.50168805849902       -0.75338709876616
H           -5.54956874883898       -3.10757820618544        0.41349654522224
H           -5.11197089187164       -1.81724410263315       -1.10630568658681
H           -3.42997790845835        0.18700404539515       -2.67477898357604
H           -6.19037213440348        1.40467561123244        0.46824269316187
H           -4.69233292185113        3.75801194048561       -0.90390057137207
H           -4.13246043720720        4.57800544016636        2.06795367540315
H           -2.22331759517517       -4.87624326918984        0.19913378195938
H           -0.95188523713886        5.14380246680254       -0.07777854634430
H            0.94958449044910       -5.31984348352232        0.64179341560639
H            0.26059893196672        1.53998063191504       -0.79445250347994
H            3.50849838118002       -5.25633965748203        3.08680654355043
H            5.94111107227814       -3.11406928402072        3.22189183305739
H            6.22315088906489       -0.92696995850414        0.10076175040920
H            6.26253402445156        1.87962581364469        0.89145346176774
H            4.71738915640076        2.76932949739629       -1.59275984133769
87
 energy: -121.939256017748 gnorm: 0.004511667828 xtb: 6.7.1pre (5071a88)
O           -0.31406969232692        2.18003221992706       10.50308536265023
C           -0.27179850300365        1.74072972664282        9.31940184740790
C           -0.11758337207686        0.32623077664162        9.09733083561451
O           -0.03060740483643       -0.40239637058829       10.24158081274646
C           -0.06602824165853       -0.20703891241990        7.83007356957409
C            0.09041023253729       -1.59853425586003        7.46567018413786
C            0.23278026474358       -2.61476527495696        8.41700895374171
C            0.38461150659646       -3.92774534807569        8.01999019875662
C            0.39783903018968       -4.26622056740908        6.67648297643122
O            0.55048048651413       -5.56194090413060        6.22586846019646
C            0.25547877650317       -3.26272168817213        5.71038058841919
O            0.26951092999339       -3.56945182756977        4.38315701106647
C            0.10592611879504       -1.95033252636827        6.10664324371751
O           -0.16842551272387        0.62241817240300        6.73729006045722
C           -0.30867978307789        1.95669810985628        6.88283769282416
C           -0.39547512206260        2.71933401895399        5.72880635903020
C           -0.54012251031313        4.09782024830385        5.83107534266620
O           -0.61377109670605        4.79919794074907        4.67111925805302
C           -0.60145078500354        4.72048287484887        7.07311874371082
C           -0.51532746999487        3.96531653466887        8.23519296525228
O           -0.57123962633796        4.55556690146887        9.43384769824447
C           -0.36564033828199        2.56338538620974        8.14366743819321
H           -0.10601224107819        0.27612442954975       10.94755660525483
H            0.22592274079839       -2.37290831641747        9.46449700954458
H            0.49489700813326       -4.70559760508204        8.76382416229472
H            0.63173606543484       -6.14523966827066        6.98620925173375
H            0.43046233632241       -4.51793186999046        4.29485361420574
H           -0.00120818200247       -1.19541549167664        5.34826953722598
H           -0.35803731179960        2.25732658934072        4.75352609988738
H           -0.72641498175519        5.73722531668428        4.85748416795043
H           -0.71555502565934        5.79121986922959        7.15534306800791
H           -0.49149907275570        3.82804964129039       10.11189198080291
B           -4.70556831697259       -2.50986204318135       -0.10331204095471
B           -3.97229994705642       -1.18455083065279       -0.61179835664055
B           -3.16502964605194       -0.07915523501622       -1.54732552066337
B           -3.09645871235897       -2.57090995457963        0.00356173862444
B           -2.18788499896012        0.25125779903363       -0.38521367952602
B           -3.97910795116353        0.43954280541955        0.02441162489834
B           -5.05265033758294        1.62771718625346        0.20119235035959
B           -4.49799951606992        3.14870034261549        0.08239690848259
B           -2.78444897077962        0.56692803947071        1.14020520936370
B           -3.64339769113748        3.83820280042250        1.28279691969631
B           -1.98892147943910       -3.75507910631386        0.35454008050608
B           -1.60269533949137       -2.21908708404487        0.53889404041995
B           -1.39666025778535       -0.60824379314381        0.76607847417098
B           -0.44957787122193       -3.30143039450751        0.87572630738476
B           -0.21615995763960       -0.21541774032701        1.86937825950205
B           -1.66267208796782        0.29637366278129        2.34115241274349
B           -2.04278250396501        1.85264108836388        1.86403190597125
B           -2.15107961280762        3.28484668498026        1.19390399568782
B           -0.60025883947288        1.45520515289583        2.61132558083897
B           -0.88675267444909        4.16908736829839        0.58349050174532
B            0.92512780831277       -4.23657121521561        1.07178335425667
B            0.95624037732360       -2.70401114417015        1.51037596595099
B            1.16858489472158       -1.15508176114761        1.83464307882185
B            2.32964488191043       -3.63199983264569        1.69933790377729
B            2.62104752240499       -0.41201725237350        1.68374877549260
B            1.32223242556565        0.46585265239792        1.93836685457738
B            0.78688950716421        2.12407584119564        2.16342456507007
B            0.22568624230488        3.20360016872758        1.05738243371990
B            2.16536210355314        1.71003623667955        1.33270987266865
B            0.88995371978271        2.26101952736463       -0.11639637381676
B            3.59314967663046       -4.23762185663858        2.59382234381002
B            3.77532647114572       -2.85132934121072        1.73869971065892
B            4.00096893274521       -1.31600973329463        1.31642487999887
B            4.89411737630329       -3.31451068583421        2.75758982225946
B            5.25948056082890       -0.45824355625881        0.58057207707584
B            4.08469416117294        0.31945277948842        1.36682431410797
B            3.72528926201329        1.98501565613684        0.78072588246004
B            2.48816528862029        2.32452596818167       -0.27726547804192
B            5.24117597523731        1.28259382755927        0.75075448392778
B            3.95158528484260        2.47644232993197       -0.74187202132185
H           -5.56391403178467       -3.10138943264341        0.43062316070689
H           -5.10744487419925       -1.83172101829771       -1.10499180921188
H           -3.41129600396508        0.15440470346689       -2.67541841161030
H           -6.18792894938085        1.40099446428862        0.45106882073624
H           -4.68664545510321        3.75587642752639       -0.91110222089058
H           -4.13205228135388        4.56674941403822        2.06675336358234
H           -2.23394606659572       -4.89296427594477        0.22352472611810
H           -0.94369092013316        5.13139865988079       -0.08692324688593
H            0.93922678959407       -5.34079553573353        0.68587673504120
H            0.25536752308087        1.51888775429328       -0.78015752855099
H            3.48724105772633       -5.26748696614514        3.13891018278259
H            5.92327005582441       -3.13234343009079        3.27143141456562
H            6.20914470378902       -0.96172441947466        0.12220358991117
H            6.26088217692305        1.84691998681069        0.89436011076903
H            4.71570629193492        2.74674418069670       -1.58077314506620
87
 energy: -121.939553560764 gnorm: 0.003746507930 xtb: 6.7.1pre (5071a88)
O           -0.32182057124281        2.17702642027755       10.49592385345713
C           -0.27542348867609        1.74885330258566        9.30834064293812
C           -0.11905407478725        0.33599332763521        9.07571120435020
O           -0.03378164848085       -0.40009012481097       10.21514284733166
C           -0.06431825135442       -0.18731742578530        7.80486628726872
C            0.09573906307890       -1.57558070875800        7.43058311494078
C            0.24554878377964       -2.59728821520159        8.37493553883423
C            0.40294453272199       -3.90711620200079        7.96940093985564
C            0.41443477182115       -4.23700920885930        6.62378838813406
O            0.57226773167379       -5.52815862875246        6.16267064515613
C            0.26460140156246       -3.22744796051676        5.66492156276353
O            0.27481247881458       -3.52492825294151        4.33589006528676
C            0.10955603955784       -1.91839992826166        6.06921623158745
O           -0.16550343489940        0.65076354318873        6.71794563234759
C           -0.30444362252295        1.98416763137681        6.87371700844762
C           -0.38530250763546        2.75624976452056        5.72604381455911
C           -0.52763503112663        4.13452060582928        5.83857566041977
O           -0.59421311011433        4.84619754065581        4.68477139387597
C           -0.59245257503756        4.74667937884493        7.08539553238146
C           -0.51254991111961        3.98219597718484        8.24168166406147
O           -0.57224947685203        4.56337269507071        9.44459232647569
C           -0.36488257555342        2.58094379729955        8.13954320124833
H           -0.11202232690539        0.27435505310176       10.92521998543160
H            0.24069223376311       -2.36178123384118        9.42374515053558
H            0.51925143972949       -4.68939750650648        8.70760027771025
H            0.66698159228781       -6.11690080305658        6.91747493038582
H            0.45161450142267       -4.46904046890469        4.23504241307743
H           -0.00200134106346       -1.15947736322558        5.31506763612461
H           -0.34529849401236        2.30238052195272        4.74719222461251
H           -0.71312515278579        5.78184655707999        4.88056557515973
H           -0.70443592007788        5.81700068460867        7.17539658631850
H           -0.49579369525277        3.83209539127753       10.11813889787388
B           -4.71361758615468       -2.51242185878739       -0.08808054772585
B           -3.97564223394769       -1.19537758164078       -0.60694315697043
B           -3.15522751343919       -0.10219318322058       -1.54450409267182
B           -3.10444391464474       -2.58638070971802        0.02270939248885
B           -2.18466178912842        0.23181676258726       -0.37844643422415
B           -3.97907465622560        0.42911254766286        0.02050513107067
B           -5.04943522437306        1.62138277672774        0.18927839094441
B           -4.49440953411583        3.14271468325963        0.07402313022729
B           -2.78810078354584        0.55984279016840        1.14100667789450
B           -3.64158200127075        3.83020456833846        1.27670392495709
B           -2.00061473479019       -3.77085929113487        0.37091057054496
B           -1.61198018105061       -2.23588029507868        0.56072087481630
B           -1.40683483812956       -0.62462826905067        0.78408499572663
B           -0.45844035068253       -3.31845598628048        0.89545322726183
B           -0.22570712591548       -0.22687991486365        1.88611920381036
B           -1.67238363077113        0.29174689673982        2.34952683224334
B           -2.04414826045429        1.84602433548756        1.86085356152367
B           -2.14835212128684        3.27842254681280        1.19027877842132
B           -0.60277797955263        1.44487960255434        2.61518121959038
B           -0.88074354414672        4.15883394958670        0.58131790424768
B            0.91380218953333       -4.25227260297586        1.09723740999052
B            0.94623809978994       -2.71658764278858        1.52770784490596
B            1.15835314328485       -1.16688351426825        1.84850095493743
B            2.31656223293465       -3.64617502631333        1.73164174304758
B            2.61162867892738       -0.42474735678659        1.70174972618953
B            1.31210314428649        0.45398840407836        1.95314121402557
B            0.78436743190312        2.11688378383370        2.17152695808580
B            0.23015455948834        3.19293422969995        1.05959425504360
B            2.16412233375699        1.69015245385617        1.34641517043717
B            0.88924965801895        2.24414098809800       -0.11166235628908
B            3.57322900635761       -4.24775327178926        2.63726222507266
B            3.76306914331800       -2.86596957575320        1.77553193358441
B            3.99029997911008       -1.33465763918966        1.34239853581540
B            4.87593559232958       -3.32637263184851        2.80128273773368
B            5.24903647165319       -0.48461094208926        0.59864261529694
B            4.07904802604736        0.30010969585324        1.38454435173035
B            3.72267269194693        1.96499051851091        0.79263237968286
B            2.48726707057922        2.30079037623607       -0.26891730109671
B            5.23633943791495        1.25701351324413        0.75999003122593
B            3.95266982698518        2.45061509217561       -0.73013789677543
H           -5.57962825235040       -3.09172237596153        0.44715477937144
H           -5.10357982111054       -1.84292427392960       -1.10221512767639
H           -3.39287013872923        0.12539891353590       -2.67552178636236
H           -6.18357399301491        1.39684684437478        0.44453307288140
H           -4.68672532324130        3.75295114637918       -0.91682528030150
H           -4.13205221766782        4.55366074692542        2.06404108543656
H           -2.24424221028829       -4.90961476842276        0.24471477652183
H           -0.93343810774149        5.11833312136041       -0.09364302523858
H            0.93204778609596       -5.35958635882485        0.71967726928235
H            0.25136626421893        1.50135097372993       -0.77139218659053
H            3.46486761559233       -5.27253735020831        3.19161934439993
H            5.90418045481308       -3.14695978047348        3.31842749396238
H            6.19612196061285       -0.99327495367196        0.14067698874182
H            6.25880033491971        1.81720035562734        0.89863871859465
H            4.71596257230683        2.72313037664790       -1.56920947293714
87
 energy: -121.939760141454 gnorm: 0.003382507589 xtb: 6.7.1pre (5071a88)
O           -0.32353176077281        2.17620806358907       10.49095705602437
C           -0.27544878783711        1.75706903953931        9.30042314137804
C           -0.11895175147400        0.34541155323819        9.05924876495791
O           -0.03519618439165       -0.39696575528588       10.19456033826776
C           -0.06263529637756       -0.16978680358849        7.78569329221226
C            0.09903296908429       -1.55536540823953        7.40352284280878
C            0.25355877812515       -2.58197335686916        8.34180840188879
C            0.41522418259218       -3.88915349183274        7.92900446181515
C            0.42629088855597       -4.21147536981403        6.58153820998574
O            0.58790267876360       -5.49804504358989        6.11001153388830
C            0.27010593962550       -3.19647584206749        5.62916025360568
O            0.27489738898092       -3.48599741359491        4.29894557402693
C            0.11096297036954       -1.89048193819296        6.04026724981591
O           -0.16188754598063        0.67541153699844        6.70357310915711
C           -0.29992842892235        2.00788942853811        6.86750231588994
C           -0.37737260125116        2.78759780978209        5.72500372877795
C           -0.51674493112737        4.16556255343799        5.84622286663228
O           -0.57931794707697        4.88623710880621        4.69777308620139
C           -0.58199781352685        4.76951179634735        7.09682982594826
C           -0.50675326498555        3.99745338636799        8.24816606546821
O           -0.56840644492949        4.57165841609471        9.45434259173054
C           -0.36175499115210        2.59664262101529        8.13725692217171
H           -0.11411429217532        0.27429658961592       10.90808299802680
H            0.24914685830836       -2.35252060052216        9.39177704441892
H            0.53524709274950       -4.67517032827548        8.66252135797673
H            0.69332111268306       -6.09278701854296        6.85886702184970
H            0.46452651590554       -4.42615496313465        4.18672423037217
H           -0.00478323060713       -1.12841825372424        5.28972217342856
H           -0.33765389756483        2.34084343728129        4.74296594520852
H           -0.70220895070227        5.81973093595012        4.90226743580377
H           -0.69138409528509        5.83942793642226        7.19332256686328
H           -0.49493910260382        3.83737743075401       10.12392041790908
B           -4.72175906304203       -2.51318631318693       -0.07519937159434
B           -3.97897295842450       -1.20450256398498       -0.60475915235037
B           -3.14753961515936       -0.12109084204559       -1.54260921194877
B           -3.11288727549680       -2.60093295689889        0.03819290472523
B           -2.18263015493233        0.21458217878655       -0.37299181363396
B           -3.97953927797144        0.41890038528374        0.01934791843599
B           -5.04594298431200        1.61421574184846        0.18686480054564
B           -4.49173282018719        3.13558732645734        0.06722124610199
B           -2.79089893427193        0.55111264997708        1.14180439080315
B           -3.64026832530446        3.82082793668442        1.27137831189013
B           -2.01219744831217       -3.78549982210034        0.38315583917399
B           -1.62088379162430       -2.25170388633714        0.57729445613935
B           -1.41607666130047       -0.64025429444305        0.79822675408809
B           -0.46522193584008       -3.33375092446502        0.90571817283577
B           -0.23249349437319       -0.23632387245287        1.89611386436096
B           -1.67988676973984        0.28521296397551        2.35549254781572
B           -2.04344414254445        1.83807738976147        1.85740517531672
B           -2.14608133741725        3.27117144525436        1.18796789987651
B           -0.60307724894899        1.43166032206662        2.61752940180655
B           -0.87436305221514        4.14764295960521        0.58097270606552
B            0.90497458965731       -4.26563862572441        1.11022032387072
B            0.93871834270469       -2.72701610460705        1.53310053644632
B            1.15121118649738       -1.17726144755844        1.85291657698039
B            2.30584037532004       -3.65812759110266        1.75287348368338
B            2.60506706048385       -0.43593131535764        1.71587064825640
B            1.30467203146488        0.44330398248909        1.96614570794744
B            0.78345820341590        2.10949574046297        2.17977049465194
B            0.23688321406678        3.18183981683033        1.06151904774876
B            2.16307624324477        1.67421621546574        1.35815201834976
B            0.89014111986510        2.23059598517321       -0.11090198220915
B            3.55297474609732       -4.25437792359300        2.67351897348798
B            3.75278791084207       -2.87863767659028        1.80432115058405
B            3.98228511241619       -1.35072479373634        1.36286427400209
B            4.85794415525108       -3.33519154285170        2.83883350920574
B            5.24108533914973       -0.50604801114265        0.61291597444235
B            4.07518207198306        0.28343805201096        1.39991818177874
B            3.72057308211400        1.94794930742303        0.80423532514651
B            2.48807140941257        2.27956747906920       -0.26217166951123
B            5.23270293786813        1.23544481636501        0.76762778681864
B            3.95599720442434        2.42611206873501       -0.71906452406234
H           -5.59510655344993       -3.07996542195213        0.46164747981121
H           -5.10094798708359       -1.85089515014013       -1.09923953535795
H           -3.37777088814065        0.10342444268029       -2.67543334893023
H           -6.18182837200180        1.39190450565345        0.43863284442527
H           -4.68666904383762        3.74598955166160       -0.92362391634866
H           -4.13160763487911        4.54415569865390        2.05825199997752
H           -2.25222463168877       -4.92465408088236        0.25757171787295
H           -0.92280742788763        5.10591079593049       -0.09636346855348
H            0.92826597907294       -5.37538138300615        0.73970448345306
H            0.24943546789807        1.48825787566802       -0.76829066610033
H            3.44082706255354       -5.27175228381046        3.24054602880544
H            5.88354396045138       -3.15702229381056        3.36196492315588
H            6.18578146228617       -1.01946550093381        0.15544153624541
H            6.25706518490326        1.79251675380854        0.90389707047525
H            4.71843331960703        2.69911817851558       -1.55892265165873
87
 energy: -121.939910064386 gnorm: 0.003337691943 xtb: 6.7.1pre (5071a88)
O           -0.32036719735484        2.17804894743073       10.48869657314745
C           -0.27196770443945        1.76542966737661        9.29608021170057
C           -0.11730048759498        0.35459620105900        9.04833732695345
O           -0.03539455210330       -0.39315146447947       10.18018495649702
C           -0.06076333673880       -0.15440678297707        7.77273999211213
C            0.10031629516809       -1.53809544168401        7.38473730959039
C            0.25730224876001       -2.56891825145674        8.31798041687482
C            0.42189805650369       -3.87398286188267        7.89921999318184
C            0.43286014158053       -4.18995163847989        6.55022934138398
O            0.59765543850923       -5.47231017609734        6.06946762719675
C            0.27061556857280       -3.17059482162657        5.60332927877340
O            0.26831054854019       -3.45395632315539        4.27255316339815
C            0.10939356644666       -1.86706842739199        6.02008547433362
O           -0.15748645839143        0.69623612036662        6.69437659770134
C           -0.29473275422917        2.02789532393680        6.86435667650886
C           -0.37115248897291        2.81338548488854        5.72565754424302
C           -0.50727652539378        4.19094639624602        5.85398394993697
O           -0.56873612658545        4.91886344263784        4.70979430107541
C           -0.57060078029788        4.78901919034230        7.10750813698944
C           -0.49836013391099        4.01110742669682        8.25484101958967
O           -0.56027443534977        4.58010950043157        9.46349676061796
C           -0.35619440239948        2.61052737103505        8.13698286903798
H           -0.11302880708295        0.27544963541469       10.89665314615111
H            0.25247906447737       -2.34503115021564        9.36903646653230
H            0.54420051920264       -4.66289408604480        8.62922801991694
H            0.71027496671388       -6.07278673484946        6.81272721415479
H            0.46724233971864       -4.39093074532069        4.15137093512865
H           -0.01069317736517       -1.10258541511263        5.27273417303714
H           -0.33377975714109        2.37225828608339        4.74105342112893
H           -0.69152945583031        5.85080652144237        4.92139319757963
H           -0.67709164400943        5.85859057956393        7.20926394863791
H           -0.48907831139855        3.84312181388003       10.12946545077350
B           -4.72920729215983       -2.51320333708588       -0.06489567679676
B           -3.98255884540503       -1.21206123705780       -0.60507381696296
B           -3.14285267374627       -0.13577994098785       -1.54222635117934
B           -3.12116265069688       -2.61398364618975        0.04892371453150
B           -2.18261451432019        0.19999240621568       -0.36944078559853
B           -3.98097321964035        0.40952959658039        0.01995197937408
B           -5.04521926030441        1.60696638879068        0.18298337128249
B           -4.49032456485197        3.12802597651041        0.06241442325460
B           -2.79318682271506        0.54131208489400        1.14252975924732
B           -3.63812703271208        3.81291961313200        1.26540003742860
B           -2.02170957922725       -3.79818902670555        0.38803271445919
B           -1.62879306179187       -2.26575612446606        0.58679013185528
B           -1.42406136529076       -0.65439486479927        0.80745706981674
B           -0.46988466592464       -3.34696896109996        0.90634169897320
B           -0.23631481054954       -0.24424824536457        1.89852047932374
B           -1.68487336677598        0.27688313288308        2.35867702294237
B           -2.04129184400436        1.82897042509356        1.85410682414153
B           -2.14391774403549        3.26292110073124        1.18629087931591
B           -0.60185222612921        1.41660568489828        2.61848367180804
B           -0.86807213586680        4.13639861177155        0.58237894078107
B            0.89901927280316       -4.27705947895254        1.11205109674822
B            0.93381969512806       -2.73577564232981        1.52716356950528
B            1.14737184513313       -1.18653387447018        1.84804207544225
B            2.29781600153018       -3.66789215185754        1.76282901104917
B            2.60167393133668       -0.44566171702506        1.72527789109343
B            1.30022661109043        0.43352149851620        1.97654044478926
B            0.78410047259607        2.10146906879588        2.18737931465975
B            0.24449253115165        3.17106025978940        1.06404831363728
B            2.16277703525976        1.66209017639862        1.36763984445586
B            0.89249742841986        2.22052665639461       -0.11226148739366
B            3.53315516272482       -4.25834904323409        2.70122526853170
B            3.74479402444026       -2.88946874446664        1.82458242603069
B            3.97763469933016       -1.36403557467702        1.37784060872422
B            4.84015919264241       -3.34135963614168        2.87035405789814
B            5.23647299613627       -0.52253720475103        0.62381233586077
B            4.07340414093829        0.26985415407400        1.41234993881047
B            3.71950102582442        1.93416099905701        0.81497975104829
B            2.49046910860249        2.26221384413369       -0.25645537354558
B            5.23080659313308        1.21834706398897        0.77363184806869
B            3.96086916996444        2.40416130894374       -0.70929892715245
H           -5.60872736087646       -3.06808446604413        0.47419888266695
H           -5.09975870635562       -1.85714997374457       -1.09683143243300
H           -3.36806810357038        0.08919861361904       -2.67555658331152
H           -6.17975940090312        1.38694650499813        0.44160433319193
H           -4.68534243371039        3.73648570239240       -0.93022763374002
H           -4.13069823773558        4.53433671615352        2.05250468111797
H           -2.25968296561410       -4.93782872882148        0.26402020609766
H           -0.91296043410577        5.09512637051555       -0.09472520659113
H            0.92735066118847       -5.38811967418626        0.74614889495552
H            0.24976486048378        1.47969670188625       -0.76932241440478
H            3.41506689083657       -5.26714898110837        3.28182360240000
H            5.86092327397737       -3.16237246259301        3.40280377664503
H            6.17945195031840       -1.03958653267062        0.16705415273888
H            6.25628176284738        1.77350307176167        0.90963119939621
H            4.72269976323742        2.67505194993703       -1.55051004902121
87
 energy: -121.940048983312 gnorm: 0.003517053345 xtb: 6.7.1pre (5071a88)
O           -0.31236330452538        2.18298408209885       10.48873057213054
C           -0.26508947342315        1.77498735002139        9.29471487462467
C           -0.11404881179155        0.36480267062534        9.04144351746170
O           -0.03440361737547       -0.38819606666427       10.16993569208045
C           -0.05861038590903       -0.13908496237089        7.76402821730468
C            0.09974615045581       -1.52154595688481        7.37124075454676
C            0.25830413556664       -2.55632809764413        8.29985603343357
C            0.42485392379760       -3.85949877339311        7.87555044817177
C            0.43492925060518       -4.16965350284489        6.52518550324322
O            0.60302017962966       -5.44805551987272        6.03618964242599
C            0.26560441667959       -3.14673099318106        5.58326674010188
O            0.25414404818263       -3.42499129938175        4.25220512107873
C            0.10413868914487       -1.84523211398628        6.00545099272069
O           -0.15232109190733        0.71600759345029        6.68895017583245
C           -0.28839925453760        2.04700408406916        6.86380715605853
C           -0.36550417436310        2.83724322057083        5.72801547498926
C           -0.49789162466843        4.21432092677487        5.86274455790485
O           -0.56038598891623        4.94833359079069        4.72209924587754
C           -0.55731113384092        4.80789611548130        7.11874750709351
C           -0.48676709961014        4.02504690014091        8.26258363765050
O           -0.54735966145584        4.58953324094693        9.47343006627752
C           -0.34789573919446        2.62454303189880        8.13867690997754
H           -0.10951882309899        0.27758128656618       10.88941254472098
H            0.25302635067747       -2.33792954251058        9.35204913700238
H            0.54893608381658       -4.65080419390429        8.60268956108816
H            0.72040455315490       -6.05380939079143        6.77437909931796
H            0.46003496226379       -4.35946903738648        4.12398101861958
H           -0.02113614312298       -1.07847291776920        5.26152689645516
H           -0.33189341649682        2.40062664225670        4.74137726551261
H           -0.67845643789869        5.87944874300241        4.93968564747373
H           -0.66048967529477        5.87718415103320        7.22520989824615
H           -0.47835279823582        3.84941244646255       10.13577401360310
B           -4.73642195792997       -2.51351252139873       -0.05626471433786
B           -3.98739402904364       -1.21909933214725       -0.60758085673365
B           -3.14226980493836       -0.14734276742836       -1.54339484176973
B           -3.12974522397527       -2.62687351976951        0.05582285608848
B           -2.18517642548392        0.18649903594127       -0.36824102103663
B           -3.98381980129573        0.39971615851903        0.02298535169942
B           -5.04497398238250        1.59906433747086        0.18603683518581
B           -4.48579595981683        3.11802301261880        0.05727434313841
B           -2.79496994183627        0.52964823925436        1.14297365164616
B           -3.63527062359609        3.80386628838450        1.26030194402727
B           -2.02982423631546       -3.81074230023385        0.38768135285034
B           -1.63643961354314       -2.27945548373565        0.59026415918456
B           -1.43117884998818       -0.66831648904693        0.81165358702393
B           -0.47347515836875       -3.35980701958099        0.89903059545336
B           -0.23758401940415       -0.25256767328935        1.89334363454003
B           -1.68737807926822        0.26563987543512        2.35908696531642
B           -2.03769384717049        1.81761397250533        1.85124381572696
B           -2.14114588850597        3.25316813256747        1.18691147496523
B           -0.59932556414700        1.39872625236520        2.61870150685554
B           -0.86176177259239        4.12522237839304        0.58660269862354
B            0.89515971325599       -4.28832223876739        1.10519422261213
B            0.93070337599952       -2.74452257561179        1.51125422869725
B            1.14634670216933       -1.19626453997339        1.83463513444568
B            2.29136805750890       -3.67704908218476        1.76408009402962
B            2.60096283497996       -0.45537281289943        1.73057882154036
B            1.29811977464097        0.42302446075609        1.98438366265525
B            0.78607137236613        2.09149191658560        2.19454615435950
B            0.25191890053088        3.15994080344011        1.06846029049495
B            2.16363620047999        1.65170598532745        1.37589718239020
B            0.89640563718483        2.21294628910662       -0.11369673531876
B            3.51212829415256       -4.26135259289940        2.72348698727852
B            3.73800910264164       -2.90010831156289        1.83934961837300
B            3.97616978815887       -1.37644908288601        1.38975032089276
B            4.82019696313786       -3.34612803576187        2.90057979928965
B            5.23528835490164       -0.53674103810626        0.63359001669719
B            4.07368023515192        0.25762378455433        1.42300203746505
B            3.71979219111927        1.92165703718231        0.82553347112493
B            2.49458180928654        2.24757538880346       -0.25056458768146
B            5.23088079157623        1.20352735733974        0.77901508237460
B            3.96718415817028        2.38263328986158       -0.70032005211368
H           -5.62110241149433       -3.05623549194444        0.48651245579178
H           -5.10028801291358       -1.86371735247739       -1.09556408729222
H           -3.36468790022471        0.08101371447660       -2.67631971468853
H           -6.18071800374004        1.38262160494196        0.44426664614092
H           -4.68355965589239        3.72421294613089       -0.93616380300145
H           -4.12933805193410        4.52722049532089        2.04448727355259
H           -2.26717913489514       -4.95039272959046        0.26346051395586
H           -0.90431473892156        5.08380443569647       -0.09127002129197
H            0.92836372016730       -5.39986871678463        0.74175140006373
H            0.25246763362945        1.47436261021721       -0.77212980182514
H            3.38501340016435       -5.26100823990345        3.31707244550994
H            5.83351912635158       -3.16426148890586        3.44632153872421
H            6.17754670616048       -1.05622106914872        0.17822730389994
H            6.25690751208258        1.75775241260089        0.91613019213441
H            4.72881124499618        2.64873058271876       -1.54334935290249
87
 energy: -121.940201165978 gnorm: 0.003778421431 xtb: 6.7.1pre (5071a88)
O           -0.30094053302438        2.19128572778592       10.49028091174978
C           -0.25518226287381        1.78709954223343        9.29495322604665
C           -0.10932303087287        0.37765437705579        9.03581442950985
O           -0.03285580870706       -0.38160507811286       10.16040246467038
C           -0.05590371627095       -0.12096177271282        7.75615851555586
C            0.09800418931086       -1.50252766893635        7.35817571908874
C            0.25940417592848       -2.54161500328241        8.28166555160883
C            0.42745264658716       -3.84263993513049        7.85092413551113
C            0.43426174049273       -4.14650984748350        6.49905792325925
O            0.60672305940578       -5.42101850639275        6.00231095621957
C            0.25501656161092       -3.12026876361127        5.56252039121771
O            0.23206939508937       -3.39334023378021        4.23105006444943
C            0.09463741618625       -1.82070219346093        5.99118486771693
O           -0.14614822375173        0.73861693131506        6.68467681156704
C           -0.28017666415112        2.06911935219484        6.86461213818954
C           -0.35867125669959        2.86423443937814        5.73156673840210
C           -0.48674386358305        4.24075694475382        5.87328540969790
O           -0.55124850705855        4.98069260019566        4.73603616356359
C           -0.54128508242205        4.82981635217395        7.13200124372648
C           -0.47172614047507        4.04179544308794        8.27223735293654
O           -0.52979870663205        4.60102510633340        9.48565113040815
C           -0.33660348840633        2.64131301047596        8.14176979874829
H           -0.10492296342606        0.28026586655351       10.88362744949972
H            0.25520567340965       -2.32920396966457        9.33521239046988
H            0.55483522847446       -4.63643163744820        8.57502687232850
H            0.72810520385688       -6.03143016025567        6.73604632620839
H            0.44371834552253       -4.32584733121765        4.09684183599649
H           -0.03790300964776       -1.05106359160803        5.25177321447546
H           -0.32919484223202        2.43165261033974        4.74318566295375
H           -0.65971930852938        5.91171601526731        4.95920218599062
H           -0.64073608992147        5.89886385363490        7.24357281503475
H           -0.46281544052426        3.85658231608034       10.14369914501308
B           -4.74387653130571       -2.51535530745071       -0.04785116053280
B           -3.99420012273838       -1.22702166180947       -0.61159925322914
B           -3.14554603495089       -0.15834856652852       -1.54629702603472
B           -3.13909238743261       -2.64142302613002        0.06045321725185
B           -2.19058917170989        0.17210664103982       -0.36922211190956
B           -3.98845657333673        0.38863990321118        0.02718580941348
B           -5.04725293582059        1.59037623368420        0.18653457479348
B           -4.48317100250797        3.10720483907524        0.05484331625943
B           -2.79686512640879        0.51518726794864        1.14313741643802
B           -3.63089578257806        3.79295638971438        1.25635099645966
B           -2.03710195517342       -3.82538137261271        0.38422511916967
B           -1.64459827645497       -2.29464163761739        0.58920870854047
B           -1.43804814392755       -0.68373915104854        0.81163870842028
B           -0.47747270909149       -3.37453550482608        0.88670441892364
B           -0.23740332984798       -0.26381530068139        1.88179501039523
B           -1.68815592037607        0.25023027239370        2.35746581239588
B           -2.03344832719231        1.80258717649934        1.84880855793209
B           -2.13775112103344        3.23964489347760        1.18807514154971
B           -0.59647860743554        1.37713728191204        2.61891381699209
B           -0.85590315170128        4.11206781142555        0.59171967245981
B            0.89195888462924       -4.30199957454444        1.09419959903318
B            0.92799321449780       -2.75536889605676        1.48805757176720
B            1.14694932047282       -1.20844007025814        1.81468016725895
B            2.28464996452956       -3.68787221071025        1.76119056883738
B            2.60171459482124       -0.46710978119665        1.73310065422593
B            1.29702403011313        0.40966136284838        1.99058435213959
B            0.78882827819725        2.07788032764616        2.20194725646754
B            0.25805824172479        3.14771313704746        1.07636957382975
B            2.16606946773375        1.63995628591385        1.38483776765786
B            0.90187198896704        2.20572997020569       -0.11186630740207
B            3.48744505063520       -4.26556834681862        2.74567800910443
B            3.73064353485050       -2.91302992555388        1.85338434183655
B            3.97694746680714       -1.39084653495863        1.40212827653407
B            4.79484279116313       -3.35125321642173        2.93600984065695
B            5.23719771357797       -0.55282119273466        0.64570198977184
B            4.07557408141408        0.24395363084517        1.43374858955374
B            3.72179507300777        1.90751247646812        0.83722206714558
B            2.50033894154243        2.23398328211994       -0.24228888246769
B            5.23295285953421        1.18744995278883        0.78561944741354
B            3.97454733842527        2.35909495054405       -0.69082639310327
H           -5.63312724927245       -3.04473027367346        0.50050705078581
H           -5.10268830564501       -1.87287202554958       -1.09562797430829
H           -3.36798351005502        0.07642241720107       -2.67782680764339
H           -6.18196403728975        1.37835468059965        0.45147101743397
H           -4.67437484699148        3.70831677343485       -0.94336898338465
H           -4.12555381018878        4.52060425371300        2.03600916814411
H           -2.27625165716411       -4.96423253580761        0.25699612833904
H           -0.89687023879742        5.07181791291952       -0.08454805337378
H            0.92942237115600       -5.41382830877609        0.73207631517775
H            0.25743147949404        1.47011134523013       -0.77328358658626
H            3.34719541877759       -5.25624421390654        3.35022606761454
H            5.79741078276198       -3.16404061422994        3.49985818741043
H            6.18021408515782       -1.07350103189539        0.19321858815964
H            6.25937908048294        1.74130366434102        0.92393228537822
H            4.73647511493710        2.61714435186614       -1.53617248106043
87
 energy: -121.940375640409 gnorm: 0.004015576978 xtb: 6.7.1pre (5071a88)
O           -0.28526948055782        2.20254996271816       10.49255525939971
C           -0.24244277717262        1.80159842646648        9.29606797270948
C           -0.10310045902329        0.39309652816438        9.03061116219553
O           -0.02978175976881       -0.37328039834336       10.15064380768276
C           -0.05322159872213       -0.09992776642422        7.74834546330591
C            0.09502850389827       -1.48069978159933        7.34443016105833
C            0.26130554729878       -2.52403988089682        8.26227880803368
C            0.42998673614105       -3.82257136567691        7.82428228735336
C            0.43057027940336       -4.11998528663331        6.47100232658140
O            0.60768206852759       -5.39102285077514        5.96753856787828
C            0.23952542266041       -3.09087014535479        5.54041442536575
O            0.20434104124150       -3.35888742792400        4.20846141224414
C            0.08128023088428       -1.79322229952582        5.97632283469896
O           -0.14059098455948        0.76426250823513        6.68094385708718
C           -0.27099191538357        2.09449294002307        6.86649421315438
C           -0.35098801703828        2.89473147950892        5.73642559454537
C           -0.47414257862076        4.27070932449094        5.88565186957364
O           -0.54101755453502        5.01623936255833        4.75183817951143
C           -0.52302360635054        4.85479202232620        7.14719293964705
C           -0.45338039102257        4.06135728685324        8.28362086238339
O           -0.50714399564248        4.61436933189299        9.49989617897513
C           -0.32279826554636        2.66093445943512        8.14600956271476
H           -0.09864527508445        0.28349362602905       10.87824755856933
H            0.26082266637681       -2.31743223128241        9.31710993542512
H            0.56247177695320       -4.61894752549519        8.54473427642763
H            0.73257600177884       -6.00452813091102        6.69798911921723
H            0.41974180484839       -4.28991820979886        4.06941095484581
H           -0.05980945643868       -1.02017075953806        5.24248034524884
H           -0.32538664686303        2.46564999129478        4.74679493446993
H           -0.63602837263163        5.94778438388549        4.97990342529681
H           -0.61849987808979        5.92362749367084        7.26417457921233
H           -0.44182146043807        3.86462849489026       10.15321457325716
B           -4.75075385631381       -2.51939826930487       -0.03926993611171
B           -4.00380190500603       -1.23561906552983       -0.61634842143383
B           -3.15386280303829       -0.16832801644743       -1.55047783005053
B           -3.14801884309702       -2.65737964292540        0.06203970797544
B           -2.19895457666267        0.15686729197771       -0.37278092402468
B           -3.99514895682786        0.37606286971363        0.03290638828189
B           -5.04973605018649        1.58118030271730        0.19224560169990
B           -4.47509540578730        3.09351928622906        0.05136794739514
B           -2.79874784211583        0.49868141069592        1.14259988259242
B           -3.62418764290542        3.78276089504832        1.25230917320770
B           -2.04201196266780       -3.84196087390111        0.37497649896959
B           -1.65227786709130       -2.31104838205101        0.58240540071386
B           -1.44443700535541       -0.70044306366794        0.80690248509466
B           -0.48189682129209       -3.39145849385894        0.87013327211038
B           -0.23654339218934       -0.27904267715754        1.86503148646772
B           -1.68720294270465        0.23090467885474        2.35381364939847
B           -2.02938347682013        1.78429200578873        1.84732562988855
B           -2.13274964956118        3.22369706977882        1.19177220126223
B           -0.59391745545140        1.35292971088910        2.61940482479715
B           -0.85035850138550        4.09892414636328        0.59951344641564
B            0.88940834185230       -4.31831470072119        1.08083534022557
B            0.92537915388069       -2.76856653580639        1.45952710918599
B            1.14840894616553       -1.22326878712482        1.79003391883731
B            2.27741180566067       -3.70083828344214        1.75588780618285
B            2.60301433981129       -0.48123237328856        1.73237886477644
B            1.29596119011119        0.39303126804020        1.99318859578214
B            0.79190055969788        2.06067726203114        2.20955437850576
B            0.26181716676147        3.13532924897721        1.08889515409356
B            2.17014025928952        1.62595914599913        1.39483928535583
B            0.90855764302079        2.19874594044378       -0.10423945491025
B            3.45976962950527       -4.27173760916774        2.76854829999805
B            3.72237195113365       -2.92849105644546        1.86756780678166
B            3.97956632783985       -1.40780794361856        1.41564592530945
B            4.76402940815610       -3.35703148288992        2.97681977501752
B            5.24234137758670       -0.57207694904960        0.66147468185933
B            4.07889299611856        0.22805956089351        1.44448810307619
B            3.72573933186942        1.89075477848171        0.84965653488887
B            2.50740406933902        2.22189949900444       -0.23102034322360
B            5.23709040070994        1.16931674438116        0.79413062874336
B            3.98231868805081        2.33385865592977       -0.68094121912613
H           -5.64339782596240       -3.03503999937177        0.51669379349979
H           -5.10734337373718       -1.88547631669319       -1.09682541917921
H           -3.37898353702720        0.07434598152135       -2.68003802428722
H           -6.18633985989090        1.37569908071003        0.45510627952139
H           -4.66396203563039        3.69125043622735       -0.94837947744014
H           -4.12064507682847        4.51285948827264        2.02839093947788
H           -2.28740499272842       -4.97949816695423        0.24472798321798
H           -0.89136645432346        5.05796585223338       -0.07769887501210
H            0.93002863203871       -5.43050173695398        0.71947324653845
H            0.26424135747875        1.46614153397251       -0.76942340412055
H            3.30265143494840       -5.25548167177665        3.37929496202734
H            5.75319741002311       -3.16253104781572        3.56176313496721
H            6.18813759949283       -1.09246720861146        0.21413693860216
H            6.26386439402697        1.72306664989524        0.93282572006839
H            4.74498309113856        2.58189999731740       -1.52871692211156
87
 energy: -121.940570277291 gnorm: 0.004343914099 xtb: 6.7.1pre (5071a88)
O           -0.26665313523588        2.21576539443501       10.49558513676738
C           -0.22797190832291        1.81778523954865        9.29776481223779
C           -0.09603060391095        0.41032339592488        9.02589092124431
O           -0.02525170478736       -0.36316229497059       10.14125095019499
C           -0.05129393811545       -0.07709087020618        7.74085406985948
C            0.09091076955416       -1.45695365488055        7.33046444446902
C            0.26554009249461       -2.50424522810419        8.24250963494468
C            0.43361840817183       -3.80011342049478        7.79682289241979
C            0.42371176518156       -4.09126548014276        6.44213650261784
O            0.60355739375998       -5.35970131586709        5.93312602457788
C            0.21933341231915       -3.05947381238193        5.51781814295753
O            0.17203085231464       -3.32246768163588        4.18503551878148
C            0.06395556134988       -1.76372654876812        5.96123979514074
O           -0.13715682957434        0.79159705408571        6.67767527012805
C           -0.26178398518498        2.12178985739513        6.86909224276502
C           -0.34239957468398        2.92708215177272        5.74216241799170
C           -0.46025636362612        4.30267252156188        5.89871211307181
O           -0.52882519604896        5.05307400039684        4.76820364925654
C           -0.50355833692961        4.88135636958203        7.16310322133366
C           -0.43274072794733        4.08272613424024        8.29589977293584
O           -0.48034306620730        4.62918046438478        9.51507428156129
C           -0.30752534748807        2.68245034520998        8.15108882620668
H           -0.09116392813086        0.28792049289086       10.87337869703193
H            0.27299224934128       -2.30251825455069        9.29842778841292
H            0.57385974791690       -4.59935511822545        8.51282875248766
H            0.73338006959499       -5.97437532244450        6.66188645619550
H            0.38996583931268       -4.25265785137214        4.04203740931518
H           -0.08652080350362       -0.98685493038830        5.23346808795018
H           -0.31977688055376        2.50083807934777        4.75177466918697
H           -0.61000201837243        5.98524577883442        4.99997607500445
H           -0.59516032964880        5.95003116999277        7.28529062705647
H           -0.41574325469368        3.87419202130855       10.16392956237763
B           -4.75640985739599       -2.52556433341539       -0.03116150348135
B           -4.01579130308114       -1.24405856222892       -0.62088737982607
B           -3.16671205525552       -0.17665899686059       -1.55534792740971
B           -3.15536040087389       -2.67377132678276        0.06019690519126
B           -2.20943167529006        0.14242163162769       -0.37865598291785
B           -4.00346080359482        0.36331497234509        0.03848718169080
B           -5.05432845495204        1.57271561355880        0.19457455402533
B           -4.47011354887349        3.08101595213515        0.05227291366501
B           -2.80060011309737        0.48141601166485        1.14113070286375
B           -3.61734861951251        3.76873878596264        1.25358673281733
B           -2.04473694086113       -3.86000999044031        0.36223864685014
B           -1.65838535563250       -2.32766436470728        0.56983081370802
B           -1.44954758406876       -0.71723239631073        0.79699822867602
B           -0.48625603100723       -3.40975742519729        0.84995266198414
B           -0.23574352080295       -0.29832756731807        1.84515495681849
B           -1.68470866577152        0.20830776535613        2.34839897570445
B           -2.02597097474673        1.76332617793701        1.84702227181758
B           -2.12779410035844        3.20465550205039        1.19660890322281
B           -0.59175284416484        1.32718347253126        2.62019395088453
B           -0.84683650767488        4.08490690499522        0.60788950903860
B            0.88748842053691       -4.33649240595025        1.06620363331424
B            0.92280051330015       -2.78357968031117        1.42829409110673
B            1.15004555583314       -1.24012067000523        1.76320532598188
B            2.26967966583901       -3.71581210576211        1.74946084656333
B            2.60393680901815       -0.49736084184292        1.72785738708090
B            1.29424894192497        0.37373845626727        1.99102873261605
B            0.79467424218949        2.04090244844219        2.21713005922708
B            0.26229485039832        3.12342321904054        1.10537771205678
B            2.17547464489761        1.60961248617705        1.40558899323010
B            0.91607343808376        2.19194784058509       -0.09020086199382
B            3.43091842231130       -4.27967807986252        2.79136561571786
B            3.71314838323658       -2.94602410738910        1.88109587640171
B            3.98335016214433       -1.42717702246119        1.42941522539573
B            4.72939788970237       -3.36305441178649        3.01953651310990
B            5.25069150642939       -0.59455077564448        0.68119751878950
B            4.08312497038616        0.20969049015101        1.45442127932776
B            3.73162008446747        1.87155422636407        0.86212531627950
B            2.51536362333376        2.21247984833888       -0.21690354029601
B            5.24307584918180        1.14915389125132        0.80536607975571
B            3.98996471229499        2.30977213517667       -0.67048154967654
H           -5.65052172373417       -3.02900491576182        0.53359030046745
H           -5.11443758343165       -1.90010996774578       -1.09837229357539
H           -3.39771428636839        0.07451064189120       -2.68220821959748
H           -6.19102402720622        1.37389265356645        0.45992768913098
H           -4.64595676451458        3.67411775745671       -0.95268535300059
H           -4.11208393392426        4.50952056767844        2.02153321407281
H           -2.29781656020356       -4.99498237947105        0.22337453201750
H           -0.88874480752105        5.04332302053984       -0.06967700022370
H            0.92970771077827       -5.44954631461854        0.70621177456044
H            0.27250576049111        1.46222036668068       -0.75962305981801
H            3.25500800407572       -5.25996342833705        3.40233939389591
H            5.70388671307025       -3.16000568280977        3.62558566284939
H            6.20177517309881       -1.11314076391778        0.24234927768770
H            6.27016512338111        1.70274084653734        0.94332694879621
H            4.75381464480541        2.54743014422542       -1.52019100320898
87
 energy: -121.940768869428 gnorm: 0.004606665565 xtb: 6.7.1pre (5071a88)
O           -0.24590353774437        2.22923648729197       10.49885392448130
C           -0.21311730570098        1.83462288903479        9.29942721019422
C           -0.08870914506778        0.42810444496909        9.02137438905835
O           -0.01876439246565       -0.35152745069875       10.13246196864506
C           -0.05048201216809       -0.05391749616474        7.73372645912324
C            0.08632872417326       -1.43245964490602        7.31659905036668
C            0.27213139580873       -2.48295705257325        8.22287990006173
C            0.43780350422117       -3.77627097989881        7.76977568905324
C            0.41401590757910       -4.06194052703539        6.41398034212612
O            0.59278357689695       -5.32876526731160        5.90026123416557
C            0.19747132098716       -3.02749739595588        5.49607828192229
O            0.13932661887341       -3.28574748326803        4.16225237239961
C            0.04499872971974       -1.73368164425960        5.94646103644663
O           -0.13686673780998        0.81909618069470        6.67458851095627
C           -0.25381386880767        2.14933968231168        6.87188235887605
C           -0.33357515749999        2.95939796068245        5.74832278614615
C           -0.44573271333102        4.33491370692670        5.91136925415787
O           -0.51448145320570        5.08966245103280        4.78417163965002
C           -0.48367163962314        4.90790200316805        7.17843980660416
C           -0.41101913123742        4.10461757129971        8.30800680426293
O           -0.45081257608730        4.64509026572877        9.52974935457441
C           -0.29228472164586        2.70455507139832        8.15650320854873
H           -0.08201559619025        0.29431452707405       10.86866226743060
H            0.29145310717146       -2.28455500610532        9.27937036608275
H            0.58776472570160       -4.57851523515834        8.48050877447453
H            0.72943324681843       -5.94308973878280        6.62820536917220
H            0.35772370175107       -4.21529989157815        4.01538923815976
H           -0.11449447697558       -0.95318006692826        5.22440788752166
H           -0.31320063357160        2.53574301152551        4.75733463043879
H           -0.58627064656867        6.02181639648151        5.01892040601197
H           -0.57142272379363        5.97649434090745        7.30517604629196
H           -0.38638861976891        3.88609620509336       10.17522730875957
B           -4.76064795127744       -2.53310314655749       -0.02352173009098
B           -4.03022025369165       -1.25134592149024       -0.62407626310375
B           -3.18337404667424       -0.18281998066702       -1.55948253103850
B           -3.16031299205296       -2.68926496852272        0.05430038088522
B           -2.22072423844707        0.12945036235019       -0.38586397557750
B           -4.01274009121120        0.35107200426730        0.04382048741012
B           -5.05866532976300        1.56513918856834        0.20048337115788
B           -4.46245855764037        3.06841499290433        0.05370614740293
B           -2.80247777454356        0.46501405632437        1.13863342588644
B           -3.60903808698101        3.75936795089807        1.25377957010192
B           -2.04460439513138       -3.87758505367249        0.34115778378337
B           -1.66187189837402       -2.34365317817774        0.55136982803405
B           -1.45380954974420       -0.73341225919205        0.78347233113637
B           -0.48978312232892       -3.42871327438663        0.82678612400425
B           -0.23630479821931       -0.32051465359123        1.82593548100793
B           -1.68193281234312        0.18448145815644        2.34197961806847
B           -2.02394980109378        1.74177686454452        1.84773781941248
B           -2.12234252829240        3.18556617826069        1.20311971512720
B           -0.58999161377964        1.30143254320197        2.62053681770733
B           -0.84393271213431        4.07104662671991        0.61728557752461
B            0.88574217271649       -4.35559746388992        1.05180183664140
B            0.91956718621186       -2.79989321759107        1.39877682016909
B            1.15063275669583       -1.25810129541735        1.73761820605132
B            2.26136028724184       -3.73211253092772        1.74366311754904
B            2.60339160379143       -0.51496544465562        1.72053665011687
B            1.29105284570751        0.35294921856449        1.98417103683774
B            0.79704394622165        2.02035356828859        2.22504675784501
B            0.26158145523241        3.11220995200545        1.12403032125096
B            2.18124864448246        1.59115337262971        1.41690521610757
B            0.92397628013812        2.18440803730327       -0.07156581979849
B            3.40303802619675       -4.28883965263497        2.81300258484366
B            3.70304740538282       -2.96474482216764        1.89313567110729
B            3.98680209523511       -1.44836450463841        1.44253695354101
B            4.69381197264024       -3.36898454626360        3.05954186384437
B            5.26089652329213       -0.61959311128775        0.70418269927754
B            4.08725631269298        0.18891075792929        1.46330454128871
B            3.73879660609022        1.85052767445859        0.87438507632139
B            2.52372555206738        2.20495365405722       -0.20101881834357
B            5.24996288884222        1.12722248416523        0.81966122528165
B            3.99736349030485        2.28908879351166       -0.65883151499501
H           -5.65372868222125       -3.02804184919527        0.55007758252674
H           -5.12398536166363       -1.91464593278037       -1.09831871016244
H           -3.42154097405570        0.07499848096945       -2.68361711774872
H           -6.19728446900861        1.37322102919569        0.46209529570631
H           -4.63107109450917        3.65909072097349       -0.95294579382693
H           -4.10283863772250        4.50221836949787        2.01971585828727
H           -2.30734890147485       -5.01001830738104        0.19537866490737
H           -0.88709461487685        5.02774570929777       -0.06206734266954
H            0.92876384310040       -5.46977821959906        0.69424697914300
H            0.28141745628462        1.45726288441073       -0.74505273737639
H            3.20931704446559       -5.26913358604402        3.41941691660393
H            5.65404286564734       -3.15682787671937        3.68423603158865
H            6.21931092639404       -1.13541668985994        0.27731347023636
H            6.27738352826324        1.68025151161114        0.95590828049684
H            4.76267910310647        2.51899872732152       -1.50923965780702
87
 energy: -121.940967936763 gnorm: 0.004694043834 xtb: 6.7.1pre (5071a88)
O           -0.22407333202822        2.24214446665111       10.50187788641228
C           -0.19866238563284        1.85197639471928        9.30055412828569
C           -0.08150049368448        0.44612265907298        9.01656428514308
O           -0.01060641329830       -0.33836820420666       10.12404465129418
C           -0.05048909856231       -0.03065707673762        7.72666917637376
C            0.08203798567617       -1.40736271009240        7.30257309624103
C            0.28115050916713       -2.46065604726387        8.20289666707038
C            0.44299369746485       -3.75170964762122        7.74275613291054
C            0.40288337328850       -4.03243663493731        6.38611282756063
O            0.57612656099483       -5.29816196261346        5.86721967868170
C            0.17554300696740       -2.99473756810996        5.47474538819152
O            0.10678966071632       -3.24790973941492        4.13966724087480
C            0.02573571993575       -1.70299007961224        5.93166335122767
O           -0.13911617841119        0.84672628887102        6.67131756434727
C           -0.24718883090727        2.17687593575351        6.87434563742778
C           -0.32472896115585        2.99151332110501        5.75436009077454
C           -0.43052933802768        4.36723091530252        5.92310893747731
O           -0.49773875607955        5.12664269343383        4.79951942028333
C           -0.46300074826281        4.93441647210810        7.19269568313054
C           -0.38875327731328        4.12686247030779        8.31931034410719
O           -0.41983528636854        4.66251518042026        9.54318400447223
C           -0.27772787548298        2.72701508599948        8.16173152860288
H           -0.07085722195996        0.30358850988446       10.86347632850258
H            0.31493287269762       -2.26459223565496        9.25948584499223
H            0.60364779637313       -4.55705404987343        8.44750917468280
H            0.72241465256690       -5.91225915264825        6.59372765303941
H            0.32580942996189       -4.17666124774498        3.98766056605019
H           -0.14208016751816       -0.91932650634581        5.21464057214010
H           -0.30682324682415        2.57091824064399        4.76243491773204
H           -0.56722092670055        6.05779838758309        5.03775626832187
H           -0.54649190718336        6.00300577649664        7.32347657912946
H           -0.35581123197735        3.90124164205153       10.18646094161608
B           -4.76477051867159       -2.54078516393451       -0.01623262788152
B           -4.04610524105134       -1.25749907527974       -0.62556435885364
B           -3.20131210218107       -0.18805111985379       -1.56222342998911
B           -3.16423626897724       -2.70416225834119        0.04629849792484
B           -2.23130907806365        0.11745584754097       -0.39297925463940
B           -4.02193909643422        0.33981019006160        0.04782277192504
B           -5.06329644671470        1.55859175929732        0.20460881794082
B           -4.45794668302788        3.05789159292610        0.05831429858116
B           -2.80446150236900        0.44941771437771        1.13549634247294
B           -3.60262175191965        3.74586279356219        1.25930546443251
B           -2.04488197712538       -3.89498690767446        0.31611975585390
B           -1.66382803426359       -2.35984859013341        0.53044270648455
B           -1.45803567446643       -0.74971501616623        0.76869000352683
B           -0.49255159145294       -3.44845005067198        0.80153578212576
B           -0.23860267236398       -0.34456347529451        1.80984151049122
B           -1.67997310030297        0.16001546511230        2.33540358845708
B           -2.02220536113782        1.71991452062717        1.84904109691837
B           -2.11797217394792        3.16597426982688        1.21062924023029
B           -0.58760280552860        1.27454832989597        2.62034509966205
B           -0.84163922971355        4.05573461678485        0.62738488998357
B            0.88320690512585       -4.37529681890501        1.03695394541265
B            0.91521428543898       -2.81735853240670        1.37223407341301
B            1.14976241948528       -1.27713902370379        1.71451959532568
B            2.25203697035619       -3.74972294343221        1.73876632135490
B            2.60120879313435       -0.53400937395645        1.71259102120954
B            1.28645725100131        0.33125368142354        1.97539513546867
B            0.79910298915189        1.99985463975918        2.23366252043649
B            0.26140787335366        3.09984421631471        1.14231999502111
B            2.18651441898121        1.57064721039791        1.42875095410484
B            0.93214855821166        2.17487657134992       -0.05216779819121
B            3.37604238595504       -4.29872788698453        2.83361752185487
B            3.69203278283489       -2.98471679186574        1.90345260669783
B            3.98871493200350       -1.47128847156154        1.45476365164007
B            4.65829942885235       -3.37457815367935        3.09594675167748
B            5.27130242864439       -0.64650337276808        0.72953319411054
B            4.09040684304488        0.16564947976279        1.47189489438382
B            3.74630667547167        1.82827247157919        0.88730813572500
B            2.53238212776169        2.19711073785196       -0.18440769555024
B            5.25668635667426        1.10347470795636        0.83730925456820
B            4.00513046473962        2.27249433638778       -0.64460543545554
H           -5.65507267191473       -3.03105766448107        0.56542523832978
H           -5.13497750614205       -1.92697193711870       -1.09582087652058
H           -3.44628537840115        0.07426502453704       -2.68386057524230
H           -6.20270121184443        1.37217532330605        0.46534789340609
H           -4.61631508306210        3.64648828102782       -0.95138441974101
H           -4.09146960113622        4.49960338187920        2.01868645470614
H           -2.31351205410962       -5.02443295380053        0.15886449219383
H           -0.88483683192529        5.01057452029290       -0.05424598272534
H            0.92748389692595       -5.49120799527262        0.68420750370625
H            0.29081133521412        1.45039019676416       -0.72980724476704
H            3.16775493634503       -5.28031950850081        3.43456073629797
H            5.60557585170691       -3.15308492752053        3.73650527510647
H            6.23797830003602       -1.15954437609420        0.31752250887977
H            6.28453473773768        1.65533345119824        0.97176231948253
H            4.77247311124949        2.49923948014238       -1.49386872921851
87
 energy: -121.941177586593 gnorm: 0.004598749924 xtb: 6.7.1pre (5071a88)
O           -0.20215904829612        2.25464304498676       10.50440658992976
C           -0.18449226522043        1.87014468124883        9.30091975236414
C           -0.07400506967290        0.46460153441833        9.01112261126757
O           -0.00074074755044       -0.32359470626811       10.11570378445518
C           -0.05028839662497       -0.00704233606290        7.71938286467427
C            0.07878647378319       -1.38154616898694        7.28818169129625
C            0.29217840866387       -2.43734760775235        8.18213235315233
C            0.44877862269904       -3.72655369590237        7.71541709040997
C            0.39075106570743       -4.00276321144827        6.35835235781810
O            0.55479315699576       -5.26751241664420        5.83344309071550
C            0.15438117490048       -2.96122731453494        5.45358644808707
O            0.07445916960550       -3.20915025036375        4.11747943884985
C            0.00735838582007       -1.67164544976183        5.91676005788616
O           -0.14242473530719        0.87486450319601        6.66761326281175
C           -0.24130251709520        2.20464354467393        6.87615122538356
C           -0.31610202183151        3.02372612067870        5.75983869692731
C           -0.41469484368309        4.39977713244140        5.93370534839966
O           -0.47923333739631        5.16454435450848        4.81415693317579
C           -0.44112775665966        4.96134800724352        7.20567566820550
C           -0.36617815717027        4.14970273352195        8.32944747855899
O           -0.38837629219298        4.68182244927566        9.55510376750497
C           -0.26376096443088        2.75004409654910        8.16635378893408
H           -0.05696738474938        0.31618448324434       10.85749303977687
H            0.34183371399072       -2.24324391325954        9.23838745328359
H            0.62074812998347       -4.53486711130959        8.41387603224155
H            0.71275342888522       -5.88260406490217        6.55679267768613
H            0.29355171556266       -4.13672644672258        3.95898434106919
H           -0.16853482936602       -0.88540773835820        5.20406790326309
H           -0.30179190173648        2.60700239403088        4.76643546422353
H           -0.55282473292491        6.09397386529550        5.05717614354129
H           -0.51946615835121        6.02998234468215        7.34023771536241
H           -0.32503713596300        3.91984610112399       10.19695555757281
B           -4.76931956174763       -2.54843820964180       -0.00943276519028
B           -4.06339284373173       -1.26277188797859       -0.62545055659255
B           -3.22001253496367       -0.19275878500056       -1.56329812535704
B           -3.16802718532962       -2.71840088289760        0.03634833826941
B           -2.24094694644797        0.10548312952412       -0.39936734362955
B           -4.03067158007527        0.32956106023553        0.05088057832536
B           -5.06718991989911        1.55267094258003        0.21060124027574
B           -4.45394061673573        3.04860503786347        0.06456223455985
B           -2.80678888818665        0.43417721772347        1.13219253006860
B           -3.59575200956241        3.73595216496859        1.26376564488272
B           -2.04609358331514       -3.91149994969652        0.28406965002093
B           -1.66479718199363       -2.37671997113794        0.50771521700046
B           -1.46304874507180       -0.76683424916859        0.75414342065192
B           -0.49483759960951       -3.46922182205570        0.77451638394230
B           -0.24273667254330       -0.36965646304796        1.79748011660560
B           -1.67968538029873        0.13543368723436        2.32906987277860
B           -2.02066431169790        1.69817007574846        1.85069281513084
B           -2.11385795083505        3.14689916428452        1.21880852626090
B           -0.58445522100701        1.24618979662534        2.61901865135505
B           -0.83829635887567        4.03832067000340        0.63797944404461
B            0.87895164738174       -4.39608026762266        1.02176963081019
B            0.90929247890657       -2.83631528398971        1.34923261350002
B            1.14721642625038       -1.29748402503830        1.69396968509694
B            2.24135025282743       -3.76891143664251        1.73447603464213
B            2.59754159503756       -0.55482501354575        1.70565430036489
B            1.28074067448109        0.30865822667146        1.96661805885845
B            0.80138804692922        1.97915860943605        2.24307353463113
B            0.26419118048431        3.08545846193491        1.15917033396259
B            2.19111068159138        1.54801090045427        1.44103768389240
B            0.94088730962804        2.16222759319204       -0.03402282740976
B            3.34943536020564       -4.30960577208325        2.85248340549400
B            3.67992578089306       -3.00638788284886        1.91182414642107
B            3.98856584102564       -1.49590275272867        1.46655990329192
B            4.62302340760618       -3.38019529549424        3.12822296341024
B            5.28092233594199       -0.67459225071410        0.75702311222171
B            4.09204996361507        0.14022395729711        1.48104461259364
B            3.75382585201827        1.80546473418437        0.90181142512567
B            2.54153232531403        2.18740451186270       -0.16736768996380
B            5.26285218559184        1.07817390504503        0.85893394673236
B            4.01388880405628        2.26057901804825       -0.62676322380702
H           -5.65528337027252       -3.03836107210188        0.57893355875295
H           -5.14719325652470       -1.93672019141771       -1.09057256874093
H           -3.47048378591848        0.07233721352054       -2.68285250250163
H           -6.20737250634040        1.37049631367044        0.47045776252011
H           -4.60698004845879        3.63589379857125       -0.94665068011638
H           -4.07990693716050        4.49199548529867        2.02277286346605
H           -2.31747163687508       -5.03842055289380        0.11514018559237
H           -0.87990796003237        4.99227880136541       -0.04470907288907
H            0.92544096588551       -5.51400795392851        0.67592618062115
H            0.30092877683308        1.44084211939928       -0.71629717965558
H            3.13034832392330       -5.29209300250400        3.44920162929270
H            5.55861557501681       -3.14869383619490        3.78223932976112
H            6.25591548353840       -1.18515235748113        0.36183790553822
H            6.29127069896346        1.62830979921847        0.99216341497083
H            4.78438246880175        2.48990981311917       -1.47241897886750
87
 energy: -121.941389253395 gnorm: 0.004367678210 xtb: 6.7.1pre (5071a88)
O           -0.18043997902300        2.26739955418229       10.50572952638849
C           -0.17028039298679        1.88937929104103        9.30026268959857
C           -0.06558289061913        0.48395411164515        9.00459395842482
O            0.01089981653534       -0.30738935744821       10.10663202997127
C           -0.04866505738682        0.01748775518849        7.71131546838798
C            0.07707301906355       -1.35478797265868        7.27304042903696
C            0.30450099162011       -2.41313900676781        8.16010302019148
C            0.45519297472689       -3.70085590463196        7.68712300964238
C            0.37887083569303       -3.97257883522734        6.33005842403212
O            0.53207937245364       -5.23589171940967        5.79809155424832
C            0.13394461672139       -2.92688137942457        5.43184363334678
O            0.04065911215181       -3.16943208602383        4.09525156550037
C           -0.00969977297001       -1.63946860355510        5.90135187722348
O           -0.14474207536484        0.90411821299120        6.66314791138117
C           -0.23523475180884        2.23322541997406        6.87702779907135
C           -0.30800732148364        3.05683475048705        5.76432220570121
C           -0.39858648419761        4.43306780862778        5.94331704911485
O           -0.46053003646914        5.20392552681874        4.82817599378913
C           -0.41786821980212        4.98946554728209        7.21757661110597
C           -0.34344139853145        4.17351069684321        8.33823688636992
O           -0.35744735822687        4.70287324734160        9.56557816478576
C           -0.25000604579734        2.77398279359056        8.16988748386124
H           -0.04014795104704        0.33167901247704       10.85015026794609
H            0.36963974177463       -2.22160521010619        9.21583404796531
H            0.63789244020080       -4.51171391368021        8.37946067091732
H            0.70238127736700       -5.85401432933592        6.51594769044527
H            0.26044109767403       -4.09553562184238        3.92929343615475
H           -0.19377206801084       -0.85111415214333        5.19277690694824
H           -0.29900948353940        2.64481220982341        4.76895908172691
H           -0.54064762202708        6.13141772210200        5.07717351240512
H           -0.48994934287887        6.05809046210247        7.35615360961480
H           -0.29595184521686        3.94069832717795       10.20596280305946
B           -4.77490006792310       -2.55611803019461       -0.00349888106024
B           -4.08092532793200       -1.26822676849366       -0.62453306416852
B           -3.23814843747498       -0.19790996547869       -1.56315007012087
B           -3.17300079190766       -2.73269192165754        0.02620352387483
B           -2.24967550722383        0.09225791297085       -0.40447369825410
B           -4.03849582894713        0.31993837268573        0.05335926139121
B           -5.07028590520147        1.54698984500889        0.21750085602698
B           -4.45083554398829        3.04036038971400        0.07280972374442
B           -2.80950578034170        0.41823052399211        1.12955074235180
B           -3.58990869006538        3.72294528916818        1.27202851702293
B           -2.04995367099267       -3.92763294655612        0.24898720067999
B           -1.66625283532544       -2.39501198166799        0.48616517185194
B           -1.46936383114753       -0.78560853878053        0.74145756214739
B           -0.49747596827102       -3.49111496879062        0.74703111619209
B           -0.24785784841417       -0.39487281494256        1.78775095458604
B           -1.68115661052163        0.11065133593766        2.32334923615456
B           -2.01814126410145        1.67612875546380        1.85263642434425
B           -2.11024499654249        3.12764673041830        1.22784154866569
B           -0.58018827982167        1.21546627192529        2.61698834791343
B           -0.83370273628779        4.01897640726758        0.65023522303467
B            0.87234788411149       -4.41823270141361        1.00585692517445
B            0.90206251695857       -2.85668410288699        1.32814427607969
B            1.14346148535901       -1.31929779370601        1.67494485513956
B            2.22932928590696       -3.78986853124775        1.72972871431213
B            2.59310899010700       -0.57753088907309        1.70118250421266
B            1.27471110955079        0.28508391764792        1.96009824877238
B            0.80427246117685        1.95750017537868        2.25268824415715
B            0.27031069391116        3.06832434954548        1.17393102659944
B            2.19503331251574        1.52354565513384        1.45316803821209
B            0.95025997043708        2.14683537079999       -0.01916895777055
B            3.32194563893051       -4.32166040968779        2.86978385741648
B            3.66694552472563       -3.03021678476003        1.91853414502335
B            3.98653198342115       -1.52183058859961        1.47876540586214
B            4.58780603789135       -3.38675143275011        3.15740315651438
B            5.28896041976754       -0.70273564657624        0.78610918930292
B            4.09196111400787        0.11364898546000        1.49177148763725
B            3.76098003113516        1.78300733555339        0.91861982660797
B            2.55133287362201        2.17482414569237       -0.15031735328277
B            5.26822552975540        1.05205338158192        0.88454342474290
B            4.02428276119012        2.25273853610291       -0.60493518252461
H           -5.65606581339791       -3.04865609851460        0.59006126881783
H           -5.15958465959610       -1.94456691205938       -1.08398743578847
H           -3.49246344969547        0.06967887379251       -2.68101850286553
H           -6.21087480148572        1.36790916104626        0.47801617975488
H           -4.60089815279111        3.62745284321544       -0.93929592342794
H           -4.06765868342335        4.48619214919665        2.02819801287183
H           -2.31928936517839       -5.05227855572724        0.06437469233377
H           -0.87238541178635        4.97238490639365       -0.03358938831282
H            0.92204404513808       -5.53843604695039        0.66864213363863
H            0.31193675838874        1.42899985637701       -0.70672704968029
H            3.09433229511868       -5.30266982116586        3.46622431556771
H            5.51254537085739       -3.14466745152809        3.82346971532178
H            6.27130258365808       -1.21143629344579        0.40790442519732
H            6.29733265221074        1.60004699084825        1.01804619394695
H            4.79965673094155        2.48982917095953       -1.44422948445655
87
 energy: -121.941589266627 gnorm: 0.004133626145 xtb: 6.7.1pre (5071a88)
O           -0.16029375349357        2.28073928086282       10.50571280171153
C           -0.15565238574207        1.90916617711825        9.29851559383774
C           -0.05565764134413        0.50395071916600        8.99691671030112
O            0.02394314554896       -0.29062218783799       10.09643675994994
C           -0.04469843610937        0.04263069073717        7.70220208770416
C            0.07704217225439       -1.32781046600535        7.25740767515199
C            0.31704578857885       -2.38874598484286        8.13749860877217
C            0.46174806187925       -3.67523666547156        7.65860046306900
C            0.36770777305215       -3.94246583378223        6.30187589569866
O            0.51110271839566       -5.20371922477051        5.76258805350229
C            0.11386906252707       -2.89300245615811        5.40992722956849
O            0.00515184174929       -3.13080172942087        4.07376852676211
C           -0.02516921193909       -1.60752760141169        5.88573417397810
O           -0.14435017763419        0.93388970032240        6.65771752789976
C           -0.22814573532221        2.26219516853469        6.87677534873942
C           -0.30074107143409        3.09035351598270        5.76740634770242
C           -0.38321541520490        4.46640357078196        5.95183554601316
O           -0.44390712576377        5.24329626549086        4.84098247348470
C           -0.39460878899917        5.01821204748042        7.22833395792867
C           -0.32153743213876        4.19767737121839        8.34553163175960
O           -0.32876048757250        4.72425168587806        9.57468472270598
C           -0.23612410487654        2.79829731400914        8.17194745708868
H           -0.02120892069971        0.34829385553558       10.84145182305808
H            0.39624820238261       -2.20071910735258        9.19281021403636
H            0.65437734848426       -4.48810423898110        8.34563038985550
H            0.69321882189014       -5.82646245397545        6.47344838073546
H            0.22547115121295       -4.05545100685353        3.90079354701574
H           -0.21791476971753       -0.81719632075782        5.18150694620645
H           -0.29825374731781        2.68323340354216        4.77003061093007
H           -0.52756404428548        6.16917563800543        5.09576348822942
H           -0.45977591432358        6.08667874099958        7.37130259789080
H           -0.26948187986889        3.96132470527923       10.21280525223101
B           -4.78105881584432       -2.56426759526046        0.00076529037685
B           -4.09735461810381       -1.27448393705430       -0.62380301844401
B           -3.25496965874525       -0.20350331198040       -1.56265382486205
B           -3.17918570679809       -2.74689889160697        0.01630303433311
B           -2.25806391437504        0.07775609530051       -0.40840021608114
B           -4.04527359717225        0.31094999278407        0.05577423642602
B           -5.07254227676268        1.54135259014487        0.22570587621350
B           -4.44821916070296        3.03300038890392        0.08310171455576
B           -2.81264371439622        0.40150918502951        1.12811702027662
B           -3.58323599216223        3.71188468762975        1.28061842143159
B           -2.05561089316924       -3.94286910631010        0.21298969710620
B           -1.66882428815238       -2.41383752022907        0.46703250013851
B           -1.47678128452252       -0.80527053218075        0.73136226114954
B           -0.50108926124302       -3.51290239718700        0.72098735372500
B           -0.25299119814220       -0.41874932337464        1.77876066730719
B           -1.68396131273558        0.08655796603145        2.31836299870817
B           -2.01481850994052        1.65446108790171        1.85454374251828
B           -2.10638116770473        3.10891749682948        1.23678682905214
B           -0.57571755101920        1.18399769916916        2.61458615487347
B           -0.82769703381402        3.99875885240517        0.66274757753089
B            0.86364893592452       -4.44105731091151        0.99062500901911
B            0.89415121414756       -2.87759206052663        1.30840282668189
B            1.13906578168785       -1.34167660030648        1.65714195337942
B            2.21653836683676       -3.81175228310742        1.72453038052381
B            2.58853630316913       -0.60134221128544        1.69935548337022
B            1.26903934258131        0.26111725715360        1.95652749404299
B            0.80779388581958        1.93467825878635        2.26144109903347
B            0.27910651907434        3.04971298282498        1.18666200665555
B            2.19882538413171        1.49829168029707        1.46434745263558
B            0.96019762686802        2.13013068039876       -0.00755895123172
B            3.29354941124487       -4.33472482228354        2.88530538571950
B            3.65347622380386       -3.05540861811760        1.92413648713131
B            3.98321713196489       -1.54776376063810        1.49169628350977
B            4.55356267879495       -3.39536118316706        3.18283343061629
B            5.29517431539341       -0.72939061929615        0.81577519336853
B            4.09032063015317        0.08780959114846        1.50429127486462
B            3.76785272718224        1.76216233242632        0.93741616112688
B            2.56171989736895        2.16049658898831       -0.13346200937834
B            5.27301859845884        1.02659029915208        0.91333989300342
B            4.03615788348259        2.24854263496713       -0.58007182630256
H           -5.65774195179146       -3.06096667680696        0.59790770309839
H           -5.17142244080860       -1.95183961844307       -1.07816654593764
H           -3.51215560062828        0.06743898282121       -2.67900701506178
H           -6.21310588060713        1.36461228719254        0.48840635878157
H           -4.59748337448891        3.62049026890683       -0.92925177814403
H           -4.05600170135741        4.47564566712457        2.03838830703581
H           -2.32055534689935       -5.06559348334903        0.01092138199172
H           -0.86312502550100        4.95302450946543       -0.02023465957321
H            0.91673390800632       -5.56341901009378        0.66216861251263
H            0.32363648388210        1.41629870536776       -0.70099518213024
H            3.05762133316304       -5.31186975585674        3.48456143194014
H            5.46817447006760       -3.14309204839833        3.85937743729931
H            6.28346467486900       -1.23669418386309        0.45277648050166
H            6.30284825995989        1.57226622224047        1.04895644346274
H            4.81805924497812        2.49642129698106       -1.41061516355902
