94
 energy: -112.171372877529 gnorm: 0.053257947380 xtb: 6.7.1pre (5071a88)
C            6.29845900000000        0.06806400000000        7.85037700000000
N            5.11270400000000       -0.38873600000000        8.57396200000000
C            5.22127200000000       -1.70967200000000        9.19140500000000
C            3.85500800000000        0.07583300000000        8.16952900000000
C            3.70535700000000        1.24052300000000        7.40135900000000
C            2.44808700000000        1.72230400000000        7.00894800000000
C            1.27411800000000        1.06974100000000        7.39060800000000
N            0.03924600000000        1.56067700000000        6.93649400000000
C           -1.23008200000000        1.06100800000000        7.27008900000000
C           -2.36648700000000        1.70551400000000        6.77723700000000
C           -3.65224600000000        1.21486300000000        7.04725800000000
C           -3.86686400000000        0.04890200000000        7.79789500000000
N           -5.15432600000000       -0.42453900000000        8.07983000000000
C           -6.26821500000000        0.02409800000000        7.24542100000000
C           -5.31249900000000       -1.74632800000000        8.68460200000000
C           -2.70784700000000       -0.58625300000000        8.27907000000000
C           -1.40739500000000       -0.10832600000000        8.01579600000000
S           -0.03539200000000       -1.04577800000000        8.67622200000000
C            1.38713400000000       -0.09858100000000        8.15028800000000
C            2.65958700000000       -0.56753300000000        8.53739000000000
H            6.44664300000000        1.14617700000000        7.97310500000000
H            6.22788000000000       -0.17548500000000        6.78444600000000
H            7.20827700000000       -0.40543900000000        8.23640200000000
H            4.90137900000000       -2.49571700000000        8.49854300000000
H            4.63206400000000       -1.76677500000000       10.11304200000000
H            6.25494300000000       -1.92618700000000        9.48406400000000
H            4.56950300000000        1.81638700000000        7.08481000000000
H            2.40343900000000        2.62163100000000        6.40058400000000
H            0.05260200000000        2.51066100000000        6.59012200000000
H           -2.26988300000000        2.60533500000000        6.17567400000000
H           -4.48598900000000        1.78480900000000        6.64900600000000
H           -7.20757600000000       -0.45590600000000        7.54238300000000
H           -6.43509000000000        1.10110700000000        7.35289700000000
H           -6.09378200000000       -0.21865700000000        6.19130700000000
H           -4.81410600000000       -1.79953300000000        9.65857000000000
H           -6.36796500000000       -1.97007800000000        8.87677800000000
H           -4.92212500000000       -2.52998400000000        8.02600600000000
H           -2.79102200000000       -1.48862700000000        8.87746300000000
H            2.69119100000000       -1.46950100000000        9.14131600000000
B           -4.78060200000000       -2.60451300000000        0.31726600000000
B           -4.56946500000000       -1.35668300000000       -0.64800400000000
B           -4.46386100000000       -0.24738100000000       -1.88294500000000
B           -3.39653100000000       -2.66197900000000       -0.50282700000000
B           -3.03800900000000        0.17760700000000       -1.40477300000000
B           -4.39087200000000        0.34264400000000       -0.19239700000000
B           -5.03101200000000        1.40307800000000        0.81922200000000
B           -4.62009400000000        2.98638800000000        0.99756200000000
B           -2.80885100000000        0.51280300000000        0.19951300000000
B           -3.21855100000000        3.22754000000000        1.79323600000000
B           -2.16113300000000       -3.77582100000000       -0.58434300000000
B           -1.87692800000000       -2.24808400000000       -0.93341400000000
B           -1.69716400000000       -0.61333400000000       -0.83575100000000
B           -0.58444300000000       -3.21898400000000       -0.83504900000000
B           -0.21975100000000       -0.14844800000000       -0.31180300000000
B           -1.39498500000000        0.03581800000000        0.85208700000000
B           -1.77568600000000        1.66211000000000        0.75922400000000
B           -1.89750200000000        3.23698900000000        0.88258400000000
B           -0.21529200000000        1.03720000000000        1.06969500000000
B           -0.75211800000000        4.34800200000000        0.55841700000000
B            0.82650100000000       -4.11287000000000       -0.74004900000000
B            0.92514400000000       -2.50540400000000       -0.74972300000000
B            1.21436400000000       -0.94897900000000       -0.58697200000000
B            2.20066500000000       -3.40258600000000       -0.16816700000000
B            2.62204600000000       -0.19565100000000       -0.29297700000000
B            1.23408100000000        0.55156200000000        0.14260000000000
B            1.12484400000000        2.00092300000000        1.04298600000000
B            0.53660000000000        3.43722900000000        0.61800700000000
B            2.45801500000000        1.67264600000000        0.08749500000000
B            1.21364600000000        3.01707300000000       -0.85296300000000
B            3.22024400000000       -3.85082000000000        1.10442800000000
B            3.62404600000000       -2.65348600000000        0.06373700000000
B            4.02502700000000       -1.12193000000000       -0.23655200000000
B            4.41737600000000       -2.83547400000000        1.42032900000000
B            5.36364000000000       -0.24189800000000       -0.68977800000000
B            4.10411900000000        0.53100900000000       -0.01347700000000
B            4.01809300000000        2.32177500000000       -0.03381000000000
B            2.82183800000000        3.09683300000000       -0.91293000000000
B            5.42200700000000        1.45825400000000       -0.18528800000000
B            4.29611800000000        3.55009000000000       -1.01397900000000
H           -5.16873400000000       -3.09485600000000        1.31067700000000
H           -5.71606300000000       -2.07639200000000       -0.39350900000000
H           -5.26403400000000       -0.12071700000000       -2.74169000000000
H           -5.77109700000000        1.00744300000000        1.66460400000000
H           -5.36451400000000        3.84312500000000        0.67204400000000
H           -3.23430000000000        3.22497400000000        2.97567400000000
H           -2.35929700000000       -4.92623700000000       -0.47322500000000
H           -0.89648200000000        5.47548000000000        0.24425300000000
H            0.82234600000000       -5.24979400000000       -1.02332900000000
H            0.55369500000000        2.69429400000000       -1.78368600000000
H            2.97032300000000       -4.81755600000000        1.71725000000000
H            5.26307400000000       -2.51245400000000        2.15654200000000
H            6.38477800000000       -0.64668600000000       -1.09559000000000
H            6.50319700000000        1.83816900000000        0.06501200000000
H            5.13889000000000        4.25241400000000       -1.41544200000000
94
 energy: -112.177419355252 gnorm: 0.022263419464 xtb: 6.7.1pre (5071a88)
C            6.26446043585927        0.06904065379082        7.85079652326391
N            5.08722106096259       -0.38335648049127        8.57254020916154
C            5.19854210495245       -1.69748698880080        9.17843750759329
C            3.83553911861948        0.07337501089947        8.16590848026944
C            3.69214112454445        1.23472010647914        7.39871609121276
C            2.44314047095664        1.70974590020272        7.02089232343058
C            1.26819956341888        1.05872676205357        7.38937058042029
N            0.03904061481109        1.54676986310732        6.94116339689513
C           -1.22468764794399        1.04958478068090        7.26916530357403
C           -2.36308307818744        1.69279546878212        6.78917995217566
C           -3.63886619273806        1.20925615753575        7.04562572869772
C           -3.84718556446020        0.04650044020756        7.79601833860234
N           -5.12872304593822       -0.41917449848193        8.08025075874817
C           -6.23428807958316        0.02550116076622        7.24825753026570
C           -5.28867032565906       -1.73396348896740        8.67355192494210
C           -2.69324425273025       -0.59062752519861        8.27781111091001
C           -1.41088819050659       -0.10903181942428        8.02076057397753
S           -0.03548066474396       -1.03699466883340        8.67865374158434
C            1.38978806264493       -0.09935868603048        8.15558010478529
C            2.64498386144561       -0.57189195535867        8.53449205447522
H            6.40479486864416        1.14425141399289        7.97712425582440
H            6.20887218987032       -0.16228065704141        6.78086362414973
H            7.15393762048517       -0.41690790110299        8.25615059622407
H            4.88057115864325       -2.49718561048557        8.49952772546401
H            4.60592109822679       -1.74503449329526       10.09353450475676
H            6.23708968843722       -1.88240543949213        9.46066082646921
H            4.55476881628521        1.80133927696823        7.08036237639567
H            2.39156964181307        2.60886391097628        6.42200061284944
H            0.05300167437674        2.48642244752089        6.57272185251069
H           -2.26057487858419        2.59072336407514        6.19558300885583
H           -4.47037284017694        1.76873800139804        6.64368084013796
H           -7.15519134770514       -0.46692102334451        7.56642051204726
H           -6.39362689839303        1.09950296572550        7.36032523432932
H           -6.07410766904510       -0.20425722214835        6.18880525415320
H           -4.78644264319967       -1.77770771438117        9.64144430025980
H           -6.34823512323520       -1.92614204170131        8.85476348404219
H           -4.90141737631032       -2.53151717635602        8.02890625794843
H           -2.77054466912834       -1.49035620294999        8.86955433234365
H            2.67151685743049       -1.47115494148595        9.13123174618817
B           -4.78164430708745       -2.60488758064333        0.31494436094978
B           -4.56904994972026       -1.35616125313240       -0.64907537643440
B           -4.46335825590963       -0.24537880317011       -1.88287200006216
B           -3.39667875002818       -2.66191659025830       -0.50385667571880
B           -3.03754138319410        0.17875373532700       -1.40378767287080
B           -4.39052937013810        0.34300828055103       -0.19177689575784
B           -5.03012087949610        1.40221078842519        0.82173161883449
B           -4.61933400157297        2.98564399226051        0.99994571995373
B           -2.80856211958079        0.51264491569016        0.20085895571788
B           -3.21814063595454        3.22545965779862        1.79665356020372
B           -2.16123805446378       -3.77566060096582       -0.58497376235801
B           -1.87688276503358       -2.24766617024015       -0.93331683773784
B           -1.69719293942426       -0.61300868553231       -0.83471699409410
B           -0.58450557949107       -3.21870673232698       -0.83452703188818
B           -0.21953913666183       -0.14865810620328       -0.31033001421320
B           -1.39469742223449        0.03516994327148        0.85362021869194
B           -1.77511432311967        1.66132811825625        0.76216237702304
B           -1.89741924950767        3.23639324267293        0.88536230499965
B           -0.21476514617169        1.03650119639372        1.07139141018127
B           -0.75252801397960        4.34686173484965        0.55755889285406
B            0.82624712962654       -4.11299470816198       -0.73849433807800
B            0.92521863046520       -2.50537769728610       -0.74898353801592
B            1.21466581074916       -0.94899847830261       -0.58637903295121
B            2.20053770514081       -3.40241582931652       -0.16679021292437
B            2.62225736028776       -0.19575746697164       -0.29221706313422
B            1.23431844263133        0.55129709096654        0.14393156077812
B            1.12508135466091        2.00061621810873        1.04435176257092
B            0.53629163573063        3.43663800230498        0.61943411714322
B            2.45803668277526        1.67248864558227        0.08825529053306
B            1.21310756079812        3.01662821284084       -0.85176876718618
B            3.21994623220877       -3.84979465861552        1.10616809363934
B            3.62407573516094       -2.65352831115208        0.06493363473544
B            4.02533377314833       -1.12207552071676       -0.23664901751038
B            4.41670153801189       -2.83400310259210        1.42201358347966
B            5.36356626595772       -0.24195206590161       -0.69072800600445
B            4.10438284049136        0.53090738473992       -0.01356750155683
B            4.01817043674617        2.32164105856344       -0.03438544745772
B            2.82134884671089        3.09666171606803       -0.91286409235433
B            5.42197530553241        1.45827490499750       -0.18667027367167
B            4.29559478242515        3.54969315742031       -1.01539830376788
H           -5.17047990626056       -3.09553026070233        1.30776312308167
H           -5.71619809501465       -2.07685728865850       -0.39719105275536
H           -5.26322042168078       -0.11755157526999       -2.74181830560946
H           -5.77187490543584        1.00614859763645        1.66554519386875
H           -5.36364353771016        3.84239012160538        0.67374494789935
H           -3.23440755099214        3.22449463086621        2.97891525392478
H           -2.35960173608002       -4.92619302733036       -0.47457866628024
H           -0.89652643306113        5.47541959945045        0.24723486531747
H            0.82221417489287       -5.24979920974439       -1.02190470858958
H            0.55318789856874        2.69433315625363       -1.78267154084583
H            2.97072734723275       -4.81639382462774        1.71940638937413
H            5.26364177679065       -2.51181434140022        2.15712387006354
H            6.38467785071505       -0.64693931689186       -1.09649712775790
H            6.50341286264651        1.83850355493331        0.06275969680365
H            5.13795334474029        4.25226239848962       -1.41755412497094
94
 energy: -112.179149744594 gnorm: 0.006296269617 xtb: 6.7.1pre (5071a88)
C            6.23056073070798        0.07458470537980        7.85201333354907
N            5.06066382760639       -0.38104464863972        8.57047927642876
C            5.16885678362476       -1.68925237513808        9.17240332248939
C            3.81458154348326        0.07092079703936        8.16204144882295
C            3.67770450147117        1.23112553057378        7.39419134032055
C            2.43369350427621        1.70303078987896        7.02558776627877
C            1.25881577294450        1.05205179530169        7.38670231537959
N            0.03896328236079        1.53940138258321        6.94318197166517
C           -1.21561398214525        1.04237989877371        7.26692184424569
C           -2.35435677193490        1.68505318747527        6.79284977951234
C           -3.62408960986584        1.20475538134739        7.04055419900015
C           -3.82603238484951        0.04370447749735        7.79339581169347
N           -5.10204264414086       -0.41707803143398        8.07951542374286
C           -6.20059865663779        0.03143819033031        7.25137094906890
C           -5.25891388341274       -1.72550494743260        8.66973383858256
C           -2.67700132064168       -0.59717589608050        8.27730291821353
C           -1.40728638428730       -0.11204366711068        8.02197087405269
S           -0.03565037489833       -1.03890796589651        8.68347483624245
C            1.38577737076248       -0.10250141539767        8.15643166121598
C            2.62860905731259       -0.57837937298546        8.53237466345544
H            6.36168139597860        1.14924160613652        7.98047643858795
H            6.18235536996223       -0.14856709528133        6.77917621464221
H            7.11081674560123       -0.41452159495906        8.26404510720374
H            4.85406418407661       -2.49655142215902        8.49960548475486
H            4.56800583975079       -1.73234570640814       10.08022595358106
H            6.20633359759892       -1.86115786406733        9.45377364120614
H            4.54130818625251        1.78917139986626        7.07531764606018
H            2.37222960901574        2.60407318930998        6.43324573493837
H            0.05401090191961        2.46432841435044        6.53924147596173
H           -2.24265524651965        2.58394376542219        6.20540461301802
H           -4.45619322819728        1.75491498344055        6.63676169753703
H           -7.11295574881529       -0.46432330123501        7.57665111143854
H           -6.35086719646128        1.10485025586956        7.36715915913643
H           -6.04697613878047       -0.18933947966886        6.18839413994558
H           -4.74803747547685       -1.76450600526163        9.63133137868769
H           -6.31748053586252       -1.90452350125862        8.85001735677915
H           -4.87522055443325       -2.53106053795533        8.03135148738570
H           -2.75024513882134       -1.49648819185964        8.86463917204054
H            2.65163201602354       -1.47740706826649        9.12408887046330
B           -4.78362496842852       -2.60550804984425        0.31034511314081
B           -4.56856831216303       -1.35512628657532       -0.65111488536992
B           -4.46190246617542       -0.24171458356224       -1.88258110086562
B           -3.39704786521740       -2.66164614836769       -0.50606959515750
B           -3.03636144020773        0.18093751532355       -1.40150595691540
B           -4.38987158622602        0.34341951883265       -0.19040863101873
B           -5.03040523305412        1.40086381907505        0.82436893270119
B           -4.61826818465594        2.98378110091555        1.00455862374505
B           -2.80800221489126        0.51219985922851        0.20379534109562
B           -3.21747261470427        3.22391522007332        1.80187174388556
B           -2.16154102655893       -3.77527433645848       -0.58634269963130
B           -1.87676611407030       -2.24690076878404       -0.93321358404771
B           -1.69688321015915       -0.61238911657061       -0.83266336119416
B           -0.58459868888917       -3.21829119530170       -0.83378973052679
B           -0.21904657966172       -0.14902166419993       -0.30762613451669
B           -1.39404721617774        0.03414507204310        0.85643025244449
B           -1.77427392095631        1.66018391661524        0.76706230126408
B           -1.89726552033165        3.23552472693788        0.88988542641741
B           -0.21384423805848        1.03546755902399        1.07436433831963
B           -0.75221163241706        4.34660584108298        0.56486444222104
B            0.82583686408842       -4.11308369203560       -0.73561151449984
B            0.92526246164298       -2.50537683477937       -0.74760471661333
B            1.21515121151316       -0.94914328950403       -0.58497071126864
B            2.20013853030507       -3.40205281141589       -0.16405385047238
B            2.62265635585076       -0.19590805562197       -0.29102816803338
B            1.23483108649465        0.55079573298773        0.14626795311081
B            1.12587473079105        1.99996279598149        1.04680823555838
B            0.53604145942787        3.43542320340332        0.62227976350548
B            2.45810773464222        1.67225637525286        0.08941569854619
B            1.21179681382835        3.01584749349824       -0.84978528351733
B            3.21944957995643       -3.84794461230995        1.10944268872766
B            3.62404337035770       -2.65347783792609        0.06685056641866
B            4.02585838517616       -1.12227487301832       -0.23606095992778
B            4.41867043349006       -2.83411531851463        1.42259163523253
B            5.36351785317718       -0.24228062848319       -0.69188320235607
B            4.10486209938948        0.53086361728781       -0.01385359304116
B            4.01815017887284        2.32151117136060       -0.03557506100758
B            2.82006499154456        3.09648429076638       -0.91251749609685
B            5.42192152959179        1.45844237720321       -0.18951913845556
B            4.29418689346370        3.54916434748608       -1.01776907560802
H           -5.17397332247027       -3.09710852511325        1.30197955363110
H           -5.71674725105984       -2.07688551597090       -0.40321265816426
H           -5.26114050822533       -0.11183088405346       -2.74183115188230
H           -5.77117498041707        1.00330610358801        1.66835467223711
H           -5.36196462254333        3.84077326268602        0.67763807860558
H           -3.23387128230990        3.22150332518080        2.98407049811611
H           -2.36014788488317       -4.92592850542053       -0.47718785088265
H           -0.89689201106263        5.47345340224894        0.24883250716461
H            0.82191234062023       -5.24992192837890       -1.01860535554936
H            0.55154062284176        2.69326679046525       -1.78034079906288
H            2.97072338231200       -4.81400609608503        1.72367687591913
H            5.26234008739670       -2.50811412570602        2.15975805719593
H            6.38430281381998       -0.64722251872297       -1.09856620093163
H            6.50363969037174        1.83911793892443        0.05840592715804
H            5.13593445046146        4.25149616317130       -1.42173101707671
94
 energy: -112.179478409606 gnorm: 0.006191978662 xtb: 6.7.1pre (5071a88)
C            6.21646315997374        0.07813622151410        7.85444488465627
N            5.04815761745708       -0.38200458041528        8.56929941843937
C            5.15067490213967       -1.68851791932383        9.17294728625164
C            3.80507825254984        0.07081150717214        8.15938644791200
C            3.67168138768380        1.23086938369842        7.39045704815163
C            2.42840638882892        1.70313124624104        7.02259061488009
C            1.25423882229711        1.05142199859815        7.38277307366744
N            0.03904873871226        1.53969729101053        6.94076449466326
C           -1.21085670716238        1.04125631230159        7.26278494565934
C           -2.34879147192091        1.68398698363612        6.78829171150496
C           -3.61771934141941        1.20323709417131        7.03508916919927
C           -3.81640839624850        0.04301794303714        7.79044928982926
N           -5.08956911809341       -0.41840978021656        8.07806819857336
C           -6.18681332383678        0.03508175382123        7.25369805938331
C           -5.24141139451576       -1.72469317143640        8.67123040084315
C           -2.66951652721542       -0.59976569874218        8.27502935940933
C           -1.40225478835808       -0.11297718335663        8.01869223789442
S           -0.03571624879063       -1.04218519677997        8.68391870771522
C            1.38085215384148       -0.10335173184771        8.15293216768076
C            2.62112480370132       -0.58082065918932        8.52971095316633
H            6.34175054415951        1.15332129274752        7.98631487704496
H            6.16737646113081       -0.14044320761878        6.78024444803020
H            7.09731226438937       -0.40945814998173        8.26475063025230
H            4.83642503106750       -2.49614797688723        8.49944874582838
H            4.54260759054666       -1.72896969515089       10.07646517128861
H            6.18519758541061       -1.86261138250512        9.46046298593061
H            4.53662210885282        1.78565327410343        7.07168348071067
H            2.36130510399050        2.60522435505873        6.43163625995267
H            0.05506618103392        2.45258182839988        6.50893002101563
H           -2.23151049599295        2.58333109274846        6.20179100571421
H           -4.45105939939586        1.74935893398435        6.63004361310614
H           -7.09961792926588       -0.45944776769618        7.57664943408092
H           -6.33161587474537        1.10899434729352        7.37418342423135
H           -6.03183051810228       -0.18041466513582        6.18940569482875
H           -4.72324736751936       -1.76057867405696        9.62941943859718
H           -6.29768611767733       -1.90565008686327        8.85768802960955
H           -4.85806227410493       -2.53099241277375        8.03266667000206
H           -2.74065370853647       -1.49976346778332        8.86131223007441
H            2.64215859731582       -1.48093350390941        9.11962652780712
B           -4.78561749201034       -2.60613584885091        0.30506062119889
B           -4.56812539805278       -1.35389065306318       -0.65337196628080
B           -4.46018100078627       -0.23745471414040       -1.88198997662032
B           -3.39734894340337       -2.66120864040127       -0.50880156230446
B           -3.03485471051961        0.18321104974069       -1.39882236189018
B           -4.38890048113359        0.34361451358590       -0.18831841735334
B           -5.02888600487753        1.39910620745502        0.82884956524990
B           -4.61721650498706        2.98202904938979        1.01030521871363
B           -2.80719505330578        0.51095990665349        0.20727336112361
B           -3.21668162160560        3.22132185652754        1.80844374570986
B           -2.16182321683346       -3.77487844040673       -0.58809284713255
B           -1.87636472441406       -2.24622196546821       -0.93320566342212
B           -1.69621548594811       -0.61188735123444       -0.83058347459050
B           -0.58441715231277       -3.21800542642528       -0.83283265169500
B           -0.21839134657587       -0.14941075602628       -0.30488376420788
B           -1.39310351394449        0.03249065254263        0.85946609722916
B           -1.77349452426037        1.65836132933635        0.77204695416792
B           -1.89700947442883        3.23350652195403        0.89573836696094
B           -0.21285107468150        1.03397925068593        1.07780808114775
B           -0.75335830570683        4.34374243798323        0.56300683138780
B            0.82586402013537       -4.11308447085202       -0.73263969399839
B            0.92554683796479       -2.50541480810469       -0.74598265289479
B            1.21566740388648       -0.94925713138612       -0.58343647525831
B            2.20030728480991       -3.40172332509785       -0.16144421480319
B            2.62303582843285       -0.19580754292506       -0.29022472498243
B            1.23543078066571        0.55035253212596        0.14868020194910
B            1.12656876965282        1.99922920215357        1.04954245606499
B            0.53614700061320        3.43476131462665        0.62571080559189
B            2.45830617283887        1.67215674159811        0.09104621787761
B            1.21062651438890        3.01530090438945       -0.84686430341218
B            3.21915457671290       -3.84635605102002        1.11283378225496
B            3.62438754264888       -2.65310765817047        0.06935172322392
B            4.02615406013876       -1.12227791245392       -0.23603111404549
B            4.41247895259809       -2.82671978802162        1.42987857817758
B            5.36327623411130       -0.24250209996584       -0.69369598824939
B            4.10538751440068        0.53093319472265       -0.01449539683750
B            4.01822780156809        2.32147053518465       -0.03670956977617
B            2.81875901604815        3.09614944086267       -0.91194470183320
B            5.42197673405323        1.45866799730100       -0.19256468217251
B            4.29270094555302        3.54853081682916       -1.02020830757081
H           -5.17790303299969       -3.09941961089319        1.29508351876519
H           -5.71731863110752       -2.07623307688959       -0.40926928841668
H           -5.25870828670375       -0.10513565041903       -2.74152456520373
H           -5.77201395566368        1.00072308465695        1.67034701136544
H           -5.36049557519287        3.83929046529530        0.68302238443501
H           -3.23315304693574        3.21971614357281        2.99063381168402
H           -2.36082943338941       -4.92559915945623       -0.48036139051368
H           -0.89776484265466        5.47330687264404        0.25664742199202
H            0.82186844340936       -5.25014908650483       -1.01466524387595
H            0.54937174830200        2.69234908175519       -1.77658570336832
H            2.97021503504918       -4.81135529491313        1.72865947209172
H            5.26731247851514       -2.51104904394674        2.15872556814609
H            6.38380745993669       -0.64767909932067       -1.10078671033810
H            6.50400321533535        1.83972230311749        0.05343988745405
H            5.13378177048528        4.25045925180114       -1.42624542850262
94
 energy: -112.179586861057 gnorm: 0.007243926523 xtb: 6.7.1pre (5071a88)
C            6.20491472986145        0.08117492516514        7.85987543109060
N            5.03595716325102       -0.38388350728342        8.56846072244276
C            5.12996844765484       -1.68926803605067        9.17529127873406
C            3.79650029003861        0.07218043193814        8.15565375757819
C            3.66719674591656        1.23192424043005        7.38503796556529
C            2.42440599831317        1.70494145618504        7.01500575312027
C            1.25071454694496        1.05245037185671        7.37474075249149
N            0.03927179829703        1.54279757969119        6.93481584102792
C           -1.20673410671337        1.04144741573939        7.25387968242502
C           -2.34397099513725        1.68379353219219        6.77761541934318
C           -3.61265385523398        1.20205025085508        7.02601507063757
C           -3.80767235713871        0.04328825189260        7.78518187544148
N           -5.07756090961926       -0.42100320482872        8.07575489945688
C           -6.17593573737458        0.03807086778851        7.25771459284674
C           -5.22196477361219       -1.72539975883627        8.67416526101557
C           -2.66227984110511       -0.60063039097825        8.26955389112992
C           -1.39596674573182       -0.11274499648782        8.01074226628452
S           -0.03567524061137       -1.04453014033971        8.67981030607427
C            1.37496727798647       -0.10284014526787        8.14500312104314
C            2.61398861877666       -0.58134456569163        8.52438500886065
H            6.32542581415891        1.15660422358642        7.99845867783021
H            6.15394874047624       -0.13046669347854        6.78389173730309
H            7.08732425420604       -0.40603751973654        8.26667804699770
H            4.81561163970942       -2.49578959848665        8.49966801139262
H            4.51320215050248       -1.72599420431004       10.07389057778999
H            6.16063761994111       -1.86914676435561        9.47227135421784
H            4.53368865258860        1.78427400715257        7.06700450601833
H            2.35200368634811        2.60720893556215        6.42381471992733
H            0.05669262150652        2.43777219936092        6.46496125582672
H           -2.22118669660937        2.58252865661978        6.19010023081366
H           -4.44745013497712        1.74457950895806        6.61968830197786
H           -7.08996721318681       -0.45657637744867        7.57614231582558
H           -6.31673787075681        1.11214376432475        7.38650792038884
H           -6.01847995370972       -0.16936149817782        6.19170556764962
H           -4.69521301149506       -1.75670115101357        9.62861831582272
H           -6.27540746876566       -1.91169678376053        8.87002173377863
H           -4.83811302137955       -2.53131501832108        8.03451549864190
H           -2.73010029008536       -1.50129170948456        8.85550697863665
H            2.63168273714814       -1.48279050812083        9.11270538601296
B           -4.78925037688927       -2.60706730953632        0.29614195540672
B           -4.56749997514436       -1.35158025428190       -0.65701874167131
B           -4.45683371791273       -0.23028518610266       -1.88093172121739
B           -3.39830336456997       -2.66044649010025       -0.51350464695965
B           -3.03194838380832        0.18708014937403       -1.39397346167568
B           -4.38714813255663        0.34406266424084       -0.18479961166671
B           -5.02852620447883        1.39665438711168        0.83433161343720
B           -4.61582197346248        2.97886754864330        1.01918123767704
B           -2.80568847371313        0.50939451872075        0.21343763897223
B           -3.21568063088115        3.21774734377894        1.81817546508402
B           -2.16284868847448       -3.77422018920112       -0.59137279788700
B           -1.87624330573810       -2.24499519443680       -0.93330619113597
B           -1.69489822777863       -0.61102571377600       -0.82660667120029
B           -0.58482378780046       -3.21750417060730       -0.83181203556589
B           -0.21707720040306       -0.15021510003987       -0.29985979637754
B           -1.39142194105505        0.03019155338274        0.86486919684425
B           -1.77176332698002        1.65601966913548        0.78026376900758
B           -1.89656327916675        3.23115976077345        0.90493787260324
B           -0.21092451804670        1.03164072331613        1.08376587987787
B           -0.75268742091858        4.34308778030002        0.57860124509435
B            0.82494684174142       -4.11306450452598       -0.72690369240645
B            0.92508088211426       -2.50543467090871       -0.74308309760417
B            1.21672605116468       -0.94967386430604       -0.58050834640580
B            2.19877607329041       -3.40075638774609       -0.15556529150908
B            2.62416520119283       -0.19643847080984       -0.28751976920376
B            1.23677129858723        0.54913743767668        0.15317062674424
B            1.12837362100890        1.99756734758159        1.05446903172335
B            0.53621907887954        3.43256357804676        0.63197157605888
B            2.45868286634801        1.67160625990646        0.09354947988770
B            1.20792006182345        3.01367998910929       -0.84231278428718
B            3.21799351318235       -3.84238467715755        1.11952832478099
B            3.62399881595328       -2.65312680623998        0.07174744457719
B            4.02765660279984       -1.12281823845336       -0.23286059664893
B            4.43178596496923       -2.84100432556202        1.41849888983909
B            5.36327096727466       -0.24334031541619       -0.69530487177832
B            4.10656655470164        0.53091421958355       -0.01469327923695
B            4.01809078189812        2.32129338561600       -0.03883962535063
B            2.81593435724370        3.09534804162549       -0.91097075982268
B            5.42198341415018        1.45913675789790       -0.19792608651961
B            4.28958907929904        3.54732282018297       -1.02457059155277
H           -5.18471293203285       -3.10354191937795        1.28331451395281
H           -5.71847062263466       -2.07437866247204       -0.41904643937892
H           -5.25409215272960       -0.09376141397590       -2.74097743178385
H           -5.77093338744087        0.99589477957745        1.67527288422320
H           -5.35862425266808        3.83684238929405        0.69288874106602
H           -3.23208915498219        3.21474836919053        3.00042523346478
H           -2.36228780409184       -4.92506992984777       -0.48598059058504
H           -0.89899620338501        5.46916889220283        0.26066177068177
H            0.82118714886930       -5.25063940232813       -1.00682445608138
H            0.54505199580729        2.69062338057970       -1.77083753887379
H            2.96880080810933       -4.80624181992220        1.73703905968839
H            5.25193070528949       -2.49036939438890        2.17176994656745
H            6.38294872704121       -0.64818772493771       -1.10485342735472
H            6.50454319436439        1.84112951330573        0.04416840732764
H            5.12947952225776        4.24872482946618       -1.43397148631059
94
 energy: -112.179757862595 gnorm: 0.005009009869 xtb: 6.7.1pre (5071a88)
C            6.20511648806115        0.08115493557010        7.86481350666128
N            5.03348251628883       -0.38491674091814        8.56888260665705
C            5.12274146019375       -1.69049407959032        9.17748561868687
C            3.79563442742806        0.07401016691018        8.15337188987973
C            3.66803864899363        1.23334710803130        7.38165968370414
C            2.42546061626094        1.70658847397129        7.00796546473037
C            1.25130767553875        1.05413389358037        7.36742884578742
N            0.03951678920512        1.54620427566924        6.92884392746501
C           -1.20665347402439        1.04251796999513        7.24551659203405
C           -2.34422108762583        1.68397984702527        6.76796420347350
C           -3.61308278709824        1.20179801041710        7.01943511099544
C           -3.80673143041560        0.04422371187590        7.78096104854350
N           -5.07535485175166       -0.42263361764332        8.07430154270674
C           -6.17675922913402        0.03784051237073        7.26069409244306
C           -5.21566887445965       -1.72666439338976        8.67595630354868
C           -2.66078704676151       -0.59882763764201        8.26418709081996
C           -1.39368818273590       -0.11135633339406        8.00320099671135
S           -0.03552840466645       -1.04341725834149        8.67291359273003
C            1.37311925975622       -0.10113156091256        8.13788177470073
C            2.61263155867725       -0.57919368820952        8.51979642828736
H            6.32656148510367        1.15604062174840        8.00867886180599
H            6.15379696552617       -0.12594159786519        6.78789989773635
H            7.08772341060890       -0.40837006494743        8.26965047632862
H            4.80786475122750       -2.49571187299136        8.50043884730637
H            4.50294621966189       -1.72523343800519       10.07439003632173
H            6.15181588992699       -1.87449654651727        9.47920586710208
H            4.53506848384808        1.78603252667324        7.06474691156320
H            2.35286534853063        2.60785037046618        6.41509306833684
H            0.05769599108967        2.43063734147039        6.44074987844984
H           -2.22091273149762        2.58129896312138        6.17816003205058
H           -4.44840194805083        1.74396412286850        6.61299385411841
H           -7.09077748238799       -0.45946315035878        7.57658753020373
H           -6.31912424302662        1.11127614731658        7.39539055741418
H           -6.01869836438763       -0.16431773662821        6.19368409434087
H           -4.68614063569084       -1.75530256117692        9.62925948855054
H           -6.26805900766977       -1.91675245165310        8.87640538896210
H           -4.83103060369720       -2.53183333593901        8.03573452587086
H           -2.72638880616909       -1.49931801005130        8.85096740736744
H            2.62791665874757       -1.48091662758739        9.10806485009002
B           -4.79144530101244       -2.60789968333035        0.28964592354114
B           -4.56671478052477       -1.34997092901406       -0.65958892138834
B           -4.45428486874876       -0.22513024058952       -1.88003126258654
B           -3.39853066992393       -2.65994895608128       -0.51690295329097
B           -3.02974399049469        0.18985713953832       -1.39032141835768
B           -4.38584543194390        0.34429594580712       -0.18206218088653
B           -5.02818843171531        1.39491543238445        0.83840632505181
B           -4.61489851466893        2.97659852823975        1.02618046940123
B           -2.80460651385602        0.50795234615039        0.21814518579656
B           -3.21495539395129        3.21530935974951        1.82559583485767
B           -2.16305573423588       -3.77382788852559       -0.59378015536213
B           -1.87559194503945       -2.24422757300650       -0.93321253727017
B           -1.69388467706441       -0.61047947629534       -0.82370007502931
B           -0.58433740582458       -3.21722929166192       -0.83072721086669
B           -0.21618736894918       -0.15076480463396       -0.29627621623047
B           -1.39015813958726        0.02829918403263        0.86891108557473
B           -1.77068651218277        1.65409827184221        0.78643072634431
B           -1.89629541364262        3.22915640476307        0.91189032265123
B           -0.20959426486201        1.02977983601117        1.08827613331963
B           -0.75266060691266        4.34179071602936        0.58697477423958
B            0.82540391405473       -4.11304144113420       -0.72361524771757
B            0.92569614658084       -2.50558510593838       -0.74130410829850
B            1.21734797389654       -0.94981658521358       -0.57880769077624
B            2.19964470417765       -3.40048022926398       -0.15301608882536
B            2.62455657093402       -0.19622787245933       -0.28706160912372
B            1.23758342105728        0.54844109965884        0.15624978404165
B            1.12954870039361        1.99633450732670        1.05820631352545
B            0.53631402146199        3.43112858548118        0.63678933122526
B            2.45889456826555        1.67143779443720        0.09556353056141
B            1.20597172208250        3.01277855280332       -0.83864887041788
B            3.21757709601180       -3.84070688362015        1.12354228690033
B            3.62477043899699       -2.65242459466480        0.07539807860584
B            4.02777708391005       -1.12273929970503       -0.23377830072664
B            4.41312231657310       -2.82213581372042        1.43613402580770
B            5.36307720354647       -0.24364731609362       -0.69768630868407
B            4.10719679809727        0.53101571572068       -0.01609927397489
B            4.01798204804544        2.32127607318747       -0.04028860687579
B            2.81386362354775        3.09495665874055       -0.90999687722286
B            5.42194559875625        1.45956723630017       -0.20200084244309
B            4.28728674319486        3.54667096784031       -1.02745235377748
H           -5.18929980396177       -3.10683374952089        1.27464692268774
H           -5.71892373008203       -2.07274844934178       -0.42575316631107
H           -5.25068796969374       -0.08534136521557       -2.74033793758418
H           -5.77005377444821        0.99243312332616        1.67895149019695
H           -5.35741724997777        3.83505737444469        0.70064529629209
H           -3.23128130309605        3.21087593989972        3.00786347279707
H           -2.36307562578979       -4.92474739862815       -0.49032204003622
H           -0.89998121554914        5.46688460244160        0.26597942703766
H            0.82136143768594       -5.25106506458049       -1.00172481158676
H            0.54181360398372        2.68935770825024       -1.76611661531126
H            2.96769672618342       -4.80286894156786        1.74345393896011
H            5.26634005385897       -2.50353599759552        2.16496340529062
H            6.38252980190862       -0.64869477894031       -1.10757785739098
H            6.50480480060234        1.84214189776264        0.03774415011355
H            5.12633206650892        4.24755643285660       -1.43945859095710
94
 energy: -112.179864094066 gnorm: 0.002889563753 xtb: 6.7.1pre (5071a88)
C            6.21001822056393        0.08008101102268        7.86977304063058
N            5.03497696082769       -0.38473237211203        8.56996014704085
C            5.12194044383414       -1.69068623812790        9.17900485944842
C            3.79797674621880        0.07562210746315        8.15120578855239
C            3.67112428533360        1.23427879519990        7.37850855475350
C            2.42905581465417        1.70702940328831        7.00088025039306
C            1.25362747351632        1.05555313459769        7.35935704441890
N            0.03982147638494        1.54893647566029        6.92203260819248
C           -1.20821943034731        1.04338003888456        7.23620225858354
C           -2.34702313414217        1.68315287353523        6.75827835798337
C           -3.61580212497517        1.20126584740660        7.01305210585258
C           -3.80904039761838        0.04496978944162        7.77642512240387
N           -5.07720973922674       -0.42307585217234        8.07304428866451
C           -6.18234731372862        0.03641119392236        7.26319639575831
C           -5.21564349289816       -1.72694766328962        8.67640515656342
C           -2.66151562691103       -0.59605548927802        8.25825810285717
C           -1.39394061257970       -0.10935830137651        7.99555108094169
S           -0.03534697651604       -1.04015925602996        8.66414694072827
C            1.37375711665284       -0.09874618641685        8.13105461563784
C            2.61347334238459       -0.57598909182908        8.51513785902598
H            6.33585746791619        1.15378488494596        8.01815361550776
H            6.16085939695354       -0.12321132379872        6.79225707174857
H            7.09038248120430       -0.41437423188146        8.27454254838204
H            4.80677293366997       -2.49544197955109        8.50186912323628
H            4.50244711996984       -1.72446390585352       10.07585963906574
H            6.15081841527632       -1.87617616054844        9.48146918799139
H            4.53832629793596        1.78827287022549        7.06328920371950
H            2.35936987313412        2.60699394721578        6.40621500223666
H            0.05846513810466        2.42640534871248        6.42582198750671
H           -2.22626302576831        2.57881911293544        6.16597218209394
H           -4.45132446024047        1.74419256247012        6.60728370218435
H           -7.09408231430397       -0.46607002446026        7.57884274267289
H           -6.32964060001397        1.10855025349114        7.40249756864695
H           -6.02634458527741       -0.16136666781345        6.19529063507911
H           -4.68678477948608       -1.75392949851143        9.62986798394185
H           -6.26800663081669       -1.91824316324949        8.87736887263717
H           -4.83053749835203       -2.53220526761158        8.03692865959940
H           -2.72553872844405       -1.49559957508250        8.84657915146682
H            2.62686775553274       -1.47707740497682        9.10430451109741
B           -4.79348832895205       -2.60864192016932        0.28392065321578
B           -4.56619254755542       -1.34839549451643       -0.66164333380313
B           -4.45211414401144       -0.22023529616843       -1.87879360493766
B           -3.39897047986879       -2.65941542156000       -0.51998037721571
B           -3.02775843204411        0.19225183143674       -1.38676843297492
B           -4.38453788704187        0.34445694410263       -0.17896885799866
B           -5.02589740847345        1.39303364956300        0.84427678946466
B           -4.61387644197343        2.97481064402229        1.03396832521703
B           -2.80355848395595        0.50585594541927        0.22279893972334
B           -3.21399195592817        3.21248684550245        1.83390546976524
B           -2.16360009807284       -3.77347443102746       -0.59629577891985
B           -1.87529989029068       -2.24348686717355       -0.93322057791647
B           -1.69281977644644       -0.61003461678532       -0.82110635405328
B           -0.58428980426732       -3.21693324751641       -0.82991533536984
B           -0.21522980211449       -0.15129040139584       -0.29292027198970
B           -1.38881916762586        0.02596687664828        0.87284230867262
B           -1.76995908764796        1.65155829913072        0.79253371161642
B           -1.89597783519262        3.22615951046684        0.91928367471043
B           -0.20839503607898        1.02771984538018        1.09278636355609
B           -0.75476101318034        4.33668920240893        0.57879179275217
B            0.82531845908523       -4.11291712349252       -0.72036843188832
B            0.92565581017143       -2.50555941938065       -0.73958216142527
B            1.21810108020845       -0.94991247336440       -0.57706040567515
B            2.19941590756845       -3.39987452766829       -0.14997209761643
B            2.62519355852898       -0.19626480147785       -0.28584947889368
B            1.23846843281361        0.54776600815496        0.15938005759780
B            1.13031848243274        1.99527086832290        1.06178813099596
B            0.53666817174730        3.43055381045375        0.64146864680893
B            2.45919999205115        1.67129791934372        0.09797800772262
B            1.20477534727820        3.01238722221761       -0.83431729005322
B            3.21676942530851       -3.83844575015439        1.12762662297837
B            3.62498385659750       -2.65218725652521        0.07758476043567
B            4.02838491746009       -1.12295702720283       -0.23298014837943
B            4.41251241379210       -2.81972499829984        1.43908737936746
B            5.36301923909144       -0.24414583334366       -0.69920346382185
B            4.10800800017039        0.53098938814217       -0.01665035988274
B            4.01806704002389        2.32115253344500       -0.04102995980924
B            2.81240031458918        3.09442517102383       -0.90868419403820
B            5.42202761288497        1.45985053883727       -0.20533453169228
B            4.28553724100185        3.54593299343017       -1.02954268461656
H           -5.19340979646860       -3.11003333459558        1.26683925137599
H           -5.71940737799344       -2.07093919076997       -0.43140052226528
H           -5.24774456887941       -0.07718790965795       -2.73926155721060
H           -5.77121152132134        0.98977296584611        1.68138800956880
H           -5.35625726683866        3.83348181016068        0.70844290518020
H           -3.23035709071421        3.20852985188139        3.01610778948945
H           -2.36409101498020       -4.92448637227875       -0.49482006483210
H           -0.90096679970225        5.46818555821250        0.28033169828597
H            0.82128007427462       -5.25142482054714       -0.99651491243096
H            0.53911050865555        2.68830736664547       -1.76048482332822
H            2.96615897848600       -4.79944998647667        1.74906044963894
H            5.26637743644863       -2.50105710023328        2.16731821740616
H            6.38218888110682       -0.64916511612977       -1.10983099658621
H            6.50530175647405        1.84307249286914        0.03141294026728
H            5.12376083094831        4.24633864839883       -1.44400985343768
94
 energy: -112.180009598548 gnorm: 0.003369627959 xtb: 6.7.1pre (5071a88)
C            6.21520848239814        0.07962330660387        7.87919674452753
N            5.03453372727425       -0.38391761790183        8.57133978812151
C            5.11690285466443       -1.68991828205301        9.18125998386354
C            3.79975707311109        0.07804114785530        8.14610689605787
C            3.67496836128794        1.23518576939523        7.37109251166032
C            2.43406691569287        1.70694514384709        6.98697460048820
C            1.25637866882043        1.05764285961869        7.34345374435606
N            0.04041178859058        1.55300645290048        6.90860910776785
C           -1.20961229185742        1.04430118914720        7.21790844023352
C           -2.35054410663047        1.68043243957430        6.73908635745593
C           -3.61887662064404        1.19914785680889        6.99910990983156
C           -3.81074203336723        0.04559113724569        7.76668252718486
N           -5.07744078416657       -0.42363136900527        8.06975922830381
C           -6.18890558208283        0.03517124603365        7.26778588620653
C           -5.21215507513062       -1.72638090066456        8.67667369091845
C           -2.66093596991440       -0.59210084830742        8.24676694930913
C           -1.39370595731744       -0.10587306759880        7.98122868691997
S           -0.03509991978892       -1.03488357001387        8.64881453469263
C            1.37412290244147       -0.09450158021759        8.11836109922254
C            2.61301847777741       -0.57112087793692        8.50610257758289
H            6.34779918978484        1.15125280654381        8.03653289350842
H            6.17071815971947       -0.11540511289141        6.80021156910948
H            7.09066409806919       -0.42403088736746        8.28410893051596
H            4.80139329220871       -2.49441803690141        8.50436587365380
H            4.49663301019073       -1.72161564892256       10.07724874997746
H            6.14508939188900       -1.87748517008204        9.48523430223352
H            4.54298447505299        1.79031643648366        7.05898011123869
H            2.36893295096958        2.60504838299771        6.38961070437118
H            0.06025175832070        2.41544211747177        6.38934105640874
H           -2.23368986006778        2.57333097864113        6.14249380008057
H           -4.45522911176942        1.74197165911275        6.59411737016823
H           -7.09567575958059       -0.47703278907013        7.58321197385292
H           -6.34400852467501        1.10501198076966        7.41650723071213
H           -6.03727165146528       -0.15309389710925        6.19780108208574
H           -4.68326826520799       -1.74974441090257        9.62987140769774
H           -6.26417432046986       -1.91920778430095        8.87865249048892
H           -4.82631122968348       -2.53257170270071        8.03923412419481
H           -2.72212810656099       -1.48989702998303        8.83780964962432
H            2.62300426965013       -1.47106837149880        9.09678336440653
B           -4.79778686851135       -2.61019843172023        0.27203149190107
B           -4.56491130743301       -1.34501261494732       -0.66570127416269
B           -4.44723188883956       -0.20995297139591       -1.87600799892083
B           -3.39988773139546       -2.65830963366028       -0.52626651929366
B           -3.02335615519179        0.19752144904269       -1.37890944234229
B           -4.38167728686386        0.34491006321271       -0.17245276486218
B           -5.02422878372202        1.38952214085478        0.85398800471595
B           -4.61212135583807        2.97061339746854        1.04812238379945
B           -2.80116577169467        0.50277510862061        0.23280875232510
B           -3.21260935734530        3.20687358463824        1.84911733704838
B           -2.16470461893782       -3.77271136732115       -0.60158046340856
B           -1.87472921070516       -2.24181496784009       -0.93299082659672
B           -1.69064598107575       -0.60895721120822       -0.81495632793426
B           -0.58428692890870       -3.21631501219267       -0.82859174415720
B           -0.21316779521017       -0.15253992123267       -0.28533638504506
B           -1.38603521527027        0.02200912569952        0.88145280528244
B           -1.76745669813745        1.64757027808568        0.80530706981913
B           -1.89515082747911        3.22197847655834        0.93403865045691
B           -0.20545181674895        1.02366036446015        1.10245631791804
B           -0.75439338171051        4.33412868018097        0.59685518522498
B            0.82496875029168       -4.11281941604332       -0.71357368814202
B            0.92548999015566       -2.50566623484106       -0.73612510704955
B            1.21969349898196       -0.95035618156598       -0.57338561261061
B            2.19877976280565       -3.39869669838747       -0.14366542047117
B            2.62664378674590       -0.19675771945232       -0.28323459661697
B            1.24052690545093        0.54583910788763        0.16631486826640
B            1.13284057315234        1.99244783731578        1.06981123112094
B            0.53685621976473        3.42731498078812        0.65180743834100
B            2.45972719993072        1.67060467612985        0.10250104056777
B            1.20095182559095        3.01041243390038       -0.82630628698314
B            3.21489878603591       -3.83359765044462        1.13620801122967
B            3.62534363042265       -2.65186982139094        0.08192863984616
B            4.02996995337229       -1.12360746969938       -0.23114241287094
B            4.41341767834287       -2.81674092490579        1.44340523332970
B            5.36312046275139       -0.24528653215337       -0.70227207007004
B            4.10974788056481        0.53083112781516       -0.01806729096793
B            4.01779473583520        2.32083222851524       -0.04313245070742
B            2.80831257236255        3.09331418983226       -0.90606656987169
B            5.42196302712614        1.46061626615683       -0.21284853294703
B            4.28093175121077        3.54446250424409       -1.03438919547843
H           -5.20202930494870       -3.11674595224536        1.25056234427517
H           -5.72032452097253       -2.06705737410288       -0.44321279918633
H           -5.24118535145862       -0.06031506772156       -2.73690777484463
H           -5.77077692967681        0.98342944010446        1.68860801316232
H           -5.35458811341803        3.83022935212964        0.72525770524373
H           -3.22912234144988        3.20160799115914        3.03131573191143
H           -2.36613784064811       -4.92392975768915       -0.50431634607832
H           -0.90263943399024        5.46351034467738        0.29193708380660
H            0.82084855157999       -5.25228099923209       -0.98574242853004
H            0.53276002566957        2.68610460026609       -1.75054740386785
H            2.96294307197550       -4.79231474166832        1.76065929346657
H            5.26448879972256       -2.49389265585580        2.17332391721342
H            6.38173184743669       -0.65006026556453       -1.11451381251507
H            6.50598952558282        1.84535225841570        0.01790265177790
H            5.11734532718809        4.24422563070574       -1.45360760455706
94
 energy: -112.180137509276 gnorm: 0.003390491894 xtb: 6.7.1pre (5071a88)
C            6.21719479301344        0.08212472404150        7.89169269314725
N            5.02995566416752       -0.38199447740421        8.57184530068231
C            5.10605481064329       -1.68720536729772        9.18397626385097
C            3.79876391507449        0.08049782680129        8.13761939259914
C            3.67733084112472        1.23500427007952        7.35827608822246
C            2.43789704971129        1.70545316460698        6.96636721284724
C            1.25771334378271        1.05900730253191        7.32020076651207
N            0.04127153487843        1.55630182491692        6.88826727130696
C           -1.20913027550271        1.04396310316931        7.19133685521815
C           -2.35224959286405        1.67501067695357        6.71068594837753
C           -3.62004782245377        1.19444663593744        6.97662791228151
C           -3.80966909190889        0.04533189589756        7.75135644414949
N           -5.07380728470054       -0.42391792671022        8.06315300254204
C           -6.19288439456179        0.03628457461483        7.27298887271216
C           -5.20365786472361       -1.72398619910331        8.67645316878755
C           -2.65791105593525       -0.58885645722905        8.23065196590612
C           -1.39216353895159       -0.10248215877575        7.96096096391911
S           -0.03498833218826       -1.02984951031980        8.63040621880821
C            1.37325714534852       -0.09006684846180        8.10045261849942
C            2.60995583594045       -0.56647958629939        8.49365720043658
H            6.35557657842381        1.15137873072211        8.06162332413166
H            6.17882964101882       -0.10061160933450        6.81042884861237
H            7.08646923066054       -0.43216292085475        8.29637965641547
H            4.78995556884681       -2.49184948400557        8.50760866333363
H            4.48270035185012       -1.71559824313069       10.07793403272198
H            6.13269472649275       -1.87762219464680        9.49107187378061
H            4.54717694800133        1.78945761337006        7.04943831614720
H            2.37746841889335        2.60152081923032        6.36545963012260
H            0.06308931638335        2.39636799141786        6.33064946742339
H           -2.23914315427287        2.56442859909293        6.10821330340687
H           -4.45813116473723        1.73469337630473        6.57127963861733
H           -7.09335093141731       -0.48733992825380        7.58750669225575
H           -6.35528655474474        1.10343196396600        7.43539195849755
H           -6.04681745390785       -0.13785333647760        6.19995443920647
H           -4.67288263690955       -1.74147555942730        9.62877543983271
H           -6.25472811791174       -1.91891894273187        8.88073124222066
H           -4.81647808576604       -2.53220021944172        8.04247450640492
H           -2.71606001599023       -1.48423922197144        8.82557802761117
H            2.61604575736161       -1.46483719506785        9.08670700527985
B           -4.80420970400184       -2.61260782283023        0.25400557535983
B           -4.56292377031479       -1.33973083409517       -0.67152920054875
B           -4.43969416344493       -0.19406029140032       -1.87123351974226
B           -3.40124216164683       -2.65652080369168       -0.53579890738206
B           -3.01662585233354        0.20579108899134       -1.36628032859413
B           -4.37738289858896        0.34568778710532       -0.16205595591898
B           -5.02279102467853        1.38424715274442        0.86856281837450
B           -4.60935463766413        2.96375633525235        1.07160507544494
B           -2.79760193243202        0.49795262493928        0.24881182494480
B           -3.21017774539269        3.19856875538444        1.87362264283522
B           -2.16640101094124       -3.77146880325015       -0.61016186547473
B           -1.87384786839287       -2.23907302651574       -0.93255275814164
B           -1.68737370309951       -0.60716197364664       -0.80509504673581
B           -0.58430191514301       -3.21527694609628       -0.82673602476237
B           -0.21002648160889       -0.15447646860176       -0.27321963625570
B           -1.38177584709383        0.01575813585138        0.89522019580313
B           -1.76375144018840        1.64117398750760        0.82593739235793
B           -1.89380268351913        3.21524621471244        0.95746963159272
B           -0.20091401911151        1.01726415948751        1.11787286349617
B           -0.75420996853864        4.32912377515912        0.62125064300314
B            0.82435022527807       -4.11266144083231       -0.70322216462061
B            0.92512444529794       -2.50579632100527       -0.73086182174646
B            1.22214767915624       -0.95102491776822       -0.56756956687450
B            2.19771064116851       -3.39683882380235       -0.13406338996537
B            2.62887247151126       -0.19755493709284       -0.27910495845717
B            1.24374282530370        0.54274392195414        0.17749449121755
B            1.13671444900907        1.98796323234024        1.08265696934849
B            0.53726734769907        3.42234213966663        0.66829570661933
B            2.46050271333788        1.66952823073115        0.10982825309820
B            1.19511308938976        3.00746306211017       -0.81334638240456
B            3.21179412211750       -3.82590249892540        1.14952279168157
B            3.62587917810618       -2.65153562110259        0.08843079439372
B            4.03246876201792       -1.12476282415275       -0.22837020404090
B            4.41525590270476       -2.81262792071729        1.44952781882952
B            5.36352872232882       -0.24730542689337       -0.70658464414982
B            4.11251931437617        0.53044958105278       -0.02038719174710
B            4.01735039002331        2.32023162631202       -0.04615112028209
B            2.80200405629017        3.09163388680271       -0.90164744852853
B            5.42182270631783        1.46175630338631       -0.22460256789672
B            4.27375080960226        3.54227810875197       -1.04144440646633
H           -5.21514424915023       -3.12701451081095        1.22572263536315
H           -5.72153681720537       -2.06115653565593       -0.46124214811073
H           -5.23115723270043       -0.03411431159526       -2.73262438791999
H           -5.76884695546494        0.97309626778730        1.70106127865693
H           -5.35115855827132        3.82487743992309        0.75133608470250
H           -3.22678979044446        3.19025038854799        3.05578962177591
H           -2.36937105368562       -4.92301183892703       -0.51979496712017
H           -0.90502558769669        5.45726111510611        0.31300821984385
H            0.82009577580603       -5.25356959415837       -0.96924429954094
H            0.52296182423409        2.68260048261014       -1.73450426806814
H            2.95765896722596       -4.78111848397026        1.77850687577253
H            5.26053229237131       -2.48199304072233        2.18291142442858
H            6.38131968527818       -0.65136449458434       -1.12155308042465
H            6.50698452914947        1.84890931605956       -0.00331387194765
H            5.10730004548652        4.24107168586445       -1.46803772191206
94
 energy: -112.180227345230 gnorm: 0.002612621943 xtb: 6.7.1pre (5071a88)
C            6.21848633247511        0.08693413167678        7.90004593859002
N            5.02692408921843       -0.37899339199748        8.57096734139524
C            5.10033799521309       -1.68302798872597        9.18576041130257
C            3.79799445260468        0.08155714984901        8.12975313933258
C            3.67843074141909        1.23314670650455        7.34586206921515
C            2.43987129519754        1.70203016673710        6.94835569418819
C            1.25812955233927        1.05742034961376        7.29993723462823
N            0.04205853225948        1.55568283942952        6.86901105333453
C           -1.20806169607393        1.04105194765888        7.16833789257088
C           -2.35244157590428        1.66851897403418        6.68634650871592
C           -3.62011711557621        1.18902537068210        6.95621234653567
C           -3.80892968840382        0.04408306397863        7.73730638359729
N           -5.07160897336345       -0.42299189729164        8.05551103941406
C           -6.19580782831695        0.03946351370848        7.27439102859966
C           -5.19989935753125       -1.72015118307242        8.67502186034087
C           -2.65612002649205       -0.58798803474044        8.21711419072670
C           -1.39161095382263       -0.10222571220563        7.94333668673185
S           -0.03509542429439       -1.02772093237940        8.61682545314169
C            1.37316275308171       -0.08893656827158        8.08510499115900
C            2.60790574066932       -0.56429536197856        8.48380812641489
H            6.35926131586289        1.15458362941196        8.07867644210740
H            6.18529779792009       -0.08719578263264        6.81739815775352
H            7.08361535217202       -0.43343972109256        8.30482588862783
H            4.78363345590852       -2.48852362755727        8.51066165547571
H            4.47561845854577       -1.70902219996781       10.07897310657023
H            6.12613356996592       -1.87457551154358        9.49415547118529
H            4.54974506989007        1.78622841291323        7.03860942109476
H            2.38330716690028        2.59644063134959        6.34426319732868
H            0.06500635349149        2.38184873171869        6.29487463194055
H           -2.24232025072411        2.55520256761796        6.07899555687437
H           -4.45947220011320        1.72648997321046        6.54966369921668
H           -7.09207271943875       -0.49077619457637        7.58844216139800
H           -6.36167875477961        1.10474620084437        7.44624781667503
H           -6.05446848040514       -0.12490200791611        6.19946000504225
H           -4.66897264480439       -1.73277701808256        9.62751073400146
H           -6.25051326304833       -1.91572348186548        8.87974942253539
H           -4.81132180903777       -2.53085425157744        8.04504079724700
H           -2.71349884488464       -1.48068493457441        8.81620588601246
H            2.61234388081624       -1.46046218449121        9.08024039470719
B           -4.80911494158602       -2.61468504669521        0.23906110014827
B           -4.56115725230111       -1.33510233075944       -0.67567859480830
B           -4.43342238330506       -0.18014896740155       -1.86593519654070
B           -3.40219042787612       -2.65482039482536       -0.54387995889308
B           -3.01088956536279        0.21286570130646       -1.35474369807599
B           -4.37339866111994        0.34616766998854       -0.15186714475065
B           -5.02015377827755        1.37921492620636        0.88335210507881
B           -4.60664267859438        2.95783329214454        1.09192167958585
B           -2.79427840720966        0.49369145280300        0.26315030324259
B           -3.20809283331903        3.19093983170563        1.89550151499669
B           -2.16776512790228       -3.77037017610363       -0.61837004439527
B           -1.87294183256076       -2.23660482030024       -0.93215629383629
B           -1.68449081921289       -0.60559694964440       -0.79631801294320
B           -0.58423917417879       -3.21440695674601       -0.82558974563811
B           -0.20721947756579       -0.15624493058942       -0.26249094574749
B           -1.37790411782300        0.01012885148938        0.90749941556832
B           -1.76027766755538        1.63543089730802        0.84445340670418
B           -1.89232493119744        3.20920908249579        0.97888413142045
B           -0.19674585913695        1.01132854524834        1.13179072178329
B           -0.75367127474393        4.32483892199533        0.64440355323402
B            0.82385667702099       -4.11258908450017       -0.69462284752271
B            0.92474343959945       -2.50597201175721       -0.72657534670555
B            1.22433325105964       -0.95168559867119       -0.56261562839995
B            2.19687172269594       -3.39523926963598       -0.12626433359123
B            2.63086048057817       -0.19837393884720       -0.27574757263723
B            1.24672485896152        0.53973613103904        0.18759704022150
B            1.14021020474609        1.98367218093210        1.09437482304970
B            0.53769975927149        3.41768865828007        0.68350658954816
B            2.46114853625496        1.66849720253749        0.11649742534402
B            1.18997295554347        3.00497416815947       -0.80137245035868
B            3.20874589360251       -3.81899864509414        1.16102032094416
B            3.62642300360732       -2.65140619351878        0.09380868868905
B            4.03477249645151       -1.12595555101272       -0.22628417494464
B            4.41480783118939       -2.80743396354739        1.45611908698961
B            5.36405440601315       -0.24920698545810       -0.71037566479955
B            4.11503088285362        0.52991922442612       -0.02278817714051
B            4.01683594217800        2.31957800298574       -0.04839825877566
B            2.79639087504092        3.09022003538074       -0.89722122184375
B            5.42156920833653        1.46272658309095       -0.23480673341133
B            4.26726058215364        3.54054195403498       -1.04680150467804
H           -5.22564738831101       -3.13593110931494        1.20474980633174
H           -5.72216563080624       -2.05569380234964       -0.47570384393148
H           -5.22283047906891       -0.01137010500223       -2.72751646512378
H           -5.76895655625764        0.96448805032031        1.71163326682319
H           -5.34875621093493        3.82013519250278        0.77545474914766
H           -3.22501840405364        3.18030161643669        3.07765800450482
H           -2.37220688949634       -4.92218292515064       -0.53467750250698
H           -0.90676146728725        5.45167469596507        0.33251608322293
H            0.81938408882395       -5.25475832762912       -0.95507874787539
H            0.51433245454621        2.67983519110509       -1.71984991286710
H            2.95232438132201       -4.77108906070443        1.79383429558941
H            5.25768088357053       -2.47258505407195        2.19057285833892
H            6.38150203937444       -0.65272322905951       -1.12667253056698
H            6.50764848558637        1.85209238017682       -0.02213546221625
H            5.09817459773075        4.23871261393608       -1.47952679072095
94
 energy: -112.180335328962 gnorm: 0.002828554967 xtb: 6.7.1pre (5071a88)
C            6.21872712396107        0.09539320124673        7.90641405747441
N            5.02409020514644       -0.37489076008824        8.56816882375946
C            5.09668792697723       -1.67692936778226        9.18722782892656
C            3.79690759245808        0.08188579482754        8.12043615880422
C            3.67853876650847        1.22929754077622        7.33023785875522
C            2.44054094865896        1.69561715036706        6.92752595305259
C            1.25799081572532        1.05335910264220        7.27972883207686
N            0.04291854356217        1.55081728885220        6.84714789844009
C           -1.20658560986937        1.03556980860689        7.14508094051092
C           -2.35112907009592        1.65893958710182        6.65880150752123
C           -3.61902635609360        1.18147797534652        6.93195584148502
C           -3.80800251267329        0.04183003361674        7.72078504989739
N           -5.06972576078722       -0.42140858316566        8.04446192322117
C           -6.19773475138717        0.04561617294485        7.27221528632855
C           -5.19844626294852       -1.71447771194503        8.67225424172211
C           -2.65510844581024       -0.58861314844567        8.20320955171186
C           -1.39160755577645       -0.10368035280923        7.92631607355272
S           -0.03550319712495       -1.02713232453083        8.60540453678186
C            1.37324333650224       -0.08938963956909        8.07087299496534
C            2.60625672689797       -0.56330813370819        8.47456835352383
H            6.35826731650201        1.16194242997188        8.09285924197560
H            6.19062782771910       -0.07110698671838        6.82263535630373
H            7.08144388356989       -0.42774662859731        8.31138922976332
H            4.77909640492746       -2.48403928544636        8.51433663649598
H            4.47135209730617       -1.70008239934127       10.08036137677732
H            6.12192193960888       -1.86872141478034        9.49647367382853
H            4.55098948087855        1.78041515585727        7.02308589106842
H            2.38652975077300        2.58773103763532        6.31932022758942
H            0.06713298943319        2.36499626450130        6.25696703259559
H           -2.24249985332425        2.54240443569936        6.04605608064766
H           -4.45912340847470        1.71563291906714        6.52281231140128
H           -7.09156361035170       -0.48788801038093        7.58576466117122
H           -6.36343655663982        1.10956311223140        7.45267772918568
H           -6.06091489597353       -0.11026339563921        6.19575533758390
H           -4.66845997458736       -1.72119300954514        9.62564715772494
H           -6.24887952331252       -1.90989864555328        8.87671027331998
H           -4.80793347916263       -2.52865972761953        8.04780019529398
H           -2.71307435855489       -1.47797692589182        8.80721173213791
H            2.61020426010547       -1.45652587915255        9.07546022502466
B           -4.81385404427370       -2.61683512729559        0.22321269992944
B           -4.55913958799915       -1.32975385435542       -0.67921582424292
B           -4.42646078479542       -0.16462047000252       -1.85882876193540
B           -3.40299151281338       -2.65267272994232       -0.55262451949524
B           -3.00454233953028        0.22080278169515       -1.34092329956173
B           -4.36896374891139        0.34672493334447       -0.13956774392061
B           -5.01821740061725        1.37367581820366        0.90002854834673
B           -4.60392928367209        2.95077773522825        1.11739234543992
B           -2.79055717432776        0.48869937681974        0.28002800400758
B           -3.20540867657775        3.18160105975291        1.92169592661836
B           -2.16919974377594       -3.76904599819647       -0.62854973855696
B           -1.87182231885233       -2.23365299020095       -0.93174215205160
B           -1.68123281751109       -0.60378044459304       -0.78601157915189
B           -0.58412627035828       -3.21338884163599       -0.82478338568887
B           -0.20401327097332       -0.15835271930530       -0.24999992681440
B           -1.37345934045642        0.00341805623011        0.92182928362469
B           -1.75631532934177        1.62849336995969        0.86620538409899
B           -1.89049933466981        3.20180419563683        1.00422205801387
B           -0.19190959847158        1.00416944951532        1.14816135308019
B           -0.75335567976529        4.31882912540597        0.66814368416020
B            0.82332351890496       -4.11248615898736       -0.68563184781851
B            0.92418172681487       -2.50614250004756       -0.72215222160849
B            1.22681388371324       -0.95244194098808       -0.55708278049354
B            2.19592747181884       -3.39339587658068       -0.11815184827268
B            2.63310833362889       -0.19937066461441       -0.27215545680716
B            1.25026501650402        0.53602243487529        0.19955770435287
B            1.14417260514988        1.97843057612148        1.10828929072212
B            0.53831611821313        3.41227346382854        0.70171437670626
B            2.46183947930094        1.66725973590528        0.12455723401325
B            1.18423172804863        3.00234028364692       -0.78678113677898
B            3.20488925087068       -3.81095439274383        1.17378751530099
B            3.62704864342221       -2.65144042725832        0.09947937081336
B            4.03742685485605       -1.12752482959087       -0.22428110342803
B            4.41212293426947       -2.79987611254815        1.46473724376454
B            5.36498249768057       -0.25167225609749       -0.71420469656617
B            4.11797052557063        0.52906642060224       -0.02582469391173
B            4.01615350396656        2.31865056690630       -0.05041386453412
B            2.78998745646919        3.08869734931839       -0.89140180299714
B            5.42115066964295        1.46374524119962       -0.24625140867993
B            4.25972303165226        3.53878418021966       -1.05180467496835
H           -5.23649368827154       -3.14582349723417        1.18196830026172
H           -5.72237131808686       -2.04913252127301       -0.49060275112116
H           -5.21380932613907        0.01414407637506       -2.72021771146606
H           -5.76783286865357        0.95429986841075        1.72513702336610
H           -5.34513480687954        3.81466324746067        0.80311791403075
H           -3.22258264459741        3.16929321654434        3.10379703949524
H           -2.37553053676372       -4.92112654944228       -0.55325451503193
H           -0.90845262063736        5.44603496872050        0.35861591526509
H            0.81857438360522       -5.25607022027986       -0.93962925988653
H            0.50449961923993        2.67699410127441       -1.70212692077374
H            2.94542518003761       -4.75942696652453        1.81079429980545
H            5.25471874027757       -2.46269002218907        2.19846635433296
H            6.38231015680629       -0.65431431875791       -1.13158849211903
H            6.50815996961665        1.85575665912650       -0.04373853414060
H            5.08751801337315        4.23643745778667       -1.49123429914130
94
 energy: -112.180511317886 gnorm: 0.005369610833 xtb: 6.7.1pre (5071a88)
C            6.21919098417569        0.11091943245677        7.91083576363477
N            5.02251710249090       -0.36803191299166        8.56199723890429
C            5.09793121197721       -1.66641663493009        9.18845470551702
C            3.79624218717242        0.08153775878147        8.10730936304116
C            3.67805751408174        1.22196534049255        7.30689098140256
C            2.44027386435455        1.68340955567394        6.89798229701647
C            1.25774263232254        1.04362948501857        7.25360232293610
N            0.04416217037967        1.53753795908519        6.81509036356570
C           -1.20478552367090        1.02404107625742        7.11479987857820
C           -2.34814274396443        1.64288430165049        6.62071764103384
C           -3.61685966758805        1.16953550133327        6.89721673638490
C           -3.80778991746067        0.03791508548966        7.69721616139857
N           -5.06954928708848       -0.41834451451317        8.02576047066812
C           -6.20028113789514        0.05720738273667        7.26345659244186
C           -5.20274498202620       -1.70466618891742        8.66637668997794
C           -2.65594554174064       -0.59096465607750        8.18567823163105
C           -1.39277685581175       -0.10876121478434        7.90517768448132
S           -0.03648091210825       -1.02815347722743        8.59411711673002
C            1.37400909832231       -0.09305211973559        8.05394357352517
C            2.60567222521163       -0.56320796559575        8.46433894669359
H            6.35258209022525        1.17697016662179        8.10471082897720
H            6.19792238998475       -0.04865119218140        6.82614789858862
H            7.08136556787792       -0.41100107295923        8.31711998727402
H            4.77896211478956       -2.47697035888206        8.52024968392341
H            4.47418313395037       -1.68565171234227       10.08315963536621
H            6.12358416708678       -1.85628717042635        9.49658660795529
H            4.55116332146708        1.77011630615442        6.99699462268992
H            2.38779104843171        2.57100900627994        6.28250801782885
H            0.06970419562576        2.34269903936750        6.21544213247904
H           -2.23935057468515        2.52096843354083        5.99979869425812
H           -4.45674641556479        1.69924008307818        6.48227323088936
H           -7.09370309296699       -0.47564029883838        7.57729016154558
H           -6.36111074152701        1.12045414791431        7.45220718118178
H           -6.06933174464100       -0.09124717519160        6.18565984112426
H           -4.67683680656768       -1.70280975867197        9.62250766795492
H           -6.25389846030855       -1.89788840916850        8.86785548124046
H           -4.80923187702121       -2.52485663926100        8.05153057188317
H           -2.71675612269627       -1.47510120705645        8.79710119388732
H            2.61080263421608       -1.45146926161777        9.07263801356504
B           -4.81918881043805       -2.61971212742853        0.20272946795070
B           -4.55636931682269       -1.32221460502516       -0.68233036813767
B           -4.41735453301705       -0.14292464229269       -1.84687910228568
B           -3.40372722854261       -2.64948977009524       -0.56439380210706
B           -2.99601004707936        0.23171818879916       -1.32058675055018
B           -4.36255320235379        0.34724284948267       -0.12060785623095
B           -5.01400442055540        1.36543658104113        0.92608151994755
B           -4.59894174637992        2.94081722656654        1.15242403544936
B           -2.78507429408442        0.48160450096686        0.30432190383139
B           -3.20158282070850        3.16891663093030        1.95950312682102
B           -2.17103421607700       -3.76716560043777       -0.64427817278256
B           -1.87016490294970       -2.22937183938686       -0.93138596885313
B           -1.67666641226377       -0.60125194423812       -0.77124231955155
B           -0.58392863922446       -3.21199691516651       -0.82464449166140
B           -0.19943468967844       -0.16147878584078       -0.23223056313631
B           -1.36700481334261       -0.00637825959260        0.94227596097971
B           -1.75056450475475        1.61837072526148        0.89784133130924
B           -1.88742004224251        3.19102122015231        1.04151939124964
B           -0.18484480716676        0.99349736111268        1.17179123832859
B           -0.75241497164059        4.31004354112782        0.70319284052824
B            0.82258640777501       -4.11234093753871       -0.67410887029632
B            0.92315731181363       -2.50637466634586       -0.71668377288766
B            1.23031311756694       -0.95354153333677       -0.54966300508169
B            2.19449709674868       -3.39074463788464       -0.10774829093530
B            2.63629424719670       -0.20094173409443       -0.26752460507368
B            1.25553030566216        0.53029648707328        0.21686930384288
B            1.14993018374275        1.97033042133615        1.12873326296298
B            0.53948442103519        3.40417108606430        0.72887469892376
B            2.46275501708427        1.66535594891045        0.13641263784186
B            1.17614200919712        2.99882611819762       -0.76494504866581
B            3.19874860586991       -3.79916223624226        1.19149209769816
B            3.62781425847742       -2.65173688426512        0.10679701886646
B            4.04130405129297       -1.13006029940873       -0.22174545065809
B            4.40673076062374       -2.78815936195429        1.47726491248263
B            5.36673510364270       -0.25552969368386       -0.71901613058122
B            4.12221208642715        0.52750655131043       -0.03058909310500
B            4.01499902761344        2.31708004921174       -0.05254575470025
B            2.78083008384645        3.08671577616929       -0.88209306191025
B            5.42035662224574        1.46507535964000       -0.26201584024911
B            4.24880313086293        3.53671006395050       -1.05726839593771
H           -5.24986384629537       -3.15950570459503        1.15174503732494
H           -5.72188612521913       -2.03939869236481       -0.50901542739346
H           -5.20214092998004        0.04949735592269       -2.70755450334373
H           -5.76760725341749        0.94042934847813        1.74468195564004
H           -5.34069846322616        3.80655614365779        0.84440638987762
H           -3.21937452690673        3.15215337044034        3.14156132126954
H           -2.38031579675902       -4.91956278984992       -0.58211422719181
H           -0.91017276238710        5.43812605235389        0.39826769925366
H            0.81749100529232       -5.25791289742767       -0.91874671286029
H            0.49049644378788        2.67356198770442       -1.67585557493155
H            2.93425088862184       -4.74248174447429        1.83408801592039
H            5.24973183330082       -2.44833548448082        2.20924114243164
H            6.38441445225191       -0.65675295505998       -1.13682541668281
H            6.50849983764226        1.86103749446270       -0.07431677267990
H            5.07204656508704        4.23401518163952       -1.50560517246287
94
 energy: -112.180762365934 gnorm: 0.006608044814 xtb: 6.7.1pre (5071a88)
C            6.21981735487361        0.13394625584322        7.91357183323684
N            5.02186218740811       -0.35844389049837        8.55190298163261
C            5.10313550521647       -1.65102551211359        9.18979191293858
C            3.79582315842349        0.08114040110442        8.08937144483204
C            3.67726957223263        1.21120624956648        7.27405747118061
C            2.43950312800827        1.66486023874372        6.85687994792468
C            1.25783129892964        1.02765343189367        7.21932119251814
N            0.04595605662952        1.51417962865669        6.76983310816955
C           -1.20296932506443        1.00573674826779        7.07496045790871
C           -2.34364786223547        1.61951737178715        6.56873236271500
C           -3.61375128473683        1.15283429516799        6.84937933095288
C           -3.80818669323403        0.03263956054918        7.66490928404508
N           -5.07091937474289       -0.41419921153025        7.99787698414524
C           -6.20347514745899        0.07433787920754        7.24711399579332
C           -5.21229596818559       -1.69036904333072        8.65704702073743
C           -2.65867285484524       -0.59407437967822        8.16333131621749
C           -1.39468549908522       -0.11709782523304        7.87870305562787
S           -0.03812443204821       -1.02979690223235        8.58159327609724
C            1.37489373540209       -0.09943785701388        8.03327179849390
C            2.60599836161683       -0.56285730685734        8.45230432102428
H            6.34158043910011        1.20034497239412        8.11428528958947
H            6.20806125862869       -0.01977293544873        6.82803279135652
H            7.08354529033824       -0.38231836146137        8.32335365651231
H            4.78228508311679       -2.46727934551134        8.52941130703615
H            4.48304509651051       -1.66438652310201       10.08761475223512
H            6.13025046222681       -1.83685302131861        9.49502787114688
H            4.55030522960680        1.75588238418338        6.95852403892716
H            2.38655453168803        2.54484307699924        6.23013119308386
H            0.07312435788380        2.31206092871773        6.15989674764926
H           -2.23188166481266        2.48913289653644        5.93609282982363
H           -4.45212549701755        1.67727089300155        6.42513967139250
H           -7.09893030928513       -0.45357890564448        7.56281860646712
H           -6.35429691146593        1.13783457230430        7.44372551825230
H           -6.08033573415723       -0.06805434042059        6.16785160548606
H           -4.69368335792026       -1.67611656346270        9.61769921938070
H           -6.26515132136957       -1.87942992562341        8.85279714077354
H           -4.81466446394332       -2.51960465980102        8.05689250831376
H           -2.72410844042147       -1.47058490120061        8.78535960783277
H            2.61337151027107       -1.44372239896023        9.07146955305917
B           -4.82531183234221       -2.62329430561636        0.17651392414563
B           -4.55269419724900       -1.31183373650205       -0.68496972548029
B           -4.40530559383918       -0.11369922927929       -1.82922145020070
B           -3.40431704227747       -2.64495833016896       -0.57986580101423
B           -2.98464491046933        0.24643888009190       -1.29209252603487
B           -4.35387696855047        0.34796602279172       -0.09402539465379
B           -5.00941819305834        1.35420203295577        0.96164222713713
B           -4.59370967569355        2.92667442487026        1.20530640120151
B           -2.77749066163219        0.47177471419026        0.33790596194186
B           -3.19587699249987        3.14955857168443        2.01301729395452
B           -2.17333375066907       -3.76452132649591       -0.66699562735611
B           -1.86782936404748       -2.22340487270417       -0.93121605688112
B           -1.67043651958528       -0.59786760421620       -0.75080903426346
B           -0.58362975549885       -3.21016613480982       -0.82535646049574
B           -0.19307782457231       -0.16602146958044       -0.20781270300314
B           -1.35803619000695       -0.02031312900161        0.97031074819164
B           -1.74234270535598        1.60390267145522        0.94144723184551
B           -1.88312978445156        3.17546627205674        1.09361476825792
B           -0.17492193086685        0.97813560080391        1.20453679593332
B           -0.75110881650731        4.29731496902133        0.75209855548800
B            0.82160275918417       -4.11212445204051       -0.65934456755360
B            0.92155331191461       -2.50665906922494       -0.70987169633362
B            1.23512721652175       -0.95506592978998       -0.53992707249082
B            2.19233925486054       -3.38703057004570       -0.09415816068487
B            2.64067478242205       -0.20320740698898       -0.26155846260287
B            1.26300805056729        0.52200383647091        0.24086438052064
B            1.15790917585327        1.95854375905536        1.15738866466844
B            0.54117882351200        3.39255821170121        0.76737986597142
B            2.46396012548537        1.66258800809183        0.15310938698410
B            1.16509444209380        2.99420302778913       -0.73384435967363
B            3.18968137781319       -3.78248668733057        1.21569809676917
B            3.62860017871017       -2.65226426742897        0.11646543474653
B            4.04672232473633       -1.13377401744830       -0.21824535265492
B            4.39834784352652       -2.77137330288581        1.49451823750657
B            5.36957948771195       -0.26114002036324       -0.72482479944478
B            4.12805815809779        0.52510793511983       -0.03741225522090
B            4.01327629532388        2.31470471038776       -0.05481260894756
B            2.76819025504903        3.08418408447061       -0.86825949049755
B            5.41911203122047        1.46680237980252       -0.28308161926897
B            4.23361052378298        3.53429735628624       -1.06328091639873
H           -5.26655858055589       -3.17782260680342        1.11220091655946
H           -5.72055363264036       -2.02563488379572       -0.53196916724102
H           -5.18700780977239        0.09710097928830       -2.68844954742367
H           -5.76592857791988        0.92069758096592        1.77293319714502
H           -5.33272253513055        3.79568390269470        0.89989056166544
H           -3.21415148714337        3.13038353224207        3.19490766218536
H           -2.38697677375389       -4.91721302395645       -0.62406388480722
H           -0.91225846523783        5.42723588388860        0.45575834634699
H            0.81616061053498       -5.26038143318671       -0.89103410418604
H            0.47123464082618        2.66942945283551       -1.63867753184001
H            2.91765123716194       -4.71867037224777        1.86570671265968
H            5.24177934785869       -2.42752354882922        2.22407207559998
H            6.38812843953125       -0.66022821965783       -1.14246479339594
H            6.50858735016221        1.86834648615037       -0.11600599332900
H            5.05052305079186        4.23141068877632       -1.52341328858023
94
 energy: -112.181047998706 gnorm: 0.006948787266 xtb: 6.7.1pre (5071a88)
C            6.22066550420663        0.16000627633218        7.91237054516918
N            5.02319010415913       -0.34744756896316        8.53943669502476
C            5.11335246486501       -1.63276705410988        9.19079970192479
C            3.79615309255382        0.08089319226130        8.07008994137960
C            3.67648664724978        1.19896588898161        7.23819917424584
C            2.43855128730376        1.64277605929593        6.81213868890956
C            1.25858545940199        1.00679963977004        7.18246105265196
N            0.04812871112276        1.48246485142071        6.71797111036716
C           -1.20172963722122        0.98263306532935        7.03256119862616
C           -2.33867074813589        1.59294442960439        6.51371074123901
C           -3.61049997097172        1.13476727871653        6.79854313843926
C           -3.80965410527380        0.02721237325773        7.63043050295255
N           -5.07468195055094       -0.40936701735298        7.96573615754903
C           -6.20671069477128        0.09347659756258        7.22420037163609
C           -5.22749507008381       -1.67354098508992        8.64518121914508
C           -2.66345508075232       -0.59702475572659        8.14082919745554
C           -1.39705975473581       -0.12807532400211        7.85173892726012
S           -0.04015793960706       -1.03206205887293        8.56953162365227
C            1.37576245048858       -0.10836252680774        8.01238809964060
C            2.60768226009018       -0.56205821908666        8.44094275164764
H            6.32651667611058        1.22804270306028        8.11446061548253
H            6.22010590922405        0.00644422793784        6.82682459900783
H            7.08819542038131       -0.34496428253701        8.32916032068366
H            4.79078639303479       -2.45642560571627        8.54063441634499
H            4.49917293133817       -1.63954801954175       10.09313487081662
H            6.14319756198940       -1.81226100362207        9.49081249849761
H            4.54832405898531        1.74102637441803        6.91523785277070
H            2.38264846592278        2.51310701780142        6.17226071260625
H            0.07625245520164        2.28121705476639        6.10971314733875
H           -2.22103326540029        2.45235482302672        5.86834352705952
H           -4.44590088063905        1.65496276314455        6.36362070867159
H           -7.10707950418600       -0.42375445137361        7.54479410947792
H           -6.34297981085129        1.15875150650061        7.42295339691624
H           -6.09232526688641       -0.04918140840879        6.14417980801732
H           -4.71891555737204       -1.64582828454590        9.61142429268912
H           -6.28305072674509       -1.85656332120076        8.83230266306644
H           -4.82583016736373       -2.51323883970138        8.06250851435403
H           -2.73475133544941       -1.46419403543032        8.77548584275197
H            2.61813304695427       -1.43364485688025        9.07338749137572
B           -4.83002261563896       -2.62660856311538        0.15191481193912
B           -4.54918116078156       -1.30100263640354       -0.68487584673454
B           -4.39374297812940       -0.08359408423383       -1.80782634950032
B           -3.40440589501782       -2.63998198439161       -0.59498099325474
B           -2.97351520551590        0.26130710830715       -1.26078727527103
B           -4.34484077355466        0.34827540236139       -0.06407097971722
B           -5.00342953005513        1.34203553931695        1.00135276742508
B           -4.58484656175323        2.91145077292846        1.25694344985805
B           -2.76932490258499        0.46130639441209        0.37380831786788
B           -3.18979464157059        3.13031226931238        2.07056131832025
B           -2.17540543032272       -3.76147924535200       -0.69220941764825
B           -1.86542080754291       -2.21696295420215       -0.93130494413331
B           -1.66408275251722       -0.59452024724350       -0.72882826052324
B           -0.58337108393031       -3.20827462519317       -0.82733526713344
B           -0.18636313638079       -0.17115437661550       -0.18200704362315
B           -1.34840948795820       -0.03559576006577        0.99989049576694
B           -1.73348823751430        1.58801131660969        0.98859665779343
B           -1.87778517907367        3.15838223033142        1.15094814679741
B           -0.16419570323116        0.96106311722565        1.23943342841824
B           -0.74884001510546        4.28339612859817        0.80702884198965
B            0.82047615846939       -4.11172972884054       -0.64519188729253
B            0.91950568890619       -2.50680701842931       -0.70361088531487
B            1.24009966812804       -0.95660932986115       -0.53028605161380
B            2.18968203974128       -3.38291490602050       -0.08068809031348
B            2.64519527023044       -0.20571616821692       -0.25568065825999
B            1.27117149704339        0.51272140633477        0.26639436192971
B            1.16660258212179        1.94502281949184        1.18868049060279
B            0.54359472039606        3.37953359222832        0.81019155448611
B            2.46516985582600        1.65939072366764        0.17147509433220
B            1.15365738982406        2.98964102325011       -0.69913508931616
B            3.17918855152297       -3.76414974869051        1.24100885086437
B            3.62891911057108       -2.65294046299213        0.12628260081643
B            4.05247620782087       -1.13798449786685       -0.21425963689131
B            4.38876195201172       -2.75329019152655        1.51223068593703
B            5.37323979996702       -0.26753076145518       -0.72924711518614
B            4.13410104098663        0.52221990980519       -0.04474277466419
B            4.01123733965786        2.31182480755606       -0.05599942140563
B            2.75482714571004        3.08181692049667       -0.85180401546994
B            5.41743176204758        1.46842141244989       -0.30415432403445
B            4.21721907774887        3.53236031987479       -1.06706571476758
H           -5.28145402983244       -3.19615629327663        1.07362503215203
H           -5.71830637635998       -2.01069338380410       -0.55227635073262
H           -5.17256673700226        0.14572218966420       -2.66491920049551
H           -5.76370083449937        0.90043430618737        1.80473928461958
H           -5.32557580234219        3.78311839928753        0.96287797422326
H           -3.20936710362235        3.10387786360272        3.25238002425097
H           -2.39371546256352       -4.91414281059479       -0.67121301402058
H           -0.91349853501634        5.41517585078071        0.51980218434894
H            0.81482602891680       -5.26264287504536       -0.86321866805150
H            0.45104998540765        2.66597813274185       -1.59756975482746
H            2.89837237488847       -4.69271400244458        1.89832564145307
H            5.23108621518619       -2.40331823417681        2.24022885256322
H            6.39318598963502       -0.66403874633261       -1.14585676978532
H            6.50772133136418        1.87599495522435       -0.15890369280960
H            5.02729076171159        4.22967622015362       -1.53887160283917
94
 energy: -112.181338263670 gnorm: 0.004937021770 xtb: 6.7.1pre (5071a88)
C            6.22091398037020        0.18617396721782        7.90805736486500
N            5.02529150567039       -0.33568838670365        8.52611005278621
C            5.12534090816124       -1.61288928697047        9.19144608494360
C            3.79658637156644        0.08152595465909        8.05080098361234
C            3.67578117816534        1.18676273723869        7.20198988117183
C            2.43777142769799        1.61922167799623        6.76618213498011
C            1.25995800226772        0.98309822935246        7.14367265999745
N            0.05069489353583        1.44466454332214        6.66125315701157
C           -1.20095594133122        0.95692932639477        6.98888286565611
C           -2.33377076853143        1.56546742916060        6.45885948092491
C           -3.60738827108189        1.11709059987633        6.74838810661578
C           -3.81151642890531        0.02268641422797        7.59646628666194
N           -5.07962484147428       -0.40418211852690        7.93233197618453
C           -6.20901759427814        0.11222488849097        7.19688240376513
C           -5.24505079463358       -1.65550324255933        8.63147449614887
C           -2.66911116330819       -0.59847758119015        8.11935101609700
C           -1.39908275720984       -0.13995308395086        7.82505927819295
S           -0.04231910533720       -1.03428041234467        8.55626020865117
C            1.37601534489153       -0.11827698812192        7.99129659084314
C            2.60976152560895       -0.55989010226206        8.43007917146750
H            6.30825809376840        1.25707953751027        8.10480182546868
H            6.23332769273820        0.02608461868798        6.82336299288695
H            7.09327924045495       -0.30259228422693        8.33612313229427
H            4.80148981107458       -2.44471173375886        8.55273697995603
H            4.51810197138538       -1.61277304198149       10.09868551971191
H            6.15848863899015       -1.78506668740462        9.48504255997408
H            4.54559965207230        1.72746800882805        6.87147186742558
H            2.37703818679420        2.47859303481546        6.11254559657552
H            0.07897948654615        2.25115786062990        6.06148854231135
H           -2.20816278881336        2.41353375739527        5.80064983149059
H           -4.43888624070835        1.63435451080246        6.30286952999437
H           -7.11615917027753       -0.38926115935023        7.52608832409356
H           -6.32766241750947        1.18077851451663        7.39087211916396
H           -6.10429011971023       -0.03783835554109        6.11672453917833
H           -4.74770097644163       -1.61436953066248        9.60327245361911
H           -6.30366363932623       -1.83189649428014        8.80845658427418
H           -4.84001322988022       -2.50576439689021        8.06729508657672
H           -2.74634615300530       -1.45494454682660        8.76795370569288
H            2.62312892593181       -1.42075573991156        9.07725427934825
B           -4.83268873539545       -2.62891809482213        0.13162135010574
B           -4.54599664353161       -1.29046066976261       -0.68153672840859
B           -4.38342501238882       -0.05520600370578       -1.78402893294900
B           -3.40381443932233       -2.63489972003889       -0.60800977540888
B           -2.96337932261278        0.27504927280278       -1.22890477163265
B           -4.33597465324256        0.34823663774340       -0.03322496179845
B           -4.99717284406708        1.32919132682965        1.04256735111125
B           -4.57954924853144        2.89555081918822        1.31703582587115
B           -2.76099536389760        0.45064337464330        0.40929177010036
B           -3.18303750766163        3.10874396500557        2.12940012064963
B           -2.17690582001932       -3.75805911558417       -0.71754325161626
B           -1.86313344620255       -2.21055911430330       -0.93156386149539
B           -1.65803923598738       -0.59169167949550       -0.70684860319526
B           -0.58315277388138       -3.20645652489633       -0.83040666646899
B           -0.17963801607255       -0.17678242303818       -0.15687888275662
B           -1.33862779164297       -0.05165915177288        1.02863576430449
B           -1.72410993928096        1.57116386233935        1.03508282986928
B           -1.87241695447950        3.14008224639610        1.20829912793654
B           -0.15320835129694        0.94292272080988        1.27385107725809
B           -0.74619110049873        4.26870879440539        0.86453669636084
B            0.81929434193317       -4.11106938973175       -0.63320100491176
B            0.91724637058319       -2.50671761126711       -0.69873900875630
B            1.24494001996286       -0.95803447601901       -0.52174507498521
B            2.18668310949879       -3.37866126859087       -0.06858799685855
B            2.64954730555740       -0.20822038573732       -0.25041806382114
B            1.27951427563551        0.50304081802239        0.29132927059095
B            1.17537254896635        1.93047288702257        1.22036654023167
B            0.54622705452894        3.36558039479872        0.85429955493733
B            2.46636990923463        1.65585735255186        0.19046796392624
B            1.14289135923455        2.98535508579093       -0.66297721342752
B            3.16799593072663       -3.74549067950787        1.26512799410104
B            3.62854694114300       -2.65354986238310        0.13563924013655
B            4.05818528120232       -1.14224352807969       -0.20981497627009
B            4.37835037262918       -2.73497864234700        1.52908609956126
B            5.37744979103663       -0.27395291955722       -0.73165874145446
B            4.13972260675107        0.51912533021139       -0.05165874537132
B            4.00908093586639        2.30860554806906       -0.05542804886113
B            2.74188847565626        3.07989388900398       -0.83316636326644
B            5.41539035094688        1.46977769137878       -0.32275868016059
B            4.20089062055422        3.53119866837846       -1.06747494021508
H           -5.29317464964466       -3.21245865717129        1.03971548599617
H           -5.71512308779491       -1.99554919096414       -0.56766873313943
H           -5.16009197837058        0.19131249335135       -2.63811584126350
H           -5.76183057264622        0.87948064355337        1.83704936438331
H           -5.31511435690504        3.77083923696642        1.02144697235996
H           -3.20319706146533        3.08124884470606        3.31087860244079
H           -2.39978012019577       -4.91010773788170       -0.71960023529220
H           -0.91415603908972        5.40217855489468        0.58619719537139
H            0.81354458999171       -5.26426674868280       -0.83821138761201
H            0.43186791353021        2.66379862120111       -1.55542060475962
H            2.87791123000427       -4.66653007975569        1.92897817216110
H            5.21794956991396       -2.37724450520383        2.25666495032467
H            6.39941163010424       -0.66797131748904       -1.14558642673695
H            6.50577749736930        1.88322517435332       -0.19884786824234
H            5.00413859764854        4.22912880574734       -1.54978259960451
94
 energy: -112.181593347634 gnorm: 0.002709580646 xtb: 6.7.1pre (5071a88)
C            6.22029742580797        0.20916235169650        7.90411422943548
N            5.02589905982053       -0.32375752388385        8.51415861443687
C            5.13324247200242       -1.59325119644577        9.19199444898952
C            3.79621134324849        0.08385880457953        8.03198823441098
C            3.67532840214462        1.17650261085957        7.16713117997269
C            2.43773798795483        1.59735799035050        6.72008158050722
C            1.26164867059089        0.96027878404443        7.10162868198362
N            0.05363804653912        1.40637849077081        6.60060793079110
C           -1.20007624230324        0.93227852229301        6.94268262792042
C           -2.32956847525133        1.53991003436308        6.40466466084578
C           -3.60468096998612        1.10141644236131        6.70024930495550
C           -3.81268989892966        0.01998358329388        7.56395639171056
N           -5.08342346024168       -0.39891712970640        7.90088100536880
C           -6.21030534531593        0.12777489871772        7.16972266319059
C           -5.25909562740325       -1.63805341702769        8.61748726038400
C           -2.67349140606458       -0.59728127063952        8.09771076014988
C           -1.39982121666396       -0.15022781170859        7.79644937315170
S           -0.04419701143545       -1.03571774818890        8.53794308821482
C            1.37526038145648       -0.12674478115231        7.96739921184072
C            2.61057065871411       -0.55551464239478        8.41767423694922
H            6.29030523708009        1.28333885588721        8.09093163197496
H            6.24739656810495        0.03831043205420        6.82074500609302
H            7.09586124302991       -0.26239266171406        8.34679801722760
H            4.80841084611226       -2.43233406486426        8.56387092967344
H            4.53171997978387       -1.58622886525486       10.10302204031118
H            6.16895632950273       -1.75970224985184        9.48030135235525
H            4.54328566762375        1.71698053475116        6.83144918384678
H            2.37277038114346        2.44582994991324        6.05343078741494
H            0.08140089418454        2.22205284110659        6.00872068506920
H           -2.19657544456702        2.37657872756767        5.73411981817274
H           -4.43266312218960        1.61666698154406        6.24618020832000
H           -7.12328410406826       -0.35684683614192        7.51055994214489
H           -6.31201556929496        1.20014622570394        7.35430486577011
H           -6.11629474848979       -0.03402497640722        6.08963535346572
H           -4.77174134656967       -1.58404948770823        9.59367275912220
H           -6.32011037051098       -1.80940544244889        8.78545534416641
H           -4.85127225733724       -2.49767199189742        8.07060339059158
H           -2.75521089011110       -1.44238595840662        8.76070719351181
H            2.62532387441674       -1.40515575238812        9.07963227209804
B           -4.83422443049780       -2.63081385431426        0.11580795524306
B           -4.54346478156516       -1.28071076919920       -0.67527096494972
B           -4.37503997131929       -0.02896103740157       -1.75858394850525
B           -3.40295121729250       -2.63017355673308       -0.61843011325787
B           -2.95487739628197        0.28757065985880       -1.19698262501385
B           -4.32798411918349        0.34766214341388       -0.00198174862949
B           -4.99131623324336        1.31709636456597        1.08259029828124
B           -4.56899911289615        2.88001767008479        1.36559370736114
B           -2.75304819434319        0.44030599488104        0.44390729150295
B           -3.17663095679751        3.08948532099427        2.18603181537512
B           -2.17798328772703       -3.75441244450774       -0.74132211754766
B           -1.86125683670018       -2.20434413238238       -0.93151867453917
B           -1.65288832507090       -0.58928195573966       -0.68506197815329
B           -0.58309118276352       -3.20457870338577       -0.83404451320693
B           -0.17339881031130       -0.18243979951052       -0.13304666794455
B           -1.32914298796378       -0.06777188204500        1.05603046605410
B           -1.71484678759785        1.55422619032020        1.08062077110528
B           -1.86621106496580        3.12161817991431        1.26551212212441
B           -0.14244105127218        0.92462114434372        1.30681781043011
B           -0.74279627080113        4.25372309795207        0.92136733291913
B            0.81800024254123       -4.11002509592389       -0.62355898807186
B            0.91498805766880       -2.50620787626348       -0.69533735853729
B            1.24919504101129       -0.95901147975440       -0.51456381663907
B            2.18345982728583       -3.37440620494457       -0.05815999689476
B            2.65340314221963       -0.21043337592213       -0.24573206353967
B            1.28742774525823        0.49369580171999        0.31464345240081
B            1.18407311452360        1.91553278049645        1.25159585062506
B            0.54957207675432        3.35152762085473        0.89848309947433
B            2.46763337276226        1.65214656853318        0.20956863628576
B            1.13322634221297        2.98139983688029       -0.62644847878619
B            3.15668545241241       -3.72747078759305        1.28696344273193
B            3.62754482938188       -2.65394627180037        0.14428992092619
B            4.06340229598194       -1.14615209033664       -0.20512756464427
B            4.36749501316102       -2.71701035980848        1.54461313379942
B            5.38198600731749       -0.27998738908350       -0.73164333431518
B            4.14457808444862        0.51618581013835       -0.05745481395923
B            4.00715038623930        2.30530821210596       -0.05321851567929
B            2.72999812833933        3.07845981315111       -0.81308075926585
B            5.41333025271960        1.47088145775593       -0.33820773355660
B            4.18553640746483        3.53075503650913       -1.06502803341360
H           -5.30276209149226       -3.22742883221284        1.01106054945710
H           -5.71175461922964       -1.98158014472151       -0.57868679889177
H           -5.14995628764591        0.23311699850579       -2.60952995300013
H           -5.75686652596176        0.86001000267828        1.87173274351634
H           -5.30738347222314        3.75763057063578        1.08315720767624
H           -3.19902027771472        3.05677357493966        3.36739527706581
H           -2.40508844570793       -4.90534887151008       -0.76614940895277
H           -0.91395461112586        5.38883826711803        0.65202303966966
H            0.81224526285065       -5.26509581970230       -0.81703119371034
H            0.41432337254933        2.66259057455947       -1.51345912795700
H            2.85770728666748       -4.64129862926188        1.95678675839947
H            5.20308549805119       -2.35084690313226        2.27288626993160
H            6.40617266407683       -0.67153450043826       -1.14234042255728
H            6.50337532111027        1.88985671972225       -0.23429994535798
H            4.98238416217181        4.22954710141047       -1.55654355946125
94
 energy: -112.181824130715 gnorm: 0.003667558238 xtb: 6.7.1pre (5071a88)
C            6.21959458764095        0.22734063842195        7.90220996332069
N            5.02461447039034       -0.31154758879453        8.50489943228346
C            5.13543395161091       -1.57479271910581        9.19270977779774
C            3.79516854685810        0.08796470294167        8.01393530774942
C            3.67534931887507        1.16907408217777        7.13475330739977
C            2.43875290712077        1.57899080484064        6.67525393866989
C            1.26346819036523        0.94036558608923        7.05655898525456
N            0.05687015527354        1.37134678058701        6.53746717826967
C           -1.19877941919382        0.91059342081199        6.89409803668941
C           -2.32641792516410        1.51793867147791        6.35233960925854
C           -3.60264051610315        1.08865754399509        6.65532780500715
C           -3.81318276041450        0.01925869675894        7.53326374931623
N           -5.08558698757458       -0.39312991454285        7.87331622308677
C           -6.21153108150880        0.13873132111427        7.14527088430369
C           -5.26778576447331       -1.62189519869496        8.60456292715863
C           -2.67590930259287       -0.59370645706722        8.07503594096846
C           -1.39943963188349       -0.15827725702754        7.76446921143754
S           -0.04553697600174       -1.03667934447727        8.51346657788761
C            1.37405179808117       -0.13308181210905        7.93937640656946
C            2.60977226846373       -0.54921235265145        8.40285869307235
H            6.27593324055076        1.30447341958074        8.07616777602187
H            6.26207922068158        0.04329377887641        6.82087389104157
H            7.09538877385345       -0.22887345768323        8.36122867871257
H            4.80962195331180       -2.41932966783574        8.57300756335239
H            4.53763567477212       -1.56139937853006       10.10603630440437
H            6.17257363286749       -1.73811065977544        9.47772939992380
H            4.54224811739356        1.70997281910064        6.79698885006778
H            2.37226533617408        2.41762416397713        5.99702153056593
H            0.08335553497263        2.19574184790701        5.95746946314225
H           -2.18888934547671        2.34416070032770        5.67050033301006
H           -4.42827162443453        1.60235048039941        6.19537033053725
H           -7.12778416490077       -0.33078257245250        7.49949391984906
H           -6.29951304938074        1.21455822207278        7.31728814740328
H           -6.12876261834522       -0.03723003750458        6.06584633138793
H           -4.78836988501700       -1.55616855236305        9.58385873352919
H           -6.33032706622782       -1.79052130577514        8.76559697841724
H           -4.85725094038004       -2.48897372178616        8.07245505313608
H           -2.76039690123231       -1.42745623278868        8.75211738351984
H            2.62419156654250       -1.38786640567737        9.07880185414365
B           -4.83502294941312       -2.63239804871724        0.10406380803933
B           -4.54135717168874       -1.27205350772254       -0.66722756026551
B           -4.36821768849889       -0.00539378603417       -1.73315905167027
B           -3.40198999801279       -2.62610044255456       -0.62627327963945
B           -2.94769990149825        0.29871683576765       -1.16655771168810
B           -4.32053821706513        0.34664156250007        0.02815999719815
B           -4.98514331314416        1.30472147752738        1.12221274974412
B           -4.56316704425730        2.86496154511995        1.41930333967668
B           -2.74541967037161        0.43037554859982        0.47638968738581
B           -3.17023296605548        3.07126298636276        2.23906804521703
B           -2.17874771257682       -3.75086419424109       -0.76242405800483
B           -1.85978866602279       -2.19865576466408       -0.93109612403218
B           -1.64855723663004       -0.58741613216035       -0.66434240616852
B           -0.58314382150015       -3.20274344752005       -0.83797723790641
B           -0.16765196189789       -0.18794826016049       -0.11142560691387
B           -1.32000678236593       -0.08352277154851        1.08119596565314
B           -1.70580494806337        1.53762020446039        1.12315079733013
B           -1.86052125558161        3.10349679057162        1.31801047633088
B           -0.13207923419055        0.90674336486338        1.33718280317079
B           -0.73918061046319        4.23913602525184        0.97639250555711
B            0.81668145202575       -4.10876324346143       -0.61645560431973
B            0.91299697365801       -2.50540264792408       -0.69354322150084
B            1.25291225716177       -0.95961682245826       -0.50896357418358
B            2.18029410415047       -3.37044981286997       -0.04987340844867
B            2.65681995463322       -0.21233056322329       -0.24176176606366
B            1.29467885841423        0.48502818928516        0.33542324770944
B            1.19247527718646        1.90083395396859        1.28107480424397
B            0.55295310006353        3.33761777689209        0.94060872330273
B            2.46910512925163        1.64834213411929        0.22798612457996
B            1.12500512934954        2.97764497982862       -0.59125193920070
B            3.14570571047628       -3.71098097321116        1.30562456915748
B            3.62615267924192       -2.65411409442678        0.15180900794917
B            4.06810967553360       -1.14947463722641       -0.20043654498663
B            4.35675449698201       -2.70030771854908        1.55820377470580
B            5.38667682920627       -0.28517181032320       -0.72953137413694
B            4.14863095156587        0.51368911812488       -0.06189347180868
B            4.00570574182562        2.30220275779653       -0.04946529160084
B            2.71968294553749        3.07760294161616       -0.79233377906241
B            5.41160402429722        1.47184928673530       -0.35021543851965
B            4.17182763522603        3.53113796505787       -1.05994351401558
H           -5.31018874806384       -3.24052858417895        0.98793103084567
H           -5.70857540036285       -1.96906521107130       -0.58578283528608
H           -5.14207413571742        0.27047675864261       -2.58075683528597
H           -5.75346628846596        0.84070674166154        1.90450554626289
H           -5.29719882465197        3.74528358151893        1.13501226724508
H           -3.19405629418218        3.03832725214648        3.42007763421463
H           -2.40959454334965       -4.90035871189676       -0.80844812788212
H           -0.91334141577704        5.37519855737911        0.71356829672827
H            0.81102361084450       -5.26529719688223       -0.80041214475798
H            0.39918013702395        2.66211960838845       -1.47371994360188
H            2.83879585839758       -4.61818746750051        1.98082538417145
H            5.18717149975249       -2.32573636449402        2.28838191497940
H            6.41319641258809       -0.67457752941053       -1.13635788923016
H            6.50099623379245        1.89586925883299       -0.26405620137891
H            4.96298483620525        4.23090349664526       -1.55920303755598
94
 energy: -112.182082513947 gnorm: 0.005699053737 xtb: 6.7.1pre (5071a88)
C            6.21741320522537        0.24024781942561        7.90329068203536
N            5.01935996330538       -0.29859124671483        8.49874356372107
C            5.12768798533116       -1.55738996182248        9.19397198232787
C            3.79231472454231        0.09465178618549        7.99585958810745
C            3.67546224587077        1.16498978801898        7.10361639031756
C            2.44074799547585        1.56448770246351        6.62976809934826
C            1.26514286482485        0.92466026185024        7.00763166596462
N            0.06055700977982        1.33996951635194        6.47005260735641
C           -1.19659792489506        0.89294271931622        6.84208169815568
C           -2.32396683300593        1.49955259023267        6.29949530455464
C           -3.60078875789969        1.07893366071601        6.61182723173557
C           -3.81193372759558        0.02107226894284        7.50323627956136
N           -5.08435022894324       -0.38650148493566        7.84971195668548
C           -6.21160670542854        0.14441944549190        7.12388666669228
C           -5.26733265724757       -1.60688084329099        8.59317127278817
C           -2.67520766357623       -0.58706766644147        8.05009919335905
C           -1.39739946131523       -0.16265845410759        7.72832175160914
S           -0.04624140268095       -1.03697549820963        8.48123822756206
C            1.37189907581125       -0.13570915646538        7.90655356069647
C            2.60616556904609       -0.54015675295773        8.38460120398092
H            6.26398316538805        1.31997817946807        8.06162909924501
H            6.27590750780824        0.04079059037221        6.82492905768059
H            7.08990598473456       -0.20283522367755        8.38052800827903
H            4.80052419420134       -2.40501413308338        8.57975980849675
H            4.53015164681678       -1.53764015312191       10.10722642984591
H            6.16445125328546       -1.72145763693609        9.47940286477054
H            4.54251650334337        1.70645069251645        6.76706296596836
H            2.37572729680370        2.39429823202211        5.94116723513930
H            0.08561868344291        2.16808502065579        5.89269376925956
H           -2.18488004150500        2.31620059457699        5.60716459659597
H           -4.42564874282053        1.59092111729472        6.14865514404291
H           -7.12808338794835       -0.31227432212233        7.49318018601026
H           -6.28943704504839        1.22322295549537        7.28053756902751
H           -6.14034757594221       -0.04770789439014        6.04588160711865
H           -4.79247257946440       -1.52994656996115        9.57363911066540
H           -6.33005672175054       -1.77636334496522        8.75085345056504
H           -4.85352242706858       -2.47892285422605        8.07277619340034
H           -2.75994713571389       -1.40964032087508        8.74037237626045
H            2.61764980607089       -1.36834335948612        9.07298929154423
B           -4.83512620703793       -2.63388857638681        0.09689238502814
B           -4.53983298066899       -1.26452282860420       -0.65633143940149
B           -4.36328360062655        0.01569118125166       -1.70618377236438
B           -3.40104520680455       -2.62265003119733       -0.63114637627648
B           -2.94218573094400        0.30845247068502       -1.13621498131837
B           -4.31381913712904        0.34475610269698        0.05887249183166
B           -4.97874913657302        1.29242483844161        1.16173636164344
B           -4.55573881376408        2.85038041237256        1.46614506049957
B           -2.73809439774787        0.42042811078385        0.50800856817866
B           -3.16442395698785        3.05458375622485        2.28871252454113
B           -2.17930392994806       -3.74722879103953       -0.78088443536856
B           -1.85887832118366       -2.19329013220407       -0.92995425932482
B           -1.64515727611849       -0.58604411273441       -0.64388391488153
B           -0.58341803151159       -3.20073244535092       -0.84227815261571
B           -0.16234191523527       -0.19340902610819       -0.09143325144891
B           -1.31100967319640       -0.09949050377160        1.10487788793061
B           -1.69660719849487        1.52069214534516        1.16411318584626
B           -1.85429921692604        3.08500424277371        1.36881149152118
B           -0.12177701875813        0.88858622503886        1.36589431428113
B           -0.73494631907751        4.22404740808532        1.02941146220450
B            0.81520242830462       -4.10712374222372       -0.61206340554023
B            0.91125141643175       -2.50413605030793       -0.69354798996465
B            1.25606927789265       -0.95973679563961       -0.50491582064792
B            2.17707582152277       -3.36669036572234       -0.04384420950420
B            2.65980352900227       -0.21384283357231       -0.23848834224741
B            1.30131611846313        0.47692885659380        0.35400622911796
B            1.20089804090194        1.88582705605774        1.30978750259803
B            0.55693224574278        3.32353153493158        0.98227494605407
B            2.47097216972943        1.64429214368086        0.24648237361971
B            1.11844868759694        2.97410787968781       -0.55593707841068
B            3.13464625675981       -3.69581986475311        1.32108917791257
B            3.62427671086598       -2.65396013418511        0.15831263782403
B            4.07234233055707       -1.15209697118849       -0.19543908468096
B            4.34510408724655       -2.68405520868998        1.57045624663865
B            5.39156388604317       -0.28931332283888       -0.72497765230496
B            4.15182855193884        0.51177492972634       -0.06472537663147
B            4.00491803798483        2.29927193404954       -0.04347536696921
B            2.71108647631974        3.07743064298975       -0.76984121158308
B            5.41030897707263        1.47270582847018       -0.35831550284848
B            4.15974780421864        3.53252591790763       -1.05127507588123
H           -5.31550387872469       -3.25217235656897        0.97057688917082
H           -5.70573258071532       -1.95841360039008       -0.58834268325599
H           -5.13662387675907        0.30368401419236       -2.55016291394306
H           -5.74899502836685        0.82259775382219        1.93853274321737
H           -5.28886235070174        3.73256676569828        1.18521252495790
H           -3.19127741873103        3.02434724560173        3.46942209454530
H           -2.41313810020037       -4.89485752948141       -0.84671685783279
H           -0.91193537920635        5.36112380057501        0.77327284774990
H            0.80979480973712       -5.26467164192846       -0.78875203560943
H            0.38653605645494        2.66252397864833       -1.43467083824377
H            2.82086300456031       -4.59688037118316        2.00119234904693
H            5.16984645232185       -2.30215828875465        2.30333211894128
H            6.42073700205405       -0.67720293257020       -1.12645147778676
H            6.49865539838836        1.90128874121553       -0.28781373101726
H            4.94586344278747        4.23346847629734       -1.55666686752827
94
 energy: -112.182396465143 gnorm: 0.006104689140 xtb: 6.7.1pre (5071a88)
C            6.21442160218555        0.24998248674983        7.90605611846352
N            5.01078620908302       -0.28243657076372        8.49517097008282
C            5.11188892159953       -1.53867538167300        9.19589720005433
C            3.78808719478333        0.10426992993465        7.97627178645302
C            3.67550018029682        1.16331274342324        7.07044815126202
C            2.44354374722146        1.55173779291637        6.57955359417655
C            1.26675776521945        0.91067167928904        6.95109545615008
N            0.06500316550032        1.30772585701812        6.39196411737645
C           -1.19334317120711        0.87666702681809        6.78265403758555
C           -2.32165372688931        1.48263253064187        6.24203700461216
C           -3.59882197696664        1.07121477231372        6.56587933304921
C           -3.80965773337429        0.02538746056834        7.47107155416346
N           -5.08094179899533       -0.37699847074776        7.82778063875454
C           -6.21148342250667        0.14612023216750        7.10191965256116
C           -5.26018911465704       -1.59078156174900        8.58221328096081
C           -2.67231976379742       -0.57778854623647        8.02113155956129
C           -1.39450480255204       -0.16508885841191        7.68502976232870
S           -0.04639867351126       -1.03826094618232        8.43973301433710
C            1.36951306162981       -0.13610612470685        7.86648800778643
C            2.60029426894653       -0.52823423817889        8.36247111260558
H            6.25358361335993        1.33261776573252        8.04344341444195
H            6.29035366762102        0.02984325368133        6.83253787527329
H            7.08063647272518       -0.17972712134744        8.40545566074306
H            4.78274754688607       -2.38743497826593        8.58452766024240
H            4.51185303825460       -1.51270220279807       10.10730772361846
H            6.14706051461060       -1.70636675531883        9.48482197890913
H            4.54382035256557        1.70488979092651        6.73688266662936
H            2.38352782581243        2.37290385741838        5.88031299716293
H            0.08843033480116        2.13698925823656        5.81674753062229
H           -2.18413394986629        2.28998004575775        5.53897532310017
H           -4.42418280863598        1.58103683627211        6.10092196358900
H           -7.12599145956343       -0.29786104514691        7.48966323792833
H           -6.28128993697649        1.22804741526511        7.23772316160692
H           -6.15233535730411       -0.06736945696178        6.02696360485755
H           -4.78785503604155       -1.50258454704105        9.56283527783209
H           -6.32241804086657       -1.76379470190075        8.73900124662538
H           -4.84158355930175       -2.46597710078208        8.07146611996288
H           -2.75584963769689       -1.38835055385568        8.72528143130103
H            2.60690319537837       -1.34535057372209        9.06368533937843
B           -4.83390241544932       -2.63563559334859        0.09518397987082
B           -4.53862979567634       -1.25789819846195       -0.64070331404588
B           -4.36006928735676        0.03491953926814       -1.67509779968488
B           -3.39993418867345       -2.61979911442120       -0.63263319309010
B           -2.93812827765544        0.31714053405190       -1.10347692575906
B           -4.30745873858734        0.34161288490904        0.09274551126908
B           -4.97343594210235        1.27934168369668        1.20318927698775
B           -4.54890555250240        2.83515807821549        1.51350815220540
B           -2.73067458810349        0.40980553736623        0.54128691727791
B           -3.15910777742841        3.04031294892235        2.33754173470627
B           -2.17972418724522       -3.74356994560414       -0.79812179409312
B           -1.85845329048100       -2.18803115746904       -0.92772252694150
B           -1.64259462402459       -0.58519720537655       -0.62193151144576
B           -0.58386438239185       -3.19843805132659       -0.84761748815351
B           -0.15717544449004       -0.19924107803229       -0.07164447527522
B           -1.30156598234519       -0.11677773798259        1.12889572750577
B           -1.68677463559355        1.50227542585932        1.20675884602525
B           -1.84739016396397        3.06500724833998        1.42042334989459
B           -0.11080905037587        0.86874121547201        1.39507481906815
B           -0.72938819953501        4.20746379063569        1.08492185393439
B            0.81352090453838       -4.10506886427796       -0.61070449724661
B            0.90968299043471       -2.50233898370696       -0.69593118596716
B            1.25883780740093       -0.95936959435096       -0.50242243295939
B            2.17361783241785       -3.36297509533270       -0.04028387439243
B            2.66255356850560       -0.21522412343764       -0.23574047550317
B            1.30771204277962        0.46867699060794        0.37168606283550
B            1.21004486345339        1.86907619112707        1.34011450599013
B            0.56195942160880        3.30796928498563        1.02698239541614
B            2.47355007861744        1.63948825832256        0.26678067591038
B            1.11344385222714        2.97046150293729       -0.51745231605460
B            3.12226858990382       -3.68110508046454        1.33413100887903
B            3.62191216606394       -2.65377659368936        0.16374630290802
B            4.07638599064542       -1.15432007641567       -0.18957598521226
B            4.33140487378843       -2.66739612159024        1.58197277239614
B            5.39751890040730       -0.29285332945964       -0.71594709462779
B            4.15439905859463        0.51027178064790       -0.06573004630703
B            4.00494086663296        2.29624706378612       -0.03380224747165
B            2.70397709298026        3.07819954596023       -0.74288387585279
B            5.40961101215093        1.47346026121441       -0.36199729123319
B            4.14885406835848        3.53543872807821       -1.03676514072340
H           -5.31818615258536       -3.26359869211631        0.95931784087518
H           -5.70272523986906       -1.94910289625430       -0.58472306566465
H           -5.13387666708200        0.33419690569315       -2.51449825301622
H           -5.74194958392739        0.80354492483924        1.97749279195598
H           -5.28069329033389        3.71847136752657        1.23312933061466
H           -3.19067465279094        3.01637992498015        3.51791754450367
H           -2.41612886999824       -4.88897784408881       -0.88411425981044
H           -0.90897819134431        5.34567396286221        0.83598238553311
H            0.80867352902783       -5.26332467578137       -0.78201018000415
H            0.37601534998670        2.66424909087999       -1.39331944443673
H            2.80192814601313       -4.57605680724112        2.01902578908653
H            5.14921360317676       -2.27875396460081        2.31900691653994
H            6.42990999901696       -0.67931465325487       -1.11051535820561
H            6.49652050064463        1.90667003490556       -0.30614804721474
H            4.93033135478641        4.23820377271916       -1.54642295800873
94
 energy: -112.182731029917 gnorm: 0.005053682177 xtb: 6.7.1pre (5071a88)
C            6.21020774884182        0.25739131408058        7.91001065148701
N            4.99906461907182       -0.26286556019300        8.49469759013280
C            5.08905335127667       -1.51876997515252        9.19869801552358
C            3.78245658019335        0.11642469446763        7.95617692184611
C            3.67487789683044        1.16354994743895        7.03595731238990
C            2.44633273072307        1.54049515287594        6.52645783401685
C            1.26796145988715        0.89851766967026        6.89097197146618
N            0.06985010630489        1.27508972401748        6.30849006703895
C           -1.18915144627936        0.86191244793085        6.71975642801631
C           -2.31896020617150        1.46725622930020        6.18218277272756
C           -3.59630757281863        1.06554194930789        6.51891340742397
C           -3.80644031914056        0.03214277203338        7.43835552035143
N           -5.07560332024015       -0.36384893590477        7.80905597103725
C           -6.21081142067871        0.14489637222383        7.07996685518459
C           -5.24692642388574       -1.57360520966241        8.57239965676252
C           -2.66780285956542       -0.56708867993613        7.98970407810212
C           -1.39134784291742       -0.16621589520975        7.63735283584950
S           -0.04599649494188       -1.04248683498297        8.39082654559120
C            1.36722228833138       -0.13489691751064        7.82204589713166
C            2.59266395681774       -0.51442477738805        8.33823513534128
H            6.24433008637654        1.34312218490432        8.02172605706752
H            6.30333056005268        0.01165134123820        6.84335266800065
H            7.06844547389246       -0.15802806818940        8.43393414018902
H            4.75769435000136       -2.36653015882007        8.58691539467482
H            4.48359490238372       -1.48725702743041       10.10643228071796
H            6.12137984761755       -1.69248645232728        9.49431975811917
H            4.54528079485463        1.70409986994463        6.70561004832453
H            2.39365829889949        2.35341095061112        5.81655310071836
H            0.09231131664272        2.10077622134321        5.72769491591090
H           -2.18497430424881        2.26609187427313        5.46870995409746
H           -4.42301049424126        1.57256884945272        6.05279415616473
H           -7.12217968761456       -0.28619777979598        7.48785429371612
H           -6.27500881940882        1.22996133756775        7.19010738655167
H           -6.16264691654758       -0.09462275108429        6.00996634036957
H           -4.77447594994641       -1.47500149591974        9.55201783010495
H           -6.30785071615548       -1.75276997370699        8.73122420462627
H           -4.82223929497596       -2.44956205902838        8.06794162144015
H           -2.74904086255701       -1.36604072770860        8.70680084693979
H            2.59308035142101       -1.32083576621794        9.05138310793992
B           -4.83158460590575       -2.63871136777825        0.09884469848671
B           -4.53775749947626       -1.25300875994214       -0.62094433059202
B           -4.35908068760485        0.05185789915092       -1.64079917584726
B           -3.39877453988391       -2.61815423927409       -0.63078739678699
B           -2.93567687463380        0.32436503549102       -1.06952542575710
B           -4.30125674117208        0.33666228101391        0.12967241745333
B           -4.96634499263488        1.26517237344592        1.24839700888935
B           -4.54339028298981        2.82090863072831        1.55650692617250
B           -2.72304671919785        0.39866340720855        0.57521677699797
B           -3.15569637982646        3.03035444473726        2.38178785761923
B           -2.18011741855064       -3.74056216582031       -0.81342775009996
B           -1.85842682996319       -2.18345680441493       -0.92436117586007
B           -1.64079201957253       -0.58503404090806       -0.59937814992896
B           -0.58432580643193       -3.19611015516162       -0.85367366991890
B           -0.15220742451960       -0.20510479510363       -0.05279179608180
B           -1.29172208212630       -0.13478434984446        1.15251925178760
B           -1.67635516884249        1.48308174326114        1.24956456168517
B           -1.84014030405341        3.04447910635305        1.47054326155983
B           -0.09931547350087        0.84781997530299        1.42393151124426
B           -0.72267607923359        4.19011236179163        1.13959706568736
B            0.81197432337168       -4.10290167647817       -0.61260233211541
B            0.90844116345653       -2.50020900133703       -0.70054872942706
B            1.26131432725931       -0.95862791550557       -0.50150328064509
B            2.17023749998077       -3.35960542400465       -0.03941705105462
B            2.66520297691380       -0.21655933122809       -0.23364737686842
B            1.31369537332871        0.46051268571406        0.38794421731277
B            1.21967350695510        1.85116164445263        1.37098499503311
B            0.56782714202902        3.29147737016055        1.07310749535927
B            2.47705586375323        1.63401315642498        0.28827708606897
B            1.11049660195526        2.96688815746257       -0.47721469719736
B            3.10891663364747       -3.66774883577415        1.34441228661730
B            3.61944150376434       -2.65377729609766        0.16779926944028
B            4.08028286869857       -1.15609753038013       -0.18288659470134
B            4.31564635512704       -2.65093851202063        1.59282663275663
B            5.40439603684934       -0.29541872226134       -0.70278009408945
B            4.15651201475194        0.50933896353140       -0.06463144672329
B            4.00620104976494        2.29336574874069       -0.02013145263972
B            2.69910247611913        3.07998027730230       -0.71217170662440
B            5.41011156488640        1.47410266559339       -0.36037236629210
B            4.14027839016174        3.54014685232913       -1.01603612868444
H           -5.31803305114194       -3.27586387299802        0.95474169199620
H           -5.69997338350234       -1.94208543292856       -0.57465204767112
H           -5.13444319317443        0.36131927670169       -2.47493753518333
H           -5.73736012209494        0.78530208804673        2.01781633411058
H           -5.27522464090071        3.70368433264131        1.27480994359569
H           -3.19466476101736        3.02001982101064        3.56179523195428
H           -2.41863658263573       -4.88372934875367       -0.91884403533123
H           -0.90428729082438        5.32964651248653        0.89839150886819
H            0.80813941001067       -5.26164224979862       -0.78072753562344
H            0.36838118792616        2.66721946242588       -1.35130074910399
H            2.78254659726089       -4.55702783066705        2.03372856426317
H            5.12643803208835       -2.25753160535954        2.33485070442528
H            6.44075874350531       -0.68117119927188       -1.08769620021346
H            6.49560571577636        1.91186329156968       -0.31785162825150
H            4.91795982800661        4.24543104159383       -1.52771901323463
94
 energy: -112.183027362027 gnorm: 0.003334047334 xtb: 6.7.1pre (5071a88)
C            6.20532037769270        0.26301760315839        7.91334688849259
N            4.98636558549570       -0.24045187206888        8.49741989917622
C            5.06434525485620       -1.49790491831820        9.20240145162091
C            3.77644087625806        0.12988230512167        7.93749600816702
C            3.67353413829501        1.16522248047751        7.00348436286533
C            2.44858815966317        1.53080220438402        6.47604439877583
C            1.26883330013883        0.88702016178276        6.83298660445816
N            0.07449698965870        1.24282679214258        6.22891137925633
C           -1.18480228126790        0.84795226529360        6.65955926577876
C           -2.31606566407574        1.45437769962139        6.12686876477451
C           -3.59351617517928        1.06263390710976        6.47635483080520
C           -3.80327086135941        0.04077912745365        7.40845496583248
N           -5.07020119529840       -0.34674995108140        7.79573180451234
C           -6.20989748542216        0.14184595063533        7.05877187573445
C           -5.23164882072533       -1.55561657728838        8.56425594156270
C           -2.66320536548216       -0.55711696088391        7.95833177310877
C           -1.38870843898262       -0.16855284325339        7.58890799656073
S           -0.04498488683980       -1.05268000721523        8.33663624405895
C            1.36562681379195       -0.13479422430867        7.77663680826581
C            2.58494320177948       -0.50089587483627        8.31401917104502
H            6.23697718374230        1.35163355660103        7.99481784640013
H            6.31325411979564       -0.01321892659431        6.85562063240224
H            7.05555182023967       -0.13655334461845        8.46204623945745
H            4.73170951977660       -2.34323516435972        8.58747452812311
H            4.45187345970491       -1.46244726000741       10.10537003411743
H            6.09320931293906       -1.67790022627050        9.50640436386175
H            4.54608029506257        1.70397109100936        6.67550752043551
H            2.40351913290518        2.33628748795422        5.75668579078128
H            0.09682400511395        2.06336645645602        5.64241791201917
H           -2.18584901429228        2.24623438928946        5.40492172484928
H           -4.42155608897057        1.56723688292952        6.00970298598076
H           -7.11829616969243       -0.27560817182259        7.48677523035321
H           -6.27115035057157        1.22977593288387        7.13835856943534
H           -6.16979943895460       -0.12857592002262        5.99587141817595
H           -4.75684661940739       -1.44935781773590        9.54193284630080
H           -6.29079520423630       -1.74175406107664        8.72734358085458
H           -4.80123385006866       -2.43002510727205        8.06174858037984
H           -2.74198888187240       -1.34617719895538        8.68601055435433
H            2.57919700903262       -1.29788152552538        9.03723372810498
B           -4.82774704756344       -2.64324319903086        0.10911789719849
B           -4.53730751175218       -1.25097258701653       -0.59788565836831
B           -4.36024526520450        0.06287813476861       -1.60668908727671
B           -3.39749029768934       -2.61804983605386       -0.62489233722174
B           -2.93528649011281        0.32876620674933       -1.03751551360976
B           -4.29662318898333        0.33021663315576        0.16540924419183
B           -4.96461817846870        1.25310831343095        1.28647538183174
B           -4.54032590040433        2.80920259581536        1.58885322112569
B           -2.71665212745833        0.38813138407621        0.60676318590276
B           -3.15556406491076        3.02805065052827        2.41541663532376
B           -2.18033690721725       -3.73865232175391       -0.82520171172055
B           -1.85876608417974       -2.18019443641811       -0.92006221973419
B           -1.63997366504253       -0.58565833601970       -0.57825329168426
B           -0.58468550818153       -3.19403068744790       -0.86041504598767
B           -0.14806743041273       -0.21041555154101       -0.03654232511634
B           -1.28281253603977       -0.15160880955484        1.17354340775308
B           -1.66677345091408        1.46505334438926        1.28831507127269
B           -1.83372568338146        3.02556023145293        1.51346591312918
B           -0.08868642910804        0.82788499399667        1.44972145597188
B           -0.71545824852420        4.17341471004198        1.18674368504454
B            0.81086564227895       -4.10095487490057       -0.61810595549639
B            0.90755540228464       -2.49801998800513       -0.70689420949588
B            1.26326308731907       -0.95767533431078       -0.50193896592004
B            2.16727355332668       -3.35709307188686       -0.04146990635953
B            2.66749487984889       -0.21789822959061       -0.23211585052509
B            1.31858225050451        0.45309428326226        0.40148395063421
B            1.22870452366882        1.83365458893469        1.39952555488143
B            0.57409179491052        3.27551849619113        1.11622170209909
B            2.48126108859587        1.62822020763722        0.30921255010599
B            1.11028816275082        2.96379243648966       -0.43904561055079
B            3.09574089090437       -3.65751608344903        1.35086017986512
B            3.61700247808211       -2.65419349839332        0.17014209062160
B            4.08356691313109       -1.15746620112906       -0.17546084571804
B            4.29924097601405       -2.63695697267820        1.60188843639363
B            5.41217692653940       -0.29722351987685       -0.68468819502610
B            4.15808957358593        0.50896475764224       -0.06115333799690
B            4.00881283346613        2.29079491282287       -0.00285814317847
B            2.69737579172815        3.08262579925860       -0.68012191195964
B            5.41211261069424        1.47442899492023       -0.35264250663216
B            4.13545967923139        3.54662216588438       -0.98933828155419
H           -5.31378963610262       -3.28803847887626        0.95925818407197
H           -5.69754872176591       -1.93900159466907       -0.55724133580764
H           -5.13851799423284        0.38032279254310       -2.43497220658831
H           -5.72811784372961        0.76948362048734        2.05993064880170
H           -5.27264191257316        3.68970656657448        1.30186755716626
H           -3.20510938672832        3.04010239166661        3.59494732835155
H           -2.42012053935963       -4.87976675283818       -0.94690454505487
H           -0.89789652491956        5.31475401084583        0.95455715924711
H            0.80863544730604       -5.25985273033241       -0.78579950326119
H            0.36492969423606        2.67119266331448       -1.31270646280576
H            2.76409836830271       -4.54237176857992        2.04324911384578
H            5.10318957552700       -2.24068409643831        2.34968672460158
H            6.45275222244260       -0.68254777901711       -1.05877823432967
H            6.49603339034206        1.91630882115396       -0.31987961725133
H            4.91076505471842        4.25531769106681       -1.49964798451547
94
 energy: -112.183098584964 gnorm: 0.002169892080 xtb: 6.7.1pre (5071a88)
C            6.20484166081567        0.26554197201655        7.91218961100318
N            4.98612879483221       -0.23752748531743        8.49770476254135
C            5.06582833882962       -1.49484286562083        9.20331188631268
C            3.77627617564828        0.13012042939035        7.93644065407877
C            3.67308446783275        1.16390988592525        7.00079079032651
C            2.44822071711000        1.52835773942984        6.47279286411916
C            1.26888991618414        0.88433602638955        6.83111314615015
N            0.07453894275529        1.23954494792547        6.22735904440898
C           -1.18473623593831        0.84564419826609        6.65756257106303
C           -2.31528277838350        1.45306404355609        6.12410897658072
C           -3.59282636078369        1.06310903367642        6.47470918101864
C           -3.80329490936664        0.04229938738837        7.40799439904240
N           -5.07053156635809       -0.34201147938115        7.79707046356404
C           -6.20966600624712        0.14529626719438        7.05811243412874
C           -5.23317291398292       -1.55195528424690        8.56472952593514
C           -2.66382069207731       -0.55801645633386        7.95707948095295
C           -1.38916022051108       -0.17095135275903        7.58697968056585
S           -0.04466832599634       -1.05828385236280        8.33206610882407
C            1.36614935806597       -0.13745447770247        7.77487923237705
C            2.58539625144899       -0.50183759355023        8.31318321992722
H            6.23617089825581        1.35377655253469        7.99121522921954
H            6.31237796971944       -0.01350207329379        6.85578734090691
H            7.05617933069282       -0.13108903323203        8.46098877904234
H            4.73460857115510       -2.34074915323744        8.58824880828984
H            4.45314675640661       -1.45991120321216       10.10618442461697
H            6.09474538836831       -1.67318096971941        9.50756389499415
H            4.54535468918583        1.70210246047338        6.67146898560544
H            2.40199645489179        2.33297545504024        5.75260523317540
H            0.09807808391063        2.05648045773820        5.63629639621569
H           -2.18370565067117        2.24438139185205        5.40160724395013
H           -4.42026377062967        1.56800512417558        6.00747014233685
H           -7.11940489770826       -0.27026652440954        7.48535168059620
H           -6.27101410677597        1.23284947254336        7.13551211062856
H           -6.16817348739563       -0.12769977947958        5.99641509711383
H           -4.75741645734957       -1.44746954122904        9.54248074711074
H           -6.29242268223341       -1.73664148794160        8.72858337778154
H           -4.80421456187581       -2.42647489209608        8.06019254542316
H           -2.74331067136720       -1.34823738043785        8.68389541153900
H            2.58039202491941       -1.29920142623457        9.03628850669816
B           -4.82709368585681       -2.64534693948005        0.11238993267047
B           -4.53736771677928       -1.25275586207849       -0.59531937325828
B           -4.36126320761602        0.06112907392885       -1.60472378465128
B           -3.39767202703146       -2.61925327118053       -0.62317092074680
B           -2.93588579078999        0.32769286070927       -1.03626182358874
B           -4.29650922997412        0.32875487100790        0.16819573399243
B           -4.96309236865673        1.25233165929436        1.29015444148276
B           -4.54167067030878        2.81091092765672        1.58583979920732
B           -2.71648172759208        0.38724713503132        0.60838003563955
B           -3.15806310568493        3.03371638780432        2.41319199937530
B           -2.18052840108701       -3.73961467270765       -0.82411927693765
B           -1.85906564184671       -2.18098443384479       -0.91930893009763
B           -1.63996856535406       -0.58617138101023       -0.57761970716854
B           -0.58463607707874       -3.19413438877069       -0.86131846043947
B           -0.14810656026871       -0.21057732104101       -0.03587631027405
B           -1.28254599014862       -0.15230528242293        1.17463549360675
B           -1.66670708840437        1.46436641115475        1.29025154163026
B           -1.83450107804518        3.02533138630101        1.51379348337371
B           -0.08843321954640        0.82686960082572        1.45107996228877
B           -0.71565306165552        4.17246784501212        1.18475107728811
B            0.81134306991980       -4.10126823912592       -0.62061868885573
B            0.90743712988775       -2.49811962937895       -0.70759506914317
B            1.26343653505966       -0.95789919403761       -0.50166717890023
B            2.16744197425272       -3.35768716159004       -0.04300807478658
B            2.66768351250817       -0.21831202542842       -0.23174614259195
B            1.31850332610177        0.45253166626066        0.40229444381365
B            1.22877959167758        1.83266246566913        1.40078313297290
B            0.57427743772533        3.27459940252719        1.11763417452057
B            2.48172892472313        1.62747726915982        0.31065534931380
B            1.11111653023969        2.96353390473607       -0.43774021362678
B            3.09531396210219       -3.65950746733240        1.34953604240663
B            3.61699931321215       -2.65475463009905        0.16963358275115
B            4.08356874740433       -1.15781310734667       -0.17491390330374
B            4.29616645453606       -2.63651074896387        1.60292436354186
B            5.41292618905772       -0.29739765622988       -0.68218848968116
B            4.15845001253613        0.50871587700770       -0.05998908635766
B            4.00963445355272        2.29045827912494        0.00027486116210
B            2.69849962515504        3.08252665286480       -0.67799944622804
B            5.41329880295102        1.47410133678546       -0.34938979953834
B            4.13732525547130        3.54763966801178       -0.98436633935454
H           -5.31138664032910       -3.28988285405072        0.96424947082720
H           -5.69803521634975       -1.94109622947334       -0.55225185205733
H           -5.14029885469637        0.37857433652798       -2.43245631299009
H           -5.73147551458033        0.77102984466478        2.06081387615832
H           -5.27443987336511        3.68980271499843        1.29426445826611
H           -3.20988259377677        3.05145170645936        3.59237019237454
H           -2.42010177144543       -4.88131855303577       -0.94451105325207
H           -0.89728286719402        5.31431541530026        0.95481955457118
H            0.80939207105003       -5.26017182950373       -0.78936230907034
H            0.36598806350434        2.67125750885595       -1.31177858477553
H            2.76330132448473       -4.54513213441414        2.04099040968767
H            5.10253308621051       -2.24367005050905        2.35008505173763
H            6.45401322222068       -0.68298611559311       -1.05428390876516
H            6.49761725604136        1.91589892337611       -0.31561475527322
H            4.91340217852308        4.25723951395499       -1.49282665718634
94
 energy: -112.183276777932 gnorm: 0.004663850322 xtb: 6.7.1pre (5071a88)
C            6.20270759632829        0.27746272587264        7.90744266722488
N            4.98547708410499       -0.22394898251043        8.49989331613855
C            5.07321332448981       -1.48036933202441        9.20833115709460
C            3.77564984396424        0.13099857868425        7.93183420378214
C            3.67106609111948        1.15780836381726        6.98879730804379
C            2.44650028731449        1.51658996044591        6.45768103641709
C            1.26924193455624        0.87062462762370        6.82056706311378
N            0.07482342985309        1.22348434362124        6.21825737466536
C           -1.18444458692791        0.83405545287747        6.64662604566417
C           -2.31191623709888        1.44652203674650        6.11113110501534
C           -3.58999632519973        1.06492368415447        6.46723730449178
C           -3.80364504983398        0.04889662594110        7.40557677523920
N           -5.07260630282415       -0.32015499048974        7.80368445795947
C           -6.20852135726121        0.16132330160429        7.05459433596169
C           -5.24124466026227       -1.53482936651794        8.56645567543292
C           -2.66670565836269       -0.56190370310095        7.95057996703253
C           -1.39133904736524       -0.18241091515782        7.57636810248309
S           -0.04356886957724       -1.08326056746779        8.30961342037627
C            1.36847709739718       -0.15033791458609        7.76532500943457
C            2.58734909328203       -0.50643846662610        8.30883387361293
H            6.23090405124678        1.36494999413028        7.97462967045487
H            6.30906295390934       -0.01478780047084        6.85633606465686
H            7.05802830609126       -0.10656882875593        8.45851549534494
H            4.74898880649507       -2.32918103114265        8.59305068719179
H            4.45892391290752       -1.44790187571763       10.11020025126502
H            6.10254511147335       -1.65044994523718        9.51423455898930
H            4.54215260427963        1.69413279737730        6.65421778656433
H            2.39547108504671        2.31699511133398        5.73337041510666
H            0.10369254061632        2.02442832732790        5.60646131104820
H           -2.17465638709669        2.23462953123785        5.38554811968195
H           -4.41507805218713        1.57182754604547        5.99850117439752
H           -7.12331656430536       -0.24624074505460        7.47989100115269
H           -6.26928503076766        1.24803496871627        7.12159526446533
H           -6.16125450568281       -0.12367243683702        5.99768912335807
H           -4.76025262521733       -1.43883717710869        9.54345061164133
H           -6.30102888466728       -1.71194375830654        8.73422264770442
H           -4.82011147718896       -2.40980777632832        8.05321012083252
H           -2.74939682343181       -1.35585514704900        8.67434048912085
H            2.58558730415784       -1.30446651164305        9.03212806649964
B           -4.82406950545341       -2.65387074941661        0.12736150540490
B           -4.53709763549987       -1.26024874321629       -0.58353319575436
B           -4.36465257058731        0.05270412634377       -1.59623668086217
B           -3.39823213247627       -2.62399470038907       -0.61468262022768
B           -2.93823953625331        0.32334306319448       -1.02989017400592
B           -4.29678112207559        0.32314187279637        0.17965167430575
B           -4.96672162435192        1.25315357436403        1.29610601656824
B           -4.54728063360195        2.81746459733351        1.57122590813904
B           -2.71645702734927        0.38390618010396        0.61633378161392
B           -3.16943615023242        3.05704853470347        2.40362596469898
B           -2.18136021433357       -3.74345074594455       -0.81896290445779
B           -1.86002207866326       -2.18430167715404       -0.91498042605030
B           -1.64009984066860       -0.58828182195802       -0.57409582904168
B           -0.58448090615262       -3.19484745135909       -0.86437246436006
B           -0.14835340805270       -0.21188186928689       -0.03240027816727
B           -1.28178117967014       -0.15552415280438        1.17990781275721
B           -1.66572152539270        1.46128206989677        1.29837882034468
B           -1.83827561700428        3.02367612766475        1.51543032362087
B           -0.08712261762848        0.82166604602274        1.45760584475619
B           -0.71443657204850        4.16881557647510        1.18706409559099
B            0.81307492507960       -4.10298656909871       -0.63069471656875
B            0.90692803299846       -2.49897329938341       -0.71057300460241
B            1.26421971869796       -0.95940978401398       -0.50022275969584
B            2.16784494427403       -3.36062880168718       -0.04941811230019
B            2.66867842444991       -0.22095899319849       -0.22931062790696
B            1.31829085757662        0.44917328924955        0.40631419519053
B            1.22953349674272        1.82742254657376        1.40693350508458
B            0.57515320515878        3.26935469882824        1.12497700752075
B            2.48373009542483        1.62339167673506        0.31713009144421
B            1.11442042082062        2.96195784910479       -0.43132188591445
B            3.09350101460810       -3.66731697701262        1.34404823680003
B            3.61700334134680       -2.65820969908839        0.16618571700494
B            4.08415089072625       -1.15987139979388       -0.17025324737347
B            4.29815850225646       -2.64968664726037        1.59883224543218
B            5.41683219273605       -0.29864553516691       -0.66888214157348
B            4.15990809606394        0.50723840855335       -0.05382210605382
B            4.01292068638200        2.28863399191098        0.01488858557326
B            2.70297752336635        3.08246564967455       -0.66672915195713
B            5.41789886384834        1.47235585312733       -0.33482098389052
B            4.14457915375941        3.55214710640291       -0.96093065086991
H           -5.30163467837174       -3.29784889634638        0.98511337137231
H           -5.69965365366682       -1.95061127265449       -0.53069462656028
H           -5.14673589140145        0.37003946047922       -2.42161929359196
H           -5.73563327654856        0.77588723453165        2.07044266125162
H           -5.27981120304662        3.69017838033681        1.25837360636456
H           -3.23220732176594        3.10467935191053        3.58151291021929
H           -2.41933234635973       -4.88734453558069       -0.93387899300705
H           -0.89461665112392        5.30961949375761        0.95209448008666
H            0.81176418578477       -5.26169629610744       -0.80400209111128
H            0.37078078167010        2.67170944434178       -1.30749498117772
H            2.75997446323806       -4.55649003842516        2.03090473485326
H            5.08727954826879       -2.24081308913789        2.35651442551884
H            6.45959249029837       -0.68460268662162       -1.03501830562828
H            6.50339705425006        1.91399885575733       -0.29752581818397
H            4.92350799660403        4.26617466658434       -1.46071250935645
94
 energy: -112.183379543089 gnorm: 0.006304280559 xtb: 6.7.1pre (5071a88)
C            6.20095819149127        0.28867228159218        7.90316789775783
N            4.98550177673658       -0.21143730722628        8.50199195540490
C            5.08033196712556       -1.46623978050948        9.21351225428286
C            3.77525939127760        0.13147366832019        7.92665301315588
C            3.66948226187733        1.15197411839499        6.97693395394045
C            2.44517903405030        1.50467158823250        6.44178969626704
C            1.26983234862030        0.85597480994371        6.80608245915676
N            0.07543944767761        1.20698911773610        6.20446253945508
C           -1.18397442329258        0.82195365873873        6.63229531036052
C           -2.30916152405037        1.43952658259943        6.09739766548083
C           -3.58781000047940        1.06613785898853        6.45967338394175
C           -3.80402308587823        0.05479845561695        7.40243427936224
N           -5.07497515406913       -0.29978780749390        7.81005674433126
C           -6.20726918505087        0.17673290842236        7.05098750010130
C           -5.24962606194775       -1.51773983975340        8.56792008982047
C           -2.66902198947882       -0.56411128193228        7.94324435922280
C           -1.39306816826657       -0.19280517834669        7.56331609178672
S           -0.04309896941562       -1.10282298924161        8.28749563210462
C            1.37035715823461       -0.16253719595940        7.75319501340986
C            2.58879983508986       -0.51065417786786        8.30286925385575
H            6.22390185943073        1.37692928639652        7.95811631063963
H            6.30789200630063       -0.01612086168622        6.85582189515877
H            7.05815254749913       -0.08480987162927        8.45913473274388
H            4.76356372342725       -2.31845816582801        8.59899946709184
H            4.46342051489201       -1.43568134869240       10.11349450534917
H            6.11015085192769       -1.62782698284493        9.52220213635647
H            4.53960094115573        1.68794373161787        6.63947237862715
H            2.39104673974391        2.30095501487035        5.71328225664378
H            0.10834023100185        1.99474100190482        5.57540721641592
H           -2.16815848291096        2.22371645010027        5.36825326945817
H           -4.41145156781278        1.57601208210825        5.99171906723841
H           -7.12492056590918       -0.22402654194579        7.47727606416191
H           -6.26552815331518        1.26402694546183        7.10747666449958
H           -6.15643174104513       -0.11955428530100        5.99740558562906
H           -4.76242776136524       -1.42939063661401        9.54243355704698
H           -6.30995690059415       -1.68636966157614        8.74047224582473
H           -4.83789293075361       -2.39360495497688        8.04819270899046
H           -2.75445062602903       -1.35834408318011        8.66640367733518
H            2.58952545907365       -1.30713360591961        9.02797294721976
B           -4.82029883582314       -2.66063851085407        0.14321294380956
B           -4.53611295776502       -1.26691269018860       -0.57081748120172
B           -4.36760662921944        0.04428005453335       -1.58660440423072
B           -3.39762205119006       -2.62774299537553       -0.60470740530062
B           -2.94066732764317        0.31929673590403       -1.02266230738584
B           -4.29741170747979        0.31825866103947        0.19099614723316
B           -4.97349155654332        1.25568709124414        1.29809310616258
B           -4.55107757495596        2.82228420620061        1.55767329997251
B           -2.71688497879433        0.38058910686753        0.62446288764936
B           -3.17962760433290        3.07701786967563        2.39650856428214
B           -2.18114374258757       -3.74647499794091       -0.81329689890409
B           -1.85977711549397       -2.18737209094420       -0.90934065007102
B           -1.64057028899539       -0.59038734235590       -0.57007199646567
B           -0.58351664069962       -3.19621070464879       -0.86535014720841
B           -0.14881148637723       -0.21379775833324       -0.02893980380519
B           -1.28129830032880       -0.15934898599943        1.18509074986692
B           -1.66452413167250        1.45743871008912        1.30611975552514
B           -1.84186258213103        3.02014855550313        1.51813348736996
B           -0.08594893106333        0.81603364138951        1.46393900958462
B           -0.71415314653133        4.16344051096250        1.18739288738348
B            0.81574386158353       -4.10500378976045       -0.64048125291998
B            0.90776104524157       -2.50043856121888       -0.71345165949818
B            1.26457062281214       -0.96112752864552       -0.49906371512855
B            2.17026560996396       -3.36452105522866       -0.05685713762751
B            2.66886691015773       -0.22299777578320       -0.22775634024734
B            1.31796232711807        0.44560439346099        0.41012652381984
B            1.22999644764664        1.82229221031016        1.41295279810105
B            0.57581904652062        3.26428321144983        1.13193046518474
B            2.48537257402494        1.61910847723955        0.32366115338192
B            1.11789170618687        2.96033900245333       -0.42466858043662
B            3.09207435145861       -3.67548393460089        1.33843926797593
B            3.61788407229073       -2.66114564489914        0.16507080389620
B            4.08356231596476       -1.16170772985082       -0.16844137911085
B            4.27757887880632       -2.63968583700554        1.60840577688119
B            5.42026754623017       -0.29976207936034       -0.65640216523335
B            4.16047478756290        0.50544146814310       -0.04766534545911
B            4.01553741655894        2.28655768166984        0.02988422923575
B            2.70712650390240        3.08288940871681       -0.65387433030530
B            5.42116550098069        1.47029126861008       -0.31967561790577
B            4.15036352217945        3.55613397862962       -0.93707188179936
H           -5.29246179317454       -3.30456554256649        1.00432739355769
H           -5.70002267378517       -1.96003977659992       -0.50999984994525
H           -5.15208650614146        0.36039571943705       -2.41020572237880
H           -5.73741128483756        0.78170039817338        2.07948493192292
H           -5.28077655264034        3.69006343581786        1.22322601637571
H           -3.25254314711420        3.15379027738333        3.57331859017569
H           -2.41703681543402       -4.89138511157790       -0.92458333409716
H           -0.89297353784334        5.30394318381583        0.95014287648892
H            0.81370490990548       -5.26298262620950       -0.81902340928880
H            0.37643913727378        2.67213478061138       -1.30332538461248
H            2.75734213034321       -4.56741498750751        2.02123433449085
H            5.09086720059607       -2.26124242779707        2.35610215093983
H            6.46497946411260       -0.68636805899751       -1.01625332134996
H            6.50683084754515        1.91173618467785       -0.27952113325211
H            4.93113016868982        4.27425931779424       -1.42853327579881
94
 energy: -112.183514752603 gnorm: 0.004690508565 xtb: 6.7.1pre (5071a88)
C            6.19996980813546        0.29471636081490        7.90127175729714
N            4.98549759156875       -0.20490613423006        8.50268364002677
C            5.08340211789497       -1.45793325634159        9.21663368524743
C            3.77483977152307        0.13141759461531        7.92246470020421
C            3.66878645910269        1.14859106588282        6.96924242039339
C            2.44482283074319        1.49705998289289        6.43049015485682
C            1.27030771966144        0.84638093387910        6.79311793939473
N            0.07616519155611        1.19607807230646        6.19042572319582
C           -1.18344733317687        0.81396370301595        6.61976472456893
C           -2.30801919170363        1.43439097024327        6.08725127968935
C           -3.58689241754489        1.06611069743006        6.45418731174447
C           -3.80398821478308        0.05772202855542        7.39945208339538
N           -5.07620220784223       -0.28923070341296        7.81294131136601
C           -6.20638744469041        0.18503499290160        7.04874429778217
C           -5.25411619844977       -1.50767208836601        8.56850849696756
C           -2.66963885821840       -0.56383631795592        7.93798711559240
C           -1.39341124148571       -0.19795196403747        7.55323585871090
S           -0.04338282565009       -1.10924593629196        8.27514456239023
C            1.37077312001634       -0.16900229399347        7.74333184800905
C            2.58885591897863       -0.51268027738573        8.29738211134378
H            6.21848569893130        1.38421746877869        7.94834186038354
H            6.30948827932316       -0.01688680021651        6.85533271781509
H            7.05670307691332       -0.07330380191327        8.46202825830682
H            4.77214808488467       -2.31289214899580        8.60338002750401
H            4.46378822488961       -1.42795559179936       10.11460526651857
H            6.11328852810127       -1.61421418669254        9.52863943870252
H            4.53843453201603        1.68592891103125        6.63255694701599
H            2.39066308263501        2.29115098177013        5.69961509026397
H            0.10998391895209        1.97869350169562        5.55520692168524
H           -2.16682136042613        2.21604722897161        5.35583366428964
H           -4.41035942812732        1.57861271129510        5.98864819722007
H           -7.12424223875866       -0.21189141374320        7.47781501916356
H           -6.26158478257288        1.27350474908462        7.09849187247086
H           -6.15559881649841       -0.11744834512729        5.99626541794706
H           -4.76226990630965       -1.42306707942238        9.54024610171833
H           -6.31471178703850       -1.67037577627448        8.74537971395301
H           -4.84987999347178       -2.38484273617978        8.04653093944320
H           -2.75625052404430       -1.35530316806483        8.66325108632252
H            2.59027322171008       -1.30630739927847        9.02518578327533
B           -4.81788905688591       -2.66311500597391        0.15359020215251
B           -4.53529525331186       -1.27000302025483       -0.56189661664400
B           -4.36961961304716        0.04009659275182       -1.57862292471386
B           -3.39686597873071       -2.62921782692722       -0.59770606288692
B           -2.94213428371282        0.31694740087708       -1.01742013508374
B           -4.29717082057061        0.31556043537639        0.19913685514409
B           -4.97259786432283        1.25595141887676        1.30365862547284
B           -4.55147877553530        2.82447176922864        1.55085988184023
B           -2.71667241382052        0.37824670601288        0.62945683402663
B           -3.18463573914539        3.08778716372522        2.39444341375861
B           -2.18063222147369       -3.74751571985970       -0.80956884041845
B           -1.85947549542424       -2.18881216132695       -0.90553143291504
B           -1.64084005955588       -0.59181702180236       -0.56722792945866
B           -0.58312414869316       -3.19708405718171       -0.86506615831043
B           -0.14890402423109       -0.21530882209869       -0.02672588787118
B           -1.28071371318427       -0.16239708520013        1.18824021366327
B           -1.66364170497569        1.45415836000754        1.31161518699928
B           -1.84364317436306        3.01628970498931        1.52131263497686
B           -0.08518552608672        0.81235499772265        1.46783757695180
B           -0.71559125094961        4.15816317192314        1.18224037200808
B            0.81674664572552       -4.10592091681176       -0.64552030628057
B            0.90826051698791       -2.50115505701445       -0.71488405202428
B            1.26476007465176       -0.96210790611328       -0.49820460034223
B            2.17114807584086       -3.36677420813254       -0.06091056171247
B            2.66911413484679       -0.22441950064921       -0.22532942966390
B            1.31802405832165        0.44324685045650        0.41279965520444
B            1.23004433053581        1.81943218279006        1.41684792687274
B            0.57613479291410        3.26163325160300        1.13593602329815
B            2.48617045832831        1.61630950376937        0.32812536740393
B            1.12033362014586        2.95906950292245       -0.42006761139658
B            3.09136666468697       -3.67947592820193        1.33505093847224
B            3.61815255207718       -2.66362003200750        0.16372110835716
B            4.08383030732401       -1.16301873068706       -0.16423382197579
B            4.28088405568640       -2.64904452826908        1.60570212671385
B            5.42211737885671       -0.30053894946066       -0.64744124580315
B            4.16044696949277        0.50405974499023       -0.04159773048625
B            4.01657128875280        2.28508894182344        0.03970962217569
B            2.70951223889614        3.08289221008866       -0.64521814110008
B            5.42209681033801        1.46869798765695       -0.30897644871147
B            4.15283364826701        3.55792744559860       -0.92218201935854
H           -5.28686797973991       -3.30722999186888        1.01553428429812
H           -5.69967771456155       -1.96503697421267       -0.49760224707567
H           -5.15500878451326        0.35423039205398       -2.40183132142307
H           -5.74615842872138        0.78899100116162        2.07886853580994
H           -5.27746096410201        3.68987572122785        1.20220710377278
H           -3.26246308509794        3.17783308073279        3.57018988385361
H           -2.41494183786656       -4.89217620537715       -0.92011279492708
H           -0.89323197410341        5.30013553240573        0.95073000222808
H            0.81385569857583       -5.26305711003803       -0.82791389855803
H            0.38060661385950        2.67230308102492       -1.30046726189265
H            2.75633149138118       -4.57333063674184        2.01480613133151
H            5.08169033512331       -2.25909672148406        2.36040664984202
H            6.46771160185030       -0.68735243265603       -1.00491856182403
H            6.50707386440122        1.91027844466279       -0.26846549428322
H            4.93397925214313        4.27837341852097       -1.40869896573299
94
 energy: -112.183705932694 gnorm: 0.003370611654 xtb: 6.7.1pre (5071a88)
C            6.19785520330590        0.30368018022455        7.89923667356544
N            4.98410488093234       -0.19536433255104        8.50195152050203
C            5.08499885213013       -1.44458032277492        9.22093454517512
C            3.77315552451309        0.13154162230143        7.91339733805549
C            3.66762877072163        1.14362098527587        6.95479038525930
C            2.44480700478358        1.48435798867204        6.40824569813000
C            1.27100631960642        0.83082041183052        6.76644226422438
N            0.07785418786922        1.17643260814663        6.15862468732403
C           -1.18214284193853        0.80075747287091        6.59409277141573
C           -2.30646150242155        1.42515839278191        6.06658965580586
C           -3.58537574959927        1.06595282303606        6.44274045943863
C           -3.80309242632170        0.06296622985137        7.39288360160096
N           -5.07701872181628       -0.27347167944870        7.81550335509789
C           -6.20473875480150        0.19776540936203        7.04529369472282
C           -5.25914091800836       -1.49125906355423        8.56891892360347
C           -2.66927197376353       -0.56068711168086        7.92849677380244
C           -1.39264987525002       -0.20404798082748        7.53469227603479
S           -0.04434971602949       -1.11408006682872        8.25600751687950
C            1.37007316780389       -0.17756946824651        7.72410930884221
C            2.58734036298314       -0.51458035474099        8.28556963282607
H            6.20939922325787        1.39483406138447        7.93368143734213
H            6.31473166625853       -0.01757419790854        6.85551967072172
H            7.05270655441177       -0.05520524753119        8.46877758515570
H            4.78491683661538       -2.30498373386005        8.61009364163859
H            4.45901032705076       -1.41500343642985       10.11430418258741
H            6.11411596154676       -1.59210524040086        9.54148935427115
H            4.53654988550544        1.68481062175939        6.62211576314226
H            2.39302062635185        2.27521008959047        5.67365871758011
H            0.11112654161811        1.95448751313792        5.51903242877069
H           -2.16740015437114        2.20279913925314        5.33117759262456
H           -4.40892960557963        1.58324809293074        5.98246935134369
H           -7.12230815748073       -0.19184237477904        7.48036198245157
H           -6.25395202701062        1.28803762959787        7.08370485360439
H           -6.15665238761653       -0.11419292006067        5.99438623058765
H           -4.75779485745065       -1.41248743527672        9.53507110125257
H           -6.31991290286217       -1.64314729128108        8.75614446346436
H           -4.87027181840968       -2.37197633292009        8.04346285670760
H           -2.75714005201195       -1.34533047572069        8.65990316768908
H            2.58874632257484       -1.30212934569398        9.01931172725305
B           -4.81345069632449       -2.66576225779038        0.17240950202166
B           -4.53316333524675       -1.27434715188916       -0.54520474935481
B           -4.37247507121878        0.03323333469117       -1.56379642556489
B           -3.39495567061577       -2.63160860551263       -0.58479065540461
B           -2.94401311856834        0.31301564690213       -1.00735768971275
B           -4.29666742679665        0.31237538025559        0.21234357025612
B           -4.97654118732359        1.25966355878905        1.30739893489458
B           -4.54990793179599        2.82723852559950        1.54024630331650
B           -2.71596443550977        0.37484757795086        0.63836651939991
B           -3.19096416126498        3.10008988367570        2.39301546925308
B           -2.17894392789778       -3.74895416526248       -0.80295439593107
B           -1.85886390408851       -2.19100263047005       -0.89904774338693
B           -1.64124690676057       -0.59475710788743       -0.56087310501329
B           -0.58232464679790       -3.19861460088102       -0.86437821154179
B           -0.14881671555133       -0.21846916817053       -0.02191663029751
B           -1.27960615376129       -0.16795982150152        1.19421217521060
B           -1.66118176735540        1.44825919694467        1.32165333682861
B           -1.84635588874190        3.00912908137379        1.52727921549532
B           -0.08362729329815        0.80573319322243        1.47530337416878
B           -0.71567145219574        4.15100027035136        1.19069532151105
B            0.81814275972018       -4.10728413058383       -0.65350980469086
B            0.90956448341165       -2.50228446577347       -0.71676330813032
B            1.26484190072224       -0.96374689467490       -0.49614882662203
B            2.17268252413845       -3.37088406077177       -0.06747278381950
B            2.66932861677875       -0.22661972316555       -0.21994931796238
B            1.31835672878240        0.43887436252050        0.41841892012435
B            1.23031651644826        1.81428013508000        1.42470830699561
B            0.57619296127915        3.25611081925591        1.14328788898875
B            2.48703845143531        1.61128476180072        0.33637420464486
B            1.12329209668267        2.95515237186999       -0.41198789038624
B            3.09064289495380       -3.68680376483015        1.32921696651698
B            3.61823721394386       -2.66768822332969        0.16259066811840
B            4.08429719955405       -1.16508402021780       -0.15590177346468
B            4.28412207232649       -2.66243180118657        1.60317599725367
B            5.42472347265431       -0.30157054136047       -0.63139672862871
B            4.15969767838720        0.50165677258133       -0.02951617075913
B            4.01724637685875        2.28254024563296        0.05658530097750
B            2.71236054932485        3.08190681360405       -0.63060236887067
B            5.42258123411022        1.46599794112170       -0.28933660133256
B            4.15526641138716        3.56087366629046       -0.89680513746133
H           -5.27606626298358       -3.30999851656979        1.03619668797493
H           -5.69815647463132       -1.97250471864486       -0.47605413920836
H           -5.15931371818072        0.34298969702903       -2.38678925425428
H           -5.75898009209145        0.80263280814792        2.07784987895473
H           -5.26575277496726        3.69123764727924        1.16963345955100
H           -3.27536567439547        3.21085739532331        3.56615937258618
H           -2.41150386988279       -4.89263438773136       -0.91362066141558
H           -0.89653405696371        5.28925507615820        0.94186270414449
H            0.81393001514673       -5.26276793824757       -0.84343610369006
H            0.38701498580337        2.67122223895823       -1.29588081397826
H            2.75549356347739       -4.58397087088799        2.00382873341096
H            5.06930463641944       -2.25923861605788        2.36742487046360
H            6.47170464262934       -0.68848789133846       -0.98538283654678
H            6.50598889502929        1.90840301557734       -0.24738025319547
H            4.93684995673854        4.28520579732695       -1.37487049299987
94
 energy: -112.183893563297 gnorm: 0.005466139249 xtb: 6.7.1pre (5071a88)
C            6.19448345043534        0.31507152420008        7.89720552060004
N            4.98061547611283       -0.18324302822834        8.49950623486235
C            5.08434502653949       -1.42743643132234        9.22584649892958
C            3.77024035121767        0.13281091658822        7.90075895652522
C            3.66584188354612        1.13793932184355        6.93467179980080
C            2.44478834273387        1.46865463971951        6.37766409348770
C            1.27168594119383        0.81235321532392        6.73188747788839
N            0.08008947577870        1.14995918953723        6.11526542767765
C           -1.18036458537540        0.78489479279346        6.56088878648674
C           -2.30408727934061        1.41362235308059        6.03794059245381
C           -3.58296083207863        1.06634313969941        6.42604865076395
C           -3.80143400487991        0.07101630558254        7.38378429068143
N           -5.07679278463361       -0.25317965034331        7.81720989785984
C           -6.20258928696237        0.21431094448630        7.04141264032139
C           -5.26348156752823       -1.47004149966026        8.56956961056067
C           -2.66827086974957       -0.55542816825128        7.91640339831503
C           -1.39124672853561       -0.21038940088977        7.51163154237458
S           -0.04531211254986       -1.12115507367776        8.23111795579035
C            1.36872943095054       -0.18708574345859        7.69936510096050
C            2.58473942464693       -0.51548611918987        8.26997868515256
H            6.19895450215563        1.40720637328752        7.91738931875031
H            6.32080743737919       -0.01783086934143        6.85713085949362
H            7.04730641981321       -0.03195474524506        8.47716157431481
H            4.79919190235794       -2.29476571088618        8.61748676620017
H            4.44896880838851       -1.39827152535520       10.11257287193898
H            6.11169665141812       -1.56396157599042        9.55880627916178
H            4.53389465061052        1.68293321159257        6.60583967347627
H            2.39603828188452        2.25461105550945        5.63746460424657
H            0.11250684545789        1.92347186664736        5.47054838394000
H           -2.16732047883052        2.18531701844600        5.29608566103400
H           -4.40610277612105        1.58836735260600        5.97041749529845
H           -7.12069631683233       -0.16511947313670        7.48358636365732
H           -6.24513488206815        1.30583946773202        7.06624979168286
H           -6.15831197425965       -0.11000990711736        5.99328432306045
H           -4.74820113152179       -1.39930396773653        9.52850205109870
H           -6.32407656810125       -1.60781794695978        8.77214179254546
H           -4.89509905587010       -2.35575250498304        8.03807793017433
H           -2.75724545151149       -1.33242632118559        8.65544565527862
H            2.58563755201340       -1.29629378667523        9.01067982093720
B           -4.80725467400665       -2.66932035115941        0.19764194401000
B           -4.53044293410258       -1.27993472283809       -0.52342514903452
B           -4.37586309422334        0.02423920822611       -1.54558840172110
B           -3.39245018378491       -2.63523905018492       -0.56812877588126
B           -2.94609672032274        0.30801510609243       -0.99431490203025
B           -4.29635213561433        0.30927618870654        0.22796203740835
B           -4.98691265545748        1.26741314305655        1.30718933266897
B           -4.54709701093908        2.83167601430832        1.52765759692516
B           -2.71515982571896        0.36976249723248        0.65027377193090
B           -3.19808070562390        3.11297917196614        2.39367128253071
B           -2.17684618345656       -3.75149641557731       -0.79424313565316
B           -1.85821945404773       -2.19409075659796       -0.89115565390587
B           -1.64161875359100       -0.59874341045911       -0.55206629528180
B           -0.58124804525926       -3.20077694668253       -0.86368752665269
B           -0.14859618210370       -0.22275175420674       -0.01471749430780
B           -1.27823877744589       -0.17603878786023        1.20259348277634
B           -1.65837995742228        1.43947888947908        1.33615075604728
B           -1.84945674248507        2.99895724756753        1.53662900488802
B           -0.08181722896432        0.79661626323541        1.48620115808956
B           -0.71912081339994        4.13941366633640        1.18695270432875
B            0.82015068339914       -4.10922854576818       -0.66409036223567
B            0.91137583896928       -2.50376644483916       -0.71893069145821
B            1.26497026360201       -0.96588806570284       -0.49255019381857
B            2.17466681504130       -3.37628291266193       -0.07546670857616
B            2.66955642859311       -0.22928158100386       -0.21222485163134
B            1.31857325245967        0.43328467998825        0.42681566837630
B            1.23015496281379        1.80757460007323        1.43573505199018
B            0.57634162021465        3.24950269592047        1.15316361976407
B            2.48815871577295        1.60483791816249        0.34803069483863
B            1.12694534602194        2.94928967418909       -0.40068655722151
B            3.09047037664975       -3.69780376102836        1.32158599313469
B            3.61812214674563       -2.67254585400130        0.16183803734750
B            4.08470355469788       -1.16766055111835       -0.14582119046706
B            4.28163324070258       -2.67308601962802        1.60370309361029
B            5.42814476221592       -0.30272813655974       -0.61022551902475
B            4.15886041097877        0.49868850552620       -0.01363952194486
B            4.01840399541860        2.27936304873609        0.07891097634893
B            2.71610105680054        3.08008444357265       -0.61172132397145
B            5.42392555417681        1.46264240373238       -0.26336264000816
B            4.15895884605662        3.56517322968617       -0.86348250495762
H           -5.26110061638936       -3.31358222200213        1.06526335773220
H           -5.69607019625620       -1.98247581784010       -0.44723238415678
H           -5.16496548642009        0.32903136000713       -2.36802889016948
H           -5.77193403352257        0.81941779273189        2.07881624397392
H           -5.24790303800051        3.69544725423881        1.12827316765343
H           -3.29172599155668        3.25292623722058        3.56340059812274
H           -2.40840695580818       -4.89458312437192       -0.90472892566180
H           -0.90096735783216        5.27807660741800        0.94047581983438
H            0.81515840965056       -5.26288424256300       -0.86375225196957
H            0.39435872718834        2.66769520532761       -1.28821421688702
H            2.75524850115716       -4.59933312629729        1.98996768452783
H            5.05832413215753       -2.26619471605200        2.37463797928282
H            6.47667582071400       -0.68912942571005       -0.96058427504996
H            6.50610426591550        1.90603666748092       -0.21752231865375
H            4.94175285779123        4.29463178351689       -1.33067677365758
94
 energy: -112.184141056794 gnorm: 0.006845327517 xtb: 6.7.1pre (5071a88)
C            6.18984207231583        0.32720863742495        7.89598300654316
N            4.97435772437537       -0.17056816525279        8.49442263992446
C            5.07910445852716       -1.40864837526332        9.23038455228863
C            3.76598272598594        0.13575240937611        7.88514373101573
C            3.66356319011003        1.13272958067764        6.91023714018275
C            2.44485703211385        1.45235471119496        6.34108606693916
C            1.27214704396118        0.79397549152238        6.69205186582115
N            0.08264411167591        1.11870825595115        6.06227654768082
C           -1.17834000125288        0.76874408258702        6.52264842014843
C           -2.30134672967787        1.40103948317079        6.00307274892379
C           -3.57993556845654        1.06689750059753        6.40435162992781
C           -3.79886519569525        0.08113952724810        7.37202936642691
N           -5.07458172653215       -0.23195658488240        7.81598265163491
C           -6.20011785933769        0.23221571939540        7.03774657724499
C           -5.26504047933588       -1.44661894357686        8.57023176106094
C           -2.66620531159072       -0.54727348934685        7.90257448827451
C           -1.38914556250115       -0.21493245079312        7.48594223501845
S           -0.04627158565040       -1.12771129932803        8.20344915205037
C            1.36651714116796       -0.19505526192793        7.67089040263087
C            2.58065072028628       -0.51388459464050        8.25163089287181
H            6.18844005663458        1.41939682208764        7.90340203076693
H            6.32722832768977       -0.01667559925249        6.86044875452523
H            7.03985745139869       -0.00802883473208        8.48693612157570
H            4.81106749477638       -2.28346232005137        8.62446917209120
H            4.43146825604213       -1.37946696276465       10.10836080251570
H            6.10327115193129       -1.53347444509407        9.57911599144084
H            4.53092387700735        1.68058600312042        6.58443194481873
H            2.39987205652682        2.23184330750757        5.59357671511985
H            0.11339779752399        1.89057602248051        5.41523146830558
H           -2.16708801464198        2.16475169510543        5.25230146988609
H           -4.40227310033064        1.59219840217389        5.95138266658114
H           -7.11884192651083       -0.13580584121301        7.48821915669427
H           -6.23592604815025        1.32416666913312        7.04923225626560
H           -6.16183562497478       -0.10527381004403        5.99320781780779
H           -4.73200890247409       -1.38455514815743        9.52016141816043
H           -6.32445592855043       -1.56852245566686        8.79262861013156
H           -4.92046672628275       -2.33835750833311        8.03170654297438
H           -2.75528640787054       -1.31597582549497        8.65048286227658
H            2.57980265301141       -1.28780001511350        8.99963713354644
B           -4.79960480773496       -2.67291945662543        0.22625375787624
B           -4.52739153993348       -1.28557576493264       -0.49892690718411
B           -4.37956904730771        0.01570064367497       -1.52500447014611
B           -3.38934735995252       -2.63949513363091       -0.54994366634876
B           -2.94784020151083        0.30281312565941       -0.97951536870976
B           -4.29512107816561        0.30651429481244        0.24530853909593
B           -4.99601564293165        1.27582695342063        1.30922433231940
B           -4.54295011153257        2.83771208779057        1.51443623710755
B           -2.71336424471490        0.36391047498876        0.66390206088877
B           -3.20479792023635        3.12678477308697        2.39528772239768
B           -2.17448267051268       -3.75496988678943       -0.78436929265289
B           -1.85732181516518       -2.19774507196342       -0.88271811818128
B           -1.64172302502823       -0.60337016227415       -0.54118192404980
B           -0.57995821992642       -3.20370288982052       -0.86253124933760
B           -0.14795027146123       -0.22808200486260       -0.00509410883699
B           -1.27639383373237       -0.18546937992489        1.21294076543798
B           -1.65504005612350        1.42936876111662        1.35433698267941
B           -1.85222403772622        2.98829276089640        1.54781617599347
B           -0.07966950753751        0.78624077383465        1.49991271214604
B           -0.72086667433124        4.12817196092138        1.19475210914238
B            0.82254286866681       -4.11175849359874       -0.67526063021175
B            0.91369762766109       -2.50571536037062       -0.72068245693570
B            1.26523770325480       -0.96861100195275       -0.48723485040477
B            2.17699749572084       -3.38244163274322       -0.08338227398508
B            2.66992407662024       -0.23239028896822       -0.20240020632049
B            1.31884053488758        0.42666176350371        0.43787563127745
B            1.23039643484185        1.79950828931835        1.44950558975884
B            0.57640326456352        3.24095912031225        1.16551522306535
B            2.48919047608718        1.59740345457315        0.36157732051554
B            1.12962060689314        2.94122710482870       -0.38739267077953
B            3.09153599909079       -3.71135182021000        1.31327206075681
B            3.61792242545799       -2.67755479501027        0.16182433706515
B            4.08540381247780       -1.17043712933370       -0.13462273920081
B            4.27539845876514       -2.68084118412258        1.60660348911444
B            5.43139553455851       -0.30339771734129       -0.58748374768340
B            4.15793072692557        0.49553358489294        0.00467184161257
B            4.01940714915518        2.27607857230546        0.10399202863578
B            2.71927438026097        3.07749917870729       -0.59046475728559
B            5.42571108953924        1.45921514661729       -0.23353198316919
B            4.16217199967863        3.57002961616404       -0.82668685472268
H           -5.24319301821577       -3.31704911647987        1.09927928583641
H           -5.69343991992800       -1.99340761841036       -0.41445644960751
H           -5.17090434061271        0.31500994338839       -2.34734894998749
H           -5.79419664048925        0.84039433011441        2.07437005628361
H           -5.22514947265896        3.70259377892372        1.08486674668552
H           -3.30820630510577        3.29043858198072        3.56062475417354
H           -2.40619266396940       -4.89785704369031       -0.89510211558761
H           -0.90635639922075        5.26353979424942        0.93502839337524
H            0.81769133032860       -5.26353098909516       -0.88587229090501
H            0.40073382683217        2.66128500294131       -1.27844248788389
H            2.75677680446888       -4.61773074924107        1.97528937154630
H            5.04996430845661       -2.27859663576789        2.38146427119519
H            6.48164887562199       -0.68908764914559       -0.93362415127628
H            6.50726191966895        1.90337374098421       -0.18140455797461
H            4.94657645207346        4.30521897252982       -1.28202132876983
94
 energy: -112.184486658405 gnorm: 0.006395787058 xtb: 6.7.1pre (5071a88)
C            6.18296846331570        0.34141503945627        7.89519425659606
N            4.96347356422472       -0.15616515614508        8.48469849836663
C            5.06641399863500       -1.38616530669530        9.23431363024444
C            3.75955249508359        0.14150091811688        7.86397601899820
C            3.66034131170626        1.12778702002406        6.87759675631301
C            2.44487125907003        1.43473529706416        6.29413138063810
C            1.27221457708114        0.77515257563770        6.64307685692430
N            0.08558732659116        1.07889074804402        5.99370110353544
C           -1.17597217567433        0.75138873995731        6.47525711750963
C           -2.29800323385160        1.38621770524741        5.95713691920850
C           -3.57589353233910        1.06717384707087        6.37323324770347
C           -3.79489555650605        0.09449704117866        7.35477453712012
N           -5.06913129259786       -0.20841748923795        7.80938318810712
C           -6.19720264194479        0.25319851083353        7.03378398870576
C           -5.26227987027873       -1.41835953247207        8.57100049589121
C           -2.66259308280212       -0.53485928178579        7.88460156686857
C           -1.38630033223705       -0.21759610685511        7.45411341060425
S           -0.04715263807546       -1.13489056420701        8.16908848990656
C            1.36323201598638       -0.20126492721606        7.63519132943185
C            2.57422051885024       -0.50829671302722        8.22830896465588
H            6.17725886974962        1.43245588864822        7.89147308365023
H            6.33377926531158       -0.01283021767579        6.86584049896480
H            7.02877403679406        0.01781659764089        8.49815807996393
H            4.81845598293549       -2.26926383984461        8.63136356828148
H            4.40251756522205       -1.35594290861147       10.10024109790275
H            6.08500665140875       -1.49800970450715        9.60342748611293
H            4.52739624153220        1.67658402443641        6.55296744901089
H            2.40411182056906        2.20510596544017        5.53675913715418
H            0.11395071306791        1.85358259456480        5.34909629435934
H           -2.16593207356219        2.13886003662987        5.19422297691199
H           -4.39692123049877        1.59337352005018        5.91958817761844
H           -7.11630153384813       -0.10141151433160        7.49492296932112
H           -6.22583151915383        1.34439647287207        7.03155695491431
H           -6.16883582829969       -0.09902641941601        5.99432637286138
H           -4.70654681419258       -1.36494595328206        9.50887141294252
H           -6.31839766784727       -1.52179883756388        8.81929204311204
H           -4.94599145444792       -2.31747338114790        8.02536247345871
H           -2.75011055190674       -1.29432336107658        8.64288572834873
H            2.56960054788951       -1.27483611199587        8.98425834448493
B           -4.78923284420719       -2.67700649312672        0.26116048887850
B           -4.52397556347927       -1.29164694643117       -0.46951268461413
B           -4.38337334058897        0.00680945789669       -1.50095250954603
B           -3.38518813228375       -2.64478495769255       -0.52857186262532
B           -2.94922739811193        0.29693030534669       -0.96125833595478
B           -4.29332396901548        0.30469465734422        0.26510242528414
B           -5.00877872952905        1.28810138345197        1.30925600864979
B           -4.53681673895739        2.84575218643701        1.50147437355569
B           -2.71086070976519        0.35632303830233        0.68126231875822
B           -3.21073464972490        3.13711416916523        2.40041350373937
B           -2.17184779322974       -3.75993607749860       -0.77284064189320
B           -1.85601803059555       -2.20227806095542       -0.87301467456580
B           -1.64157179258916       -0.60896683093331       -0.52614573841024
B           -0.57834347506465       -3.20764338843723       -0.86088103724422
B           -0.14676867794500       -0.23534403710749        0.00947241066761
B           -1.27429064129209       -0.19734649847214        1.22733533165719
B           -1.65119677979303        1.41662970158465        1.37846478529075
B           -1.85420532630347        2.97547093270142        1.56468780738011
B           -0.07734608533040        0.77357553056075        1.51914110745939
B           -0.72346785725065        4.11443515451044        1.20403147115145
B            0.82544382343375       -4.11519805592376       -0.68733927246264
B            0.91667596388513       -2.50838970270629       -0.72118155618829
B            1.26588762836637       -0.97238749906734       -0.47810148131815
B            2.17977780188467       -3.38991510510529       -0.09091050644087
B            2.67065672864924       -0.23641988236182       -0.18829316573842
B            1.31902822756687        0.41828229437065        0.45430557317787
B            1.23070883419376        1.78941992207039        1.46804868196751
B            0.57636870900500        3.23018197096794        1.18223929985848
B            2.49031029977021        1.58822217393880        0.37913394679486
B            1.13174635876106        2.93001192038653       -0.36974256737299
B            3.09451683929100       -3.72909464974464        1.30401515004009
B            3.61773184843175       -2.68331882349793        0.16263625838253
B            4.08662571240658       -1.17382713170777       -0.12059554768066
B            4.26770830240632       -2.68914445042214        1.61074963098553
B            5.43461317121630       -0.30356215137858       -0.56081316381797
B            4.15713408088333        0.49189466853380        0.02805329328598
B            4.02062946113018        2.27249175599669        0.13471036819916
B            2.72224474194137        3.07320578434977       -0.56487378672216
B            5.42853244709425        1.45538582076523       -0.19620307628955
B            4.16519497636565        3.57509363364917       -0.78354319372232
H           -5.22000491773836       -3.32054493082713        1.14205351891468
H           -5.69007183203589       -2.00642292079937       -0.37428177754981
H           -5.17690221577014        0.30044462617049       -2.32354453488669
H           -5.82338051671444        0.86660059766291        2.06564285843491
H           -5.19466033388198        3.71366414521301        1.04183352836154
H           -3.32618940765985        3.32885355069746        3.55990045977837
H           -2.40522769684989       -4.90314206378938       -0.88472458000773
H           -0.91221106387189        5.24681583929075        0.93446800986698
H            0.82229067172710       -5.26485844236454       -0.91108618212415
H            0.40620723225496        2.65097374537166       -1.26386991679621
H            2.76126969529344       -4.64113366150046        1.95934097744370
H            5.04325144937345       -2.29679820563372        2.38930904042889
H            6.48660596141889       -0.68810655980422       -0.90264568277032
H            6.51034977847835        1.89963460132389       -0.13402803929439
H            4.95161957943031        4.31640274346079       -1.22616301911836
94
 energy: -112.184828087301 gnorm: 0.005492434896 xtb: 6.7.1pre (5071a88)
C            6.17472780505211        0.35860977020952        7.89306505920167
N            4.95038106906166       -0.13885839766081        8.47277894726844
C            5.05108753679381       -1.35981200164209        9.23820636126501
C            3.75221291159303        0.14870969915871        7.83919198148697
C            3.65623065910228        1.12222910850201        6.83937948602645
C            2.44416164389949        1.41606413807828        6.24170543140446
C            1.27189212695604        0.75491365234539        6.58959712537895
N            0.08830114526826        1.03428081221021        5.91993486712889
C           -1.17360475798225        0.73207646610481        6.42253304778377
C           -2.29423991613873        1.36972493268418        5.90482340988895
C           -3.57137309152561        1.06656045308210        6.33576689313306
C           -3.79068264406256        0.10887418862336        7.33273016973414
N           -5.06252665387067       -0.18161459037320        7.79987317121681
C           -6.19441068690444        0.27772619476556        7.02862764782591
C           -5.25845310761964       -1.38531843958743        8.57234464690782
C           -2.65896520125919       -0.52243473109342        7.86173490638664
C           -1.38410807328795       -0.22229779354092        7.41569896132602
S           -0.04772339940809       -1.14751700816457        8.12598078415171
C            1.36026403854916       -0.20885315689718        7.59410042246368
C            2.56711068847698       -0.50157821347257        8.20194741863924
H            6.16415152225467        1.44884894604266        7.87687113903409
H            6.33913345165240       -0.00804357092406        6.87108209758792
H            7.01564994467760        0.04709212692476        8.50950480875894
H            4.82288429963730       -2.25126143688295        8.63928680762439
H            4.37049873405785       -1.32748655980289       10.09098391958484
H            6.06319636773202       -1.45767610673057        9.62778174432770
H            4.52341152235176        1.67006878932710        6.51367144748603
H            2.40586927894982        2.17603281159468        5.47376168423263
H            0.11572045999505        1.81258336133994        5.27809468055510
H           -2.16236715154232        2.11020597701204        5.12960848580812
H           -4.39107312127544        1.59241926434250        5.87949311285475
H           -7.11327669571946       -0.06222196659173        7.50272974368388
H           -6.21495340501594        1.36817626139120        7.01065729349217
H           -6.17802530370963       -0.09166881628903        5.99539721071019
H           -4.68012637268526       -1.33853525049566        9.49697945212906
H           -6.30985472037475       -1.46948666383292        8.84624731206715
H           -4.96979923378666       -2.29179629899449        8.02201563729311
H           -2.74432119205431       -1.27303331239292        8.62970945648880
H            2.55810658504874       -1.26053017894092        8.96590157080091
B           -4.77697978076057       -2.68226842522864        0.29959902429930
B           -4.52067499250668       -1.29849019089856       -0.43771708759889
B           -4.38688954460852       -0.00273025706652       -1.47526249093081
B           -3.38053834575312       -2.65057082922915       -0.50520697185995
B           -2.95044254515412        0.29029855252488       -0.94080695711550
B           -4.29117880298616        0.30269783179719        0.28749910232296
B           -5.02015079697101        1.30018569292415        1.31211584568100
B           -4.53249439972081        2.85486411940236        1.49038611073055
B           -2.70837162965676        0.34781479771874        0.70168771531070
B           -3.21807685183125        3.15240076091563        2.40560783003883
B           -2.16964777144760       -3.76586133980332       -0.76048225124801
B           -1.85423916466554       -2.20749153770763       -0.86151642510864
B           -1.64132040608262       -0.61488735668056       -0.50805487028778
B           -0.57646856674622       -3.21208482908637       -0.85856651002179
B           -0.14552318101355       -0.24383014497501        0.02820669328259
B           -1.27257051673832       -0.20971815503589        1.24532793024352
B           -1.64794968613580        1.40346355802500        1.40647855612986
B           -1.85610838638838        2.96308488298913        1.58422780470591
B           -0.07537847697833        0.76011908478560        1.54252540248061
B           -0.72456698765141        4.10008777333628        1.21774527231174
B            0.82892152401757       -4.11939471216297       -0.69981605871149
B            0.91982004517690       -2.51176785898415       -0.72021416597675
B            1.26696856051056       -0.97717441709424       -0.46547646694183
B            2.18315719621865       -3.39832960885855       -0.09796213775381
B            2.67177179774966       -0.24157164304926       -0.17124420784206
B            1.31898315166802        0.40847949361246        0.47514110723343
B            1.23144739711091        1.77762718870690        1.49007259701207
B            0.57691684960090        3.21764194662215        1.20324118752642
B            2.49185556967320        1.57756334832098        0.39959044103620
B            1.13399456254279        2.91766169537325       -0.34841968146756
B            3.09849525402097       -3.74911775562629        1.29458243742390
B            3.61840504102959       -2.69032358540165        0.16336885653014
B            4.08808442798200       -1.17810708623119       -0.10492833551844
B            4.26156499996887       -2.70056735440247        1.61428233390769
B            5.43825619230908       -0.30388420168344       -0.53111631618916
B            4.15694803969895        0.48758739251616        0.05473746509487
B            4.02254766119545        2.26849658463670        0.16958369690861
B            2.72542597203064        3.06796930562268       -0.53555334548304
B            5.43238078374465        1.45099641441424       -0.15396682091507
B            4.16846913301525        3.57892096023484       -0.73702708066647
H           -5.19410848237152       -3.32446652162416        1.18932403256175
H           -5.68659863259693       -2.02130874058331       -0.32976678871213
H           -5.18230227206055        0.28589037556791       -2.29812668771122
H           -5.85626129390535        0.89393281510053        2.05485726852837
H           -5.16446162317878        3.72485339003560        0.99729157382460
H           -3.34745990516950        3.36997128292143        3.55860113735352
H           -2.40448703997768       -4.90964466997603       -0.87407547804208
H           -0.91519937721482        5.22935381505229        0.93762441945953
H            0.82816721415627       -5.26671990249737       -0.93757484701163
H            0.41137648324457        2.63970161093766       -1.24535960458569
H            2.76737718882422       -4.66706155609848        1.94315462146815
H            5.03789187921745       -2.31878599903708        2.39765000697875
H            6.49186996784784       -0.68699783432165       -0.86917219142690
H            6.51482105163484        1.89442497560502       -0.07938042222249
H            4.95677245323890        4.32634840425966       -1.16721461222847
94
 energy: -112.185123484187 gnorm: 0.004525860277 xtb: 6.7.1pre (5071a88)
C            6.16646027651566        0.37541594683934        7.88962004542420
N            4.93777205446829       -0.12200995638553        8.46100045583912
C            5.03635004068822       -1.33467397832109        9.24074031871239
C            3.74508374806446        0.15545886480142        7.81548177518425
C            3.65178101854339        1.11720418798501        6.80379962786539
C            2.44272644949479        1.40002992905788        6.19479486202246
C            1.27106767792906        0.73684776641234        6.54168898153567
N            0.09002549252246        0.99554171423449        5.85684703034608
C           -1.17179455691190        0.71431132495587        6.37422277828703
C           -2.29117752346227        1.35472012176012        5.85678379418852
C           -3.56736543865276        1.06461757591191        6.29937138514239
C           -3.78688172894430        0.12015720478186        7.30916989821253
N           -5.05607444368851       -0.15764850621389        7.78859015680640
C           -6.19225119564812        0.30054651892167        7.02290788379100
C           -5.25434665455924       -1.35403313850371        8.57370107318491
C           -2.65591064212109       -0.51369337425625        7.83706941127015
C           -1.38301698822586       -0.22880464393368        7.37727050992737
S           -0.04824766160582       -1.16221400750891        8.08264861219767
C            1.35784957194131       -0.21678095960171        7.55529679317089
C            2.56037304451557       -0.49594050933854        8.17689016037512
H            6.15156385004820        1.46504197758958        7.86235352630645
H            6.34260371580254       -0.00201324611664        6.87441928708789
H            7.00249693158892        0.07402318764889        8.51785019219330
H            4.82280139622296       -2.23293198729141        8.64691737871250
H            4.34323570933998       -1.29927427648634       10.08270523428571
H            6.04268405816310       -1.42078864637047        9.64558617871591
H            4.51950049226242        1.66329414300493        6.47636404150742
H            2.40523763883357        2.15128795719523        5.41861718984599
H            0.11816180863636        1.77700169470206        5.21747553986572
H           -2.15831294950653        2.08538765900659        5.07264628163043
H           -4.38629291439992        1.58961048647424        5.84042494184857
H           -7.10972133363978       -0.02609010427710        7.51000021798825
H           -6.20495977077370        1.39026907673090        6.99062373627649
H           -6.18855204611384       -0.08382706037365        5.99551769215640
H           -4.66004249860559       -1.30903946220054        9.48736805053255
H           -6.30081350510580       -1.42259724321654        8.86602262084122
H           -4.98594160087548       -2.26670701124252        8.02405849419545
H           -2.73921710633674       -1.25692761692223        8.61256018601458
H            2.54745893297844       -1.24805774780269        8.94764436393291
B           -4.76566517378588       -2.68684027112955        0.33289240951282
B           -4.51785974838009       -1.30436191441947       -0.41065212404375
B           -4.38857167383869       -0.01121989264095       -1.45367071581538
B           -3.37619446585776       -2.65535236507825       -0.48443252753896
B           -2.95085037020749        0.28423169617040       -0.92233687338452
B           -4.28942925096757        0.30109851606580        0.30732812929576
B           -5.02892130323864        1.31054140308671        1.31473673985879
B           -4.52825537739681        2.86284004448072        1.47916116316723
B           -2.70678056536528        0.34079598309662        0.72085867187701
B           -3.22491158351250        3.16408126131473        2.41003990549476
B           -2.16814232392602       -3.77106204008729       -0.74968889776991
B           -1.85207152978310       -2.21212501704400       -0.84970948845214
B           -1.64093333349383       -0.61988303164269       -0.49030439580694
B           -0.57460403325023       -3.21597889602913       -0.85508339587629
B           -0.14453305676279       -0.25170546676910        0.04766584223397
B           -1.27201698858562       -0.21948771445586        1.26341269351880
B           -1.64572537076962        1.39319477510366        1.43156589869742
B           -1.85715220915035        2.95345476356116        1.60396800543550
B           -0.07430571309862        0.74877661568516        1.56548894105383
B           -0.72414002503359        4.08812448456151        1.23242478509956
B            0.83220199979626       -4.12326233060527       -0.70909529614370
B            0.92241326384982       -2.51507002628563       -0.71679370315867
B            1.26820315914828       -0.98201664369069       -0.45103493404115
B            2.18661636662641       -3.40588987195997       -0.10251423311857
B            2.67300324961611       -0.24680789869935       -0.15395553079156
B            1.31886310281959        0.39920090998123        0.49683179432925
B            1.23225719745250        1.76678116579511        1.51147427617732
B            0.57798101339617        3.20642411910485        1.22478339384807
B            2.49348444070083        1.56756013682460        0.41947258918574
B            1.13608053885137        2.90706025963519       -0.32706392649912
B            3.10288344729288       -3.76675434336968        1.28725349159910
B            3.62025112545712       -2.69741374695503        0.16406088712081
B            4.08946289831837       -1.18250949906632       -0.09047250351909
B            4.26037428961311       -2.71428699401383        1.61586588420125
B            5.44091294348963       -0.30437188564024       -0.50556074658939
B            4.15730888379908        0.48315301913493        0.07994734483958
B            4.02448834361428        2.26457052558082        0.20164926381594
B            2.72803687888370        3.06241165735185       -0.50822863826933
B            5.43581884131866        1.44662529878501       -0.11527819237189
B            4.17083091944219        3.57970710769927       -0.69734288351557
H           -5.17176889955275       -3.32692240804415        1.22991751323763
H           -5.68329700902288       -2.03418459744691       -0.29181743156847
H           -5.18485100446287        0.27382718605036       -2.27703504156113
H           -5.88096708519858        0.91651052589050        2.04617202289765
H           -5.14386088898698        3.73175231900280        0.97010771068919
H           -3.36756991132722        3.40611735022165        3.55717105648426
H           -2.40369014275610       -4.91512359102333       -0.86592155796352
H           -0.91446237891607        5.21554865727059        0.94609034058423
H            0.83352597435221       -5.26831114948615       -0.95876305816251
H            0.41532169695070        2.63028753319418       -1.22589282675968
H            2.77408350967863       -4.68953902531468        1.93030472442153
H            5.03561657581939       -2.33971150038454        2.40422026309489
H            6.49583676479825       -0.68656540072092       -0.84042841516738
H            6.51872111094805        1.88852440319924       -0.02941630673221
H            4.95998753125869        4.33129594254157       -1.11912280462187
94
 energy: -112.185415055679 gnorm: 0.004757319584 xtb: 6.7.1pre (5071a88)
C            6.15811316297324        0.39273132460402        7.88452304531951
N            4.92623356143871       -0.10481735400221        8.44997013781939
C            5.02380695449235       -1.30997251529313        9.24217436287745
C            3.73820741526540        0.16122034286283        7.79280743198166
C            3.64692720728650        1.11241599810451        6.77102366908348
C            2.44053206366751        1.38556855760115        6.15273095889956
C            1.26988042198190        0.71942997240744        6.49808829579725
N            0.09087948089458        0.96268517610411        5.80371567530177
C           -1.17055367448955        0.69694244214831        6.32918603609037
C           -2.28876485015095        1.34056713147205        5.81249559838994
C           -3.56392931892402        1.06147426317233        6.26450779934588
C           -3.78366959576194        0.12820575505074        7.28440247231521
N           -5.05040980216892       -0.13530982124321        7.77670768368253
C           -6.19058009111409        0.32277982998963        7.01656134361841
C           -5.25114230509438       -1.32373817410778        8.57494601702063
C           -2.65378501145780       -0.50952088346890        7.81027750431250
C           -1.38307603873575       -0.23812456363163        7.33841694422160
S           -0.04888266873328       -1.17948946334911        8.03843766535178
C            1.35595504072946       -0.22629189941707        7.51829309765421
C            2.55423504157142       -0.49259020822257        8.15255273537270
H            6.13852521160677        1.48206330100943        7.84634118531143
H            6.34435317179892        0.00525338073922        6.87544358925609
H            6.98964014615779        0.10084264711526        8.52327744917888
H            4.82098085315242       -2.21412097304333        8.65426005605345
H            4.32182832134591       -1.27090468642452       10.07579136694314
H            6.02564244367380       -1.38569710366636        9.65771963127250
H            4.51527550312344        1.65708913235925        6.44239379668194
H            2.40262559019149        2.12999629297734        5.37052734891581
H            0.12141982054871        1.74443924276216        5.16362036669391
H           -2.15419124279412        2.06390816618722        5.02252267513675
H           -4.38259029037830        1.58612508991806        5.80414689671248
H           -7.10577710842681        0.00888716802495        7.51655323658356
H           -6.19515605544362        1.41195934734411        6.97069945437796
H           -6.19982152997648       -0.07489284981796        5.99455570346026
H           -4.64525905262183       -1.27697086156298        9.47978845326547
H           -6.29346647213880       -1.37848733944916        8.88024430525294
H           -4.99800222283816       -2.24235302297873        8.02951688202311
H           -2.73583382559041       -1.24672559812420        8.59128177497188
H            2.53849541615882       -1.23840565169304        8.92915172379562
B           -4.75564592271752       -2.69039457797918        0.36170997949598
B           -4.51522795628134       -1.30924091883261       -0.38769204270963
B           -4.38825322623005       -0.01903748214944       -1.43548389408494
B           -3.37225085724898       -2.65909447513382       -0.46542845654336
B           -2.95030270168206        0.27881591993522       -0.90533190783662
B           -4.28802446747335        0.29973705832271        0.32534489871721
B           -5.03498434368279        1.31756040689617        1.31943848766281
B           -4.53016707252810        2.86782155955689        1.47958406878097
B           -2.70618181877657        0.33539562005839        0.73914881895862
B           -3.23163961846582        3.17576799663140        2.41434459013428
B           -2.16721776780769       -3.77529042036024       -0.73965732809236
B           -1.84952246053358       -2.21615299630951       -0.83685885786008
B           -1.64034451211556       -0.62403627799846       -0.47281411366402
B           -0.57271868568155       -3.21926068662258       -0.85010821474261
B           -0.14392653751343       -0.25873734983019        0.06775834339649
B           -1.27266122466221       -0.22667822555772        1.28176746192713
B           -1.64490873854956        1.38576110178334        1.45428623165322
B           -1.85907955053425        2.94661058701761        1.62178644496898
B           -0.07426014134637        0.73950561232525        1.58803621785281
B           -0.72259336431040        4.07817786451235        1.24775311044272
B            0.83530705325675       -4.12677176811123       -0.71576114314693
B            0.92440242392231       -2.51826146175030       -0.71078856907681
B            1.26939373556646       -0.98687948054267       -0.43458113253980
B            2.19023874108166       -3.41295210420562       -0.10520487647331
B            2.67419280536274       -0.25219003256078       -0.13589804392921
B            1.31871730294523        0.39028384217450        0.51963999497517
B            1.23292977385715        1.75687642459300        1.53267917958058
B            0.57929255811000        3.19644040587947        1.24684499355951
B            2.49517434706580        1.55796161744078        0.43952247441173
B            1.13821826908271        2.89806634592119       -0.30545876637355
B            3.10757723236940       -3.78262950438326        1.28138396162604
B            3.62323289616874       -2.70493386836683        0.16457110408920
B            4.09058476997904       -1.18723218848910       -0.07699292774265
B            4.26359265490340       -2.73042948058986        1.61578683633687
B            5.44317091221659       -0.30546227578634       -0.48221624935034
B            4.15806707267289        0.47822936384754        0.10438158240629
B            4.02630786819173        2.26024202254737        0.23182324742652
B            2.73030184677470        3.05636250196742       -0.48212261818294
B            5.43860093739160        1.44192174035775       -0.07944686033432
B            4.17269151009019        3.57782597068994       -0.66258128199088
H           -5.15306629161629       -3.32743658737465        1.26477630327199
H           -5.68001174150105       -2.04484225433380       -0.26005433145679
H           -5.18464532861014        0.26333446662440       -2.25956233359537
H           -5.89958044968551        0.93266494680029        2.03977236392421
H           -5.12511401429213        3.73654760412185        0.93798364706823
H           -3.38394323657749        3.43688624045947        3.55557707168049
H           -2.40257428220078       -4.91925924931927       -0.85895020061677
H           -0.91053129318012        5.20507245143559        0.95897393414371
H            0.83796485593816       -5.26952020604271       -0.97576147431049
H            0.41860506789623        2.62286865954966       -1.20562525663282
H            2.78102233907066       -4.70963546290782        1.91944377796104
H            5.03622761287687       -2.35989764307420        2.40888097944677
H            6.49878933700570       -0.68657547067766       -0.81601644423504
H            6.52153095746217        1.88200690930990        0.01680891100931
H            4.96192505337511        4.33236961610499       -1.07876606177584
94
 energy: -112.185741379083 gnorm: 0.006032705407 xtb: 6.7.1pre (5071a88)
C            6.14935616254062        0.41086729516521        7.87766151806929
N            4.91549562074099       -0.08719391366409        8.43916681387464
C            5.01303197811256       -1.28530599326947        9.24230509537873
C            3.73124992938204        0.16604153596537        7.77055201198819
C            3.64156831120076        1.10809498191044        6.74055343289999
C            2.43762814859226        1.37241520739524        6.11419415622023
C            1.26831922827797        0.70240397465087        6.45703763148789
N            0.09094219795656        0.93565093136899        5.75799554885199
C           -1.16997381089115        0.67968964293195        6.28573272790124
C           -2.28720443506566        1.32668303261464        5.77037172472054
C           -3.56125609183521        1.05687001755835        6.23026019625850
C           -3.78106368815149        0.13291689352442        7.25789374362787
N           -5.04548748956945       -0.11493855199551        7.76352629570639
C           -6.18936912531609        0.34461508194117        7.00943585613440
C           -5.24865628585901       -1.29404747764344        8.57597707212883
C           -2.65256932952418       -0.50975928435071        7.78085211924618
C           -1.38415579374715       -0.24991737846686        7.29864195546973
S           -0.04989893508828       -1.19775938601982        7.99369568691380
C            1.35416609489566       -0.23711108448263        7.48229279755006
C            2.54834173989705       -0.49150646514979        8.12798419994726
H            6.12457161847711        1.50010693045754        7.82898619130954
H            6.34455416564952        0.01459056724653        6.87382853387389
H            6.97668858361426        0.12801866173574        8.52572181613645
H            4.81769745461645       -2.19489713832267        8.66116537854235
H            4.30516926401214       -1.24177870168741       10.06990181439772
H            6.01175482931325       -1.35188983582616        9.66487547368219
H            4.51049067636774        1.65240444885741        6.41220346879634
H            2.39886808459825        2.11189894343219        5.32788413879598
H            0.12508846107742        1.71440208323679        5.11361133508452
H           -2.15091992535172        2.04491145790901        4.97689677495880
H           -4.38018501547610        1.58190143502901        5.77019171761892
H           -7.10130274920994        0.04335115976266        7.52252498648424
H           -6.18505078918420        1.43339052967798        6.95106882842861
H           -6.21246059758442       -0.06427629013649        5.99218370004092
H           -4.63437226459930       -1.24176366645835        9.47389708890052
H           -6.28792918036944       -1.33609219436501        8.89021442405453
H           -5.00708923439205       -2.21925985336266        8.03832506468867
H           -2.73426828015298       -1.24188634236938        8.56587498468595
H            2.53087323549367       -1.23129611820548        8.90978261487371
B           -4.74722528335094       -2.69272243411823        0.38599651837030
B           -4.51269071590670       -1.31328440579677       -0.36883379960406
B           -4.38564555898799       -0.02643278083868       -1.42040256970404
B           -3.36856481303517       -2.66199946407923       -0.44788489779286
B           -2.94850849553563        0.27376177350959       -0.88943871866273
B           -4.28695483768671        0.29791771015993        0.34157137265079
B           -5.03843981771868        1.32274305515282        1.32399867847104
B           -4.52795639518046        2.87236742963331        1.47119090534917
B           -2.70641376898084        0.33185412843484        0.75666481032684
B           -3.23835282821269        3.18712912756769        2.41667825657865
B           -2.16653467108733       -3.77850496509020       -0.73013988200629
B           -1.84641354318837       -2.21961515578632       -0.82242042669302
B           -1.63925489846564       -0.62759133782760       -0.45513703044880
B           -0.57063870813052       -3.22208996514039       -0.84292506526250
B           -0.14354910827960       -0.26497154435120        0.08903074366747
B           -1.27448751184033       -0.23136352860871        1.30078121636763
B           -1.64493072333126        1.38111655374531        1.47503852635435
B           -1.85976190084849        2.94235737863764        1.63975036185039
B           -0.07503211511528        0.73201775076245        1.61079729470194
B           -0.71873119246592        4.07071470127477        1.26506747016758
B            0.83829869359297       -4.12998783117004       -0.71925830098708
B            0.92593120167735       -2.52146754060722       -0.70125760957533
B            1.27052364413311       -0.99191431127643       -0.41521094985943
B            2.19419424447992       -3.41979287214506       -0.10560422638303
B            2.67538078062570       -0.25784568760502       -0.11597801039886
B            1.31883792272547        0.38145912894848        0.54445732271020
B            1.23359926336656        1.74779777553989        1.55461318895196
B            0.58181525996640        3.18796267211606        1.27027067778516
B            2.49691091802951        1.54855362278572        0.46057704080158
B            1.14037645719486        2.89035780562561       -0.28287269478240
B            3.11309905483323       -3.79727383187574        1.27705610666396
B            3.62746356830919       -2.71303627206042        0.16538166247051
B            4.09161992097236       -1.19242458209955       -0.06400949381013
B            4.27154649304276       -2.74913879325382        1.61449025215833
B            5.44472378693125       -0.30721649932744       -0.46151752305645
B            4.15918860637049        0.47244537191121        0.12885931887739
B            4.02777759386785        2.25512219988386        0.26050295506025
B            2.73211746781584        3.04922369596715       -0.45695812655350
B            5.44049311328441        1.43657116560977       -0.04592106586847
B            4.17390461010469        3.57297878772502       -0.63240836875178
H           -5.13842534333169       -3.32568418059286        1.29387625321220
H           -5.67654772102221       -2.05315032935493       -0.23507149082143
H           -5.18112598805367        0.25398367088105       -2.24573542571383
H           -5.91066849317012        0.94628016923117        2.03746265574830
H           -5.11890431073748        3.73515775423381        0.92668525929469
H           -3.40091747939719        3.46021743075862        3.55241113951821
H           -2.40098321348924       -4.92187202200294       -0.85320612752077
H           -0.90317871730856        5.19809363058904        0.97623446892715
H            0.84134245511531       -5.27035788480376       -0.98827454416520
H            0.42098430841515        2.61676713550602       -1.18352092074357
H            2.78884558608098       -4.72815441536094        1.91034646117225
H            5.04078752878497       -2.38001131482005        2.41149070037866
H            6.50043601307316       -0.68713550050299       -0.79638457160156
H            6.52292236265457        1.87469270818939        0.05998503195706
H            4.96242253501321        4.32930397954908       -1.04586372954825
94
 energy: -112.186098798974 gnorm: 0.006465652768 xtb: 6.7.1pre (5071a88)
C            6.14010139008114        0.43067265332121        7.86919659435891
N            4.90557759215831       -0.06845034771383        8.42847867928753
C            5.00458775808438       -1.25956756225365        9.24167307984612
C            3.72407517327518        0.17023296849407        7.74818969374883
C            3.63584831606222        1.10413884253362        6.71097082551541
C            2.43440232037424        1.35876768601865        6.07562823870222
C            1.26679412325116        0.68397090646583        6.41464482012252
N            0.09086188317413        0.91106518825261        5.71239267011246
C           -1.16990759412219        0.66113600777398        6.24070052816910
C           -2.28619738281068        1.31176767954177        5.72754080424794
C           -3.55922066043229        1.05162989047555        6.19618169626363
C           -3.77905545103878        0.13622411594443        7.23102803079795
N           -5.04164863850374       -0.09451053649185        7.75037667910347
C           -6.18813387439722        0.36758697293452        7.00150288807221
C           -5.24781591674191       -1.26331317797084        8.57675895175609
C           -2.65222691421062       -0.51267077784754        7.74981352061714
C           -1.38562735096179       -0.26354749019587        7.25790386668233
S           -0.05136934586254       -1.21584107687772        7.94829885467545
C            1.35210990397960       -0.24957236255918        7.44564624341984
C            2.54265635020328       -0.49260858561449        8.10202515606234
H            6.10908754695820        1.51977216664424        7.80980400774831
H            6.34404242966432        0.02631154160922        6.86981267867757
H            6.96401540884426        0.15795602779644        8.52583121220411
H            4.81688768277805       -2.17527153878390        8.66746911424059
H            4.29154408557375       -1.21169300020280       10.06462520381802
H            6.00152081087570       -1.31701482388391        9.67052981556519
H            4.50471220579437        1.65034313383227        6.38524751344768
H            2.39568368529466        2.09426666576107        5.28557548036976
H            0.12851346093300        1.68225298627601        5.05894705129463
H           -2.14924962925436        2.02549340474973        4.93034070173247
H           -4.37846365849168        1.57848184865111        5.73844732863717
H           -7.09677016168369        0.08009096256903        7.52752200729544
H           -6.17370311430367        1.45607479689456        6.93113824637754
H           -6.22527093204284       -0.05136700416032        5.98844328041350
H           -4.62507643170905       -1.20468473121270        9.46866138616367
H           -6.28535816546988       -1.29214102600262        8.89976293210794
H           -5.01842421714668       -2.19669506741418        8.04786165541707
H           -2.73478127999116       -1.24008876602016        8.53844968318277
H            2.52471091871252       -1.22641352428267        8.88897804505052
B           -4.74035134970075       -2.69385173806521        0.40863537750987
B           -4.50973823401479       -1.31687000402294       -0.35144443924503
B           -4.38129287040721       -0.03391573392642       -1.40587348012598
B           -3.36500893595883       -2.66469067841638       -0.43010403647894
B           -2.94554578333977        0.26902595140226       -0.87298701302379
B           -4.28597468359504        0.29521196154466        0.35781817135304
B           -5.04178039395760        1.32596630033990        1.32965832847414
B           -4.52723154273008        2.87499410756454        1.46540569736292
B           -2.70690354315864        0.32902321046554        0.77449754091298
B           -3.24531191272353        3.19372691666528        2.41989418374685
B           -2.16549489465951       -3.78101768163201       -0.71971199049123
B           -1.84284930447681       -2.22286009316956       -0.80604420298305
B           -1.63742505760551       -0.63120640706951       -0.43696336868898
B           -0.56818703550892       -3.22492739345353       -0.83367328306710
B           -0.14312248279244       -0.27082513622586        0.11134001348772
B           -1.27668929366927       -0.23562798160353        1.32074367545684
B           -1.64488576428298        1.37696413522020        1.49537557917728
B           -1.86104946860476        2.93794687255557        1.65768506043026
B           -0.07596677225735        0.72447811088653        1.63446942684621
B           -0.71482620534257        4.06382994765672        1.28403608550805
B            0.84143964200961       -4.13327211089377       -0.72133247459926
B            0.92746527423308       -2.52496655771880       -0.68896545321860
B            1.27154924709544       -0.99731880647873       -0.39329321231145
B            2.19868114744496       -3.42732621745096       -0.10511746794941
B            2.67653973723931       -0.26388224025439       -0.09343173724873
B            1.31952375149325        0.37206958273828        0.57147864361346
B            1.23376865740120        1.73910062551173        1.57812135994395
B            0.58417404750867        3.18005152681943        1.29480088731370
B            2.49847929727659        1.53880542051788        0.48387949773414
B            1.14261640371574        2.88301061892814       -0.25894414022166
B            3.11973207515074       -3.81283872323915        1.27282669440641
B            3.63237021614479       -2.72183078765506        0.16673635706926
B            4.09282664446347       -1.19810648401674       -0.05041234311682
B            4.28199538121808       -2.76993693957113        1.61312502054303
B            5.44561557524816       -0.30935002550277       -0.44226461733723
B            4.16032511619113        0.46552728799558        0.15489843128480
B            4.02869224766224        2.24879035508422        0.29027149446585
B            2.73393166647915        3.04103354293322       -0.43073107902879
B            5.44170469022869        1.43031417011400       -0.01166211076772
B            4.17527010169631        3.56686031759864       -0.60162756703289
H           -5.12655221937768       -3.32202382754444        1.32108654130744
H           -5.67269153368295       -2.05970852055524       -0.21356701375413
H           -5.17533793035571        0.24444390891813       -2.23300858477654
H           -5.92147108276280        0.95837536975886        2.03746199181057
H           -5.11006903324978        3.73368091366867        0.90499627764363
H           -3.41900660557267        3.49252573615196        3.55106989631621
H           -2.39886150906378       -4.92344209676086       -0.84632068592064
H           -0.89600950569609        5.19209504321401        0.99525993680440
H            0.84385722915996       -5.27115181619413       -0.99958735118600
H            0.42345168591920        2.61084490357840       -1.15998677666838
H            2.79779947631513       -4.74830484495864        1.90031024106503
H            5.04809982826179       -2.40107829340891        2.41297238813142
H            6.50138952832353       -0.68820740529347       -0.77857448137024
H            6.52324646082394        1.86669567695009        0.10359602427356
H            4.96300549299862        4.32481498327194       -1.01292107872380
94
 energy: -112.186489667328 gnorm: 0.006180402643 xtb: 6.7.1pre (5071a88)
C            6.12995046234594        0.45027696191203        7.85926411928162
N            4.89532599579314       -0.05104159782765        8.41573479215685
C            4.99523437935890       -1.23497893988804        9.23849579333888
C            3.71615773227486        0.17452415940906        7.72557263207867
C            3.62969058004803        1.10216013074789        6.68308219828305
C            2.43085419736443        1.34756562976411        6.03906104889780
C            1.26485582012698        0.66816413217660        6.37354002918329
N            0.09018287013764        0.89211908607043        5.66871217385818
C           -1.17081101237762        0.64426164360511        6.19660332093937
C           -2.28657062698619        1.29703452542198        5.68535906350195
C           -3.55834225933051        1.04505348581232        6.16163492768287
C           -3.77745544511858        0.13709297056709        7.20289489193677
N           -5.03777402697333       -0.07895023281170        7.73342968375695
C           -6.18707534546857        0.38863838494188        6.99252881970210
C           -5.24598453758353       -1.23436468834469        8.57675839512982
C           -2.65207630109068       -0.51733469205467        7.71746112988438
C           -1.38708841268312       -0.27626600685897        7.21822366575012
S           -0.05346103812714       -1.22952566479389        7.90625217751656
C            1.34897491975431       -0.26031486430185        7.40994980055820
C            2.53633736740157       -0.49404335504867        8.07481738383148
H            6.09364098923558        1.53869736387767        7.79294360276152
H            6.34186588742563        0.04223048853214        6.86283413047872
H            6.95082493391408        0.18566804335396        8.52190276598555
H            4.81249258039587       -2.15643535045162        8.67212268934153
H            4.27929249993186       -1.18198054167404       10.05893249710643
H            5.99120614207773       -1.28602486170198        9.67119164543850
H            4.49799165119605        1.65203330650410        6.36192671701544
H            2.39378541093856        2.08032409301826        5.24609429036200
H            0.12996255174288        1.65471608665540        5.00596647372663
H           -2.15083062408927        2.00728971257584        4.88472522219594
H           -4.37796494326888        1.57372400386844        5.70674491912158
H           -7.09176859710186        0.11446604225600        7.53078671051081
H           -6.16217484389138        1.47641701743518        6.91399683634269
H           -6.23971707470588       -0.03604199494690        5.98257257778223
H           -4.61864366469965       -1.16548129968994        9.46468046035414
H           -6.28210396347125       -1.25322806912467        8.90514677809488
H           -5.02495202867145       -2.17693926932397        8.06164732518513
H           -2.73565745975050       -1.24065335953479        8.50926057090233
H            2.51831512831993       -1.22262731232960        8.86614244358161
B           -4.73579511913377       -2.69218332732131        0.42582420288527
B           -4.50667101781805       -1.31794795499272       -0.33824737297399
B           -4.37391787665266       -0.03881560302295       -1.39396847061500
B           -3.36152610500700       -2.66616128471918       -0.41432053119754
B           -2.94043728019007        0.26618688113494       -0.85659279853536
B           -4.28504150052315        0.29338614001870        0.37157522584634
B           -5.04443274447026        1.32810487407761        1.33479303115855
B           -4.52637680878980        2.87556809835184        1.46580941389128
B           -2.70770765711411        0.32837370142127        0.79195960990230
B           -3.25009196384787        3.20056191971056        2.42488853213772
B           -2.16402963644552       -3.78206886864767       -0.70983968113435
B           -1.83861335817380       -2.22487004446821       -0.78825363242380
B           -1.63464874736847       -0.63409628661423       -0.41738900414205
B           -0.56534997403788       -3.22749045339880       -0.82133187980672
B           -0.14257427626748       -0.27569720998832        0.13616485197369
B           -1.27973729669488       -0.23771039549430        1.34235949779154
B           -1.64601281130050        1.37518939923515        1.51555187711452
B           -1.86197262660845        2.93618290824861        1.67444454630262
B           -0.07784259650758        0.71931584982617        1.65914684236358
B           -0.71020848491244        4.05956854160731        1.30440776657195
B            0.84429137450318       -4.13627595317215       -0.71873548921044
B            0.92907586329557       -2.52858692609005       -0.67160119519663
B            1.27222878580071       -1.00281645137709       -0.36671291589088
B            2.20346118823092       -3.43498389318889       -0.10078783713649
B            2.67752545051504       -0.26995423677886       -0.06659655130997
B            1.32087415356165        0.36291695529290        0.60215058863396
B            1.23350873312728        1.73230816560411        1.60349087201407
B            0.58678501000889        3.17419943530756        1.31989170982326
B            2.49955102421028        1.52969512948278        0.50946517462596
B            1.14398804592651        2.87593450783397       -0.23412106835418
B            3.12885300502578       -3.82860480049600        1.27064794189997
B            3.63791295475038       -2.73067186474052        0.17009679713316
B            4.09420067473352       -1.20413582825381       -0.03663414410078
B            4.29597073940212       -2.79132550198970        1.61242941408098
B            5.44518521514365       -0.31191694403617       -0.42662841707843
B            4.16157013720550        0.45747659081798        0.18204441656191
B            4.02857889535206        2.24141243895676        0.31823823857363
B            2.73476376699931        3.03123171154328       -0.40557136602030
B            5.44172602765766        1.42325481749785        0.01999721375081
B            4.17541868528309        3.55753685185140       -0.57609370293565
H           -5.12023953296784       -3.31541006056260        1.34125774291949
H           -5.66817442940527       -2.06206077506277       -0.20057597184390
H           -5.16521521616967        0.23848046367223       -2.22385742518701
H           -5.92676563388700        0.96638430544117        2.04045699288206
H           -5.10291325840366        3.73020629210020        0.89157608050606
H           -3.42929909766146        3.49843443281763        3.55057508221588
H           -2.39713791499918       -4.92316769112073       -0.84118233444859
H           -0.88808251262744        5.18950315128692        1.01886044097269
H            0.84552502694592       -5.27172948691549       -1.00528777279336
H            0.42418862013798        2.60384340022654       -1.13442699740562
H            2.80991448920647       -4.76862320474685        1.89252430701007
H            5.06264985706307       -2.42442181753634        2.41203691608824
H            6.49978249174502       -0.68883892857910       -0.76897093434649
H            6.52229202042061        1.85785149652168        0.14474543913662
H            4.96185134739189        4.31568616565041       -0.98837797627141
94
 energy: -112.186953330358 gnorm: 0.005256069532 xtb: 6.7.1pre (5071a88)
C            6.11803482184958        0.47315275044738        7.84659031343302
N            4.88364976620436       -0.03185043554176        8.39937833691819
C            4.98506321840509       -1.20739471327177        9.23322413937882
C            3.70702994234674        0.18000867427896        7.69942279967885
C            3.62238875923040        1.10149809715144        6.65152367205368
C            2.42646058637850        1.33631675958124        5.99806163766833
C            1.26244981904998        0.65200048116033        6.32815451774219
N            0.08907723974429        0.87266218563573        5.61965472563212
C           -1.17250618796761        0.62577009780050        6.14794740590376
C           -2.28748807720905        1.28004971929411        5.63778077229791
C           -3.55795873647654        1.03743476319496        6.12229606027924
C           -3.77615429853125        0.13761225768396        7.17099059652411
N           -5.03387713044671       -0.06318153297142        7.71256853821712
C           -6.18580623599896        0.41258364813675        6.98145133499865
C           -5.24444578115098       -1.20198452212026        8.57623907377810
C           -2.65220798654589       -0.52305332497318        7.68069388539176
C           -1.38828401511624       -0.29027895808806        7.17454113538381
S           -0.05568454884300       -1.24486549761530        7.85930345408395
C            1.34485634275363       -0.27178743483652        7.36964407229783
C            2.52940825270786       -0.49552867764546        8.04298351329932
H            6.07565172774085        1.56085158463537        7.77376813615031
H            6.33803349645472        0.06166074001815        6.85297113290429
H            6.93667876263928        0.21772512066006        8.51506235336007
H            4.80676185372100       -2.13519133030840        8.67593811151149
H            4.26739711311722       -1.14881414861429       10.05220022478526
H            5.98049313806290       -1.25251312318666        9.66865900072427
H            4.48908652730476        1.65659760070505        6.33537394876292
H            2.39194605805806        2.06594794280566        5.20167378043403
H            0.12948254150132        1.62416510360018        4.94522026137893
H           -2.15397023558595        1.98588862124875        4.83244020627482
H           -4.37728563640342        1.56828413306149        5.66984514099341
H           -7.08699472483501        0.15387057635609        7.53228488222301
H           -6.14868896511414        1.49956014666712        6.89504346251547
H           -6.25527649716056       -0.01766984802403        5.97476136954119
H           -4.61330228965135       -1.12099289482734        9.46091100293503
H           -6.27938057517611       -1.21093315819212        8.90920865188413
H           -5.03129523352458       -2.15536483001881        8.07799557783875
H           -2.73706302601652       -1.24278276078215        8.47556073207609
H            2.51182273742387       -1.21982255661659        8.83803685916470
B           -4.73252699005305       -2.68970062532812        0.44244233329618
B           -4.50320532348795       -1.31831343884382       -0.32543163843910
B           -4.36384786206951       -0.04273621403685       -1.38168627068627
B           -3.35772897030883       -2.66801629371011       -0.39736102492267
B           -2.93308590012296        0.26414225024430       -0.83759859377597
B           -4.28354734227392        0.29084120263340        0.38604781899105
B           -5.04683858465690        1.32978052070113        1.34076186518662
B           -4.52530467320021        2.87628782293245        1.46529711052503
B           -2.70798960539682        0.32760361862547        0.81181843563830
B           -3.25597522317463        3.20489093327313        2.43132934958576
B           -2.16184998239076       -3.78330509880733       -0.69811782677893
B           -1.83357288917623       -2.22699058988031       -0.76739451804354
B           -1.63037489016481       -0.63752901200694       -0.39444970413220
B           -0.56173978911373       -3.23099239707254       -0.80557434681607
B           -0.14135063227250       -0.28118569906839        0.16609068085092
B           -1.28288166529843       -0.24081697786280        1.36817947988620
B           -1.64690845119444        1.37238316004933        1.53945802878004
B           -1.86250987013019        2.93354533588321        1.69370548479861
B           -0.07978417328027        0.71310615340761        1.68859421074768
B           -0.70548936101090        4.05557881330430        1.33000321110648
B            0.84782070757268       -4.14032075321296       -0.71383164132881
B            0.93149905134195       -2.53350686041372       -0.64917783152474
B            1.27312704801674       -1.00968813289039       -0.33373318238096
B            2.20934828132984       -3.44464996983939       -0.09389382136566
B            2.67879105775079       -0.27717426017542       -0.03307983114910
B            1.32322609741804        0.35203312019125        0.63943013763218
B            1.23275320594054        1.72517057395403        1.63420218504585
B            0.58911196235706        3.16784462825420        1.34885544938537
B            2.50035492573421        1.51959224631209        0.54081582236837
B            1.14501469354068        2.86765412307654       -0.20515052762752
B            3.14178683696141       -3.84873325954390        1.26879015181418
B            3.64425406125932       -2.74077799133929        0.17547998146348
B            4.09622379640278       -1.21142267682658       -0.02092199037626
B            4.31172792558662       -2.81485746758177        1.61316472432776
B            5.44451824075319       -0.31492718987654       -0.41040816087296
B            4.16339405391538        0.44732327658432        0.21398449438491
B            4.02813682150561        2.23213541603179        0.35017680435940
B            2.73568480980315        3.01934031549798       -0.37664616738843
B            5.44198790779277        1.41463141781770        0.05510440724573
B            4.17614479529570        3.54577444377543       -0.54773634463611
H           -5.11727370290645       -3.30794223390017        1.36062052837509
H           -5.66320062819441       -2.06284045675724       -0.18970285700927
H           -5.15136412136509        0.23477317762987       -2.21509705216614
H           -5.93288000179025        0.97436197053764        2.04501007162232
H           -5.09582741362013        3.72724220662983        0.87908349188252
H           -3.44522993168092        3.51687210544329        3.55280766935963
H           -2.39585053821119       -4.92329019885096       -0.83425371555612
H           -0.88128899104538        5.18643249355296        1.04517659425467
H            0.84784438545486       -5.27326438371728       -1.00968525629019
H            0.42453594376329        2.59447997551713       -1.10447893313789
H            2.82684767538288       -4.79442648775710        1.88402109684027
H            5.08414875712164       -2.45423817179807        2.40967351465586
H            6.49676385356864       -0.68845291515621       -0.76361284806798
H            6.52195301026349        1.84711376645667        0.19132225984672
H            4.96167307887094        4.30398743146502       -0.96152813023299
94
 energy: -112.187469304924 gnorm: 0.004372528612 xtb: 6.7.1pre (5071a88)
C            6.10502830595309        0.49772708779501        7.83195854238711
N            4.87067485512230       -0.01265652441604        8.37911588855272
C            4.97338816520227       -1.17891843683056        9.22530797897450
C            3.69722025824444        0.18681711217719        7.67019157590355
C            3.61421159644259        1.10283278212905        6.61723085554724
C            2.42122307704833        1.32665049942880        5.95442810758285
C            1.25934790927297        0.63729903772797        6.28067388781845
N            0.08736283546157        0.85292106886941        5.56732249584043
C           -1.17487435133742        0.60706551673808        6.09736150002516
C           -2.28902606198312        1.26214515740934        5.58727227348675
C           -3.55827908340967        1.02914285782867        6.07973624626918
C           -3.77531010844143        0.13769894252650        7.13630067068329
N           -5.02990507924774       -0.04916749756022        7.68793292327121
C           -6.18450543205741        0.43744491611410        6.96889015414741
C           -5.24240955111567       -1.16885336668276        8.57469462756053
C           -2.65269575580235       -0.52842293642943        7.64187736420773
C           -1.38931539655439       -0.30401694777013        7.12919767214181
S           -0.05781432287544       -1.26057338282483        7.81011887704836
C            1.33999778687620       -0.28217265581528        7.32662152489789
C            2.52219108364869       -0.49574699137970        8.00807677822689
H            6.05637115680975        1.58480529324010        7.75406093510995
H            6.33333477670446        0.08361078593047        6.84098455828858
H            6.92182098157997        0.25099764504671        8.50602017903550
H            4.79866000745940       -2.11323913465298        8.67751772800631
H            4.25416936587866       -1.11379872824639       10.04318392845312
H            5.96863579042233       -1.21819116444880        9.66310672451448
H            4.47862358118061        1.66351786987525        6.30530035988365
H            2.38923124309729        2.05279729657456        5.15454412378449
H            0.12652887353086        1.59394381372463        4.88227727096667
H           -2.15803066084247        1.96275378220755        4.77662868229771
H           -4.37677026374504        1.56160647174615        5.62823456609015
H           -7.08241049836181        0.19445460841791        7.53199730178991
H           -6.13440256903354        1.52352381127049        6.87553754639358
H           -6.27170279717908        0.00249727680184        5.96548238314460
H           -4.60707340537954       -1.07377812391210        9.45636930903892
H           -6.27681507656333       -1.16722752534268        8.91208433290386
H           -5.03606590986786       -2.13385033526501        8.09481376813796
H           -2.73864187769119       -1.24504835481867        8.43981716116378
H            2.50512354385972       -1.21708593346750        8.80598957906166
B           -4.73074218623178       -2.68652681702290        0.45675241515203
B           -4.49967766825663       -1.31716289123244       -0.31359401092718
B           -4.35139718306324       -0.04419613035787       -1.36973399184789
B           -3.35373205317957       -2.66973038118176       -0.38028164893510
B           -2.92379229638550        0.26354623697554       -0.81666640938075
B           -4.28163078615976        0.28900584514189        0.40017383344637
B           -5.04896030206832        1.33173549575109        1.34749865360890
B           -4.52447563147603        2.87801546751935        1.46571166874255
B           -2.70786344299015        0.32725477640975        0.83337597903391
B           -3.26276872557551        3.21049362359908        2.44005108664637
B           -2.15918423665252       -3.78473024286726       -0.68508396792132
B           -1.82796476683224       -2.22892721915912       -0.74438229373309
B           -1.62511614350105       -0.64108373085221       -0.36812619796445
B           -0.55767384259722       -3.23539403511744       -0.78673405956606
B           -0.13955465949881       -0.28726555876959        0.20112847524451
B           -1.28636499751688       -0.24415480290717        1.39780681593696
B           -1.64808001329751        1.36951169974362        1.56639415306606
B           -1.86332965160035        2.93122751601763        1.71526310908942
B           -0.08219023287720        0.70707367164715        1.72199022319097
B           -0.70204023470419        4.05208054898779        1.35711972179366
B            0.85187707347693       -4.14531413275676       -0.70599788349896
B            0.93473621774079       -2.53962193860005       -0.62208639418306
B            1.27421209363642       -1.01774425160393       -0.29497494940164
B            2.21621421544919       -3.45576040153195       -0.08407780836883
B            2.68029987902255       -0.28523569648095        0.00619260666896
B            1.32625964255796        0.34021258096547        0.68230362297257
B            1.23132349432154        1.71850570713958        1.66914281196769
B            0.59016482026044        3.16139183867785        1.38009421322866
B            2.50068923577096        1.50944798194773        0.57700229821701
B            1.14576434909586        2.85861576368732       -0.17326349502150
B            3.15876921831720       -3.87242568054953        1.26764638952113
B            3.65129715927751       -2.75148566631112        0.18297422168273
B            4.09898293826331       -1.21937233106624       -0.00354751203591
B            4.33023300190281       -2.84073991444073        1.61468038786225
B            5.44232897496313       -0.31733357930426       -0.39725244055632
B            4.16587174626981        0.43572448114635        0.24959680100886
B            4.02766379316907        2.22173470026442        0.38496204770475
B            2.73679957204143        3.00610283467429       -0.34517684655182
B            5.44276496417819        1.40506475308527        0.09207784087710
B            4.17761842433409        3.53168611724231       -0.51837987272396
H           -5.11878813080575       -3.30077848443697        1.37632124487900
H           -5.65818928811068       -2.06162177827190       -0.18223993228631
H           -5.13373638832916        0.23514049091710       -2.20761758730502
H           -5.93745263542935        0.98024611856822        2.05129551138136
H           -5.08954140075992        3.72591635115876        0.86930312909637
H           -3.46194879256633        3.53272973925866        3.55763264029661
H           -2.39542420729915       -4.92383294266552       -0.82627238603313
H           -0.87606733972935        5.18339765396285        1.07265590952683
H            0.85128830884640       -5.27577360186503       -1.01172505826362
H            0.42493389710368        2.58292130320196       -1.07159663179828
H            2.84893839579101       -4.82447780450469        1.87579579103242
H            5.11176815370669       -2.48896972002773        2.40640248787578
H            6.49180476775442       -0.68756416168384       -0.76246931141827
H            6.52265604458972        1.83470476638964        0.23954094805748
H            4.96267786339989        4.28868423778518       -0.93556673174974
94
 energy: -112.188051697267 gnorm: 0.004811060659 xtb: 6.7.1pre (5071a88)
C            6.09040282241591        0.52452669514373        7.81455081190275
N            4.85576209092036        0.00700458762160        8.35375229547763
C            4.95879689777972       -1.14880419249940        9.21378931159608
C            3.68627070885325        0.19540283002087        7.63650800419075
C            3.60469947393348        1.10619884410823        6.57853676190755
C            2.41476485072169        1.31859946319793        5.90650509396208
C            1.25510914867711        0.62407171788865        6.22945723372074
N            0.08469483654185        0.83193459743850        5.51006314662450
C           -1.17810255474462        0.58819668758946        6.04351275980207
C           -2.29151526372603        1.24322025472782        5.53244333443537
C           -3.55948053211469        1.01990740336005        6.03248066711982
C           -3.77500488193703        0.13789250130866        7.09798758903695
N           -5.02579267319881       -0.03669246995554        7.65837878942779
C           -6.18310418616405        0.46333688908143        6.95384565781450
C           -5.23897292365208       -1.13424216533022        8.57137959971432
C           -2.65360170208017       -0.53278640558961        7.60025604098582
C           -1.39072468770842       -0.31689227797374        7.08124005072843
S           -0.06016360314083       -1.27548732608119        7.75837041338547
C            1.33422484033581       -0.29082975611440        7.27978845495353
C            2.51414659703972       -0.49415775996375        7.96884568328222
H            6.03579926216133        1.61079311751548        7.73393144788699
H            6.32763016811077        0.10986066568928        6.82607040831535
H            6.90508555294754        0.28511025819412        8.49360968629501
H            4.78575994916003       -2.08957008435199        8.67657749036553
H            4.23877451488198       -1.07565781019541       10.03092350709433
H            5.95385198279284       -1.18301525673275        9.65278169009745
H            4.46647335395691        1.67246345986315        6.27004409274233
H            2.38487093012536        2.04071516912912        5.10287336519397
H            0.12101923857963        1.56405942301938        4.81620175628806
H           -2.16298548877292        1.93742155808458        4.71569202186166
H           -4.37689230472570        1.55276415583036        5.58005191213716
H           -7.07727275516830        0.23561094481273        7.52880315077189
H           -6.11984356136411        1.54804122268781        6.85518187408221
H           -6.28934022047815        0.02573380162128        5.95373556275141
H           -4.60248433090496       -1.02180965998286        9.45097306876520
H           -6.27256402261195       -1.12423209789681        8.90961635923210
H           -5.03505688141324       -2.11043332307475        8.11368851279077
H           -2.74020237276388       -1.24636396363225        8.40146697050636
H            2.49738734876035       -1.21340765485298        8.76906268448803
B           -4.73068010998472       -2.68266365772925        0.46733734758103
B           -4.49587306287582       -1.31394594564943       -0.30283688854522
B           -4.33560021419032       -0.04233136404784       -1.35778866211111
B           -3.34938457675075       -2.67105856341695       -0.36326505456718
B           -2.91184475546261        0.26436002762658       -0.79296752470483
B           -4.27897072176220        0.28838254289173        0.41423567370716
B           -5.04993871010360        1.33357597862895        1.35611788701490
B           -4.52450694901468        2.87990341715971        1.47073589591425
B           -2.70729984750595        0.32723211626783        0.85753399528766
B           -3.26960996635234        3.21463733144298        2.45224067076185
B           -2.15598436943868       -3.78633096340405       -0.67046467766415
B           -1.82149433018540       -2.23069542951902       -0.71824988882765
B           -1.61862800326322       -0.64490129223676       -0.33677792202443
B           -0.55305663372607       -3.24075942404889       -0.76357619347857
B           -0.13696496209042       -0.29445025822274        0.24345851579861
B           -1.29043009956289       -0.24744756748728        1.43274924654334
B           -1.64975884699203        1.36692797995844        1.59690066735116
B           -1.86490332510030        2.92949955795227        1.73954135664850
B           -0.08538519027482        0.70167146278694        1.76079762543404
B           -0.69983531798402        4.04900346567669        1.38736329867853
B            0.85639250240916       -4.15136743621598       -0.69349006512867
B            0.93895409736492       -2.54725280543860       -0.58843211594257
B            1.27577556939418       -1.02751836486296       -0.24813638360904
B            2.22433693573094       -3.46859042154706       -0.06999318199872
B            2.68224378036021       -0.29456646157178        0.05322249743071
B            1.33002547288616        0.32731764279555        0.73271458669114
B            1.22928272233208        1.71232907844809        1.70982574285174
B            0.58978025152018        3.15476438222804        1.41496361373629
B            2.50060693852546        1.49926150507148        0.61963029030350
B            1.14616287432672        2.84840951998269       -0.13706354808842
B            3.18064810081785       -3.90010131377399        1.26784579361194
B            3.65951906910133       -2.76333576605601        0.19332973851696
B            4.10236442582199       -1.22846300053613        0.01652814398037
B            4.35347032027898       -2.87048909141917        1.61682010447289
B            5.43966616402915       -0.31990836644304       -0.38350609740175
B            4.16940897519790        0.42215745949695        0.29040856661027
B            4.02728026895666        2.20977408484449        0.42294434528109
B            2.73784768802985        2.99122496756618       -0.30990739402729
B            5.44368824234915        1.39414435967717        0.12978613557899
B            4.17938616758953        3.51370689516235       -0.48895319272421
H           -5.12581904355278       -3.29415772013306        1.38617502139212
H           -5.65300833740289       -2.05769690260158       -0.17986896662615
H           -5.11091405520386        0.24071097935638       -2.20128836809163
H           -5.94047931886534        0.98331104662164        2.05905256122702
H           -5.08415138447966        3.72567014424215        0.86652168457790
H           -3.47749227125515        3.54636825335128        3.56616312746367
H           -2.39575959381210       -4.92448277733155       -0.81776940596690
H           -0.87195076663903        5.18025405907314        1.10188254393348
H            0.85579542383199       -5.27915118729350       -1.00973250898212
H            0.42548481738499        2.56842469394204       -1.03436866295796
H            2.87724992208335       -4.85913917887253        1.86841758278395
H            5.14737129642936       -2.53000406544945        2.40166891854971
H            6.48408612040069       -0.68497780346224       -0.76853382670253
H            6.52371698445888        1.82047955169704        0.28921622517464
H            4.96410801024749        4.26825458112595       -0.91183613647226
94
 energy: -112.188678264263 gnorm: 0.005890019336 xtb: 6.7.1pre (5071a88)
C            6.07500668236177        0.55387494544855        7.79469322951704
N            4.84014268838643        0.02797452712505        8.32495279775743
C            4.94342988808620       -1.11668470041088        9.19968240416219
C            3.67489626130965        0.20505692613594        7.59902170783160
C            3.59410529651976        1.11031848029126        6.53562217554415
C            2.40712457818656        1.31069137530504        5.85448287621072
C            1.24995500487796        0.61052894765932        6.17470072734285
N            0.08127300915891        0.80767454455177        5.44849355295940
C           -1.18183356095691        0.56822299052209        5.98695408375117
C           -2.29448041782050        1.22326013162101        5.47456488425604
C           -3.56120226408712        1.01001700384089        5.98217304714358
C           -3.77524389993359        0.13814366478078        7.05700779485295
N           -5.02239411686502       -0.02367785185512        7.62679600252978
C           -6.18160243669573        0.49096033885266        6.93694820004570
C           -5.23588231641879       -1.09812136113215        8.56610875735531
C           -2.65507256321712       -0.53634636780108        7.55702542362373
C           -1.39277947962118       -0.32978161954120        7.03111597348562
S           -0.06256636153688       -1.29091290189053        7.70415938576035
C            1.32825494978098       -0.29915268674524        7.22970233077086
C            2.50596566208700       -0.49152165939302        7.92650392378148
H            6.01322724329646        1.63972144519646        7.71097427295472
H            6.32216345441486        0.13803592073128        6.80898263495486
H            6.88743700789517        0.32230871021320        8.47997218873694
H            4.77205830254979       -2.06421445233505        8.67333728309190
H            4.22207600416780       -1.03482637328950       10.01551533899662
H            5.93827273962129       -1.14518901475673        9.64022308346482
H            4.45307196703987        1.68211113000814        6.22992753516311
H            2.37810958297482        2.02810695078090        5.04666832128270
H            0.11412980394094        1.53181864606022        4.74617856628362
H           -2.16766535599974        1.91016839976500        4.65138928373574
H           -4.37754316326658        1.54313091729690        5.52838301184655
H           -7.07226314913840        0.27894314637781        7.52411592348843
H           -6.10406282885893        1.57451262130588        6.83211188186639
H           -6.30700414153686        0.05001154723492        5.94041185741160
H           -4.59656767197035       -0.96729086604258        9.44278238756798
H           -6.26948187667637       -1.07850139813028        8.90626952776942
H           -5.03436180852260       -2.08559263774799        8.13012475964664
H           -2.74220937155231       -1.24579582493986        8.36264360333186
H            2.48961513621860       -1.20868605904146        8.72920866891775
B           -4.73213318372512       -2.67937428524104        0.47548594638435
B           -4.49172109007289       -1.30970246514701       -0.29159859746453
B           -4.31760635681152       -0.03848002084205       -1.34476882420083
B           -3.34485302069021       -2.67225522434525       -0.34554986479193
B           -2.89819160261819        0.26555347076923       -0.76662017010370
B           -4.27569898278827        0.28855103084432        0.42924848194139
B           -5.05076841195461        1.33583011754830        1.36659719695078
B           -4.52558985591205        2.88303459935213        1.47684657057049
B           -2.70649190711153        0.32679090042089        0.88431740057579
B           -3.27794647349669        3.22378199531502        2.46575054009436
B           -2.15235438183852       -3.78841796917176       -0.65348519789819
B           -1.81438743711943       -2.23279509406775       -0.68903207050155
B           -1.61141855140868       -0.64921011040711       -0.30116963768899
B           -0.54802661773957       -3.24701023386289       -0.73682710590871
B           -0.13385357583079       -0.30284704533914        0.29159515020692
B           -1.29497752156465       -0.25113117926780        1.47194240888406
B           -1.65200062365589        1.36408589116114        1.63094613527898
B           -1.86742899776957        2.92781785132915        1.76556602011475
B           -0.08929995846157        0.69651685055211        1.80389782808692
B           -0.69881813244953        4.04522376529860        1.41743592659541
B            0.86163540398580       -4.15838043050359       -0.67819814215138
B            0.94399894485846       -2.55617948087248       -0.55009350841619
B            1.27782420656055       -1.03886022896137       -0.19532735404161
B            2.23376014684741       -3.48280500192473       -0.05352783593326
B            2.68460351608705       -0.30514144364023        0.10591778975689
B            1.33408079821096        0.31372952579137        0.78834360127170
B            1.22671064509643        1.70614540073832        1.75517687691463
B            0.58841324140839        3.14760570181404        1.45240936079986
B            2.50030724867099        1.48904016563272        0.66798209375708
B            1.14706502336158        2.83678941574196       -0.09758365649395
B            3.20602165932349       -3.93120459810240        1.26827086443430
B            3.66889011696479       -2.77607753588061        0.20577478108176
B            4.10619132760589       -1.23815647876026        0.03943049283539
B            4.38032502555042       -2.90408176805827        1.61920156229015
B            5.43552136687661       -0.32175792005678       -0.37108245422063
B            4.17383021488317        0.40716683801228        0.33546202066062
B            4.02742232811292        2.19654330581024        0.46511475594814
B            2.73953386141817        2.97515385115614       -0.27095297864027
B            5.44528465594259        1.38230593154529        0.16944499934800
B            4.18251412867601        3.49360968402945       -0.45627891648063
H           -5.13702667096253       -3.28973185920981        1.39169430472725
H           -5.64811100859118       -2.05251763343604       -0.18034670645994
H           -5.08477661629159        0.24918427018045       -2.19451639816636
H           -5.94297481591533        0.98512260676828        2.06862852500103
H           -5.08038583472010        3.72657972801706        0.86380215930848
H           -3.49411203941188        3.56272768783698        3.57603779652621
H           -2.39624705614539       -4.92550823419338       -0.80703634954523
H           -0.86865706873430        5.17591971505461        1.12930277180339
H            0.86140589830068       -5.28318794062539       -1.00622221810707
H            0.42748196572538        2.55170890804700       -0.99439713592967
H            2.90985839535280       -4.89836681877768        1.85982519408868
H            5.18722667761204       -2.57542557357437        2.39639517534243
H            6.47430160765172       -0.68244315608281       -0.77562625515684
H            6.52559946715403        1.80506465338757        0.33900479582557
H            4.96729944340569        4.24462233215212       -0.88623755831199
94
 energy: -112.189324609818 gnorm: 0.007013890453 xtb: 6.7.1pre (5071a88)
C            6.05862337578392        0.58458172750006        7.77217037189511
N            4.82354705483340        0.04928518636251        8.29226801591903
C            4.92594725256070       -1.08374130998464        9.18199294833320
C            3.66280579535052        0.21582488258750        7.55837213545086
C            3.58238089517956        1.11508318000247        6.48929776835065
C            2.39828884335381        1.30341040378579        5.79972767936952
C            1.24363793739671        0.59778585483181        6.11805203888065
N            0.07676256326980        0.78157666381984        5.38477164472077
C           -1.18629619818039        0.54868414168689        5.92950951960097
C           -2.29839403170631        1.20339107437817        5.41553791829548
C           -3.56373984884475        0.99999437091466        5.93032380213485
C           -3.77607824202026        0.13939547623521        7.01515035223596
N           -5.01944070828717       -0.01146005593068        7.59260009829046
C           -6.17990201393712        0.51851073087056        6.91765145372458
C           -5.23147428402643       -1.06223679355987        8.55783076823540
C           -2.65699260969162       -0.53782242582537        7.51405344922880
C           -1.39578300296435       -0.34114068154735        6.98067199683307
S           -0.06549576536700       -1.30361993009928        7.65129256016395
C            1.32180569546662       -0.30582685520316        7.17817013959296
C            2.49712651556024       -0.48721081859415        7.88215880469854
H            5.99031198637482        1.66968453236893        7.68769214712390
H            6.31594723583817        0.17007645076482        6.78900237925446
H            6.86816592383773        0.35904089869057        8.46271797280367
H            4.75491236709074       -2.03759995374490        8.66705123802161
H            4.20347856155246       -0.99219800793812        9.99625053551657
H            5.92028003348928       -1.10722767105474        9.62362126018780
H            4.43880508300981        1.69158664918502        6.18550744507894
H            2.36923440509790        2.01571320568626        4.98753649014575
H            0.10586578422950        1.50036395553944        4.67665855999318
H           -2.17278779104522        1.88238700752395        4.58579120595455
H           -4.37927568655355        1.53183220512665        5.47374649454602
H           -7.06641700644010        0.31979186833857        7.51498123188323
H           -6.08974514245370        1.60019924027481        6.80908340960121
H           -6.32370328522500        0.07734052234601        5.92441349188562
H           -4.59252338525826       -0.91159149481577        9.43216012537421
H           -6.26464022720904       -1.03680344346878        8.89633871061372
H           -5.02785740130651       -2.05888115211983        8.14504890918562
H           -2.74410233178547       -1.24222383237635        8.32463626052559
H            2.48093819984851       -1.20175466137173        8.68772008819520
B           -4.73549958259640       -2.67621292095253        0.47842599534908
B           -4.48705923910981       -1.30366571423168       -0.28136598398165
B           -4.29699674200883       -0.03151655165429       -1.33136015026477
B           -3.34015585212966       -2.67273604026770       -0.32876344071013
B           -2.88254949132676        0.26730699617091       -0.73818206288177
B           -4.27167267399296        0.29005838653893        0.44441460172615
B           -5.05051451647268        1.33763969595412        1.37918236549460
B           -4.52745666881841        2.88546488928138        1.48850555303395
B           -2.70547680219109        0.32615374784079        0.91327013674433
B           -3.28497962966646        3.22988622024032        2.48171372971352
B           -2.14830869708845       -3.79048682627243       -0.63527014541522
B           -1.80648015564531       -2.23486397056658       -0.65707465483294
B           -1.60346551828901       -0.65367516736234       -0.26140203588595
B           -0.54256378780638       -3.25369238502243       -0.70606994488344
B           -0.13010942895963       -0.31229007572329        0.34524571870735
B           -1.29997024434014       -0.25428863479056        1.51486333622181
B           -1.65458988547596        1.36199853756198        1.66650794196137
B           -1.87064219916472        2.92681763240230        1.79243179048241
B           -0.09388742117850        0.69265649926090        1.85042558459519
B           -0.69871947691749        4.04155576776665        1.44786930854270
B            0.86717131572407       -4.16586618066660       -0.65796390674539
B            0.94974516736215       -2.56616226436774       -0.50626943550631
B            1.28049873666695       -1.05163982199511       -0.13642145665984
B            2.24413585040888       -3.49766922661803       -0.03306190185698
B            2.68747478847268       -0.31688125249026        0.16394667676141
B            1.33843011771430        0.30026700387461        0.84827224090878
B            1.22386276944661        1.70072255298823        1.80413782805203
B            0.58608346250893        3.14065795581380        1.49167769095531
B            2.49984298030524        1.47941649041535        0.72095938032703
B            1.14812680157481        2.82407440019849       -0.05562107978479
B            3.23433508841515       -3.96387659984856        1.27035300876113
B            3.67948368076049       -2.78948425409082        0.22103201669108
B            4.11007836821343       -1.24842339929913        0.06511312249334
B            4.41144926031640       -2.94063787957745        1.62194932820144
B            5.43057263613834       -0.32367338271504       -0.35787471595823
B            4.17923140723939        0.39092500179267        0.38358860503453
B            4.02791189475300        2.18210652488719        0.50886348195236
B            2.74124493299553        2.95819292701339       -0.22957000122930
B            5.44687596825539        1.36969152162254        0.20728240792075
B            4.18584180142782        3.47017430255031       -0.42447940128967
H           -5.15377537542182       -3.28756271153935        1.38871014365274
H           -5.64323204686589       -2.04487801881414       -0.18692989220533
H           -5.05481647535865        0.26174202527806       -2.18786801190022
H           -5.94384650848038        0.98416588032906        2.07938857631306
H           -5.07880884294333        3.72730091752597        0.87099322165581
H           -3.50701529099550        3.57905465807103        3.58846503785007
H           -2.39672065823722       -4.92616874446868       -0.79620070417940
H           -0.86553128545213        5.17138790180010        1.15574190192505
H            0.86741826574049       -5.28732830524149       -0.99793743619614
H            0.43020040442032        2.53229569606051       -0.95180863077954
H            2.94629139203905       -4.93960043234533        1.85204943126710
H            5.23213116536067       -2.62418653829297        2.39014371162421
H            6.46164255473168       -0.67940646385544       -0.78668717459757
H            6.52752224391785        1.78900379206942        0.38524025311026
H            4.97037289525286        4.21640869657949       -0.86384338213918
94
 energy: -112.189949495452 gnorm: 0.006970394295 xtb: 6.7.1pre (5071a88)
C            6.04222324040097        0.61718170868536        7.74718887485896
N            4.80765082988297        0.07214551502128        8.25811658465352
C            4.90982793816297       -1.04927024498438        9.16249558318501
C            3.65091620771077        0.22661215236321        7.51598622093454
C            3.57004487522818        1.11863228103776        6.44031911235166
C            2.38848344713805        1.29447017519478        5.74302083626952
C            1.23669315600714        0.58352894005345        6.06095081095651
N            0.07155487209372        0.75240341715316        5.32138293723247
C           -1.19101713196950        0.52850948033830        5.87280868539930
C           -2.30238093505727        1.18349391978033        5.35741642547588
C           -3.56634298690194        0.98995425750325        5.87898273497494
C           -3.77726184973822        0.14080925018451        6.97321662572518
N           -5.01778292063672        0.00239469144250        7.55910694776551
C           -6.17805301507594        0.54695847556379        6.89668656549407
C           -5.22871351673756       -1.02622502390382        8.54723930161449
C           -2.65937303877633       -0.53847218202168        7.47234495034725
C           -1.39970346387618       -0.35250837902543        6.93103195219973
S           -0.06864846890124       -1.31649716304639        7.59960751672328
C            1.31568946725767       -0.31304443615720        7.12679589798706
C            2.48864234334870       -0.48255915849345        7.83791936422264
H            5.96562039318900        1.70204708489533        7.66008979467343
H            6.31022530929798        0.20225391414151        6.76693442460070
H            6.84894654747527        0.39928911434414        8.44449352249936
H            4.74029334054279       -2.00952859564786        8.65857916843786
H            4.18540842882890       -0.94853646273049        9.97422230635052
H            5.90349215985927       -1.06658705068509        9.60605924322568
H            4.42413933844688        1.69909421136612        6.13741684327812
H            2.35797103572152        2.00104467165711        4.92594554860937
H            0.09797399460449        1.46601271783535        4.60659187832384
H           -2.17705450802143        1.85467681861698        4.52167692494823
H           -4.38133448096668        1.52095420660246        5.42032200910941
H           -7.06133094974344        0.36263994296024        7.50511771572036
H           -6.07374833758734        1.62757300054283        6.78209440558084
H           -6.33914236613017        0.10305403936346        5.90692059415865
H           -4.58819685512784       -0.85710686491121        9.41790967603928
H           -6.26219040665094       -0.99432331715131        8.88606942135439
H           -5.02436486465318       -2.03128528050053        8.15475919629990
H           -2.74638932228323       -1.23605833040721        8.28918991368306
H            2.47298141788529       -1.19318304959085        8.64732190527582
B           -4.74051118281617       -2.67477802633139        0.47860944037177
B           -4.48183040918410       -1.29765018039539       -0.27028655810267
B           -4.27562798381289       -0.02374745215280       -1.31623597886636
B           -3.33577029325773       -2.67321787630606       -0.31178239224609
B           -2.86641514220080        0.26831772679257       -0.70803365713201
B           -4.26718742404568        0.29163677048720        0.46130222218659
B           -5.05013182965833        1.33921123362081        1.39402052838059
B           -4.53006130278647        2.88870929252118        1.49936384965520
B           -2.70450360908274        0.32454071908407        0.94421915620589
B           -3.29284891160525        3.24207298590720        2.49652741086748
B           -2.14415360546299       -3.79291054523370       -0.61500733961947
B           -1.79842402995146       -2.23752192829367       -0.62261206517155
B           -1.59546245592413       -0.65851632248498       -0.21922971448140
B           -0.53695147604721       -3.26051079913080       -0.67286468726448
B           -0.12620372965876       -0.32249332665302        0.40135478434638
B           -1.30504941958321       -0.25729885851348        1.55952248920011
B           -1.65738048317636        1.36014740429618        1.70310297739395
B           -1.87416851843890        2.92610822258576        1.81865920572888
B           -0.09875759737365        0.68959443119099        1.89805219186814
B           -0.69874471686685        4.03728535716534        1.47525382773031
B            0.87307742706142       -4.17365599767255       -0.63587554024525
B            0.95571172655312       -2.57680045146776       -0.45986940803679
B            1.28363624093550       -1.06541293796081       -0.07489507845447
B            2.25501695217583       -3.51289273504537       -0.01116641007306
B            2.69073996902276       -0.32963211419037        0.22399837147287
B            1.34259117075057        0.28753198683164        0.90857486891945
B            1.22101402225129        1.69554501900158        1.85440369768541
B            0.58373742985777        3.13366272827187        1.53093611368303
B            2.49962729313741        1.47022830657156        0.77652276037058
B            1.15040599384051        2.81029808353777       -0.01310644280492
B            3.26304322802139       -3.99740587215858        1.27267414130183
B            3.69073118751979       -2.80340937088394        0.23789332771236
B            4.11345075476102       -1.25887975025904        0.09324405237706
B            4.44358563033824       -2.97890092215266        1.62496176898432
B            5.42530591738778       -0.32566287346102       -0.34209476672716
B            4.18531004756740        0.37410813891248        0.43304837914580
B            4.02917812931403        2.16674613700744        0.55458914652291
B            2.74397842162907        2.94104434490431       -0.18657870935536
B            5.44906157451113        1.35675559526825        0.24445590816079
B            4.19072587388975        3.44569660865010       -0.39020914723649
H           -5.17359502804423       -3.28898257834191        1.38089439951268
H           -5.63889973475137       -2.03674085968257       -0.19565948634006
H           -5.02406348433463        0.27501382921896       -2.17916575003207
H           -5.94537197344634        0.98308625112788        2.09168461551274
H           -5.07992361433032        3.72777263746625        0.87534020787717
H           -3.51972225913544        3.60006474455308        3.59947645094066
H           -2.39634861390837       -4.92705825257352       -0.78294152758798
H           -0.86195188494032        5.16585504935562        1.17710498417415
H            0.87364776419428       -5.29138123328023       -0.98871657497417
H            0.43492687503499        2.51151248725740       -0.90905475995274
H            2.98352596588387       -4.98263028583735        1.84279170202429
H            5.27696226762066       -2.67387397638583        2.38412336657444
H            6.44751865224685       -0.67726402500746       -0.79492904221432
H            6.53007385110025        1.77337414389380        0.42820009213331
H            4.97507542301996        4.18721486898608       -0.83862382264459
94
 energy: -112.190515062897 gnorm: 0.006193328451 xtb: 6.7.1pre (5071a88)
C            6.02498687527613        0.65143815792473        7.71826398888091
N            4.79162080253108        0.09615189867189        8.22054722734608
C            4.89329952611007       -1.01321265118107        9.13967314847495
C            3.63860296816572        0.23793250489133        7.47121559332791
C            3.55688412881900        1.12080553037805        6.38770504091449
C            2.37751585057103        1.28388843884864        5.68385893348300
C            1.22869883217085        0.56859874808874        6.00366452513319
N            0.06507766207483        0.72131809345441        5.25906342205056
C           -1.19650198472580        0.50869448616825        5.81728312549040
C           -2.30705325224101        1.16399506939154        5.30030104183421
C           -3.56958740125188        0.98029221600200        5.82815249508015
C           -3.77915558915468        0.14389313934246        6.93236917595877
N           -5.01704601976355        0.01646507998074        7.52416329772885
C           -6.17601172909634        0.57514956430559        6.87262021468809
C           -5.22585603447585       -0.99108740102856        8.53310095320709
C           -2.66249283688785       -0.53651775302939        7.43317601829172
C           -1.40497973449359       -0.36245642489039        6.88313014552020
S           -0.07268979854049       -1.32619124331742        7.55209482997476
C            1.30929222925470       -0.31940069697900        7.07630999503667
C            2.47976502902477       -0.47639210862286        7.79384878419849
H            5.94044723477622        1.73565895611543        7.62980718826992
H            6.30329269830639        0.23797530722827        6.74076030989177
H            6.82851174243914        0.44017793997837        8.42101789921644
H            4.72512738520057       -1.97961127489697        8.64731531083417
H            4.16688584891912       -0.90292726108665        9.94833388931158
H            5.88592910305788       -1.02410180437548        9.58508129636030
H            4.40917289283947        1.70350759882955        6.08380052147070
H            2.34463633547534        1.98371152777703        4.86106068246379
H            0.08993497508215        1.43121809287705        4.53906910543393
H           -2.18142046606709        1.82720360538892        4.45870877755036
H           -4.38428791119864        1.50888471446504        5.36602521432753
H           -7.05535640600864        0.40100880439399        7.48764833000654
H           -6.06118784443252        1.65355611926331        6.75567951196317
H           -6.35145859568418        0.13312872075271        5.88570805369371
H           -4.58591107021434       -0.80353446634033        9.40026245562995
H           -6.25941777053868       -0.95566010251053        8.86998483289701
H           -5.01825451727987       -2.00260844259543        8.16069046841248
H           -2.74902984407820       -1.22587700114792        8.25691141172611
H            2.46467310351111       -1.18119662431381        8.60842636895581
B           -4.74783546963346       -2.67436709038462        0.47293296140451
B           -4.47579608577906       -1.29068082910438       -0.26007070109228
B           -4.25235637091326       -0.01365825491532       -1.30007626108575
B           -3.33166235774520       -2.67314046884613       -0.29593787989312
B           -2.84897882308498        0.26899047003436       -0.67594214483441
B           -4.26211290083978        0.29376523167882        0.47927118070934
B           -5.04909315684585        1.33993354027088        1.41094552969126
B           -4.53330842317161        2.89049930050294        1.51556970178053
B           -2.70370181794701        0.32218574231568        0.97748266645907
B           -3.29828742963909        3.25112361250872        2.51181528563602
B           -2.13990947502957       -3.79524092795704       -0.59361484942777
B           -1.78985017097991       -2.24046108334204       -0.58492990082301
B           -1.58711982669145       -0.66352420421474       -0.17361793338938
B           -0.53103654932716       -3.26735309215445       -0.63538005758011
B           -0.12193149932209       -0.33342589756682        0.46108932468087
B           -1.31031287110502       -0.25912358963075        1.60662840755243
B           -1.66033827136767        1.35977823479292        1.73910342006404
B           -1.87776265410351        2.92674437870138        1.84312388085667
B           -0.10406943856371        0.68868773030581        1.94675934014234
B           -0.69861054920612        4.03373707408896        1.50085804464739
B            0.87908517354899       -4.18152785862888       -0.60841666885964
B            0.96187124915497       -2.58822236686074       -0.40816097032946
B            1.28737379674031       -1.08040818952870       -0.00860880116601
B            2.26629268970549       -3.52809352851921        0.01521978711644
B            2.69463400596146       -0.34369706174936        0.28784606559098
B            1.34677959151763        0.27611745602421        0.97000301704675
B            1.21819423042842        1.69170298018977        1.90604576132956
B            0.58124444347869        3.12760448155776        1.57017283603200
B            2.49970227671538        1.46192218932060        0.83515387766827
B            1.15365672925892        2.79546904879869        0.03015788669931
B            3.29269059863359       -4.03090687296518        1.27732445973062
B            3.70304117330515       -2.81767232391525        0.25812805728058
B            4.11636530460854       -1.26952283877832        0.12490655061359
B            4.47884974146253       -3.01929658890713        1.62878437913128
B            5.41812222139464       -0.32761212669647       -0.32689530504222
B            4.19226339045135        0.35653892697083        0.48440440203556
B            4.03092483420617        2.15028831995175        0.60147315465097
B            2.74734183017839        2.92302865111014       -0.14284499473968
B            5.45148847462947        1.34345778526412        0.28042415380911
B            4.19640201906122        3.41829488474350       -0.35661455135547
H           -5.19889675995579       -3.29388928119462        1.36322317865211
H           -5.63467795819871       -2.02628374759960       -0.21020388506484
H           -4.99099337853811        0.29148696578748       -2.16901800314203
H           -5.94434754070690        0.97961400055947        2.10604839633059
H           -5.08452261266400        3.72646287412331        0.88989705629165
H           -3.52673809354175        3.62113666567132        3.61075572895406
H           -2.39523186963383       -4.92751812622764       -0.76967083938755
H           -0.85709181014019        5.16095541587806        1.19614635269252
H            0.87962757687659       -5.29501220111941       -0.97402466801713
H            0.44088285600387        2.48837658992744       -0.86511045477803
H            3.02274730469240       -5.02601043598043        1.83470274387226
H            5.32430397789885       -2.72489851494343        2.37840711829250
H            6.43042542349093       -0.67751372497877       -0.80150042761869
H            6.53299690170952        1.75799060188180        0.46560902135696
H            4.97995793213620        4.15374301554529       -0.81630801620703
94
 energy: -112.190901888322 gnorm: 0.004573300797 xtb: 6.7.1pre (5071a88)
C            6.01025463519346        0.68368007031845        7.68882139042675
N            4.77930219625277        0.11934301087394        8.18615539229022
C            4.88234420064288       -0.97928413694246        9.11787694791198
C            3.62851513303489        0.24729176808989        7.43094998127479
C            3.54541281690440        1.11949749579941        6.33881616414874
C            2.36722218292233        1.27077840695749        5.63069533046054
C            1.22128329935172        0.55294384380993        5.95543258464877
N            0.05848030774457        0.69175272493194        5.20874394632128
C           -1.20167812951600        0.49082445194397        5.77215498544958
C           -2.31097213487373        1.14705072521666        5.25354484221909
C           -3.57233560633299        0.97164848357713        5.78560120281165
C           -3.78124926899447        0.14631508572017        6.89748786753272
N           -5.01811728461904        0.03073598242025        7.49468363772750
C           -6.17464847731253        0.60003439435580        6.84912057301078
C           -5.22667399658341       -0.96051090478196        8.51894823865403
C           -2.66597341667442       -0.53413664999413        7.40186926795895
C           -1.41075176936662       -0.37117793058209        6.84468897510265
S           -0.07673655685647       -1.33411230404274        7.51506236153640
C            1.30414550841801       -0.32586391653285        7.03522875245024
C            2.47278249202688       -0.47061058341773        7.75755805283764
H            5.91665477298886        1.76749950927023        7.59653845980156
H            6.29755156861949        0.26949460313227        6.71414652796395
H            6.81156662172909        0.48091391916953        8.39712436900471
H            4.71773354943829       -1.95135550756274        8.63546129903066
H            4.15320053333234       -0.86178934615918        9.92283001743440
H            5.87388087418395       -0.98218400170227        9.56583943747433
H            4.39653993059513        1.70248722013634        6.03178898798958
H            2.33105607822865        1.96320060902178        4.80166364445876
H            0.08401190854690        1.39700276029050        4.48207687442450
H           -2.18424622153843        1.80403885448374        4.40790865160685
H           -4.38685188199778        1.49892433304155        5.32135425116406
H           -7.05244243552609        0.43874399460477        7.47335549717046
H           -6.04673086069934        1.67807621401101        6.72567504648019
H           -6.36245956961135        0.15425749107548        5.86474677820511
H           -4.58609821785375       -0.75913023905237        9.38199847653803
H           -6.26055142973127       -0.92155659512298        8.85529850666675
H           -5.01813642127058       -1.97688656784227        8.16118169807418
H           -2.75229695562650       -1.21412830230594        8.23307965982342
H            2.45892364742081       -1.16796320424752        8.57834860851013
B           -4.75636808500379       -2.67614964455068        0.46511402508727
B           -4.46988867646140       -1.28552371673022       -0.25040854431806
B           -4.23213265310472       -0.00499931417440       -1.28403033702847
B           -3.32908401224869       -2.67330868030330       -0.28172750725587
B           -2.83400726965416        0.26793993444738       -0.64671780858026
B           -4.25752391908661        0.29480682441768        0.49722524811245
B           -5.04782109841772        1.33981077415438        1.42795279395962
B           -4.53650807587951        2.89233669029599        1.52757107401699
B           -2.70351711759276        0.31895251033178        1.00817188422082
B           -3.30279953039226        3.26405773106646        2.52171631394827
B           -2.13669785382402       -3.79763176610966       -0.57244395702903
B           -1.78283991318779       -2.24400872385167       -0.54884331817555
B           -1.58023079680148       -0.66836820488793       -0.13232048181863
B           -0.52615212538353       -3.27324170051183       -0.59966420219676
B           -0.11836027819053       -0.34308882373576        0.51351981965157
B           -1.31476121404590       -0.25948931912093        1.64801396526289
B           -1.66300089094958        1.36091382931841        1.76863538752601
B           -1.88043197327043        2.92870763410958        1.86102182717775
B           -0.10886406155268        0.69025100724764        1.98723053281075
B           -0.69778790463995        4.03147057483337        1.51794007995663
B            0.88412377695252       -4.18862737981245       -0.58215485730634
B            0.96676515510659       -2.59874767906422       -0.36009152086601
B            1.29098230397833       -1.09424208397806        0.05101661439387
B            2.27567041728000       -3.54175335868134        0.04070874776191
B            2.69848723266858       -0.35708040277115        0.34489546308712
B            1.35000979284200        0.26833965184201        1.02080730515309
B            1.21588360579005        1.68998822106773        1.94954050436419
B            0.57960677598461        3.12371202206371        1.60187139701172
B            2.50063481348172        1.45556130785298        0.88702089909898
B            1.15867057909301        2.78202803727361        0.06632389831746
B            3.31737146795444       -4.06092098134199        1.28236139851076
B            3.71373053555111       -2.83086758365750        0.27820937741272
B            4.11751036867283       -1.27923528827370        0.15624313277205
B            4.50900488374579       -3.05589724726038        1.63320192243609
B            5.41304128947634       -0.33091605299554       -0.30511570203733
B            4.19905870115915        0.34098103312656        0.53060457474414
B            4.03347976269824        2.13510666246176        0.64371754935886
B            2.75226717741610        2.90770490611916       -0.10438068670319
B            5.45409062144556        1.33156561518242        0.31100064628408
B            4.20374955490131        3.39332770152550       -0.32537393902000
H           -5.22410390821532       -3.30207866600942        1.34232018246320
H           -5.63168752551854       -2.01671088113324       -0.22421427957169
H           -4.96279000702687        0.30579694024403       -2.15723492844335
H           -5.94528833503147        0.97786706246961        2.11956745935036
H           -5.09174837553826        3.72390302374855        0.89832486238154
H           -3.53129340508041        3.64412431871327        3.61669997115807
H           -2.39317457871503       -4.92824413509256       -0.75509316972326
H           -0.85151923723581        5.15724297508628        1.20610753284938
H            0.88424827836682       -5.29789828884866       -0.96007306764706
H            0.44905122028753        2.46686322103745       -0.82848420727308
H            3.05690012454014       -5.06562099602591        1.82679130315956
H            5.36435128386206       -2.77068141824786        2.37468417968975
H            6.41436855997667       -0.67916989746461       -0.80392491586387
H            6.53610716646615        1.74566892426105        0.49590688493280
H            4.98665374980634        4.12408133836983       -0.79329861415086
94
 energy: -112.190972359511 gnorm: 0.002941084860 xtb: 6.7.1pre (5071a88)
C            6.01003065899516        0.68531318266201        7.68435925267923
N            4.78001055570741        0.12073260697461        8.18346313809687
C            4.88399155645170       -0.97650227490308        9.11618638209676
C            3.62861786758039        0.24613541147697        7.42890217068449
C            3.54575599037751        1.11442734875323        6.33461361536869
C            2.36676902234495        1.26493588555292        5.62767507048374
C            1.22065103197048        0.54851309676739        5.95477675434892
N            0.05709101786754        0.68762860339573        5.20972392138965
C           -1.20252255703676        0.48880780150481        5.77286579224065
C           -2.31145382902073        1.14523145857694        5.25399729272232
C           -3.57299095827918        0.97030534180047        5.78587939136620
C           -3.78201835116091        0.14697489355048        6.89873750380844
N           -5.01933558234324        0.03197159212028        7.49494177253690
C           -6.17559812975307        0.59966004502663        6.84713390249159
C           -5.22870326451663       -0.96099743933119        8.51777097694087
C           -2.66686308084786       -0.53259117563787        7.40443169971058
C           -1.41230465668499       -0.37186963881962        6.84620558242258
S           -0.07810641726991       -1.33262278463339        7.51917858034874
C            1.30373536484900       -0.32728267499755        7.03661437879283
C            2.47231867182408       -0.46996310944711        7.75876224758512
H            5.91434540687316        1.76858877202357        7.58994528121608
H            6.29825933980375        0.27060929274025        6.71009931932756
H            6.81068724380361        0.48503638721710        8.39329686730868
H            4.72211525516079       -1.94938392933714        8.63559472567696
H            4.15372769104928       -0.85936431271314        9.91981449764760
H            5.87461915449568       -0.97643600467897        9.56511806510342
H            4.39774679379778        1.69554946328977        6.02575793598538
H            2.33025784520504        1.95558891976124        4.79749929483718
H            0.08433564031936        1.39133540634604        4.48194974444155
H           -2.18432469434951        1.80223144563193        4.40841001591683
H           -4.38786052286303        1.49658038264640        5.32104015935961
H           -7.05311029896560        0.43748693320806        7.46977770675515
H           -6.04868150902107        1.67734746581948        6.72431650956846
H           -6.36197823677315        0.15525658276166        5.86208634172836
H           -4.58779418437093       -0.75999595431560        9.38011649767429
H           -6.26212284872941       -0.92105546524394        8.85451156425815
H           -5.02172798493813       -1.97725422474052        8.15989616618469
H           -2.75311032309508       -1.20974018138986        8.23709548843797
H            2.45831740588315       -1.16324547969807        8.58212688600927
B           -4.75830587822171       -2.67604274025787        0.46168770832536
B           -4.46911640166894       -1.28510358164020       -0.25104453615061
B           -4.23060346884468       -0.00406651390522       -1.28302260190793
B           -3.32981236276109       -2.67238644465431       -0.28163668202596
B           -2.83318099867034        0.26739611104043       -0.64486489926904
B           -4.25736158819794        0.29478774879327        0.49878623589857
B           -5.04795923484282        1.34008521697424        1.42765282161805
B           -4.53594701081906        2.89171584284874        1.52716910376653
B           -2.70422938855256        0.31894368858218        1.01048410623974
B           -3.30133492652989        3.26311212487388        2.52017327041460
B           -2.13736269672340       -3.79697748959202       -0.57094393656874
B           -1.78274006013434       -2.24420418098585       -0.54462491376431
B           -1.58023292655307       -0.66828033955419       -0.12933997035520
B           -0.52637972796581       -3.27298387699308       -0.59536109038445
B           -0.11840734917864       -0.34264728583335        0.51594980164794
B           -1.31498184839016       -0.25739570319255        1.65020671854417
B           -1.66319773109529        1.36322685893020        1.76776416566855
B           -1.87909023477081        2.93069928920414        1.85913825174979
B           -0.10913459262547        0.69328700512376        1.98734664943849
B           -0.69663722023765        4.03299507648813        1.51358383156585
B            0.88379076817893       -4.18831299484261       -0.57793440159864
B            0.96591244095245       -2.59886596633949       -0.35423293429313
B            1.29126790734108       -1.09441985615254        0.05551559568088
B            2.27521552833227       -3.54161103584095        0.04492902009905
B            2.69910648217964       -0.35780787605173        0.34922497774253
B            1.34988585369281        0.27046188068970        1.02160457752555
B            1.21599039274806        1.69254628276913        1.94958839766784
B            0.58052543149640        3.12618971415933        1.60090586740467
B            2.50162170064512        1.45640723628581        0.88909034060131
B            1.16039651450698        2.78153281997403        0.06639481401267
B            3.31874253388213       -4.06220388042726        1.28281230135085
B            3.71401098758449       -2.83099899780081        0.28014919349345
B            4.11735816089864       -1.27935402840489        0.16147788958066
B            4.52007678403827       -3.06577121128440        1.62614824836468
B            5.41126946831852       -0.33063058684579       -0.30425167847635
B            4.19961231850791        0.34130674059797        0.53429718683636
B            4.03402798536171        2.13516214272509        0.64606915884654
B            2.75355645554831        2.90716930547400       -0.10393970525561
B            5.45405413762262        1.33186526796680        0.31331730494800
B            4.20471249783962        3.39196978724934       -0.32445422036348
H           -5.22744651051616       -3.30262963064955        1.33641507830242
H           -5.63172670928828       -2.01474123913075       -0.22763792925908
H           -4.96072363242717        0.30733175586708       -2.15618521433582
H           -5.94640384555762        0.98060340524444        2.11752919270730
H           -5.09358967405221        3.72269023029723        0.89953546472983
H           -3.52946384372505        3.64782675303278        3.61310053844532
H           -2.39261729614391       -4.92702328233674       -0.75530181956453
H           -0.84943200577909        5.15969921119241        1.20447416930344
H            0.88358537017040       -5.29635886048391       -0.95808812031872
H            0.45092688901543        2.46581512725272       -0.82807998234652
H            3.06060386158932       -5.06832712533070        1.82456328662034
H            5.36044952642319       -2.76634670368869        2.37903607886429
H            6.41196170615052       -0.68164853837246       -0.80129104200179
H            6.53619231752423        1.74677391491045        0.49488975220119
H            4.98713705942909        4.12204976232003       -0.79314791550919
94
 energy: -112.191089570004 gnorm: 0.004074429097 xtb: 6.7.1pre (5071a88)
C            6.00851043137408        0.69043017503639        7.67261909526453
N            4.78100009678037        0.12492918461414        8.17628736905828
C            4.88809493816539       -0.96843934004016        9.11207024734959
C            3.62796980457833        0.24339608342378        7.42325062582909
C            3.54552594952179        1.10095567281665        6.32246281271937
C            2.36454621819705        1.24910083906683        5.61840887087258
C            1.21797726184469        0.53699695950127        5.95277601558318
N            0.05245159831944        0.67658440399678        5.21187157189484
C           -1.20573141749336        0.48369297453177        5.77486176187641
C           -2.31372288801384        1.14041633292320        5.25493566886277
C           -3.57565218989034        0.96716729560291        5.78664202887150
C           -3.78517409859592        0.14892038821783        6.90212593095284
N           -5.02365282592103        0.03599607906419        7.49617457066932
C           -6.17913322529916        0.59935522633148        6.84234954591062
C           -5.23548136232079       -0.96153652076073        8.51507596620131
C           -2.67026586518009       -0.52800329939611        7.41183900859725
C           -1.41710493583195       -0.37266903797570        6.85127127847199
S           -0.08260429782603       -1.32818311669327        7.53107593947095
C            1.30161414393606       -0.33042339282962        7.04070176374071
C            2.47031758056529       -0.46781641729904        7.76222964566955
H            5.90724022482465        1.77235561150371        7.57203862190746
H            6.29912924905594        0.27340538793284        6.69985816663414
H            6.80791355848370        0.49721188605518        8.38322893543283
H            4.73389799086109       -1.94366805849414        8.63589668342148
H            4.15456731364059       -0.85251975118519        9.91215769814715
H            5.87642372739550       -0.96006446587121        9.56402305632418
H            4.39960406839039        1.67672689246575        6.00796275912307
H            2.32716076833543        1.93437707433758        4.78444456681437
H            0.08414500539647        1.37554757886588        4.48029737716159
H           -2.18557647104950        1.79696070017180        4.40908347826271
H           -4.39118658695296        1.49128432892338        5.32038566375415
H           -7.05650710837152        0.43451156292188        7.46080942945532
H           -6.05469388633028        1.67643386626896        6.72100039275483
H           -6.36092967312518        0.15758750609456        5.85566252837569
H           -4.59332522917330       -0.76272060867266        9.37580448967658
H           -6.26782669408053       -0.91871911809555        8.85301309286852
H           -5.03284725981037       -1.97728154949134        8.15567858558505
H           -2.75644743782898       -1.19790366190084        8.24860957685159
H            2.45624211485781       -1.15069469741990        8.59259638553410
B           -4.76291940395971       -2.67636373998569        0.45239154812482
B           -4.46619846455029       -1.28432748108956       -0.25291298372032
B           -4.22564472795115       -0.00171700916465       -1.28059305979170
B           -3.33080103895184       -2.67029897864258       -0.28139728600635
B           -2.82999608523522        0.26584759011902       -0.63986638822992
B           -4.25611092501078        0.29463345845145        0.50274918040473
B           -5.04755002540172        1.34070237053648        1.42717821404121
B           -4.53443074051137        2.89073347795067        1.52555623998015
B           -2.70533588651972        0.31875359270292        1.01687537835423
B           -3.29703330635265        3.26431447940449        2.51395148190925
B           -2.13790642134889       -3.79553829933062       -0.56689013581360
B           -1.78135326026086       -2.24493367601007       -0.53328585889086
B           -1.57942715953200       -0.66826120133494       -0.12093003242932
B           -0.52548939895212       -3.27251051251752       -0.58342985850095
B           -0.11801478351449       -0.34146586128736        0.52318967072625
B           -1.31498008995759       -0.25190467999191        1.65676278369726
B           -1.66316953945957        1.36946126789730        1.76575100856848
B           -1.87553761360078        2.93664340647034        1.85200777489322
B           -0.10926761356583        0.70131224521162        1.98835856410099
B           -0.69247582477960        4.03842874038148        1.50665135374583
B            0.88464454775460       -4.18776687519447       -0.56796855571315
B            0.96575873558131       -2.59958309926107       -0.33937813522734
B            1.29220638542187       -1.09498704478754        0.06776969320657
B            2.27663807211548       -3.54240002100446        0.05458974663708
B            2.70051543490591       -0.35907162115637        0.35962995899798
B            1.34997908783421        0.27623607171915        1.02395369403243
B            1.21695674530134        1.69923802471134        1.95034427468930
B            0.58337998266500        3.13238473386268        1.59860769722480
B            2.50482878954792        1.45881033887439        0.89502921429703
B            1.16535856177410        2.77999532096241        0.06667991327036
B            3.32381188553002       -4.06784329606343        1.28318256082845
B            3.71652507280404       -2.83146964074526        0.28765333802502
B            4.11548386763937       -1.27906765197969        0.17073680901053
B            4.51827151701231       -3.06518984755481        1.63439326386318
B            5.40806635849800       -0.33076448298885       -0.30104637065033
B            4.20135853316415        0.34207217446701        0.54259270245726
B            4.03621451815169        2.13515417944543        0.65189998489116
B            2.75756700220829        2.90596692100311       -0.10259802523905
B            5.45462221471104        1.33247315189750        0.31803948227704
B            4.20822235082459        3.38834983383739       -0.32239159325130
H           -5.23646086130469       -3.30524215451029        1.32043432523187
H           -5.63114211309261       -2.00969613863688       -0.23674176911220
H           -4.95460956643482        0.31164008080423       -2.15342864501977
H           -5.94856067788620        0.98705009764180        2.11298637048517
H           -5.09810180058268        3.71963255343272        0.90115519100706
H           -3.52402189211831        3.65337582564158        3.60453364191536
H           -2.39053619321367       -4.92426508226148       -0.75548378260759
H           -0.84347000558318        5.16528997886737        1.19677261134430
H            0.88310227899415       -5.29288875152566       -0.95373328231360
H            0.45651595297749        2.46232908545106       -0.82704989501879
H            3.07210141203045       -5.07735595510482        1.81927527086749
H            5.37594995987745       -2.78399133754028        2.37316061382308
H            6.40649242053057       -0.68671885151604       -0.79668657358116
H            6.53713772401174        1.74872746582683        0.49254225522335
H            4.98971541638199        4.11681984906753       -0.79285478697628
94
 energy: -112.191195337989 gnorm: 0.004277231412 xtb: 6.7.1pre (5071a88)
C            6.00741063262760        0.69475096437082        7.66300774740955
N            4.78173986218716        0.12837403610960        8.17009400479835
C            4.89271426330148       -0.96145008901289        9.10955813086881
C            3.62740992421957        0.24151379060557        7.41785610515440
C            3.54461324673064        1.09023209699071        6.31014704035118
C            2.36246813591922        1.23579009139737        5.60757606045917
C            1.21551861413326        0.52863143418647        5.95015953058228
N            0.04867522373098        0.66730293135914        5.21159192270244
C           -1.20863237531258        0.47962908567853        5.77629024534397
C           -2.31604228718191        1.13574220562564        5.25437784183750
C           -3.57807990553585        0.96487542023085        5.78668498840081
C           -3.78846343733986        0.14984217606763        6.90433135238301
N           -5.02781938211610        0.03932442831246        7.49768359460580
C           -6.18249747203851        0.59893471230088        6.83887130093042
C           -5.24220296484548       -0.96122388641270        8.51359074914417
C           -2.67352219830587       -0.52421027831034        7.41844825650602
C           -1.42029120127896       -0.37121439779822        6.85752748493122
S           -0.08592407142722       -1.32393366815848        7.54243284637174
C            1.29952723069882       -0.33148900251296        7.04435427730675
C            2.46920026273863       -0.46564865174947        7.76483221187791
H            5.90239278100217        1.77591054761566        7.55629267951748
H            6.29923241046989        0.27306541887843        6.69252789613903
H            6.80742668547716        0.50793179399045        8.37464145726784
H            4.74480284404427       -1.93902698783148        8.63585099593045
H            4.15651812317500       -0.84676638486191        9.90738124833661
H            5.87988734634642       -0.94607790056215        9.56436011157585
H            4.39956266585907        1.66103214838279        5.98921120147392
H            2.32456904033710        1.91505983084891        4.76861450007645
H            0.08283407376919        1.36092852224121        4.47478611368837
H           -2.18734833620777        1.79017758605445        4.40692104675221
H           -4.39335006560812        1.48840861892085        5.31939117929591
H           -7.06171782723338        0.43123538428161        7.45409577286918
H           -6.05992875788085        1.67648130098843        6.71780214984654
H           -6.35855890711363        0.15605679751133        5.85150466424416
H           -4.59873143559792       -0.76682722839749        9.37420865385358
H           -6.27429322340015       -0.91606181097615        8.85238051427772
H           -5.04265734859922       -1.97614577293647        8.15018022371846
H           -2.76001008680177       -1.18971476680347        8.25884037307630
H            2.45587485860729       -1.14196000700295        8.60078010798392
B           -4.76775621367928       -2.67662601456811        0.44491285121101
B           -4.46421221271837       -1.28305041795403       -0.25495481971501
B           -4.22092623998278        0.00109846819951       -1.27979251942828
B           -3.33200361500143       -2.66861476121367       -0.28139706421637
B           -2.82635407251251        0.26580029594650       -0.63604955990851
B           -4.25456910035086        0.29569511734742        0.50468394138030
B           -5.04702818566908        1.34233561291030        1.42714636161816
B           -4.53465543778021        2.89301175791155        1.52379420226124
B           -2.70545917443818        0.31924600324641        1.02199308232681
B           -3.29496679002803        3.27146928860198        2.50752121762991
B           -2.13821409626666       -3.79417475306414       -0.56348505286030
B           -1.78064733225242       -2.24453411576265       -0.52514643844292
B           -1.57793927700264       -0.66772002263920       -0.11346227573366
B           -0.52471978202027       -3.27128585600038       -0.57422817014982
B           -0.11742294293735       -0.33988892973065        0.53115460281026
B           -1.31490788517765       -0.24730040889396        1.66370751590186
B           -1.66322413977411        1.37482486490080        1.76545519534733
B           -1.87440368462147        2.94283033377930        1.84434418616715
B           -0.10932881759841        0.70786568148979        1.99144847477721
B           -0.69009149972248        4.04454336077708        1.50400290451472
B            0.88490426679574       -4.18741360359361       -0.56013980897691
B            0.96667474425581       -2.59974581324885       -0.32859648002413
B            1.29264888353044       -1.09519859944180        0.07906269333013
B            2.27739481378076       -3.54421021911947        0.06308157335144
B            2.70143809370013       -0.36007382454045        0.36966725098755
B            1.35026757154396        0.28079746181299        1.02776000676457
B            1.21765023598007        1.70498428020077        1.95249797227912
B            0.58451015972878        3.13708953856947        1.59671145421009
B            2.50717667418058        1.46109526101992        0.90082378974619
B            1.16894253371982        2.77892075913754        0.06692418788636
B            3.32831708378933       -4.07319260595087        1.28500282355358
B            3.71824648147995       -2.83297089356511        0.29356050632788
B            4.11377494301016       -1.27950304075054        0.17878204255650
B            4.52601494530652       -3.07290931462393        1.63495077700003
B            5.40834304764099       -0.33334390879244       -0.29230342242034
B            4.20293854592921        0.34228833724699        0.55033717782011
B            4.03828541662114        2.13511907067485        0.65618161106144
B            2.76105074957422        2.90545425298278       -0.10139014128472
B            5.45565361653162        1.33250096205541        0.32055251681980
B            4.21244392963069        3.38542500339485       -0.32167880634781
H           -5.24646941565873       -3.30873043955057        1.30778002410989
H           -5.63139160918878       -2.00487502237174       -0.24405227674496
H           -4.94927754794275        0.31695553045423       -2.15220541332682
H           -5.94926072679085        0.99031923817275        2.11207211931923
H           -5.10135933724643        3.71997661592534        0.89962478459074
H           -3.52045979622631        3.65061579512114        3.60187804153119
H           -2.38987107258365       -4.92275743213592       -0.75375966276117
H           -0.84057049214519        5.16935423389193        1.18628274227476
H            0.88259804589314       -5.29155530671714       -0.94850289971064
H            0.46110814159453        2.45848281122242       -0.82660593072749
H            3.08223526043829       -5.08578392727392        1.81800765914917
H            5.38335837104655       -2.79219101438276        2.37431447602631
H            6.40334646027820       -0.68671109429857       -0.79626785383578
H            6.53880634455168        1.74826333175762        0.49193684459786
H            4.99440219528061        4.11297158180652       -0.79282559650339
94
 energy: -112.191400628196 gnorm: 0.004286972295 xtb: 6.7.1pre (5071a88)
C            6.00429258483460        0.70536658397678        7.64132476120789
N            4.78261785831623        0.13672830714642        8.15569517587193
C            4.90357246161360       -0.94474831023069        9.10440030319752
C            3.62580775757140        0.23787060377292        7.40453568258565
C            3.54183136816302        1.06603659618966        6.27982996759631
C            2.35746516443523        1.20468311216206        5.57965365006701
C            1.20927169420260        0.51032011088409        5.94280469580579
N            0.03951761769354        0.64541415547645        5.20862697601458
C           -1.21625320998805        0.46970586879809        5.77910616218914
C           -2.32252676487431        1.12389442086630        5.25206493229907
C           -3.58439159272404        0.96035155934043        5.78725638684940
C           -3.79666570614637        0.15251867492134        6.91026662703905
N           -5.03774469390399        0.04770937497537        7.50319405568267
C           -6.19040020325763        0.59831988749462        6.83253675608149
C           -5.25845638928185       -0.96003632597224        8.51136214268457
C           -2.68176216363083       -0.51561619203218        7.43363722055996
C           -1.42758144486016       -0.36696853355413        6.87269389294347
S           -0.09336758963726       -1.31315652584610        7.56949521054760
C            1.29429339083251       -0.33263338218248        7.05184232400728
C            2.46701578661153       -0.46019190268034        7.76922742503202
H            5.89112152775470        1.78472829533749        7.51929571143107
H            6.29936859095692        0.27076256720803        6.67735303329972
H            6.80666607215728        0.53466551825439        8.35563632329012
H            4.77070662396282       -1.92807467606065        8.63574831940406
H            4.16177278119264       -0.83385820566365        9.89791401490641
H            5.88866094339280       -0.91288772635823        9.56532071127799
H            4.39796952102589        1.62522280182198        5.94275977356601
H            2.31872394554301        1.86825071391600        4.72736729060877
H            0.07719858971354        1.32514862452441        4.45774715263247
H           -2.19303969070573        1.77121428163095        4.39915174190380
H           -4.39838663997322        1.48345963701965        5.31752549774071
H           -7.07552434956666        0.42419700637897        7.44009944847537
H           -6.07297530362675        1.67745872916233        6.71134036762095
H           -6.35245100858109        0.15080921459765        5.84426329103038
H           -4.61222582621743       -0.77880956078083        9.37313911719493
H           -6.29023297024734       -0.90961111419366        8.85210436317470
H           -5.06607728671045       -1.97286464940645        8.13654627549305
H           -2.76907488875060       -1.17277530497947        8.28187517134941
H            2.45613709224758       -1.12358932124926        8.61699518183146
B           -4.77905871602870       -2.67732483230390        0.42771944395747
B           -4.45956998689458       -1.27961399082044       -0.26037280902268
B           -4.20908119283410        0.00823051922554       -1.27967773463523
B           -3.33448340344674       -2.66488195416594       -0.28188827082638
B           -2.81693085765913        0.26756122251048       -0.62810065922836
B           -4.25072331079217        0.29953780900714        0.50670549068973
B           -5.04619013625178        1.34857037475600        1.42451815357294
B           -4.53538114423739        2.90132980483872        1.51877032050228
B           -2.70499527749860        0.32077155390909        1.03274039368945
B           -3.29306434867319        3.27979957951110        2.49950457706366
B           -2.13796800194779       -3.79101934318853       -0.55545689045825
B           -1.77876967596555       -2.24265207604306       -0.50772719615163
B           -1.57350946204522       -0.66581022122023       -0.09669376316205
B           -0.52227006859234       -3.26807382601047       -0.55442369973613
B           -0.11544554704358       -0.33597485673241        0.55108574842518
B           -1.31467873675374       -0.23728623989762        1.68063222097183
B           -1.66346152277598        1.38627898469838        1.76620459729402
B           -1.87247729985952        2.95599009416059        1.83268633632898
B           -0.10948950520146        0.72237145480272        2.00049271657718
B           -0.68919736236618        4.05541346918188        1.48344249646094
B            0.88593540989798       -4.18694130604308       -0.54207303270274
B            0.97049307342526       -2.60005516120312       -0.30451420060243
B            1.29379878647630       -1.09572938593671        0.10590605956441
B            2.28023296760341       -3.54937265555108        0.08256442752695
B            2.70390074535328       -0.36208769588135        0.39376506791829
B            1.35155512010529        0.29089537314067        1.03802099875199
B            1.21841424255118        1.71886243004634        1.95842156531341
B            0.58525838698628        3.14832847629520        1.59055519792692
B            2.51246211490480        1.46683871236680        0.91566916343763
B            1.17795577986406        2.77720641274065        0.06693142858503
B            3.33961386394914       -4.08668876721772        1.29070034864846
B            3.72275224967305       -2.83644825179560        0.30887871869571
B            4.11127956892421       -1.28012211882671        0.19696922872995
B            4.54222525372529       -3.08973986237653        1.64026580180277
B            5.40650888072936       -0.33664976432936       -0.27870266192516
B            4.20683100752358        0.34273118629798        0.56836469415466
B            4.04390268961032        2.13521266382672        0.66704406289716
B            2.77051428553442        2.90464220443346       -0.09835713444668
B            5.45931681925821        1.33200981961875        0.32738745799289
B            4.22463252090136        3.37856109878695       -0.31982771937325
H           -5.27045389012107       -3.31736937698087        1.27949541027568
H           -5.63231384424704       -1.99311182223008       -0.26015927296234
H           -4.93563606196164        0.33016638564527       -2.15165019718216
H           -5.94884470856013        0.99718069405281        2.11135825246288
H           -5.10591879968328        3.72617936439220        0.89467754652436
H           -3.51466981396251        3.65054002771036        3.59823961546783
H           -2.38822831123111       -4.92012603191804       -0.74783127545563
H           -0.83755550021589        5.18072375879829        1.16648101831868
H            0.88187897705756       -5.28994403723987       -0.93500639704557
H            0.47311155934815        2.44938297493433       -0.82666784954321
H            3.10566177733320       -5.10590656231881        1.81851233873172
H            5.40389746700933       -2.81527223466783        2.37777826558099
H            6.39666026153439       -0.68874002129080       -0.79412098799547
H            6.54493682824938        1.74413642593285        0.49251830226231
H            5.00911019983013        4.10292860589932       -0.79319284913214
94
 energy: -112.191551312920 gnorm: 0.005159757469 xtb: 6.7.1pre (5071a88)
C            6.00095372567913        0.71591026440222        7.61695426199943
N            4.78319957041672        0.14619524703453        8.13962701751296
C            4.91425607904510       -0.92577592648746        9.09857945529417
C            3.62436110034094        0.23474512834513        7.38940345977343
C            3.53923163180471        1.04070206064513        6.24745572925700
C            2.35248024413631        1.17133842693326        5.54971226855526
C            1.20224485056281        0.49150788459990        5.93433914889286
N            0.02928256641986        0.62152947338127        5.20447002134902
C           -1.22525547258877        0.45820866240717        5.78184472433464
C           -2.33052398212337        1.10986841807176        5.24920962102406
C           -3.59191675877769        0.95557808227987        5.78844991829292
C           -3.80547494629593        0.15688125707569        6.91807518651758
N           -5.04820295575762        0.05727172950314        7.51060032487794
C           -6.19851278871510        0.59687096693505        6.82593689697536
C           -5.27574760432676       -0.95828883774582        8.50976998556843
C           -2.69095291000095       -0.50614430776562        7.44900688453177
C           -1.43593360429591       -0.36315644119252        6.88756841026759
S           -0.10099370191490       -1.29957355338558        7.59827592091865
C            1.28884502650621       -0.33280287422674        7.05794542970280
C            2.46517891274204       -0.45339052615859        7.77130719825976
H            5.87965561127923        1.79263819593588        7.47727693582955
H            6.30061858807806        0.26681375414950        6.66087344129052
H            6.80509486856633        0.56365566122195        8.33480239328001
H            4.79633756019007       -1.91515706655646        8.63697882207870
H            4.16853482351932       -0.81843002677223        9.88883997153999
H            5.89751182775229       -0.87703464404888        9.56334682523450
H            4.39642445229335        1.58761767240556        5.89319927744299
H            2.31311475646060        1.81689929075001        4.68289982330711
H            0.06784151687558        1.28541579266218        4.43814941191476
H           -2.20069197886811        1.74769382047441        4.38906416795176
H           -4.40447389749341        1.47787266675299        5.31541003691487
H           -7.08979074166817        0.41794166066416        7.42492357841928
H           -6.08815170435854        1.67696246211872        6.70292276678145
H           -6.34689956486735        0.14407686167176        5.83761727097735
H           -4.62830159501751       -0.79080227347407        9.37357049624440
H           -6.30708741754836       -0.90291619905825        8.85183217097672
H           -5.09069245551155       -1.96931882236623        8.12464836820775
H           -2.77887297461073       -1.15492903657098        8.30452648460530
H            2.45696845275729       -1.10402229579493        8.62992596949178
B           -4.79021414704885       -2.67725207481461        0.40913597656665
B           -4.45445370171623       -1.27512709425779       -0.26656991678802
B           -4.19571799424740        0.01687943317498       -1.28012923043927
B           -3.33657853228355       -2.66055850783205       -0.28289663250862
B           -2.80639437608528        0.27171308262709       -0.62019044856149
B           -4.24651734910778        0.30445755614783        0.50716828369596
B           -5.04404312960808        1.35569593681149        1.42129551161723
B           -4.53611564238108        2.91072818459944        1.51358283417579
B           -2.70400425539829        0.32407911250850        1.04259946703628
B           -3.29199935818942        3.28712404122422        2.49259223645827
B           -2.13692771806175       -3.78760989885652       -0.54544134871056
B           -1.77631251828901       -2.24002087981005       -0.48961855678443
B           -1.56843419405982       -0.66319766533931       -0.07967592807867
B           -0.51957019732550       -3.26536056574357       -0.53380220844206
B           -0.11285175023137       -0.33225305440246        0.57319818409995
B           -1.31480952832062       -0.22612791732204        1.69869113840376
B           -1.66408167263604        1.39873666883120        1.76745628252667
B           -1.87118387008692        2.96987388970687        1.82131713564754
B           -0.11014439747910        0.73801251752596        2.01086670727069
B           -0.68740209000310        4.06882124084085        1.47617018833049
B            0.88731780343249       -4.18694386582843       -0.52174180370046
B            0.97505417003469       -2.60093095280576       -0.27775094049530
B            1.29548613279728       -1.09699969655515        0.13483619382607
B            2.28428389587719       -3.55488429101760        0.10307186331672
B            2.70722135366161       -0.36430307164016        0.42046384230928
B            1.35367962619734        0.30003646306761        1.05040044696750
B            1.21919377566013        1.73311242503725        1.96602100929620
B            0.58615504201837        3.15955233929531        1.58414768960033
B            2.51722744726733        1.47285450160701        0.93203760129169
B            1.18665066568505        2.77634558182316        0.06629985811114
B            3.35250282905261       -4.10192531063214        1.29736476365239
B            3.72777808866899       -2.83943483988852        0.32706753573439
B            4.11123546118907       -1.28054931154838        0.21671958773383
B            4.55889535363886       -3.10814689045492        1.64812429583502
B            5.40202082907979       -0.33712845999872       -0.27123776804288
B            4.21111640882531        0.34281373891107        0.58804053655276
B            4.04951965655667        2.13524782587921        0.67900201564590
B            2.78026266735442        2.90397153875652       -0.09462622844020
B            5.46352928751691        1.33109260359967        0.33604356646961
B            4.23744777793859        3.37037539292239       -0.31791678572323
H           -5.29402992496638       -3.32418426714623        1.25013629087723
H           -5.63315910984526       -1.97996586170065       -0.27691625879502
H           -4.91841632627076        0.34414209374123       -2.15354147133430
H           -5.94748111403406        1.00442490186378        2.10929625278256
H           -5.10961910827791        3.73494360483321        0.89096314390411
H           -3.50932826504335        3.65163537737233        3.59490721586349
H           -2.38536055438433       -4.91748596203848       -0.73880233059437
H           -0.83640517602259        5.18754874853911        1.13598857748701
H            0.88119176784930       -5.28856423888735       -0.91990965917970
H            0.48620901308772        2.44010310150220       -0.82810958754152
H            3.12880317086661       -5.12677510548317        1.82034605875133
H            5.42624049985719       -2.84179243317632        2.38263412374858
H            6.38939784152937       -0.69314000281098       -0.79022029558482
H            6.55161081573347        1.73871182774440        0.49699704702505
H            5.02521350938884        4.08962988067708       -0.79492613925005
94
 energy: -112.191688302867 gnorm: 0.004753440011 xtb: 6.7.1pre (5071a88)
C            5.99810978851521        0.72406667616841        7.59398851346063
N            4.78341582525784        0.15494693913835        8.12440089845610
C            4.92237848142373       -0.90795430659021        9.09255776845611
C            3.62320811782056        0.23243908862391        7.37496414556157
C            3.53679374127736        1.01917868893898        6.21965830066413
C            2.34781157837300        1.14256220714423        5.52441409282549
C            1.19558655349949        0.47566940890823        5.92635903424630
N            0.01979160679892        0.60054330268386        5.20032043696361
C           -1.23363350070584        0.44767020709931        5.78406193807972
C           -2.33832639167334        1.09656774627159        5.24659178557860
C           -3.59915717025973        0.95080257783458        5.78958264347846
C           -3.81324368992860        0.16108030059279        6.92540123618037
N           -5.05719078719909        0.06581328647885        7.51791065658554
C           -6.20539487942429        0.59460022762175        6.82046118355577
C           -5.29048098895209       -0.95595314394527        8.50932243363314
C           -2.69901354614377       -0.49761743687183        7.46162677611807
C           -1.44351308287990       -0.36036827144924        6.89928238192984
S           -0.10727035420955       -1.28612434265966        7.62245640920290
C            1.28411335833035       -0.33224112697416        7.06122887323472
C            2.46375296168670       -0.44675111593582        7.77053735813026
H            5.87005432525211        1.79765695751736        7.43750333287234
H            6.30271195731993        0.26179806008544        6.64570814083244
H            6.80257599263923        0.58879705798358        8.31546256371088
H            4.81520363404580       -1.90223199095500        8.63891779196553
H            4.17507802706842       -0.80201185440555        9.88104872809408
H            5.90438060082978       -0.84579256436522        9.55808810372737
H            4.39458824956245        1.55575858673994        5.85121544471904
H            2.30773888982863        1.77221400976524        4.64588972304026
H            0.05645177605472        1.24997061929539        4.42088636038407
H           -2.20867974765693        1.72515828561128        4.37954817821650
H           -4.41046107660021        1.47226651807463        5.31342328916294
H           -7.10093569871274        0.41381490879484        7.41272130581748
H           -6.10133437530858        1.67463366244254        6.69339756475362
H           -6.34354101772357        0.13623786500557        5.83336324113937
H           -4.64309140920539       -0.79883689592674        9.37480830835744
H           -6.32140207810840       -0.89679300881402        8.85190008184828
H           -5.11131905324288       -1.96576425532022        8.11756494431506
H           -2.78708305487183       -1.13873866844550        8.32300915268863
H            2.45774250869046       -1.08648109124582        8.63736644203212
B           -4.79810775460254       -2.67535817679394        0.39310747080104
B           -4.44971711643862       -1.27007138729486       -0.27249582723885
B           -4.18299817429318        0.02495123913882       -1.28144944439707
B           -3.33742739231989       -2.65580035583371       -0.28399624713034
B           -2.79655334554913        0.27715776795107       -0.61409039365867
B           -4.24277568680441        0.30977781853089        0.50533444728198
B           -5.04060240447787        1.36199410997253        1.41805365138217
B           -4.53529761960007        2.91844654386172        1.51048997701556
B           -2.70285595765843        0.32826467810901        1.04921091512905
B           -3.29120675324329        3.29522124187863        2.48895204591990
B           -2.13539171113319       -3.78421152404239       -0.53526241892837
B           -1.77347996352799       -2.23708848361444       -0.47458564222872
B           -1.56353599322551       -0.66039723119146       -0.06613157446482
B           -0.51727358124022       -3.26388628743464       -0.51475201016850
B           -0.11021391085039       -0.32927429350300        0.59286706987082
B           -1.31539597034159       -0.21628055127515        1.71388607697607
B           -1.66578719040345        1.40902851036912        1.76949792330949
B           -1.87020585317261        2.98059112040247        1.81594092570819
B           -0.11162385270264        0.75182129268060        2.02045756905261
B           -0.68861085976881        4.07572900697443        1.45664924288638
B            0.88876993706827       -4.18721899660460       -0.50305769110147
B            0.97924341829640       -2.60218169215210       -0.25318810988103
B            1.29752023983442       -1.09870452433346        0.16078106678676
B            2.28833945267591       -3.55952487872950        0.12117211522042
B            2.71049367187777       -0.36592519562045        0.44483418976998
B            1.35609884537994        0.30668806891398        1.06268304267403
B            1.21896449595600        1.74551440516965        1.97324207031856
B            0.58703597405770        3.16974150464201        1.57725533747540
B            2.52071532801336        1.47798501021357        0.94724893061549
B            1.19440037910507        2.77609228194984        0.06528871366254
B            3.36398071595291       -4.11558319816744        1.30400037293663
B            3.73195600824075       -2.84188975197843        0.34458594347988
B            4.11238043745106       -1.28154816354886        0.23345693221078
B            4.57240678707887       -3.12433417267017        1.65672863030295
B            5.39986726173732       -0.33877373655959       -0.26246276947264
B            4.21524627607000        0.34151521499103        0.60643036324763
B            4.05430803786232        2.13437987908047        0.68921120934095
B            2.78893405914678        2.90267759378589       -0.09113643984412
B            5.46731296398883        1.32904975817559        0.34381672110595
B            4.24858160485798        3.36139703210605       -0.31670769466577
H           -5.31152532496197       -3.32650496026521        1.22537103419244
H           -5.63297118885584       -1.96847030416310       -0.29182445402950
H           -4.90056461695253        0.35576873446583       -2.15777160501897
H           -5.94474977892736        1.01070059664214        2.10603175798017
H           -5.11148657197374        3.74268657614320        0.89044525268492
H           -3.50620537319454        3.65106972160560        3.59471418210067
H           -2.38227743727788       -4.91467877791487       -0.72811264347328
H           -0.83669172490188        5.19434476898914        1.11707935388073
H            0.88067228272737       -5.28729903563434       -0.90596443388621
H            0.49813871618565        2.43265924589791       -0.82986818938038
H            3.14605765641684       -5.14362761675789        1.82323984078814
H            5.44624954830211       -2.86643413914010        2.38672369786944
H            6.38307600694104       -0.69467721992652       -0.78995874703435
H            6.55657438210632        1.73325408401416        0.50521237184929
H            5.03914054964760        4.07510373357505       -0.79783367383146
94
 energy: -112.191854282845 gnorm: 0.003450602461 xtb: 6.7.1pre (5071a88)
C            5.99554568807017        0.73055008890722        7.56685170471543
N            4.78335601956505        0.16468411270493        8.10619831923152
C            4.92898782013898       -0.88738252057914        9.08481382944267
C            3.62193727591753        0.23062997977325        7.35783913440677
C            3.53342700463843        0.99757582135529        6.19054845320072
C            2.34184207565456        1.11323521883715        5.49866932331667
C            1.18773712908130        0.45982293835560        5.91684390718020
N            0.00911532341635        0.57836459849066        5.19497236881780
C           -1.24284572470272        0.43588858800617        5.78577403437476
C           -2.34741388022696        1.08088999827881        5.24306315143288
C           -3.60748211883707        0.94416635363492        5.78988703511413
C           -3.82151404150020        0.16499529561677        6.93273230558720
N           -5.06644047900508        0.07462172386413        7.52598782746311
C           -6.21254819213908        0.59036538408353        6.81490605890591
C           -5.30487530136366       -0.95186083973780        8.51061947479280
C           -2.70723478752504       -0.48825966903522        7.47415089714712
C           -1.45139259080229       -0.35762142892480        6.91044892465787
S           -0.11321014229419       -1.26994127794020        7.64678591974622
C            1.27892359379097       -0.33047744412047        7.06235954264002
C            2.46222125501792       -0.43867862060859        7.76683969275788
H            5.86111800898499        1.79968783288390        7.38998860075154
H            6.30602539005165        0.25266862965238        6.62837029251028
H            6.79883982924655        0.61437803358706        8.29267493347251
H            4.82865006265441       -1.88642019519813        8.64200762505501
H            4.18229278929721       -0.77910712882661        9.87289187986574
H            5.91042627856284       -0.81359368607462        9.54797308696703
H            4.39118307990270        1.52401706299712        5.80848538530025
H            2.30043919383791        1.72658883855370        4.60961926051968
H            0.04022522349528        1.21170667062832        4.40217501746597
H           -2.21860309201978        1.69907834590040        4.36853033262550
H           -4.41744422812644        1.46444577413901        5.31005631830135
H           -7.11090596042519        0.41113915680383        7.40226343272195
H           -6.11409412268260        1.66924124741703        6.67889819947583
H           -6.34220201881924        0.12304071478993        5.83135761029002
H           -4.65844696162022       -0.80263828882438        9.37743912433273
H           -6.33551271637135       -0.88949709722928        8.85303343196329
H           -5.13074515401511       -1.96085111534718        8.11490418860917
H           -2.79497039318167       -1.12022659881532        8.34190662487035
H            2.45833281865476       -1.06670445055272        8.64151011025701
B           -4.80303494353570       -2.66974695768668        0.37758913584455
B           -4.44372930976070       -1.26280448783683       -0.27952084582780
B           -4.16750180610665        0.03368521175034       -1.28492829933539
B           -3.33620439419781       -2.64915241288755       -0.28464656722993
B           -2.78475671843359        0.28537879129337       -0.60915079145468
B           -4.23856175133748        0.31737708552831        0.49914597473720
B           -5.03709416293989        1.36941505052399        1.41105553942752
B           -4.53472285522109        2.92621212335776        1.51009937862348
B           -2.70094046355464        0.33526946584698        1.05291084741519
B           -3.29038703186290        3.29848862805087        2.48946409936793
B           -2.13245114971304       -3.77987561064641       -0.52206417630433
B           -1.76921411650548       -2.23288149117712       -0.46025284952743
B           -1.55731193420045       -0.65653812893849       -0.05407615236173
B           -0.51470279953572       -3.26326795892742       -0.49383361350191
B           -0.10678387592156       -0.32667967191137        0.61389550788305
B           -1.31654948554473       -0.20561633653047        1.72850799260564
B           -1.66808338441785        1.41946973035377        1.77196291729078
B           -1.87044539371898        2.99061114247562        1.81071229014944
B           -0.11408106766513        0.76584565243000        2.03171880337688
B           -0.68995573227403        4.08243680007150        1.44425065123050
B            0.89079651511684       -4.18773640243576       -0.48233873347782
B            0.98410428808770       -2.60408422374412       -0.22647499919412
B            1.30054603750435       -1.10135426740999        0.18875905756163
B            2.29324705485356       -3.56376000008320        0.14051328907524
B            2.71449253955643       -0.36726151352008        0.47147749185513
B            1.35959273386901        0.31109463556973        1.07783107429982
B            1.21759305316580        1.75733450191603        1.98212894763432
B            0.58796341935000        3.17933103025495        1.57008037611114
B            2.52257622040405        1.48297017639324        0.96401533069058
B            1.20118248735915        2.77668560540513        0.06401917459432
B            3.37568931819647       -4.12951025069091        1.31272131989942
B            3.73608993792087       -2.84403454664221        0.36560741130515
B            4.11585143188455       -1.28329828057565        0.25058728501086
B            4.58696346169067       -3.14291582724175        1.66712776584988
B            5.39741893921739       -0.33963984439707       -0.25523808187226
B            4.21972156701437        0.33813046230260        0.62752986596203
B            4.05805805003953        2.13215499954565        0.69986585731742
B            2.79693008509174        2.89975544739192       -0.08738152040049
B            5.47089974927565        1.32519392516104        0.35475990283636
B            4.25909941853573        3.34878068900722       -0.31661189358676
H           -5.32531769134979       -3.32289611085530        1.20170715908771
H           -5.63058925661199       -1.95625665108093       -0.30792874620739
H           -4.87739917223909        0.36631081170759       -2.16671216812228
H           -5.93903408153584        1.01606661366821        2.10068121399943
H           -5.11187297658843        3.75258954277294        0.89411670307599
H           -3.50247039142433        3.65401167439459        3.59540638147034
H           -2.37887596731876       -4.91081710765388       -0.71193484441934
H           -0.83827278458280        5.19784543285685        1.09453003310421
H            0.88060606969428       -5.28601464041188       -0.88975895027536
H            0.50988508712664        2.42615929729756       -0.83213004751264
H            3.15927925362281       -5.15913872280067        1.82807065465709
H            5.46690870529985       -2.89266623108227        2.39190455745019
H            6.37625356376537       -0.69604188902788       -0.79048786209694
H            6.56081605059545        1.72599661481370        0.52018444216180
H            5.05238370558597        4.05532037660451       -0.80354465052894
94
 energy: -112.191998802176 gnorm: 0.003505605363 xtb: 6.7.1pre (5071a88)
C            5.99326191850541        0.73576069409142        7.53490235187266
N            4.78319020596891        0.17554236518536        8.08478743313203
C            4.93403766820469       -0.86406126508110        9.07552365914916
C            3.61982587498516        0.22947515722906        7.33861793215192
C            3.52876896092193        0.97494797284305        6.15833617543695
C            2.33398391058971        1.08270833126315        5.47089810355940
C            1.17860766786211        0.44254193045284        5.90595014993395
N           -0.00291105299261        0.55435011327401        5.18917276040487
C           -1.25268905093277        0.42273246468736        5.78672891133686
C           -2.35736120079387        1.06303397331096        5.23836013665862
C           -3.61666514730935        0.93488332332288        5.78862631958597
C           -3.83026170411720        0.16802189655717        6.93961944398742
N           -5.07608406842422        0.08351206936686        7.53394797503584
C           -6.22062870611564        0.58447727127904        6.80916796750877
C           -5.31812624314029       -0.94625574031156        8.51401384740486
C           -2.71546371959686       -0.47769107565779        7.48828137296305
C           -1.45970295882826       -0.35458578238074        6.92245462770660
S           -0.11966939630317       -1.25190923155114        7.67310434759839
C            1.27260240860569       -0.32806821379065        7.06406747502254
C            2.45945078550410       -0.42882163981447        7.76373246062542
H            5.85231586676538        1.79954757995025        7.33348985840709
H            6.30966426292573        0.23907550077479        6.60798711524597
H            6.79445720804708        0.64111703961279        8.26574697958629
H            4.83701241086089       -1.86857566177824        8.64598135813167
H            4.18851632354107       -0.74890762998783        9.86351379681561
H            5.91560587705152       -0.78008105833932        9.53544884435787
H            4.38665173573653        1.49071791196015        5.76208446463769
H            2.29051811297662        1.67964717712480        4.57140288917145
H            0.02222974371934        1.16998386837230        4.38194994832660
H           -2.22956445560737        1.67140619041203        4.35697598135249
H           -4.42573243035319        1.45248735650204        5.30432829293039
H           -7.12050847589318        0.40961547457484        7.39405322519858
H           -6.12593626146619        1.66143121304844        6.65964897736422
H           -6.34333106426352        0.10440518950007        5.83102728732749
H           -4.67201855544551       -0.80194687454124        9.38116615214909
H           -6.34851114927425       -0.88098911492131        8.85651790288908
H           -5.14825548538051       -1.95480691284335        8.11588607705031
H           -2.80247196668126       -1.09771845291339        8.36436825628237
H            2.45750327208366       -1.04215820530291        8.64853933041049
B           -4.80568370175409       -2.66052128257122        0.36279638131493
B           -4.43628903214403       -1.25370805326690       -0.28792935672921
B           -4.14981817971789        0.04252942628873       -1.29052300337126
B           -3.33275528138623       -2.64066449235892       -0.28404945778967
B           -2.77129108508689        0.29438015136471       -0.60558995123932
B           -4.23352947810411        0.32641248836853        0.48989762653701
B           -5.03008444982189        1.37581978361046        1.40546673870870
B           -4.53171449865402        2.93314933462640        1.50875968933042
B           -2.69856034841444        0.34432179968034        1.05434711979669
B           -3.28802420396422        3.30619622736195        2.48852697738415
B           -2.12819782586155       -3.77451921237729       -0.50641046776178
B           -1.76340386984000       -2.22776719970737       -0.44596159880015
B           -1.54982065632838       -0.65167674084709       -0.04315702770333
B           -0.51153188681033       -3.26251606846807       -0.47170350314133
B           -0.10302420765193       -0.32396026576075        0.63548440025552
B           -1.31809195061610       -0.19382644340027        1.74205106962792
B           -1.67082185668607        1.43084281155486        1.77403102171632
B           -1.86994299819579        3.00157964072338        1.80576690904014
B           -0.11740098681610        0.78069426570595        2.04387422217912
B           -0.69041946721255        4.08945743182734        1.43130081084761
B            0.89333688851023       -4.18794587568737       -0.45968523127247
B            0.98906133920657       -2.60617308618595       -0.19754913998775
B            1.30436049802949       -1.10427228885414        0.21899071571988
B            2.29813622177859       -3.56711390926556        0.16228280271605
B            2.71901848566592       -0.36857741709478        0.50012245798970
B            1.36361997281705        0.31466695152481        1.09481273537067
B            1.21508845700841        1.76895164104129        1.99156215682120
B            0.58946428036147        3.18906461987229        1.56282238148141
B            2.52346618255438        1.48784371940981        0.98186554982507
B            1.20776991800243        2.77722315251571        0.06298757962612
B            3.38666286728670       -4.14279029219716        1.32385966111084
B            3.74037021601846       -2.84645036379215        0.38957010444758
B            4.12003526618908       -1.28606630203105        0.26869318921485
B            4.60282110355005       -3.16350618209859        1.67877570117024
B            5.39481298933945       -0.34064556401487       -0.24772282888606
B            4.22466364424397        0.33267633812241        0.65128715778880
B            4.06099944446292        2.12834068846046        0.71164186901624
B            2.80458922480121        2.89439464729158       -0.08340273603114
B            5.47413237855332        1.31961662990556        0.36973007958636
B            4.26914912426996        3.33257537105972       -0.31717829746708
H           -5.33688655365744       -3.31424074785155        1.17937888402058
H           -5.62578435677955       -1.94320825632972       -0.32629101144904
H           -4.85063097212653        0.37521930456189       -2.17945919894204
H           -5.93471663824684        1.02155679991682        2.09013122385742
H           -5.11516711976974        3.76190926731825        0.90190748845542
H           -3.49815147487001        3.65234082966262        3.59754613092144
H           -2.37601339302342       -4.90552126124403       -0.69195666991519
H           -0.83809346863588        5.20256670774043        1.07422697523022
H            0.88141429912213       -5.28424180462317       -0.87132127366091
H            0.52112958274526        2.41964742790964       -0.83365769358739
H            3.16957732583635       -5.17413408188045        1.83410041244991
H            5.48960296027576       -2.92043815234347        2.39698092715801
H            6.36886397164653       -0.69847113445139       -0.79011621269185
H            6.56433405903363        1.71787109558108        0.54030779085147
H            5.06440611897844        4.03071672021250       -0.81233246983922
94
 energy: -112.192125057117 gnorm: 0.003695505404 xtb: 6.7.1pre (5071a88)
C            5.99125112844560        0.73910545012068        7.50072967183955
N            4.78282534308114        0.18666237922866        8.06211190390126
C            4.93738773753624       -0.83971842524319        9.06592376014456
C            3.61670365118493        0.22953813328226        7.31941385902044
C            3.52281796828966        0.95323987999776        6.12595147854137
C            2.32477730723477        1.05335845595135        5.44313442327355
C            1.16910824517334        0.42537297069167        5.89495717921576
N           -0.01526314616126        0.53064886773390        5.18371455733206
C           -1.26251611795468        0.40968600444900        5.78693314565018
C           -2.36750860545152        1.04451810856071        5.23272089734557
C           -3.62617228902134        0.92359313538488        5.78583860100365
C           -3.83893258544041        0.17000859644925        6.94557287609408
N           -5.08555096706531        0.09140191910649        7.54097148515973
C           -6.22937688095738        0.57724165443119        6.80411262564744
C           -5.32918349806979       -0.93956319283443        8.51975435439870
C           -2.72309557225368       -0.46645292099924        7.50302941145839
C           -1.46786260734718       -0.35083742680845        6.93457974750204
S           -0.12606031558523       -1.23350977239673        7.69871306423975
C            1.26594995885569       -0.32509887028073        7.06641269371756
C            2.45581661271064       -0.41756635105578        7.76181785048097
H            5.84486909559342        1.79694952204920        7.27325501401000
H            6.31255210820461        0.22206846660411        6.58631269775503
H            6.79044119131511        0.66643396244717        8.23599806231349
H            4.83970248708524       -1.84995256630890        8.65058273466279
H            4.19389950699555       -0.71405946089332        9.85444662688879
H            5.92005940141076       -0.74838609969418        9.52179072771421
H            4.38093168819503        1.45818399476847        5.71591236346471
H            2.27871688847408        1.63469671331305        4.53357595493507
H            0.00553730135306        1.12786862175801        4.36159592300708
H           -2.24077980173855        1.64376152342124        4.34503325791825
H           -4.43510109014097        1.43654511848577        5.29634632761000
H           -7.12986889652589        0.40933022059541        7.38933747837763
H           -6.13636224013355        1.65175069256461        6.63768163145768
H           -6.34764584440387        0.08136377221670        5.83306305009930
H           -4.68256044659769       -0.79690363633407        9.38633491001602
H           -6.35930863902783       -0.87211734811052        8.86285216333091
H           -5.16192333387390       -1.94805102404113        8.12066887311999
H           -2.80892996679695       -1.07295550533309        8.38862127407895
H            2.45582480781863       -1.01454194147282        8.65789310904029
B           -4.80654412784605       -2.64869528855667        0.35022897539146
B           -4.42796740991192       -1.24370221735683       -0.29749014711119
B           -4.13094831430125        0.05006423695739       -1.29910260775888
B           -3.32773026969493       -2.63156051064715       -0.28227483863676
B           -2.75710330700199        0.30260666575279       -0.60417473908183
B           -4.22824059014105        0.33673110170333        0.47731628626730
B           -5.02629116425621        1.38340461129622        1.39404965262654
B           -4.53205704774657        2.94066511253997        1.51113664382683
B           -2.69621226196922        0.35474714293169        1.05381772376672
B           -3.28500004178227        3.30987000161921        2.48870723090080
B           -2.12332086622645       -3.76896118341587       -0.49046788765288
B           -1.75676186395280       -2.22251428830213       -0.43288333632959
B           -1.54171117861783       -0.64637861315841       -0.03366385432253
B           -0.50788167599362       -3.26145475513850       -0.45016131858236
B           -0.09936761768589       -0.32125017632612        0.65593026288766
B           -1.31999131437958       -0.18167709368215        1.75347123356066
B           -1.67319898541993        1.44277762550390        1.77461086170209
B           -1.86923966596369        3.01323698247259        1.79905166075573
B           -0.12109918268918        0.79516707707543        2.05599004347991
B           -0.68951759345374        4.09813153439425        1.42168875543451
B            0.89620367218015       -4.18786551439709       -0.43752365868481
B            0.99356760488375       -2.60815520078765       -0.16879659705286
B            1.30852008763881       -1.10696910639617        0.24930900338541
B            2.30226186488202       -3.56976105242448        0.18523102588342
B            2.72360713554888       -0.37001221424333        0.52846724256809
B            1.36764044738896        0.31784134509766        1.11195034974247
B            1.21184658742120        1.77955699936993        2.00049783599487
B            0.59061477126528        3.19796076499491        1.55638206763956
B            2.52374449494256        1.49239675919501        0.99885803215669
B            1.21349384647823        2.77730728015596        0.06242899444582
B            3.39601361259485       -4.15478551464005        1.33663335912395
B            3.74478578110461       -2.84977507208229        0.41385642703944
B            4.12357211318602       -1.28996461894757        0.28684100215021
B            4.61872806823791       -3.18445200925181        1.69057825637092
B            5.39452472673884       -0.34388964902246       -0.23544955670176
B            4.23001382263744        0.32583177395224        0.67532231070961
B            4.06328386356668        2.12343819853565        0.72309199135420
B            2.81130347912818        2.88723835207327       -0.07946007115881
B            5.47706610294079        1.31311873782976        0.38601929457132
B            4.27807134071442        3.31453605108977       -0.31896948134993
H           -5.34640132281477       -3.30167873718521        1.16096989977695
H           -5.61910272321391       -1.93006680288478       -0.34551307819597
H           -4.82275610924342        0.38165153271981       -2.19551203991650
H           -5.92698378751625        1.02413693893001        2.08009108405369
H           -5.11743463980285        3.77161943484651        0.90952164892214
H           -3.49180929618719        3.65245965240571        3.59895756104510
H           -2.37419826752987       -4.89986913426973       -0.67087902524975
H           -0.83575421173670        5.20922053309922        1.05761018649344
H            0.88346845379936       -5.28252211154975       -0.85250389489786
H            0.53059628261936        2.41304188463024       -0.83415404086707
H            3.17697638322141       -5.18813452535549        1.84140481227009
H            5.51305040318562       -2.94787484931734        2.40127245488294
H            6.36247190896041       -0.70012098906065       -0.78960897197012
H            6.56690749471570        1.70987296567357        0.56341863360450
H            5.07446890273580        4.00430030974565       -0.82351942501814
94
 energy: -112.192251134374 gnorm: 0.003737003900 xtb: 6.7.1pre (5071a88)
C            5.98981713847050        0.73904376619670        7.46587494649012
N            4.78221700454024        0.19730626854072        8.03933990048995
C            4.93832987595410       -0.81545502444329        9.05661926401869
C            3.61269728196582        0.23141202124578        7.30144500049833
C            3.51557651342358        0.93498240508640        6.09663050709763
C            2.31455393149855        1.02826589378528        5.41821589832029
C            1.15976369110806        0.41060737187858        5.88499111821383
N           -0.02719121865130        0.50967856552879        5.17902875254739
C           -1.27193823876286        0.39810258834295        5.78619457203633
C           -2.37775582948112        1.02613960342108        5.22600357864541
C           -3.63591716538972        0.91030168069567        5.78121084648905
C           -3.84710426477457        0.17069075975285        6.94997474059261
N           -5.09424804237893        0.09700911665911        7.54638748707553
C           -6.23855067924629        0.56807639482611        6.80069988496926
C           -5.33668418896363       -0.93151784703482        8.52877786090175
C           -2.72954605699320       -0.45497704875792        7.51678620375545
C           -1.47531037041690       -0.34607877401883        6.94538186803672
S           -0.13160224583468       -1.21534575870315        7.72056657150342
C            1.25962004051653       -0.32101915296785        7.06848113812044
C            2.45184549719216       -0.40500141116805        7.76028229245768
H            5.84068290256362        1.79030397656506        7.21287029863776
H            6.31386201404859        0.20137442536318        6.56442827190272
H            6.78754346598060        0.68663799682641        8.20375195460594
H            4.83367456556963       -1.83097509918687        8.65606736597868
H            4.19921444511302       -0.67501741037453        9.84730116524338
H            5.92378529114466       -0.72186934758828        9.50599448548576
H            4.37367221211064        1.42981655495390        5.67477222266888
H            2.26538803430067        1.59611579374591        4.50037462982161
H           -0.00862917586044        1.08850914297739        4.34269284616242
H           -2.25239164053178        1.61668070225745        4.33237624391330
H           -4.44571872617315        1.41612930518469        5.28578421333190
H           -7.13826647397238        0.41097123457576        7.39025275664227
H           -6.14478016769608        1.63928205734277        6.61354378323270
H           -6.35702109267844        0.05326451317291        5.83912396723964
H           -4.68923739398242       -0.78539355174574        9.39392143010650
H           -6.36663576466720       -0.86329249754824        8.87257309457756
H           -5.16909981791452       -1.94072476693857        8.13198289910630
H           -2.81354571236532       -1.04741369090898        8.41201547583666
H            2.45394388701526       -0.98550619331700        8.66701930062786
B           -4.80502486018993       -2.63456524752951        0.34121132349837
B           -4.41978078191128       -1.23324031812077       -0.30832420278794
B           -4.11275989611212        0.05645981388383       -1.31063840889630
B           -3.32136399705229       -2.62245636389368       -0.27999592115322
B           -2.74345755918437        0.30945166453903       -0.60628466380830
B           -4.22257220116419        0.34722907405537        0.46243306283384
B           -5.01887936652163        1.38957598357175        1.38513078368616
B           -4.52935986403101        2.94773051003230        1.50870727061606
B           -2.69381657304201        0.36633481319926        1.05017012940638
B           -3.28178436011647        3.31634510305684        2.48652264229209
B           -2.11818401110048       -3.76378552944404       -0.47552447993470
B           -1.74952795609311       -2.21759416591670       -0.42238426319842
B           -1.53348971134437       -0.64079948554234       -0.02716781436020
B           -0.50380104478365       -3.26044488371098       -0.43089718809388
B           -0.09608043916811       -0.31881473002899        0.67343625644022
B           -1.32242247836477       -0.16972137598501        1.76105818567653
B           -1.67535809326059        1.45488260076481        1.77338682941505
B           -1.86735247837820        3.02566129942960        1.79336944356924
B           -0.12535646876601        0.80837879025616        2.06710182057913
B           -0.68658338685712        4.10817992225256        1.41596752185594
B            0.89950240479758       -4.18774817716021       -0.41747696009219
B            0.99721489659323       -2.61012301703722       -0.14160558946250
B            1.31279106311859       -1.10942161155594        0.27785465897555
B            2.30561646689846       -3.57165336239652        0.20793162059424
B            2.72809994089059       -0.37167517853024        0.55452298580556
B            1.37143317107370        0.32020904418865        1.12824538179737
B            1.20805779217990        1.78796462265838        2.00847860203718
B            0.59160069248274        3.20513096442690        1.55161142531673
B            2.52326452696022        1.49628171367409        1.01357856442279
B            1.21778081072531        2.77676408303344        0.06252682075810
B            3.40311048587207       -4.16477441371174        1.35068769795771
B            3.74947288826123       -2.85382587894445        0.43701360806481
B            4.12688703887359       -1.29462986590350        0.30435882372291
B            4.63357473754080       -3.20453227974383        1.70215878199803
B            5.39510687635646       -0.34745753318884       -0.22300766584484
B            4.23556463973795        0.31810134557721        0.69764702770125
B            4.06478159950429        2.11789123470553        0.73357492470782
B            2.81653257865562        2.87800358973236       -0.07631341165089
B            5.47992187906734        1.30617569527354        0.40398581233360
B            4.28510805767326        3.29538057279570       -0.32251676565554
H           -5.35183779103436       -3.28431991162682        1.14959965291364
H           -5.61094061352088       -1.91802239681474       -0.36421425835334
H           -4.79582428029188        0.38541302010223       -2.21476186396763
H           -5.92122441211444        1.02582574923792        2.06645409706942
H           -5.12472650393814        3.78173861521042        0.92037574661952
H           -3.48668981178591        3.64659539798306        3.60111277803241
H           -2.37354098291608       -4.89457710562473       -0.65014163451298
H           -0.83047564941735        5.21816455626454        1.04761676913637
H            0.88730514498488       -5.28134153838030       -0.83467578121691
H            0.53701909939316        2.40689659778138       -0.83321421288451
H            3.18040952952752       -5.20001870820695        1.85018558640528
H            5.53519852529112       -2.97304374824664        2.40512203653419
H            6.35825940482057       -0.70384625560771       -0.78464405626333
H            6.56914623834771        1.70201466555601        0.58860604303310
H            5.08178955710082        3.97699147538331       -0.83739441103823
94
 energy: -112.192384764661 gnorm: 0.003878103886 xtb: 6.7.1pre (5071a88)
C            5.98886968005755        0.73645910245909        7.42794958908018
N            4.78171473933417        0.20864087045017        8.01517795925649
C            4.93838851449284       -0.78902018014970        9.04739440172822
C            3.60812513208920        0.23487955833910        7.28316916071359
C            3.50747646179430        0.91754596208539        6.06666165415339
C            2.30332856360503        1.00407382583200        5.39285465145982
C            1.14981516697906        0.39694242855163        5.87580629578090
N           -0.03981910058851        0.48921487820509        5.17482263103272
C           -1.28223119585573        0.38692805316602        5.78495868895335
C           -2.38946733002325        1.00589932650369        5.21759865630168
C           -3.64720012524593        0.89405351530985        5.77485394132125
C           -3.85598627536906        0.17056805938158        6.95396947275663
N           -5.10336992366822        0.10089434722785        7.55132405993462
C           -6.24941301543615        0.55641133005476        6.79899193473019
C           -5.34240159651413       -0.92194955369192        8.54163182543426
C           -2.73611555853283       -0.44234133089582        7.53095740870537
C           -1.48318101295157       -0.33983909391174        6.95636251136520
S           -0.13734519238447       -1.19552381684300        7.74291897019439
C            1.25293771785231       -0.31521230378716        7.07154755275495
C            2.44758952519887       -0.38992259303525        7.75968253991250
H            5.83877888608894        1.78048917673023        7.14775795424108
H            6.31346640574322        0.17573013120728        6.54075228039877
H            6.78617886580592        0.70436304402477        8.16722736921275
H            4.82140263381531       -1.81003443048573        8.66332274181579
H            4.20646560083620       -0.62971854157836        9.84186501262503
H            5.92853603846675       -0.69695981721529        9.48743129516312
H            4.36568632575905        1.40131790691465        5.63229931557569
H            2.25080392794720        1.55821644748548        4.46648557670703
H           -0.02070319990241        1.04786598387832        4.32333953280830
H           -2.26582276487533        1.58645853242261        4.31709753777656
H           -4.45885607159482        1.38987592103466        5.27231233966315
H           -7.14729816703356        0.41402112310479        7.39606764444738
H           -6.15380121597037        1.62319958646144        6.58749374210518
H           -6.37230246602999        0.01968938831114        5.84940602117312
H           -4.69422218421288       -0.76782543271171        9.40489358988678
H           -6.37230016300109       -0.85392119775974        8.88584041642154
H           -5.17204440940504       -1.93295107341658        8.15058391511305
H           -2.81764458095997       -1.01969774336230        8.43625334452864
H            2.45227366616122       -0.95275531522760        8.67749236759703
B           -4.80263789541083       -2.61830743227248        0.33412126393211
B           -4.41147257530805       -1.22204809606305       -0.32155423888657
B           -4.09359973740135        0.06202079525838       -1.32645555084865
B           -3.31454420912400       -2.61339758387081       -0.27768641787594
B           -2.72943795779476        0.31482741386253       -0.61185960813991
B           -4.21655238451948        0.35898518037682        0.44431149718270
B           -5.01268894200013        1.39737162160748        1.37169353836555
B           -4.53106803644190        2.95728400839326        1.50865489444046
B           -2.69194831847665        0.37936682540467        1.04430603752002
B           -3.27866411010765        3.32195183644658        2.48256432634572
B           -2.11329561634971       -3.75895529040250       -0.46152609866887
B           -1.74168307618495       -2.21321317919072       -0.41208836685674
B           -1.52499690037109       -0.63495612702862       -0.02162194257486
B           -0.49898151759126       -3.25942157116780       -0.41183889302097
B           -0.09303325691134       -0.31648177975124        0.69024355285210
B           -1.32594313966666       -0.15652208639657        1.76649514517002
B           -1.67767374362948        1.46890922206763        1.76920229720729
B           -1.86473249412517        3.04052216937112        1.78520630365193
B           -0.13062464451065        0.82240274352274        2.07753899032928
B           -0.68161653072410        4.12120807142614        1.41156335755641
B            0.90327627466758       -4.18801615251463       -0.39740133977171
B            1.00033434077682       -2.61254174802173       -0.11236559067051
B            1.31714456812603       -1.11209983428948        0.30811670085259
B            2.30878216975021       -3.57428769605058        0.23263822588955
B            2.73269074941865       -0.37422640704838        0.58130001977245
B            1.37498429317948        0.32328936447716        1.14472080495335
B            1.20399936991062        1.79604810874774        2.01592777008303
B            0.59227092507118        3.21217758145989        1.54765691925973
B            2.52304936866135        1.50028760102423        1.02754223909943
B            1.22188100182022        2.77521835497223        0.06313871014779
B            3.40969390550201       -4.17517332487913        1.36661049554561
B            3.75506140968163       -2.85921592198009        0.46042641883082
B            4.12931192378287       -1.30009446617319        0.32386289137777
B            4.64860379813316       -3.22537548716371        1.71449711096396
B            5.39747988960602       -0.35265618160025       -0.20647024224424
B            4.24193227613144        0.30997762406430        0.72000006659523
B            4.06664148922545        2.11210561912819        0.74386117725939
B            2.82160006064038        2.86703448488011       -0.07367178841400
B            5.48349621271872        1.29929050263410        0.42315920377631
B            4.29168885390311        3.27511929496661       -0.32759773486896
H           -5.35597775167103       -3.26233486257857        1.14304282659911
H           -5.60173519478254       -1.90576889101877       -0.38387157471618
H           -4.76845773702932        0.38834299961272       -2.23767789146473
H           -5.91229275900099        1.02594804611121        2.05279186141324
H           -5.13131264888986        3.79303210901004        0.92821895698575
H           -3.48051969606583        3.63904189677880        3.60178937833322
H           -2.37336333171820       -4.88965170548439       -0.63062167641498
H           -0.82171776629517        5.23155202434890        1.04341675815063
H            0.89276043293016       -5.28079999179918       -0.81675282806485
H            0.54209342762115        2.39993915270993       -0.83112692246161
H            3.18399904131290       -5.21271011101472        1.86085853193426
H            5.55806284399150       -2.99926668988121        2.40926402900287
H            6.35654146866519       -0.71005686680232       -0.77368035824714
H            6.57187004968153        1.69466168239737        0.61479188059563
H            5.08835752477090        3.94805107431071       -0.85392102058080
