98
 energy: -122.821848237680 gnorm: 0.105267810599 xtb: 6.7.1pre (5071a88)
C            0.33282000000000       -6.27003500000000        7.33588700000000
N           -0.55631000000000       -5.10968600000000        7.29124100000000
C           -1.71715700000000       -5.23869000000000        6.41079900000000
C           -0.03003600000000       -3.83930800000000        7.54326000000000
C            1.22098200000000       -3.65346500000000        8.14598900000000
C            1.74298000000000       -2.37537700000000        8.41418300000000
C            1.05668700000000       -1.21756200000000        8.11251900000000
N            1.66357000000000       -0.05331400000000        8.41511000000000
C            1.10217100000000        1.14837700000000        8.17822700000000
C            1.83682100000000        2.26065200000000        8.53272200000000
C            1.36252000000000        3.57067000000000        8.34086700000000
C            0.10437800000000        3.83692900000000        7.78494300000000
N           -0.36080100000000        5.13908100000000        7.57915800000000
C           -1.77481700000000        5.35060100000000        7.27061500000000
C            0.30974800000000        6.24943600000000        8.25475300000000
C           -0.63518400000000        2.70596800000000        7.40900600000000
C           -0.15680100000000        1.39295900000000        7.60282300000000
S           -1.21346200000000        0.03889300000000        7.08657300000000
C           -0.20853800000000       -1.38124600000000        7.52232000000000
C           -0.73482500000000       -2.66205700000000        7.25222200000000
H            1.13971700000000       -6.17582400000000        6.60076700000000
H            0.75883400000000       -6.40479700000000        8.33585300000000
H           -0.20964700000000       -7.19606600000000        7.11425800000000
H           -2.01777700000000       -6.28660600000000        6.29939500000000
H           -2.58827000000000       -4.71990300000000        6.82509200000000
H           -1.49727600000000       -4.84988100000000        5.41038500000000
H            1.83791600000000       -4.49944000000000        8.43394300000000
H            2.72337700000000       -2.29847800000000        8.88027000000000
H            2.82166800000000        2.12076900000000        8.97412700000000
H            2.02540000000000        4.37562900000000        8.64390200000000
H           -2.05079200000000        4.86859200000000        6.32662400000000
H           -1.99876900000000        6.41533100000000        7.13981100000000
H           -2.41394600000000        4.97521000000000        8.07742400000000
H            1.35308700000000        6.33712000000000        7.93329800000000
H           -0.16097000000000        7.20793800000000        8.00853900000000
H            0.26779200000000        6.13069000000000        9.34309900000000
H           -1.61193700000000        2.81891400000000        6.94841900000000
H           -1.72315200000000       -2.71202300000000        6.80539100000000
B           -6.35114200000000       -2.85445600000000       -0.33955700000000
B           -3.86324600000000       -3.42757800000000        0.87124800000000
B           -1.05518500000000       -4.16513500000000        1.97935000000000
B            1.68531200000000       -4.23177000000000        1.35494900000000
B            2.97025700000000       -3.69227400000000        0.62187100000000
B            5.90758800000000       -3.84857200000000       -0.38002700000000
B           -4.76120800000000       -2.33072000000000       -0.40780900000000
B           -2.61985700000000       -2.21105900000000        0.84416000000000
B           -1.23265900000000       -2.39107400000000        1.77916200000000
B            0.28142600000000       -3.14460200000000        1.25858500000000
B            3.12800500000000       -2.13534000000000        0.03371700000000
B            5.28242800000000       -2.58067700000000       -1.14274000000000
B           -4.38265200000000       -1.05449800000000       -1.34613200000000
B           -3.19236900000000       -1.26848300000000       -0.23984100000000
B           -0.76674900000000       -0.91506900000000        2.14710700000000
B            0.43407000000000       -1.50985000000000        0.88252300000000
B            4.26033100000000       -1.27188400000000       -0.60571600000000
B            6.84520400000000       -2.47557700000000       -0.80648200000000
B           -5.00720400000000       -0.64365900000000       -2.84964900000000
B           -3.19520900000000        0.15430100000000       -0.92567200000000
B           -0.94694700000000        0.62330600000000        2.21038500000000
B            0.00158100000000       -0.02044200000000        0.90840200000000
B            4.87544400000000        0.22421900000000       -0.54758900000000
B            5.87856800000000       -1.06637800000000       -1.13057500000000
B           -5.76716400000000        0.85353600000000       -2.91756500000000
B           -2.89710200000000        1.62816700000000       -0.70834400000000
B           -1.23986500000000        2.13318400000000        2.08890900000000
B            0.18832000000000        1.54987200000000        1.05403100000000
B            4.25812300000000        1.58410600000000        0.06466300000000
B            6.30753200000000        0.43970400000000       -1.62584500000000
B           -5.73413200000000        1.75540900000000       -1.49381300000000
B           -3.34688600000000        2.97396100000000       -0.17455400000000
B           -1.66463200000000        3.61600500000000        1.79728000000000
B           -0.05897000000000        3.16403900000000        1.32348200000000
B            2.96563200000000        2.25887500000000        0.68436600000000
B            5.79192000000000        1.67251500000000       -0.69850700000000
B           -6.63890700000000        2.79998800000000       -0.84219300000000
B           -4.47457600000000        3.88733800000000        0.58792400000000
B           -1.77707600000000        5.17524700000000        1.21535600000000
B            1.17539300000000        4.40663800000000        1.32897800000000
B            2.59381000000000        3.92287400000000        0.87957500000000
B            5.35092600000000        2.98599700000000       -0.05410100000000
B           -5.31895500000000       -3.63481700000000        0.41646300000000
B           -2.48770900000000       -3.63285400000000        1.60554500000000
B            0.35957900000000       -4.72132700000000        1.90632000000000
B            1.72149800000000       -2.41621500000000        0.73450400000000
B            4.33870500000000       -3.47995000000000       -0.07292900000000
B           -5.09533100000000        2.84723300000000       -0.37349100000000
B           -3.03449500000000        4.31873500000000        0.93261200000000
B           -0.28693000000000        4.89506400000000        1.44259100000000
B            1.46162000000000        2.54819200000000        0.99240700000000
B            4.07838000000000        3.61976300000000        0.51063400000000
B           -4.59573000000000        0.59127600000000       -1.84153400000000
H           -7.36836900000000       -2.50274900000000       -0.81029300000000
H           -4.95906500000000       -1.37603400000000       -3.77389000000000
H           -6.32457900000000        1.26078000000000       -3.87154100000000
H           -7.61339800000000        3.40172800000000       -0.59757200000000
H            6.36123200000000       -4.93538300000000       -0.36023900000000
H            8.01626000000000       -2.46823700000000       -0.90614000000000
H            6.93915600000000        0.61460900000000       -2.61276000000000
98
 energy: -122.831767265278 gnorm: 0.042267515823 xtb: 6.7.1pre (5071a88)
C            0.33038436825453       -6.24104507386985        7.33572021976462
N           -0.55244558948084       -5.08728146182865        7.28723765293627
C           -1.70468952040277       -5.21950491548819        6.41384989200209
C           -0.02989869740988       -3.82311034210880        7.53901225423842
C            1.22554685405894       -3.65148807384245        8.14317838923190
C            1.73866315725915       -2.39587106507108        8.41197654926281
C            1.04864900021850       -1.21620937142579        8.10816550325186
N            1.65678695719837       -0.05298204314647        8.40523612686915
C            1.09532910759564        1.14749630907332        8.17124834185338
C            1.83544669739330        2.28134201057906        8.52686095974456
C            1.36497450824255        3.56862901363399        8.34208028525578
C            0.10224379110729        3.82091096685181        7.78377921530588
N           -0.35797762263461        5.11813678503991        7.57427528346568
C           -1.76336611599563        5.33111445566728        7.27576911111155
C            0.30673004017442        6.22016414320054        8.25139804740882
C           -0.64212064479599        2.69157340877495        7.40448039549826
C           -0.16827395378769        1.39644941552595        7.59231838139973
S           -1.20534085582807        0.03922514695083        7.07924144512467
C           -0.22165200916069       -1.38372892072801        7.51464470372078
C           -0.73810370600575       -2.64678213196907        7.24129331620724
H            1.14811417467066       -6.16374520283510        6.61028241462220
H            0.75053006135363       -6.36558586959109        8.33512307099145
H           -0.23395684516540       -7.14897314348509        7.11513907669032
H           -1.98160735817604       -6.27155195831526        6.32515636934422
H           -2.56607057434024       -4.69835854907203        6.83493273175933
H           -1.50167915567471       -4.83317195669168        5.40901664298878
H            1.83174263981743       -4.49994501924282        8.42396573554662
H            2.71069203679340       -2.31262543601984        8.87692040514941
H            2.81017663474077        2.13557238880817        8.97031358031581
H            2.01207045189214        4.37678067396857        8.64966197589318
H           -2.03242959976297        4.84478963341119        6.33635719694818
H           -1.95671600475698        6.39843088477921        7.15199273010926
H           -2.41480992513481        4.95790661384620        8.07321366235779
H            1.34654632656223        6.29972304297694        7.92911556717707
H           -0.17942324463816        7.16218360109340        7.99067585795122
H            0.27731650140324        6.11449685167678        9.34129511270756
H           -1.61885601884821        2.80135449541661        6.95648323940029
H           -1.72123061216105       -2.69422384531588        6.79681786313773
B           -6.35124870505620       -2.85365510891919       -0.34233528190150
B           -3.86752848366480       -3.42036806264863        0.88513439548481
B           -1.05415981838359       -4.16798153678926        1.98242722145175
B            1.68831851407029       -4.23062217209727        1.35859739553261
B            2.97116557404389       -3.69159325486834        0.62371393560905
B            5.90676089605804       -3.85121767749346       -0.38413246377039
B           -4.75845844327477       -2.32981891516706       -0.40513820206523
B           -2.62026784668644       -2.20910517152394        0.85334877337072
B           -1.23107016477793       -2.39870593332462        1.77354644231569
B            0.28095166778313       -3.15088858794870        1.25342733591736
B            3.12894660070326       -2.13540630422370        0.03797491533361
B            5.28425863806409       -2.58251012623730       -1.14326660038051
B           -4.38244185759399       -1.05663502902005       -1.34642509498536
B           -3.18884062218568       -1.27400749948060       -0.24462266720041
B           -0.77926408499970       -0.91663770141656        2.13674619635414
B            0.43260413339781       -1.51192691795165        0.88418059410732
B            4.26808434433503       -1.27367793640398       -0.59261042553271
B            6.84701069288189       -2.47907592044951       -0.81321125625496
B           -5.00541752949041       -0.64516060012675       -2.84888569811357
B           -3.19741469430363        0.15334393569638       -0.92369343150731
B           -0.96471032630052        0.62004079076118        2.20358400159057
B            0.00578538668978       -0.02038931494875        0.91218032307188
B            4.89108729200178        0.22094620364925       -0.53633177629938
B            5.87838306463855       -1.06850298211488       -1.14017916845483
B           -5.76548883624439        0.85850873576152       -2.91889304898081
B           -2.89952807173868        1.62522691732632       -0.70150825687844
B           -1.24821913280001        2.13220838947079        2.08413904891646
B            0.19068861959575        1.54794756937070        1.07557249218263
B            4.26713218186444        1.58760956469358        0.06340352424929
B            6.31240917076742        0.43650347411984       -1.62866158560070
B           -5.73390683681205        1.75631759467375       -1.49732863133684
B           -3.34891423535516        2.96725782193176       -0.15973055380946
B           -1.67043477354410        3.61604694320788        1.79315255466050
B           -0.06044383978860        3.16634176544708        1.33770086027951
B            2.96569971676669        2.26751770394845        0.65868344896732
B            5.79492735013482        1.67389841380958       -0.70726514286430
B           -6.64057218520163        2.80829137686441       -0.85228636876855
B           -4.47821942885247        3.90512078461588        0.56897006177218
B           -1.78551848642778        5.18171125193479        1.23145965461442
B            1.17383775877236        4.40616963921115        1.32419092763111
B            2.59882935403960        3.92118178292322        0.89733635966195
B            5.35701276032823        2.98603631989074       -0.05928813282998
B           -5.31603327989712       -3.63789099319457        0.41315021467050
B           -2.48871033252818       -3.63510295334102        1.61224902653817
B            0.36018973270587       -4.72437642661332        1.90658625380719
B            1.72543354211356       -2.41742030090341        0.74632889218481
B            4.33635413313121       -3.48270833846220       -0.08256227511287
B           -5.09571909651238        2.85221168335488       -0.37608829415428
B           -3.03678450305151        4.32618323273916        0.93065593897120
B           -0.29241739339239        4.89586882457210        1.43618879602778
B            1.46324672551227        2.55657024810417        0.99474363386059
B            4.08624593777121        3.61497477322940        0.52378152230595
B           -4.59965745553570        0.58945041966826       -1.83562568225887
H           -7.36319287433659       -2.49965734631742       -0.80962480610795
H           -4.96204604424403       -1.37511058947202       -3.76901470239554
H           -6.32543623662635        1.25941121491260       -3.86768064861223
H           -7.61579277084738        3.39110277238208       -0.59188302591030
H            6.36110461603124       -4.93135553583557       -0.35409025013682
H            8.01363562504727       -2.46465689912264       -0.90218835142946
H            6.93646210662867        0.61206952691813       -2.61301922453140
98
 energy: -122.834903012778 gnorm: 0.013506789120 xtb: 6.7.1pre (5071a88)
C            0.32731896895572       -6.20978799028789        7.33950457459635
N           -0.54821191900227       -5.06003015506653        7.27653711020406
C           -1.69965267455550       -5.19282028187229        6.41528276720898
C           -0.02978041449521       -3.80262386476865        7.53099869225713
C            1.22871846465025       -3.64275161043493        8.13946323880879
C            1.73820393501937       -2.40309695263876        8.41043971310461
C            1.04886711504909       -1.20912692635017        8.10214740378515
N            1.65930714648073       -0.05267497771417        8.39433913704950
C            1.09660171081907        1.14095200980749        8.16220762262571
C            1.83641963600764        2.28880237816821        8.52340421878093
C            1.36507556460313        3.56011216610486        8.34372620092965
C            0.09864143674644        3.80095647187219        7.78149487185569
N           -0.35834379884343        5.09320884450113        7.56931280591093
C           -1.75725739839942        5.30424157069227        7.27487335823159
C            0.30632164072002        6.18795449845052        8.24448475551528
C           -0.64810984455399        2.67441509732298        7.40104199094106
C           -0.17105519047572        1.39183400680082        7.58292762270079
S           -1.19675615883393        0.03981183248319        7.06621240702093
C           -0.22392935800527       -1.37819596159783        7.50456945745612
C           -0.73878215410789       -2.62849998637513        7.22817289525718
H            1.15486218473347       -6.14687695715438        6.62237459086908
H            0.74097084394240       -6.32201916363563        8.34114817664567
H           -0.24830200063533       -7.10714747158662        7.12182509515875
H           -1.96642339154480       -6.24505577205622        6.34149722737189
H           -2.55198805011817       -4.66505562911098        6.84159450627218
H           -1.51059276999362       -4.81034744505769        5.40560827068090
H            1.82265498001929       -4.49901883208608        8.41064817320806
H            2.70438522783112       -2.30803256720906        8.87711959811503
H            2.80505718717190        2.13151823902612        8.96768527276279
H            1.99433055214379        4.37671121967379        8.65540588244987
H           -2.02261428816889        4.81067847242479        6.34031581237731
H           -1.93533779661610        6.37084859263429        7.15237026320534
H           -2.41596512579231        4.93386524181694        8.06838989812562
H            1.34464975035714        6.25906734781813        7.92144031198032
H           -0.18596824825069        7.12086277477019        7.97686343289183
H            0.28442883932502        6.08903394927292        9.33574439619447
H           -1.62717206215143        2.78316059039302        6.96381693905918
H           -1.71686787660766       -2.67532414587728        6.77872543086243
B           -6.35011841181705       -2.85134362229948       -0.34161431502661
B           -3.87092749607556       -3.41483055607706        0.89827321484853
B           -1.05323868949267       -4.17256993445236        1.98507809570286
B            1.69130751049638       -4.22920399951673        1.36295754655836
B            2.97334843521866       -3.68873381206970        0.62859729688898
B            5.90599606858275       -3.85642965190579       -0.39002513644970
B           -4.75405334370065       -2.33214890931968       -0.40352559073564
B           -2.61629530768758       -2.21154846691149        0.85747639861923
B           -1.22887291619038       -2.40887955461679        1.76965888381041
B            0.28081702547318       -3.15811631760974        1.25023602910192
B            3.13339798406341       -2.13021365957141        0.05426439419719
B            5.28598037458360       -2.58392132231262       -1.14100654263042
B           -4.38228771580304       -1.05918490911610       -1.34532265587728
B           -3.18974013682216       -1.27938400605170       -0.24313986650451
B           -0.79372148097146       -0.91911088246090        2.12580744304615
B            0.43079381005202       -1.51465060305575        0.88828579984703
B            4.27415205602406       -1.27407359824603       -0.57972964315171
B            6.84855332144182       -2.48347208114594       -0.82040115776673
B           -5.00014360008666       -0.64514548844993       -2.84658079562645
B           -3.19982993927970        0.15205672059361       -0.91658502949901
B           -0.98483025337294        0.61613314119105        2.19488308263145
B            0.01189690889982       -0.02135778500376        0.91674819051682
B            4.90482264381640        0.22006917853088       -0.53087463772928
B            5.87648644150840       -1.06974553009135       -1.14954174167058
B           -5.76226894013176        0.86510031957331       -2.91690012667959
B           -2.89949816810877        1.62105081118255       -0.68123741371107
B           -1.25726235948265        2.13056126688256        2.07436606415086
B            0.19414166922554        1.54534113420564        1.10002701022183
B            4.27119597792312        1.59498637420681        0.05214179141568
B            6.31377924748710        0.43412997073055       -1.63458662937678
B           -5.73291253951249        1.75827649953346       -1.49755386601829
B           -3.35267868328087        2.96499232989216       -0.14599762116318
B           -1.67924609578865        3.61638642194784        1.78408151991779
B           -0.06313108856496        3.16845252599723        1.35182299131314
B            2.96793062776341        2.27337114170238        0.64661105292854
B            5.80059519551519        1.67502643279595       -0.71335628739267
B           -6.64609842663691        2.80675231080304       -0.85212203823347
B           -4.48272063341225        3.92984023908376        0.54645266818792
B           -1.79289496288570        5.19057378546879        1.24879375254898
B            1.17183758663668        4.40193144053984        1.32113104293903
B            2.60198237518830        3.91627485095186        0.91152490057375
B            5.36412550394248        2.98412033509266       -0.05907531687287
B           -5.31581075867139       -3.63637643745180        0.41659920522819
B           -2.48964373013966       -3.63944221545120        1.61844960676549
B            0.36165758085967       -4.72833990337556        1.90695313796095
B            1.72939440482833       -2.41870375725447        0.76149758502668
B            4.33735254971081       -3.47943863151721       -0.08396325640614
B           -5.09831664963353        2.85983180380108       -0.37662574975296
B           -3.04041408923800        4.33859173213156        0.92755933333748
B           -0.29733400392798        4.89458697898409        1.43113511436425
B            1.46550739653580        2.56555478593073        1.00426008495436
B            4.09159397709151        3.60609124473948        0.53243314865869
B           -4.60341194820380        0.58809503386950       -1.82566001754977
H           -7.35622886525798       -2.49747208490418       -0.81380253916067
H           -4.96658031385781       -1.37122976896578       -3.76635773475590
H           -6.32590276452310        1.25526955863812       -3.86430696145074
H           -7.61941300976021        3.38832680462191       -0.59849982411756
H            6.36035668447580       -4.93255374273931       -0.34936039723291
H            8.01283602640567       -2.46302843518275       -0.89718196772864
H            6.94028627514367        0.60932488035130       -2.61307264846251
98
 energy: -122.835773026928 gnorm: 0.013462515200 xtb: 6.7.1pre (5071a88)
C            0.32227264787890       -6.19438119512883        7.34298440101195
N           -0.54613624798085       -5.04303680343906        7.26363175660480
C           -1.70338348577417       -5.17200089393909        6.41268343054496
C           -0.02721557397173       -3.79038697444023        7.52087526020000
C            1.23145760696425       -3.63697928531293        8.13367528186632
C            1.74278892385520       -2.40073483347986        8.40818565210772
C            1.05553981962443       -1.20400209727388        8.09597159044203
N            1.66835100933983       -0.05239631563562        8.38667100150627
C            1.10371622518843        1.13650836111861        8.15469354467074
C            1.84088546357213        2.28686966220817        8.52161999886175
C            1.36458021577921        3.55493621267556        8.34463398061838
C            0.09724805153163        3.78956586532169        7.77894730791828
N           -0.36147215891836        5.07828155851979        7.56548995791915
C           -1.75930977479880        5.28330436751499        7.26949201092435
C            0.30527037795866        6.17122545247172        8.23715389149892
C           -0.64844598156966        2.66490149518441        7.39816961157645
C           -0.16504057535684        1.38516952058678        7.57589132484602
S           -1.18839129446324        0.04056509253312        7.04992695469748
C           -0.21608066363557       -1.37064009554862        7.49424314059707
C           -0.73364919723383       -2.61781657699546        7.21423854406874
H            1.15702367500765       -6.13928775821384        6.63263007705240
H            0.72787522628123       -6.29685743466190        8.34929017506576
H           -0.25556362797813       -7.08981937039949        7.12838190262219
H           -1.97498275996103       -6.22221934432696        6.34424718932169
H           -2.54872200366381       -4.63652243541382        6.84420242576574
H           -1.52106672094383       -4.79173996651078        5.40032450088308
H            1.81747496696516       -4.49921689624568        8.40180579387529
H            2.70641931769945       -2.29838655590832        8.87902832684463
H            2.80746619291488        2.12222890408480        8.96815060010655
H            1.98308734251355        4.37758810912162        8.66078357816664
H           -2.02182213469688        4.78259948860897        6.33768158642957
H           -1.93929856825466        6.34794297532218        7.14260331278515
H           -2.41814671968759        4.91313130608571        8.06376167350545
H            1.34310578518408        6.23721270809326        7.91115837563061
H           -0.18637492013497        7.10329628899507        7.96947333718010
H            0.28698471621939        6.07149754856484        9.32885224945475
H           -1.63019113276497        2.77145342935935        6.96633984183564
H           -1.70921966372743       -2.66256532409230        6.75892638332953
B           -6.34860231600334       -2.85119453743719       -0.34145406748239
B           -3.87242662041370       -3.41482042547103        0.90583828767200
B           -1.05248343925094       -4.17677436385317        1.98632674680796
B            1.69370007357364       -4.22877333344194        1.36852947389681
B            2.97791588526306       -3.68479312503631        0.64002849264769
B            5.90578248100732       -3.85931974114305       -0.39260278654719
B           -4.75127567533798       -2.33446862926108       -0.39908644033393
B           -2.61387635261243       -2.21534622650646        0.85991870154423
B           -1.22732056938098       -2.41613978093113        1.76944504396483
B            0.28231226162023       -3.16256278156015        1.25271477628525
B            3.13706559658346       -2.12530398627963        0.06955208105533
B            5.28597119659262       -2.58417711989753       -1.13746830147686
B           -4.38217306395087       -1.06174273490954       -1.34245899326295
B           -3.18977677732364       -1.28513107809971       -0.24095472239597
B           -0.80328198199558       -0.92142317869169        2.12089060838941
B            0.43140422916721       -1.51682860198644        0.89580480259372
B            4.27739462876571       -1.27299623348891       -0.56903885666818
B            6.84904627898824       -2.48600626856691       -0.82622087986795
B           -4.99515619255042       -0.64465825417302       -2.84249510870362
B           -3.20312226142497        0.15112798413491       -0.90672762023459
B           -0.99868540391019        0.61338646974568        2.18851508668491
B            0.01688932646229       -0.02318170028325        0.92143211775993
B            4.91196081618942        0.22202247866388       -0.53126642198297
B            5.87374636412897       -1.06969934772382       -1.15467624815365
B           -5.75948775390872        0.86871200945699       -2.91262300434610
B           -2.89953130614607        1.61723395346730       -0.65794376436393
B           -1.26466269982272        2.12856400094696        2.06370512505771
B            0.19570079086926        1.54283546866375        1.11459130218494
B            4.27457597995245        1.59910133552504        0.05019479806393
B            6.31460810701782        0.43360724233341       -1.63789314417291
B           -5.73208869640540        1.76266362104220       -1.49683620512285
B           -3.35625412852793        2.96467235734487       -0.13266568916521
B           -1.68741564399603        3.61646904515335        1.77484420625258
B           -0.06620658090299        3.16834513535203        1.35869775854429
B            2.96866398017537        2.27376255347978        0.64569900717440
B            5.80397279854422        1.67677098437535       -0.71692860954387
B           -6.64813389430425        2.81386690248984       -0.85983564677883
B           -4.48578114447065        3.95043020947748        0.53137017157509
B           -1.79482952991171        5.19692915202512        1.25804630370567
B            1.17031509202386        4.39494727221365        1.32332133144748
B            2.60241944948454        3.91060774813517        0.91797416143674
B            5.36783405095467        2.98380364436309       -0.05887035779305
B           -5.31834098923258       -3.63293657228810        0.42516036249488
B           -2.48996795989661       -3.64415383064941        1.62177296382791
B            0.36307506147065       -4.73228545849258        1.90740443093769
B            1.73342200256480       -2.41944759511093        0.77644108414505
B            4.33952926167756       -3.47466355163292       -0.07867527506358
B           -5.10100148411986        2.87060392048342       -0.37928812980601
B           -3.04377074290614        4.35096703039942        0.92582049045991
B           -0.29959850079876        4.89156612023111        1.43062512894675
B            1.46634376082082        2.56915159888565        1.01450451695418
B            4.09364701835377        3.59639490514391        0.53931654847981
B           -4.60648740438309        0.58703714260260       -1.81595973237599
H           -7.35192500760326       -2.49424635735646       -0.81700283580322
H           -4.96866236345856       -1.36664723786158       -3.76533237827193
H           -6.32580632301793        1.25068212995113       -3.86150652963465
H           -7.62635774650829        3.38462783204730       -0.59942690713532
H            6.35883058559418       -4.93545310717559       -0.34764760270104
H            8.01332572772924       -2.46240601236218       -0.89658421634581
H            6.94800638993800        0.60740173413463       -2.61202240779254
98
 energy: -122.836488990306 gnorm: 0.010260032107 xtb: 6.7.1pre (5071a88)
C            0.31072800909950       -6.18436933096037        7.34669284781931
N           -0.54374649373028       -5.02593765198798        7.24313235828544
C           -1.71197306351753       -5.14749369479401        6.40691989081711
C           -0.02090247468757       -3.77887849839885        7.50482358233227
C            1.23636799334380       -3.63167656355530        8.12391440571751
C            1.75120321617945       -2.39672293978029        8.40200011816294
C            1.06822819946356       -1.19992705522330        8.08397606903474
N            1.68416060704106       -0.05198803334051        8.37504411253926
C            1.11606878636193        1.13357457858229        8.14367459115507
C            1.84803719464727        2.28360190544713        8.51905045578581
C            1.36495036947731        3.55056692220476        8.34545876056182
C            0.09799257419647        3.77938016339589        7.77496532962821
N           -0.36647299786852        5.06407985652893        7.55962714448632
C           -1.76493517420905        5.25854489738544        7.25994829877790
C            0.30048806045933        6.15911411207785        8.22527064904608
C           -0.64406521044460        2.65619926274922        7.39256788009397
C           -0.15220621666030        1.37765625083314        7.56452908649094
S           -1.17224256377700        0.04181774384469        7.02270739132543
C           -0.19974603747337       -1.36163882220426        7.47567299610299
C           -0.72143429939134       -2.60737496327784        7.19172514974773
H            1.15658701367084       -6.14051511209118        6.64788591707558
H            0.70136683585752       -6.27716486130529        8.36075947498914
H           -0.27008195696981       -7.07787003714422        7.13357286355235
H           -1.99529221776549       -6.19460227593610        6.34279411409386
H           -2.54751585913141       -4.60161175918734        6.84695904802134
H           -1.53776484147412       -4.76916733605820        5.39187054841711
H            1.81437384535350       -4.49915721553375        8.39215839747150
H            2.71176555584528       -2.28822389198853        8.87935283533905
H            2.81270876261702        2.11252572837128        8.96896576339408
H            1.97323582927297        4.37810751032165        8.66808934034810
H           -2.02270091247487        4.74871256997794        6.33098589288380
H           -1.95368437439140        6.32050355274466        7.12532537388603
H           -2.42165438837458        4.88687594648624        8.05607926197042
H            1.33705607271777        6.22276318625835        7.89330688350231
H           -0.19179802309514        7.09111759270262        7.95939402278907
H            0.28753028439330        6.05727907577075        9.31727176002639
H           -1.62802808030690        2.75743851041098        6.96409302818306
H           -1.69365628847167       -2.64684874014204        6.72794632122214
B           -6.34760626460722       -2.84759342581512       -0.33498517402840
B           -3.87319876525786       -3.41744251091509        0.91427467032674
B           -1.05095033637938       -4.18276203060882        1.98862955188728
B            1.69765265379199       -4.22776244812234        1.37994888779138
B            2.98526566527955       -3.67876200973206        0.66007236672978
B            5.90573904667652       -3.86200308645183       -0.39356473588472
B           -4.74788235892653       -2.33733656970937       -0.39045660570393
B           -2.60941975177241       -2.22211197148256        0.86155704519566
B           -1.22481339885418       -2.42514046578514        1.77231540030203
B            0.28566979885001       -3.16784702243607        1.26041215043843
B            3.14251710387157       -2.11773916122135        0.09324461955230
B            5.28490976173189       -2.58379466781028       -1.13048819233452
B           -4.38155054753485       -1.06546135645920       -1.33788646615700
B           -3.19092797987395       -1.29174224629627       -0.23529218833371
B           -0.81380881482274       -0.92484515498823        2.11854576752920
B            0.43316742949961       -1.52011110844893        0.90921148852737
B            4.28059756520758       -1.27028817752637       -0.55392009718728
B            6.84931499208526       -2.48909745336490       -0.83374885707118
B           -4.98811063939908       -0.64345065271726       -2.83546024071368
B           -3.20909999207961        0.15147208833972       -0.89045559423734
B           -1.01537967682428        0.60974976493307        2.18136431286672
B            0.02259528797041       -0.02682604255698        0.92868342121168
B            4.92086232943507        0.22621200010673       -0.53186830117973
B            5.86905766630536       -1.06912614511919       -1.15910748491814
B           -5.75518291056990        0.87397099040549       -2.90464806950255
B           -2.89946112714897        1.61298337177923       -0.62287497964202
B           -1.27510706010979        2.12499313566942        2.04688776519745
B            0.19568259703707        1.53867633584217        1.13020595863224
B            4.27745211147671        1.60531347380809        0.04890591527635
B            6.31512327916988        0.43364423668769       -1.64025511425356
B           -5.73124360445467        1.76870453523676       -1.49176627749693
B           -3.36225636911454        2.96606793862611       -0.11432680797395
B           -1.70024806696058        3.61591349318494        1.76060876752603
B           -0.07164443097687        3.16636931557453        1.36385857583669
B            2.96947880864354        2.27004051923137        0.65347806457588
B            5.80822909175614        1.67975580107564       -0.72034366956385
B           -6.65365311164015        2.81753536314609       -0.86103336512884
B           -4.48951099048886        3.97703956143658        0.51452836433886
B           -1.79527197427502        5.20436433570277        1.26755699421182
B            1.16790685663675        4.38153663365967        1.32974603166406
B            2.60207805631283        3.89994589888434        0.92735656038254
B            5.37278695374961        2.98412632198756       -0.05768395714016
B           -5.32273069672160       -3.62737992225671        0.43959300732973
B           -2.48930290438755       -3.65134937489978        1.62492547324015
B            0.36579668887992       -4.73767724016033        1.91074330091416
B            1.73943886106809       -2.42028494162240        0.79908788775335
B            4.34354376917292       -3.46644317038670       -0.06571003728731
B           -5.10643749638604        2.88495170898832       -0.37919323672227
B           -3.04885202807671        4.36895190391066        0.92412760375772
B           -0.30199329567022        4.88572374379905        1.43068653709064
B            1.46652793538293        2.57050382195870        1.03085993141918
B            4.09402139699745        3.58128786057554        0.54512524270303
B           -4.61082345841295        0.58580953195654       -1.80183395148919
H           -7.34540962215859       -2.49259722617144       -0.82523786236066
H           -4.96992869665511       -1.35832913672796       -3.76442818442120
H           -6.32470091410722        1.24528087445312       -3.85637446767015
H           -7.63294533799628        3.39257377569816       -0.61370670298940
H            6.35514334730602       -4.93986858053601       -0.34732402273776
H            8.01381858867455       -2.46184794137364       -0.90042787874094
H            6.96213024388865        0.60483132186234       -2.60683810641393
98
 energy: -122.836962076333 gnorm: 0.007364789065 xtb: 6.7.1pre (5071a88)
C            0.29556759747547       -6.18455870443218        7.34939268785485
N           -0.54212443498971       -5.01621622790346        7.22232961356935
C           -1.72151375026919       -5.12978764442705        6.40019085566248
C           -0.01289121934258       -3.77351900327941        7.48711065748851
C            1.24176614164526       -3.63016573283140        8.11250563991947
C            1.75992842811562       -2.39515943665178        8.39155768495033
C            1.08246915060947       -1.19899266638984        8.06790354822283
N            1.70045017459547       -0.05160541557240        8.36175634348730
C            1.12887127535493        1.13382673492518        8.13183267559526
C            1.85437281335529        2.28278886947656        8.51572640669650
C            1.36632472404985        3.54988968193798        8.34487135979198
C            0.10090357442244        3.77533624531132        7.76979505851893
N           -0.37102827087486        5.05705642616556        7.55263726212899
C           -1.77098929456638        5.24049573031432        7.24957708317151
C            0.29291066480253        6.15720147155419        8.21276703520847
C           -0.63553340204804        2.65184566029175        7.38333036006343
C           -0.13736898692737        1.37373113842363        7.55018992718086
S           -1.15192402900931        0.04324777262356        6.99118169972665
C           -0.18105984322795       -1.35604143179979        7.45246741204586
C           -0.70591075926423       -2.60132623312313        7.16639066568755
H            1.15303447310750       -6.15373539546448        6.66381769929566
H            0.66896077419755       -6.27307912773328        8.37107704651505
H           -0.29032474588305       -7.07440977549695        7.13372025935703
H           -2.01633828651458       -6.17419604570501        6.33850818292629
H           -2.54814024595244       -4.57602722807196        6.84896381165963
H           -1.55500087915061       -4.75254763087541        5.38336417382783
H            1.81449593655721       -4.49991980968195        8.38511123648670
H            2.71778095772639       -2.28585222723943        8.87501961394787
H            2.81756489887835        2.11049952544355        8.96925013572045
H            1.96902207209289        4.37900778042564        8.67383691960141
H           -2.02380907555016        4.72456164856390        6.32218168445808
H           -1.96991722694966        6.30026489953310        7.10899073672304
H           -2.42506538603525        4.86609132766137        8.04688682015795
H            1.32773475106028        6.22422173281698        7.87479454090868
H           -0.20389959489984        7.08776544822439        7.94888481508066
H            0.28533338873126        6.05505750929251        9.30486612877134
H           -1.61963787659779        2.74673874802987        6.95383582863473
H           -1.67486033448563       -2.63441789096356        6.69498644965433
B           -6.34470484928848       -2.84930067736550       -0.33489452796720
B           -3.87407389989413       -3.42027763093114        0.92422190662798
B           -1.04892614614941       -4.18825673985065        1.99223375055303
B            1.70232357901080       -4.22620713773516        1.39557559024457
B            2.99302182558799       -3.67279888288685        0.68355030563190
B            5.90580341073475       -3.86279809455531       -0.39158550913530
B           -4.74387699182470       -2.34110599434899       -0.38091986021973
B           -2.60511480759080       -2.22857544306148        0.86371260735596
B           -1.22218895158261       -2.43211961699419        1.77817424620822
B            0.28988916287896       -3.17216908160532        1.27163257486433
B            3.14782319330321       -2.11051145802495        0.11754219619681
B            5.28246060636965       -2.58269564553745       -1.12197626600619
B           -4.38075547693655       -1.06938300713202       -1.33227005962868
B           -3.19211292345959       -1.29678194120526       -0.22818471112050
B           -0.82085051627435       -0.92818488697664        2.12140529835950
B            0.43535616121818       -1.52363067855737        0.92451739903614
B            4.28276493604140       -1.26663418986350       -0.53828035873582
B            6.84885770392077       -2.49164930684646       -0.84029712959784
B           -4.98085122720751       -0.64230870761826       -2.82741334089960
B           -3.21658170403882        0.15312416006422       -0.87328595870766
B           -1.02867743695489        0.60630709344321        2.17723768661049
B            0.02580338757345       -0.03140276572822        0.93646585494791
B            4.92945970038701        0.23109940224387       -0.53030493763740
B            5.86373624801550       -1.06833698009630       -1.16079326292192
B           -5.75201592855689        0.87761055503876       -2.89526236694993
B           -2.90021201412480        1.60998954165541       -0.58980689134039
B           -1.28556168347367        2.12073880654173        2.03061090017586
B            0.19277065059539        1.53399190614090        1.14071847451343
B            4.28119821912576        1.61063622128112        0.05459138540424
B            6.31550438659345        0.43399304691641       -1.63969455767662
B           -5.73186957646524        1.77570912148839       -1.48566024483754
B           -3.36821165790043        2.96675760150685       -0.09364533728439
B           -1.71353937809927        3.61435956454951        1.74772956873333
B           -0.07793021996279        3.16265599129847        1.36488623534255
B            2.96922300606112        2.26278250069207        0.66554829059324
B            5.81126414885564        1.68344151832969       -0.72290704663234
B           -6.65666955774824        2.83102894224919       -0.87012509623938
B           -4.49288335789451        3.99848782373882        0.50317557429865
B           -1.79464465571171        5.20941484674096        1.27493241391894
B            1.16517110606567        4.36616965837776        1.33767002231593
B            2.60136442652366        3.88792545066777        0.93750221900694
B            5.37710433854719        2.98643656510427       -0.05815632658218
B           -5.32708167331822       -3.62267349860012        0.45509604774535
B           -2.48769297908954       -3.65791199742375        1.62805159891063
B            0.36903509984227       -4.74256736253391        1.91736542335971
B            1.74559704827797       -2.42075650520693        0.82282500114274
B            4.34785012375428       -3.45818445144253       -0.04863924989927
B           -5.11204498588109        2.89931209441350       -0.37902074465075
B           -3.05464340078243        4.38543920926414        0.92578840418539
B           -0.30388826573334        4.87902268175728        1.43061996777076
B            1.46524885811084        2.56799028326346        1.04611334199588
B            4.09340698829500        3.56486249000149        0.55133728517402
B           -4.61649875661846        0.58454959232813       -1.78700849432740
H           -7.34047434564198       -2.48718842806062       -0.82501803151249
H           -4.96703639383950       -1.34881303742935       -3.76321206499827
H           -6.32338313002821        1.24075654178026       -3.84930496685079
H           -7.63898098914069        3.40365267482278       -0.62513857614345
H            6.35043079564710       -4.94310156825305       -0.34824004802540
H            8.01314156028066       -2.46175380745407       -0.91044130719807
H            6.97821605535150        0.60176191425597       -2.59714135819521
98
 energy: -122.837432478293 gnorm: 0.008258684714 xtb: 6.7.1pre (5071a88)
C            0.27497333800940       -6.19144776667263        7.35230095767199
N           -0.54106748170692       -5.01063096408041        7.19778084191984
C           -1.73270315859507       -5.11561505513318        6.39178030936396
C           -0.00291161743609       -3.77208058874425        7.46365272085805
C            1.24780229446079       -3.63192968799665        8.09652593871585
C            1.76994470956176       -2.39644557538317        8.37432877855097
C            1.10022557836114       -1.19984109356310        8.04415507091215
N            1.71913151665982       -0.05118484400303        8.34323988490874
C            1.14410726395287        1.13603921306735        8.11553131191359
C            1.86054480495681        2.28487787986327        8.51012286934200
C            1.36809706655296        3.55247595434417        8.34176978695338
C            0.10552814586350        3.77543325536473        7.76085430231022
N           -0.37562569605130        5.05446582276205        7.54230220959496
C           -1.77735388949403        5.22587365855753        7.23653029424467
C            0.28209312269232        6.16163558513042        8.19776442009622
C           -0.62227491571055        2.64987156752733        7.36626959130457
C           -0.11854648388513        1.37249489463597        7.52791272259218
S           -1.12396492972214        0.04519186290737        6.94712703152546
C           -0.15785833187053       -1.35265002651839        7.41932017672651
C           -0.68564677297006       -2.59738153327048        7.13236503038539
H            1.14658801383163       -6.17804733913096        6.68429507699766
H            0.62616374772220       -6.27865137842915        8.38262626311195
H           -0.31894046225670       -7.07484160403124        7.12994379641223
H           -2.03796996266233       -6.15756498538356        6.33203862377592
H           -2.54990394884205       -4.55570788855747        6.85098486263602
H           -1.57580399481744       -4.73879762727689        5.37350179693923
H            1.81554131410912       -4.50270340251539        8.37775134707400
H            2.72490751034471       -2.29132723121081        8.86461828451648
H            2.82196686875833        2.11622257156379        8.96902866509203
H            1.96695139794053        4.38162186790085        8.67844270780718
H           -2.02445623612381        4.70675283338237        6.30939443049382
H           -1.98705533623037        6.28373099820060        7.09291561550573
H           -2.42864042151286        4.84672261245809        8.03377476477343
H            1.31478429182007        6.23680832635802        7.85397896793060
H           -0.22346806177431        7.08861850521100        7.93567321477507
H            0.28033694024724        6.06110943420516        9.28981505386960
H           -1.60469292931482        2.73760632658803        6.93177559646409
H           -1.65062882430008       -2.62324904340134        6.65259674459652
B           -6.34418554244433       -2.84208727827279       -0.31828401366242
B           -3.87325671659770       -3.42595692965045        0.93300088541876
B           -1.04585179274287       -4.19428936252533        1.99867604489008
B            1.70892009011674       -4.22358492751727        1.41948187218444
B            3.00233273405756       -3.66593624047744        0.71480329413987
B            5.90563262134183       -3.86209136266118       -0.38645794003580
B           -4.74014908459081       -2.34281638966467       -0.36588959348453
B           -2.60042538915623       -2.23583859869280        0.86697343277045
B           -1.21938708578426       -2.43865551349114        1.78745709968593
B            0.29546403469393       -3.17671763809618        1.28808266475123
B            3.15421079783292       -2.10232588185098        0.14771440847490
B            5.27789429972600       -2.58072673801389       -1.11048949064791
B           -4.37956051176796       -1.07337209768154       -1.32454377803714
B           -3.19193707762721       -1.30156350983027       -0.21998664497817
B           -0.82676828147172       -0.93214881774775        2.12968038109769
B            0.43769620985072       -1.52830382497197        0.94409458660254
B            4.28492903730784       -1.26156317813988       -0.51797864472389
B            6.84727670004080       -2.49483071448725       -0.84697990474012
B           -4.97263595190029       -0.64053302479832       -2.81692497943350
B           -3.22624588408271        0.15646723554913       -0.85275428976200
B           -1.04204532521745        0.60207838937030        2.17565236465280
B            0.02655713810191       -0.03776746487199        0.94642657145619
B            4.94076753777678        0.23699579353407       -0.52382000327292
B            5.85708457088506       -1.06748775985611       -1.15973118193099
B           -5.74897276710296        0.88164824939010       -2.88298036099217
B           -2.90104540460248        1.60773096760968       -0.55205018591281
B           -1.29865329045278        2.11493030173038        2.01269345438980
B            0.18649708848154        1.52785608683064        1.14957577419276
B            4.28559343075896        1.61720678969661        0.06569093225753
B            6.31584000248129        0.43440615188233       -1.63566977534644
B           -5.73398328404797        1.78288676473553       -1.47496533871505
B           -3.37519619179301        2.96776817385387       -0.06846439587062
B           -1.73017848987141        3.61104927747252        1.73386979909197
B           -0.08609394198225        3.15663106049954        1.36251206476206
B            2.96796619612034        2.25107677549694        0.68334587044353
B            5.81403998834345        1.68847847928834       -0.72468205008781
B           -6.66114816535779        2.84531210925535       -0.87613676012802
B           -4.49684346515053        4.01910140559762        0.49451883042608
B           -1.79383047086851        5.21323968433104        1.28394618870399
B            1.16146443636386        4.34733715801758        1.34714137763434
B            2.60053428683904        3.87279257643503        0.95184839345803
B            5.38220959463475        2.99108158214202       -0.05940385077355
B           -5.33008185136312       -3.61960719015953        0.47091055293441
B           -2.48440769517739       -3.66560871303853        1.63089424393227
B            0.37371237080261       -4.74736938266339        1.93018388373104
B            1.75297545178211       -2.42078270285937        0.85258931248720
B            4.35282010384398       -3.44921162609683       -0.02513959341923
B           -5.11926107890063        2.91286060493986       -0.37497960523059
B           -3.06242726165321        4.40360093293743        0.93080674647048
B           -0.30602593073418        4.87060559409123        1.42996632141409
B            1.46254562879281        2.56108720331769        1.06395583364939
B            4.09182755839703        3.54451382407190        0.55842534573714
B           -4.62384645728298        0.58376250963687       -1.76912595464588
H           -7.33297483552369       -2.48931177315790       -0.83078466030556
H           -4.96006496759154       -1.33636716056033       -3.76084506719025
H           -6.32161958154057        1.23699680220946       -3.83910069723870
H           -7.64080738298034        3.43031368644009       -0.64897909005885
H            6.34398247792937       -4.94545580567224       -0.34931656800505
H            8.01071517582869       -2.46241042147963       -0.92882749358307
H            6.99825012365351        0.59744932390372       -2.58060368228940
98
 energy: -122.837882779627 gnorm: 0.010181129998 xtb: 6.7.1pre (5071a88)
C            0.25250647189289       -6.20228109162809        7.35544227658365
N           -0.54077192644336       -5.00964408423718        7.17306547230741
C           -1.74355372135511       -5.10807306983076        6.38306569023645
C            0.00667954246730       -3.77427511222351        7.43668654398165
C            1.25279748953368       -3.63619995543119        8.07715838414919
C            1.77921147114750       -2.40028186347607        8.35178561352394
C            1.11834432803664       -1.20156534265271        8.01489495985562
N            1.73625823285086       -0.05081765652325        8.32066766395630
C            1.15931019920496        1.13899419229705        8.09501339623781
C            1.86519740282124        2.28928103321891        8.50161062184777
C            1.36933052607258        3.55732370778103        8.33516057620393
C            0.11079669377546        3.77915022282903        7.74715335294516
N           -0.37903688140054        5.05628022992531        7.52911736633663
C           -1.78216896523488        5.21792194899758        7.22222546522324
C            0.27048289289007        6.17000274242240        8.18280875481445
C           -0.60644043157162        2.65038518178063        7.34028913585341
C           -0.09853400015576        1.37428270374892        7.49754591336491
S           -1.09210950814766        0.04749177314469        6.89343979550469
C           -0.13420614921979       -1.35207317491012        7.37915402024113
C           -0.66461659268619       -2.59586600731240        7.09289634594232
H            1.13849703686223       -6.20774175962764        6.70724379377698
H            0.57965836947015       -6.29002667633985        8.39406994250704
H           -0.35008011696844       -7.07777441607366        7.12356493399648
H           -2.05502191980213       -6.14844497986679        6.32459233032440
H           -2.55267575918811       -4.54527970271191        6.85280648050753
H           -1.59730600738972       -4.73077516117555        5.36380016108012
H            1.81588984266269       -4.50701351145867        8.36965236717723
H            2.73157833651103       -2.30377334557321        8.84874332137979
H            2.82444652835152        2.12859859762338        8.96790355077645
H            1.96566441461645        4.38544323118155        8.68039119109241
H           -2.02421803634719        4.70043354155132        6.29328929366483
H           -2.00049378607800        6.27468832748656        7.08108726869268
H           -2.43121895612693        4.83186798406480        8.01761206845615
H            1.30136105382004        6.25590415488567        7.83560043091074
H           -0.24550461667563        7.09210950469795        7.92189573110823
H            0.27295327471532        6.07207386289186        9.27464358034029
H           -1.58529399475295        2.73277081673072        6.89698326274508
H           -1.62532084705267       -2.61622878426816        6.60479727140542
B           -6.33810610067236       -2.84854830907850       -0.32020795608600
B           -3.87354624601258       -3.42955750807888        0.94698018097696
B           -1.04213721286449       -4.19980636870666        2.00795910519636
B            1.71663765860668       -4.22052935838018        1.44936588823294
B            3.01180263433190       -3.65926843054437        0.75033196013020
B            5.90480547566215       -3.86011789997460       -0.37884555918450
B           -4.73364366930253       -2.34820552718473       -0.35308030916935
B           -2.59557614279226       -2.24265854651838        0.87150565121278
B           -1.21675314876843       -2.44326223237798        1.79953800289330
B            0.30148367461894       -3.18081975746877        1.30810718707257
B            3.16105356485678       -2.09424328377528        0.18119037412619
B            5.27087729689109       -2.57802229573188       -1.09733153412344
B           -4.37803130266887       -1.07753228088503       -1.31492729734369
B           -3.19206028273846       -1.30400811108661       -0.20883876374216
B           -0.83072108681692       -0.93577687558339        2.14345636448016
B            0.43967511920540       -1.53349270774270        0.96571938593839
B            4.28677436623512       -1.25570457215493       -0.49468498190997
B            6.84387209053781       -2.49872003648475       -0.85264085196860
B           -4.96373928248615       -0.63838742787842       -2.80529257483058
B           -3.23707494417930        0.16057232309685       -0.83127470298962
B           -1.05345343809647        0.59782654185783        2.17790363868714
B            0.02396542923703       -0.04506154831872        0.95769120533351
B            4.95329964646587        0.24298593089010       -0.51194758507733
B            5.84988012197690       -1.06676321062478       -1.15515608074534
B           -5.74747077170522        0.88421698497785       -2.86870886234372
B           -2.90260787383767        1.60646262192890       -0.51589234798280
B           -1.31290341290050        2.10849529653933        1.99712059129901
B            0.17731834554884        1.52124944057755        1.15538329967472
B            4.29039565337332        1.62408760272526        0.08260545031538
B            6.31622769633884        0.43476005034928       -1.62754960993947
B           -5.73768807926245        1.78983806795143       -1.46170441307013
B           -3.38120829393244        2.96782424511234       -0.03959615983294
B           -1.74784790610327        3.60609164865463        1.72205842691902
B           -0.09489459909382        3.14917198903318        1.35627103212049
B            2.96546969310190        2.23650030998226        0.70390520203409
B            5.81623872225868        1.69409483684680       -0.72417776894852
B           -6.66361124503272        2.86647948802530       -0.88643795520431
B           -4.50110708309361        4.03590152329421        0.48997098412530
B           -1.79337197401489        5.21502621247713        1.29497577491972
B            1.15728148249013        4.32920273041791        1.35557121363591
B            2.59950983929765        3.85743098666985        0.96814942413754
B            5.38727235444905        2.99764937186973       -0.06046848087131
B           -5.33155142536705       -3.61920249472103        0.48651443852687
B           -2.48020248686754       -3.67199164117294        1.63585863822252
B            0.37902146426119       -4.75132847764978        1.94812493300058
B            1.76063255225079       -2.41989023656056        0.88558473741298
B            4.35766813600163       -3.44136831344912        0.00221513220621
B           -5.12594683654442        2.92448090799910       -0.36926688000563
B           -3.07166313780088        4.42107481487612        0.94025620652109
B           -0.30809389955308        4.86198097169861        1.42891679005472
B            1.45847100454730        2.55010613648868        1.08071290496424
B            4.08941025754457        3.52302765834904        0.56596389098870
B           -4.63293072180507        0.58310926217576       -1.74902880204765
H           -7.32870056886558       -2.48037010255190       -0.81542807089015
H           -4.94714497640243       -1.32233106459030       -3.75763733502440
H           -6.32037047403549        1.23375289308539       -3.82628751141371
H           -7.63869667202166        3.46551189737785       -0.67536856037825
H            6.33638796652873       -4.94659250095438       -0.34990128925805
H            8.00584603062142       -2.46462274426622       -0.95420059648014
H            7.01918812728319        0.59240205723722       -2.55807050354820
98
 energy: -122.838306818112 gnorm: 0.009241398981 xtb: 6.7.1pre (5071a88)
C            0.23300870124632       -6.21155415098747        7.35826286594891
N           -0.54073776439096       -5.01093341764252        7.15053057987952
C           -1.75234206270167       -5.10661929019681        6.37482930660541
C            0.01373266718780       -3.77748764563535        7.40890197007174
C            1.25566053097266       -3.64044777108070        8.05604050345948
C            1.78589018661551       -2.40481091575282        8.32707447959504
C            1.13310569916976       -1.20269737909328        7.98392654935480
N            1.74819619243832       -0.05050410311771        8.29591164171355
C            1.17175163500859        1.14108137059382        8.07110009707730
C            1.86760612416815        2.29403748285247        8.48959019745387
C            1.36924060258983        3.56188161787909        8.32465768423267
C            0.11538870676144        3.78379639827388        7.72844412081338
N           -0.38044895766398        5.05996997676339        7.51389385102420
C           -1.78427927608754        5.21628227214570        7.20796385891326
C            0.26133298899194        6.17712590048399        8.16978282588285
C           -0.59143935805359        2.65225684509086        7.30672690418528
C           -0.08074250174109        1.37800270317607        7.46102391538407
S           -1.06170313360255        0.04989280331727        6.83565238840008
C           -0.11460100229413       -1.35343486618833        7.33702636953228
C           -0.64737276358604       -2.59568933256570        7.05254971866751
H            1.13171714180191       -6.23376263131898        6.72963358457057
H            0.53744844969206       -6.29909681675679        8.40393459181294
H           -0.37593071612453       -7.07995272021023        7.11682503359970
H           -2.06461534041968       -6.14661816167130        6.31742284919830
H           -2.55579706633824       -4.54412074187119        6.85407841840463
H           -1.61700724007101       -4.72815072259020        5.35483111917916
H            1.81427245089736       -4.51105654376135        8.35909309009587
H            2.73611383354705       -2.31793044697077        8.82973731857550
H            2.82401585723311        2.14236449203732        8.96472868234163
H            1.96277805567599        4.38890107111104        8.67892416800335
H           -2.02332913683790        4.70515861311972        6.27521087367432
H           -2.00744281448689        6.27302817682204        7.07520418125315
H           -2.43189893739311        4.82157356948116        7.99995970885046
H            1.29134761968841        6.27238059517179        7.82281280632561
H           -0.26283641120754        7.09476911323975        7.90933855726930
H            0.26484404006094        6.08089215651954        9.26134724955040
H           -1.56544211699234        2.73315415131828        6.85247506712625
H           -1.60387618114288       -2.61420817545665        6.55666021545441
B           -6.33674730943790       -2.84160204316238       -0.29754823216529
B           -3.87053159367364       -3.43676307239546        0.95428675656747
B           -1.03802628439378       -4.20452731982828        2.01976808272482
B            1.72474234970578       -4.21749685679226        1.48226443238599
B            3.02038354152691       -3.65333910026721        0.78643934838211
B            5.90320499005151       -3.85758873382583       -0.36976732449801
B           -4.72949765219769       -2.34990595309130       -0.33737831254509
B           -2.59240574227898       -2.24864264323053        0.87766242552681
B           -1.21543826288438       -2.44634526766365        1.81210982666468
B            0.30685439093994       -3.18437262210066        1.32911969671519
B            3.16751922079613       -2.08718166879901        0.21495095179531
B            5.26197148402980       -2.57502630236567       -1.08381043021637
B           -4.37703836043969       -1.08006157262944       -1.30325987907016
B           -3.18944092082887       -1.30607621170440       -0.19922181088862
B           -0.83432658393895       -0.93877158668863        2.16005648543773
B            0.44038469825204       -1.53871144663502        0.98665129496868
B            4.28830025056964       -1.25012124556298       -0.47022581275551
B            6.83862017497981       -2.50320427076965       -0.85649208446253
B           -4.95524300953221       -0.63572526376729       -2.79343698440392
B           -3.24640925815799        0.16408079055244       -0.81176495086711
B           -1.06275519758480        0.59379411116398        2.18373179728673
B            0.01819368529073       -0.05238467329465        0.96917931606070
B            4.96495038644870        0.24813981637699       -0.49636096493529
B            5.84310549802936       -1.06621841183132       -1.14736766671055
B           -5.74724577702555        0.88526675446130       -2.85445607411260
B           -2.90365023012380        1.60544887515422       -0.48341326887357
B           -1.32680834929241        2.10223985993343        1.98727839007521
B            0.16693722087109        1.51498363418682        1.15894304775409
B            4.29463735840505        1.63041335898688        0.10242591190813
B            6.31700430547566        0.43498748316350       -1.61589150615960
B           -5.74141087360562        1.79602424693587       -1.44814437818833
B           -3.38433699802424        2.96727165393482       -0.01015392594356
B           -1.76447284001089        3.59975539511730        1.71428925181340
B           -0.10305902317621        3.14146246505048        1.34762738933224
B            2.96168611536361        2.22197220174130        0.72291072440573
B            5.81788280925990        1.69922016428895       -0.72025447549162
B           -6.66260028081540        2.89123334359783       -0.89955936531769
B           -4.50523922928003        4.04783827784666        0.48964866593282
B           -1.79391004063416        5.21488918205160        1.30899602922622
B            1.15305988284131        4.31563864038206        1.36105550296635
B            2.59774786917458        3.84476584122219        0.98326853592657
B            5.39109783018036        3.00468938251933       -0.05976078232808
B           -5.32911825884281       -3.62365230089521        0.49597607072805
B           -2.47495068801904       -3.67813333788236        1.64041044534571
B            0.38481244584239       -4.75350166284033        1.97060452272570
B            1.76726590694369       -2.41803896944673        0.91811205897841
B            4.36161200535078       -3.43614056809966        0.02968521508450
B           -5.12992946582682        2.93238031330218       -0.36257637413351
B           -3.08141115981522        4.43656967965385        0.95306384437926
B           -0.31008655387296        4.85439284688525        1.42874181055618
B            1.45351600440551        2.53689526636799        1.09401191815442
B            4.08624876707008        3.50344538699621        0.57392206771929
B           -4.64150919283329        0.58343498043688       -1.72915331878489
H           -7.32296938414101       -2.48394156594381       -0.80944361814907
H           -4.93021569130384       -1.30927054913899       -3.75263424151847
H           -6.32065132062752        1.23053244462526       -3.81263224323041
H           -7.63128423220007        3.50505093189482       -0.70209126199824
H            6.32878278048806       -4.94658406777224       -0.34855207548031
H            7.99857664720439       -2.46848231017307       -0.98185202721310
H            7.03801544269869        0.58751979324955       -2.53228277056627
98
 energy: -122.838719293189 gnorm: 0.006412505685 xtb: 6.7.1pre (5071a88)
C            0.21837304980531       -6.21573810096840        7.36149425056987
N           -0.54032450372794       -5.01138420209900        7.12885255560734
C           -1.75922282838471       -5.10829762121125        6.36618950590839
C            0.01777308003080       -3.77888860182870        7.38036620479794
C            1.25640696945683       -3.64233565785209        8.03326626268442
C            1.78959801693043       -2.40780385080526        8.30149988282738
C            1.14307731935151       -1.20230368354030        7.95209249249560
N            1.75416618598431       -0.05015509161536        8.26875138520942
C            1.18052056913203        1.14156250818685        8.04311320457644
C            1.86820337613322        2.29702228578667        8.47292511686300
C            1.36786687147188        3.56397465698434        8.30983439668001
C            0.11911684746885        3.78684903931131        7.70400270055808
N           -0.37967436387828        5.06286979789719        7.49628813211710
C           -1.78374657315109        5.21798053240231        7.19289066876068
C            0.25654900555261        6.17905720066083        8.15863545556596
C           -0.57868965387842        2.65437432050847        7.26611083680287
C           -0.06619391094191        1.38210026778192        7.41883180093459
S           -1.03499516142035        0.05238828693736        6.77490130542154
C           -0.10028376960762       -1.35494439021198        7.29421963302229
C           -0.63551596326798       -2.59526566727691        7.01208754816562
H            1.12900728069364       -6.25170937342326        6.75220243739345
H            0.50108274863644       -6.29956197979002        8.41372350664951
H           -0.39307193014080       -7.07955859656839        7.11258385166773
H           -2.06867933877040       -6.14892447308763        6.31056961220541
H           -2.55902520250508       -4.54770925387966        6.85387017764238
H           -1.63495046367137       -4.72883303663040        5.34529589373413
H            1.81024017447553       -4.51321219339358        8.34419237421961
H            2.73767284359461       -2.32784673222400        8.80925591445120
H            2.82073054253930        2.15158510452663        8.95776681029382
H            1.95673145568939        4.39041487150061        8.67406579770141
H           -2.02199966303871        4.71707588949070        6.25450289546394
H           -2.00906121356804        6.27558846556770        7.07336871960424
H           -2.43036512949633        4.81261545134657        7.98033334240622
H            1.28713437663290        6.27944157014264        7.81590115155237
H           -0.27071639729971        7.09442672457383        7.89846460201898
H            0.25695116601209        6.08149182546850        9.24995949636642
H           -1.54690631206547        2.73783024193639        6.79974895952503
H           -1.58792494284534       -2.61553745733703        6.50860648421515
B           -6.33199266764529       -2.84400630468004       -0.28713896312621
B           -3.86717770255978       -3.44277550225802        0.96257786845947
B           -1.03387498789242       -4.20855041942208        2.03394408739704
B            1.73269340830553       -4.21508741783580        1.51637796748253
B            3.02795397932681       -3.64788719512484        0.82258546017812
B            5.90047204654610       -3.85578861843539       -0.36021255844891
B           -4.72423825542503       -2.35428523478234       -0.32603904478994
B           -2.58991134783334       -2.25382907677329        0.88566214252357
B           -1.21499020213911       -2.44830113938710        1.82535248797044
B            0.31130026347778       -3.18729711184357        1.35100330127542
B            3.17326742883146       -2.08094010042509        0.24930887405213
B            5.25138519789941       -2.57216258984045       -1.06971141385238
B           -4.37591622709123       -1.08160689266290       -1.28988143594003
B           -3.18636750164101       -1.30681116901705       -0.18776832854369
B           -0.83859163858222       -0.94069391886102        2.17845587875813
B            0.43992441379248       -1.54344107537031        1.00715091092708
B            4.28953131712488       -1.24540140096843       -0.44464439961237
B            6.83155721597169       -2.50877464897830       -0.85887325390495
B           -4.94675593615377       -0.63237151034593       -2.78146815783627
B           -3.25391673114694        0.16672712109671       -0.79271766257365
B           -1.07082174456290        0.59048818852305        2.19271851440262
B            0.01029203622335       -0.05911572014843        0.98134847024034
B            4.97460815035848        0.25205319975293       -0.47853038097073
B            5.83700367519649       -1.06593843143953       -1.13654815708892
B           -5.74771812262713        0.88508527351235       -2.83982339122273
B           -2.90470454990047        1.60478658385328       -0.45373269661870
B           -1.34001890601363        2.09695392421086        1.98400221171933
B            0.15649850284771        1.50966373024865        1.16189051740765
B            4.29691164905011        1.63611365627991        0.12116034950325
B            6.31875802408122        0.43503664918114       -1.60052343894133
B           -5.74373131078964        1.80077482855034       -1.43361640031146
B           -3.38421276541173        2.96772918327576        0.01832701490912
B           -1.78007531673451        3.59267428541827        1.71018882915395
B           -0.11045985423813        3.13457191600122        1.33764805820762
B            2.95662621260839        2.20953352337074        0.73848244870023
B            5.81985971639771        1.70295134910205       -0.71110859536976
B           -6.65918225209263        2.91127137365232       -0.90713387497091
B           -4.50940412955662        4.05654668885048        0.49317956242616
B           -1.79592171066716        5.21389446785633        1.32658296290317
B            1.14867886271542        4.30787197580216        1.36332633824977
B            2.59454637694974        3.83574600459783        0.99582048165073
B            5.39336080321832        3.01042839140534       -0.05445625759203
B           -5.32437494253626       -3.63151416615694        0.50239835476145
B           -2.46952535011838       -3.68290280573233        1.64739762964737
B            0.39044574387468       -4.75435524071903        1.99581188379928
B            1.77271190691878       -2.41504382776233        0.95049359351294
B            4.36445444349017       -3.43357544013904        0.05641225617968
B           -5.13065920384728        2.93607369570513       -0.35354823925819
B           -3.09165320395943        4.45138400405709        0.96784587127242
B           -0.31244811496566        4.84842563877060        1.43003800913537
B            1.44773254799708        2.52342068550429        1.10335742583509
B            4.08202999899652        3.48726563546866        0.58217022693992
B           -4.64887226955714        0.58421014057576       -1.70877020479193
H           -7.32074186835401       -2.47959420816185       -0.78790758942469
H           -4.90943419188348       -1.29718712197148       -3.74608758004934
H           -6.32272054224210        1.22638080194459       -3.79810456861637
H           -7.61682888477307        3.55025852610486       -0.73391628698839
H            6.32090321188458       -4.94678195006074       -0.34552785345669
H            7.98887893130261       -2.47435568063207       -1.00828039905621
H            7.05500480960574        0.58341440000914       -2.50390122290241
98
 energy: -122.839170819238 gnorm: 0.007128461254 xtb: 6.7.1pre (5071a88)
C            0.20740667685412       -6.21445296135439        7.36605443419867
N           -0.53906140245844       -5.00928819363579        7.10390297022637
C           -1.76550718240052       -5.11057994189177        6.35487766711035
C            0.01967404803671       -3.77714047549050        7.34839425259607
C            1.25571947990162       -3.64097539904634        8.00681669255102
C            1.79107237857062       -2.40787178515018        8.27302238802097
C            1.14916362527563       -1.20038103520057        7.91593060457362
N            1.75578599171383       -0.04962351819459        8.23627841482574
C            1.18626196067440        1.14089875735928        8.00850678322414
C            1.86771405615163        2.29712662129755        8.45014787518529
C            1.36565935474039        3.56293990267871        8.28994558050998
C            0.12262098281439        3.78742846916467        7.67264994440658
N           -0.37703768965514        5.06394332649686        7.47463993728465
C           -1.78143211475755        5.22027273068917        7.17473229238010
C            0.25615971691788        6.17491358801168        8.14771051342301
C           -0.56740208141785        2.65645583986286        7.21717547528591
C           -0.05380489361731        1.38558506416613        7.36905636473990
S           -1.01078027361757        0.05521896544867        6.70700628296665
C           -0.08946913651747       -1.35503771126511        7.24686077183239
C           -0.62769222031994       -2.59362121374058        6.96789309921807
H            1.13108296410478       -6.26174915193120        6.77789698258365
H            0.46691406600083       -6.28931679330400        8.42551517789386
H           -0.40257797839032       -7.07691884359239        7.11174662180330
H           -2.07095831001742       -6.15232494732065        6.30232961273634
H           -2.56257972417819       -4.55207490528690        6.85046220359965
H           -1.65292710867373       -4.73106101901536        5.33272763921273
H            1.80399879279561       -4.51292037950566        8.32345256220256
H            2.73626666077459       -2.32990936983987        8.78644944412886
H            2.81514574937596        2.15270723603118        8.94506653108972
H            1.94746749173559        4.38914805952913        8.66563039014236
H           -2.02030366148016        4.73322880527062        6.22884986464385
H           -2.00862804506386        6.27916102752197        7.07263534468622
H           -2.42669089972783        4.80121633423499        7.95647722036519
H            1.28916593041867        6.27530299247279        7.81331248681340
H           -0.26808873452828        7.09145046847429        7.88808831990078
H            0.24867249095809        6.07175817830790        9.23880857876215
H           -1.52878126193261        2.74526484022455        6.73729272956081
H           -1.57593874989346       -2.61776994792579        6.45658347186740
B           -6.32761395529006       -2.84539726438515       -0.27034493257525
B           -3.86143353193618       -3.45082893599381        0.96857509728394
B           -1.02939851816970       -4.21278033264759        2.05153547483999
B            1.74091583815232       -4.21311798892012        1.55362398461070
B            3.03505836795220       -3.64202071497970        0.86139642339597
B            5.89634990332404       -3.85549119672102       -0.34947271763604
B           -4.71970380606574       -2.35903099564285       -0.31470616821482
B           -2.58802959553405       -2.25911081254435        0.89692738793706
B           -1.21518333334376       -2.45042590625132        1.84059667571797
B            0.31520296284309       -3.18996028450206        1.37589830919837
B            3.17826936638997       -2.07463173491269        0.28701284076690
B            5.23888812161630       -2.56969807220156       -1.05306507036683
B           -4.37480116924356       -1.08214962973579       -1.27283864299651
B           -3.18250785450746       -1.30722907552933       -0.17327955604880
B           -0.84497601747366       -0.94203128546430        2.19900499855816
B            0.43830224277593       -1.54782697321981        1.02957277854308
B            4.29044342777393       -1.24161037169313       -0.41614811792065
B            6.82264766668432       -2.51580534183403       -0.86025427981383
B           -4.93639605507036       -0.62857498021033       -2.76780770078445
B           -3.25991999954339        0.16872066556535       -0.77109546346970
B           -1.07953737605084        0.58757176149301        2.20491631680820
B            0.00061635621473       -0.06553226669365        0.99570569607647
B            4.98215002220422        0.25493751070854       -0.45921883627533
B            5.83095080515527       -1.06600490084384       -1.12253420570814
B           -5.74793093730325        0.88277873086576       -2.82386133934324
B           -2.90659315732484        1.60454592707502       -0.42298677408903
B           -1.35365685552119        2.09234076870513        1.98660193375641
B            0.14579616903634        1.50496878280637        1.16609571986351
B            4.29709000813589        1.64095407896413        0.13827238230635
B            6.32224812106414        0.43482214094050       -1.58037529399288
B           -5.74364395953523        1.80647446170290       -1.42000334435161
B           -3.38025676970317        2.96919776453739        0.05056715307532
B           -1.79661631647457        3.58476764292868        1.70899374414072
B           -0.11821698802229        3.12846931524360        1.32714493012534
B            2.94960487949457        2.19973997725425        0.74979831208090
B            5.82314340360113        1.70501582055691       -0.69509655896997
B           -6.64943294993051        2.93805121459959       -0.92072247726921
B           -4.51426364166694        4.06413097896255        0.50055781544059
B           -1.79975536743610        5.21270706305330        1.34924331068898
B            1.14330596005682        4.30434592327150        1.36412423204793
B            2.58889789368921        3.82955488456235        1.00592839017367
B            5.39404267203327        3.01407158199767       -0.04287112777539
B           -5.31708220890060       -3.64306151396104        0.50656091256394
B           -2.46345210429162       -3.68799123820635        1.65665635745091
B            0.39649529387228       -4.75436641898976        2.02523687592344
B            1.77707216718354       -2.41086813671354        0.98523692453688
B            4.36661638886070       -3.43259051048603        0.08505846844151
B           -5.12691856902992        2.93960853277842       -0.34532674582314
B           -3.10376187476484        4.46810595013952        0.98610236458434
B           -0.31605427781382        4.84342586121643        1.43395842009192
B            1.44033235895586        2.51036343286989        1.10957073821885
B            4.07621639662262        3.47410014209499        0.59220266009667
B           -4.65502293357406        0.58508136375490       -1.68587335841362
H           -7.31938396490262       -2.47641479064680       -0.76213131183508
H           -4.88317439763597       -1.28628611805658       -3.73657857765050
H           -6.32700405679381        1.21897143412296       -3.78147672147352
H           -7.59700815972001        3.59306324627073       -0.76109623459354
H            6.31197112682689       -4.94843628654590       -0.34103972379565
H            7.97672544910584       -2.48240296058916       -1.03238080323329
H            7.07308938376100        0.57978546554496       -2.47120607147515
98
 energy: -122.839675373878 gnorm: 0.010304562275 xtb: 6.7.1pre (5071a88)
C            0.19816684320518       -6.20860764545281        7.37165811828085
N           -0.53695448262080       -5.00458167726910        7.07363535819575
C           -1.77197888927184       -5.11198128081109        6.33991814281035
C            0.02043573056829       -3.77243326634398        7.31222415628624
C            1.25426158717239       -3.63683301346556        7.97632199856513
C            1.79104497980638       -2.40494145114836        8.24041849533235
C            1.15266196575113       -1.19768437935404        7.87310391232789
N            1.75561977877430       -0.04890669911901        8.19683027187173
C            1.19006388569467        1.14007065765304        7.96614598138233
C            1.86684406469590        2.29441418432107        8.42142411695429
C            1.36345940062153        3.55926391272646        8.26552226456159
C            0.12660964772447        3.78568579315330        7.63548271844162
N           -0.37306224626608        5.06310884666240        7.44833109103190
C           -1.77809035042365        5.22111976990831        7.15230359621759
C            0.25875392652731        6.16588881650303        8.13552952764569
C           -0.55648752557495        2.65850455098053        7.16118886037599
C           -0.04248363869840        1.38786462325767        7.31185462868878
S           -0.98797905842769        0.05842730212878        6.63134991660707
C           -0.08035713824485       -1.35296743413784        7.19271956876816
C           -0.62199062799056       -2.59070465096926        6.91824650814773
H            1.13581622446257       -6.26482885448613        6.80675899111723
H            0.43262348413948       -6.26929096394685        8.43870908681913
H           -0.40720314250333       -7.07278357329391        7.11363798724531
H           -2.07385537539277       -6.15485908133939        6.29199347256852
H           -2.56623872260256       -4.55462309068632        6.84290070420900
H           -1.67145846469320       -4.73381437389929        5.31616794679973
H            1.79619971937192       -4.51035641697923        8.29825782007267
H            2.73229071858384       -2.32332385811777        8.76059843159544
H            2.80816962497966        2.14494831970801        8.92624111469913
H            1.93653763473807        4.38500168605418        8.65423703503858
H           -2.01759727311703        4.75068422074097        6.19757495356313
H           -2.00834927251660        6.28114616552222        7.07053211666569
H           -2.42119560772516        4.78533054688838        7.92718599081449
H            1.29592502676362        6.26177416943866        7.81302470891694
H           -0.25714058718860        7.08702797737474        7.87639765421293
H            0.23892881386810        6.05373575311346        9.22629223111012
H           -1.51048045066891        2.75336422948542        6.66747096734469
H           -1.56612137420540       -2.61881366622458        6.39933599264190
B           -6.32232633971280       -2.84861229769098       -0.25240500921575
B           -3.85397340293729       -3.45964994533266        0.97424957441119
B           -1.02483416676305       -4.21748017727302        2.07252831613774
B            1.74918172081212       -4.21133009446247        1.59413886430380
B            3.04189863246099       -3.63526604426173        0.90386663901812
B            5.89057070840575       -3.85739204616761       -0.33728875908602
B           -4.71535184095911       -2.36423972733718       -0.30334012393366
B           -2.58618065215616       -2.26412094477244        0.91237647646050
B           -1.21527514007814       -2.45314438510906        1.85919859379559
B            0.31888064843585       -3.19225875869205        1.40514894086739
B            3.18209465416418       -2.06801617078262        0.32807145979229
B            5.22519177449754       -2.56806809288366       -1.03280545072141
B           -4.37243579295068       -1.08196813637699       -1.25268821641721
B           -3.17816429623182       -1.30716006671344       -0.15444778782850
B           -0.85324024012038       -0.94303058360552        2.22193319885923
B            0.43605683232215       -1.55160441252541        1.05562125665942
B            4.29099052995694       -1.23904966373385       -0.38451383589355
B            6.81244969670549       -2.52416993579035       -0.86069318697153
B           -4.92324068496171       -0.62428859523320       -2.75200790212970
B           -3.26455040415168        0.17123202758697       -0.74456114887147
B           -1.08952723248940        0.58511239800706        2.22012378469359
B           -0.00983162258359       -0.07147916562659        1.01324635759264
B            4.98790891998294        0.25662286837140       -0.43862300015892
B            5.82456160998782       -1.06670199180912       -1.10581306175419
B           -5.74649377011325        0.87920113447879       -2.80562552448237
B           -2.90970186256305        1.60592632924082       -0.38883117528483
B           -1.36827819949585        2.08833227493751        1.99327502767003
B            0.13483049364561        1.50085112265733        1.17289777052742
B            4.29502288578782        1.64463642439662        0.15251958641027
B            6.32810950238048        0.43410355644819       -1.55484041040269
B           -5.74028199493856        1.81173157730823       -1.40486175147314
B           -3.37327934365449        2.97438406914372        0.08524148054702
B           -1.81609834260648        3.57620132556704        1.70812122863095
B           -0.12734060266534        3.12334689077122        1.31743097643774
B            2.94066135066519        2.19321121485793        0.75660519278697
B            5.82853397471521        1.70525943122079       -0.67160190373862
B           -6.63620237637395        2.95914595193146       -0.92687105445264
B           -4.52029603243971        4.07160707710325        0.51215448166530
B           -1.80553417577688        5.21218554216086        1.37630579508523
B            1.13609704813141        4.30280619675657        1.36540070061971
B            2.58047105585286        3.82511302703269        1.01376496215145
B            5.39348307879538        3.01497166531860       -0.02439840472335
B           -5.30814642327085       -3.65628187684294        0.51043855549041
B           -2.45698162577919       -3.69345794597076        1.66858485862198
B            0.40270717738440       -4.75421466978928        2.05827852173560
B            1.78049705980132       -2.40581776201527        1.02330418277158
B            4.36803130286042       -3.43246112179259        0.11616517586520
B           -5.11951075465710        2.94125263390215       -0.33443081759493
B           -3.11850956882967        4.48869854752645        1.00681189242281
B           -0.32180897678324        4.83886113754467        1.44056369314840
B            1.43097247075977        2.49903364257136        1.11398511402463
B            4.06864486610419        3.46417400811569        0.60411684378068
B           -4.65877105407919        0.58582425175528       -1.66043329260569
H           -7.31874463076158       -2.47192293020204       -0.73002574543716
H           -4.85226814506226       -1.27618666824292       -3.72391804534951
H           -6.33294234061360        1.20773434495815       -3.76176195969103
H           -7.57041225844134        3.64140523466184       -0.79490004453266
H            6.30142991364033       -4.95244271052434       -0.33586511426268
H            7.96307495797200       -2.49233853308135       -1.05260958812265
H            7.09279559943236        0.57616239975347       -2.43402062577420
98
 energy: -122.840269477974 gnorm: 0.011627953414 xtb: 6.7.1pre (5071a88)
C            0.18869803191451       -6.20019964821247        7.37660543291743
N           -0.53411583136078       -4.99879650361407        7.03715060462079
C           -1.77901063351690       -5.11261512771091        6.32100743253646
C            0.02101480940039       -3.76622084586652        7.27153024404427
C            1.25237339162350       -3.63110978297887        7.94193870692644
C            1.79010777248857       -2.39976836011272        8.20278563629952
C            1.15498327604396       -1.19508785257202        7.82246324282359
N            1.75614335449705       -0.04809110063218        8.14958289469921
C            1.19327924905689        1.13992965139916        7.91574541059499
C            1.86614164107032        2.28960308583619        8.38718905220888
C            1.36199266775163        3.55405403412583        8.23711512802662
C            0.13178112635923        3.78285401508994        7.59381793563580
N           -0.36808843923552        5.06153496468629        7.41724774670357
C           -1.77416022067778        5.22025991365111        7.12514934338949
C            0.26212620652355        6.15485016508468        8.12103744381028
C           -0.54456513080975        2.66110195947095        7.09950021413044
C           -0.03094204147037        1.38920254407124        7.24766907448512
S           -0.96500465163593        0.06202537991716        6.54812660680050
C           -0.07147568516068       -1.34910881998100        7.13102500484114
C           -0.61652376652825       -2.58739285321719        6.86260700636065
H            1.14044889606166       -6.26394326043835        6.83674398435958
H            0.39635093366837       -6.24290626797556        8.45079551985249
H           -0.41004729204530       -7.06838373679152        7.11639214663365
H           -2.07851358596074       -6.15638594367278        6.27909422277279
H           -2.56975529929151       -4.55505395341031        6.83095075615779
H           -1.69067174766180       -4.73731090997863        5.29536344311682
H            1.78761189728988       -4.50585806959953        8.27078037248599
H            2.72648582329975       -2.31005461329489        8.73053681805369
H            2.80062401394686        2.13019017508994        8.90158165435197
H            1.92587876328466        4.37826388031179        8.64065641227529
H           -2.01332816943852        4.76844096847125        6.16078437746254
H           -2.00938563432909        6.28083207775107        7.06562393183188
H           -2.41420752225101        4.76518846375140        7.89188772547368
H            1.30466073420279        6.24374097937575        7.81342575041127
H           -0.24185357652170        7.08289643033745        7.86172021207591
H            0.22606892076187        6.03234729925406        9.21111948350698
H           -1.49112615777698        2.76134381057394        6.59264039820629
H           -1.55671604073679       -2.61837817220518        6.33665714996333
B           -6.31667302393900       -2.85268127093008       -0.23140589023800
B           -3.84513625249759       -3.46881468183570        0.98101391374322
B           -1.02033583168018       -4.22257653460307        2.09709980817534
B            1.75702222377052       -4.20960783116357        1.63747506379265
B            3.04798169405052       -3.62816784786574        0.94895263434543
B            5.88304153952757       -3.86163883447895       -0.32299433504531
B           -4.71148294551838       -2.36931528539832       -0.28994986299524
B           -2.58417287834887       -2.26831153784671        0.93325107249185
B           -1.21461662718796       -2.45639275114480        1.88243797345558
B            0.32244875892173       -3.19413651161019        1.43927623706882
B            3.18446937642672       -2.06137651199138        0.37168926458808
B            5.21124457782514       -2.56763036455973       -1.00838096133382
B           -4.36853596371746       -1.08147156260746       -1.22873487872399
B           -3.17426757738064       -1.30603626801644       -0.12948761840950
B           -0.86222644356551       -0.94383995703103        2.24775567612049
B            0.43374829216831       -1.55459897296137        1.08629883781213
B            4.29092439790808       -1.23808342676142       -0.35034074785468
B            6.80138809043576       -2.53320981082813       -0.85928021035588
B           -4.90587369967531       -0.62049047659942       -2.73342995630958
B           -3.26795570298982        0.17461929639722       -0.71219126576899
B           -1.10036278911087        0.58317509170162        2.23833990890737
B           -0.02016785649785       -0.07683611068347        1.03454867780775
B            4.99179631867701        0.25684161671924       -0.41651600280666
B            5.81749346181760       -1.06823259228107       -1.08657524284063
B           -5.74276252186717        0.87307751818782       -2.78510973656858
B           -2.91490954140080        1.60953841441428       -0.35163333568776
B           -1.38417361162662        2.08462901020235        2.00232881029545
B            0.12349397618485        1.49723428684074        1.18272988495694
B            4.29011030439341        1.64683476416709        0.16291078650480
B            6.33598880439362        0.43269136567812       -1.52373219935177
B           -5.73385934493064        1.81805407265853       -1.39050008525650
B           -3.36267896804215        2.98253787060069        0.12581271774459
B           -1.84007161339579        3.56682237395392        1.70598788514869
B           -0.13863207102514        3.11915403189501        1.30968394355988
B            2.92993283334592        2.19008138756439        0.75929248484621
B            5.83625991100735        1.70350501023409       -0.64020712988642
B           -6.61590660528377        2.98817152860618       -0.93907006147800
B           -4.52797804062775        4.07987677382051        0.52721429171412
B           -1.81327193963810        5.21240716918625        1.40686299309254
B            1.12631011470840        4.30110826389390        1.36884920325233
B            2.56928425808890        3.82147908868635        1.01979010791574
B            5.39191421737559        3.01277092131719        0.00133099346461
B           -5.29817902024023       -3.66989081042774        0.51608973284076
B           -2.45025259955380       -3.69926378491405        1.68358026840406
B            0.40884375256622       -4.75433196451205        2.09450682129244
B            1.78301458340865       -2.40048673400618        1.06455963373553
B            4.36862355551134       -3.43287590463718        0.14981271164946
B           -5.10758596731570        2.94424509591303       -0.32478196648757
B           -3.13689032282443        4.51426860893037        1.03132021038339
B           -0.33028862050910        4.83410354633714        1.44972767915036
B            1.41946557635428        2.49031747431484        1.11734897655209
B            4.05915604923675        3.45799852451519        0.61701093843805
B           -4.66024478038972        0.58573403674625       -1.63213628777357
H           -7.31784371848537       -2.46833504089609       -0.69438052100466
H           -4.81607147997330       -1.26751596027165       -3.70753579360654
H           -6.33951354328382        1.19109933518706       -3.73886286536464
H           -7.53972853871860        3.68227208033577       -0.81974721146783
H            6.28940875356345       -4.95874730555066       -0.32981889542602
H            7.94874490400103       -2.50379189765444       -1.06783887008341
H            7.11326303270696        0.57204500910356       -2.39248373196942
