60
 energy: -63.353962637854 gnorm: 0.695082745797 xtb: 6.7.1pre (5071a88)
B           -8.07500000000000       -3.86463800000000        0.00000000000000
B           -4.67500000000000       -3.86463800000000        0.00000000000000
B           -2.97500000000000       -3.86463800000000        0.00000000000000
B            0.42500000000000       -3.86463800000000        0.00000000000000
B            2.12500000000000       -3.86463800000000        0.00000000000000
B            5.52500000000000       -3.86463800000000        0.00000000000000
B            7.22500000000000       -3.86463800000000        0.00000000000000
B           -7.22500000000000       -2.39239500000000        0.00000000000000
B           -5.52500000000000       -2.39239500000000        0.00000000000000
B           -2.12500000000000       -2.39239500000000        0.00000000000000
B           -0.42500000000000       -2.39239500000000        0.00000000000000
B            2.97500000000000       -2.39239500000000        0.00000000000000
B            4.67500000000000       -2.39239500000000        0.00000000000000
B            8.07500000000000       -2.39239500000000        0.00000000000000
B           -8.07500000000000       -0.92015200000000        0.00000000000000
B           -6.37500000000000       -0.92015200000000        0.00000000000000
B           -4.67500000000000       -0.92015200000000        0.00000000000000
B           -2.97500000000000       -0.92015200000000        0.00000000000000
B           -1.27500000000000       -0.92015200000000        0.00000000000000
B            0.42500000000000       -0.92015200000000        0.00000000000000
B            2.12500000000000       -0.92015200000000        0.00000000000000
B            3.82500000000000       -0.92015200000000        0.00000000000000
B            5.52500000000000       -0.92015200000000        0.00000000000000
B            7.22500000000000       -0.92015200000000        0.00000000000000
B           -7.22500000000000        0.55209100000000        0.00000000000000
B           -3.82500000000000        0.55209100000000        0.00000000000000
B           -2.12500000000000        0.55209100000000        0.00000000000000
B            1.27500000000000        0.55209100000000        0.00000000000000
B            2.97500000000000        0.55209100000000        0.00000000000000
B            6.37500000000000        0.55209100000000        0.00000000000000
B            8.07500000000000        0.55209100000000        0.00000000000000
B           -8.07500000000000        2.02433400000000        0.00000000000000
B           -6.37500000000000        2.02433400000000        0.00000000000000
B           -2.97500000000000        2.02433400000000        0.00000000000000
B           -1.27500000000000        2.02433400000000        0.00000000000000
B            2.12500000000000        2.02433400000000        0.00000000000000
B            3.82500000000000        2.02433400000000        0.00000000000000
B            7.22500000000000        2.02433400000000        0.00000000000000
B           -7.22500000000000        3.49657800000000        0.00000000000000
B           -5.52500000000000        3.49657800000000        0.00000000000000
B           -3.82500000000000        3.49657800000000        0.00000000000000
B           -2.12500000000000        3.49657800000000        0.00000000000000
B           -0.42500000000000        3.49657800000000        0.00000000000000
B            1.27500000000000        3.49657800000000        0.00000000000000
B            2.97500000000000        3.49657800000000        0.00000000000000
B            4.67500000000000        3.49657800000000        0.00000000000000
B            6.37500000000000        3.49657800000000        0.00000000000000
B            8.07500000000000        3.49657800000000        0.00000000000000
H            7.41836500000000        4.06884500000000        0.00000000000000
H            8.40546500000000       -1.07049200000000        0.00000000000000
H            8.37087200000000        2.34539000000000        0.00000000000000
H           -8.35467900000000       -2.76646300000000        0.00000000000000
H           -8.29615400000000        4.01496800000000        0.00000000000000
H            9.26222800000000        0.63326300000000        0.00000000000000
H           -9.25734800000000       -1.05488100000000        0.00000000000000
H            8.27431700000000       -4.42591600000000        0.00000000000000
H           -9.22928200000000        2.31370300000000        0.00000000000000
H            9.21597700000000       -2.73043500000000        0.00000000000000
H            9.16701900000000        3.96943600000000        0.00000000000000
H           -9.14840100000000       -4.37836100000000        0.00000000000000
60
 energy: -63.556736766151 gnorm: 0.248600471548 xtb: 6.7.1pre (5071a88)
B           -8.06509934032355       -3.85095003871494       -0.00000000000000
B           -4.62199828843691       -3.81199811853573        0.00000000000000
B           -3.02485459168026       -3.80882936003320       -0.00000000000000
B            0.48072022836687       -3.81168421661323       -0.00000000000000
B            2.07394889039550       -3.80826124832882       -0.00000000000000
B            5.58231752164642       -3.82323748317104        0.00000000000000
B            7.21507621789903       -3.83092578436593        0.00000000000000
B           -7.22332615278000       -2.41787997376462       -0.00000000000000
B           -5.50551753629629       -2.40280279194616        0.00000000000000
B           -2.12752870010210       -2.41299908632074       -0.00000000000000
B           -0.41086828963553       -2.40446770499002       -0.00000000000000
B            2.96935622141606       -2.41522481127804       -0.00000000000000
B            4.68218468094461       -2.40564694510961        0.00000000000000
B            8.06010219478070       -2.40371372221570        0.00000000000000
B           -8.06029038501494       -0.90090503679250       -0.00000000000000
B           -6.37107607316237       -0.91374848135542       -0.00000000000000
B           -4.67370636285693       -0.90947500264807       -0.00000000000000
B           -2.97322814226892       -0.92627655832325        0.00000000000000
B           -1.26651524825629       -0.92936607267616       -0.00000000000000
B            0.42675878131011       -0.91113733619797       -0.00000000000000
B            2.12690270910673       -0.92625348800792       -0.00000000000000
B            3.83650142142745       -0.92593591599910        0.00000000000000
B            5.52919051391461       -0.91177678240985        0.00000000000000
B            7.22004729164521       -0.92360908029495        0.00000000000000
B           -7.21363332596694        0.55182935452009       -0.00000000000000
B           -3.81431345598784        0.53644126443121       -0.00000000000000
B           -2.10894343499018        0.54934895612666        0.00000000000000
B            1.28618551515395        0.53326639027484       -0.00000000000000
B            2.99006821044283        0.54643956221735       -0.00000000000000
B            6.39453148814279        0.53542082294828        0.00000000000000
B            8.06678754530854        0.54670153082027       -0.00000000000000
B           -8.06962227800071        2.01154702645566       -0.00000000000000
B           -6.40139924198648        2.02876023803006       -0.00000000000000
B           -2.98830407451019        2.01376846059667        0.00000000000000
B           -1.29257608009238        2.03406418696618        0.00000000000000
B            2.11143758097303        2.01121081441267       -0.00000000000000
B            3.80925837174025        2.02927255033032        0.00000000000000
B            7.21005430262472        2.02243558944119       -0.00000000000000
B           -7.20562424748853        3.49776484666329        0.00000000000000
B           -5.51382088826652        3.46713318691467        0.00000000000000
B           -3.83387863279476        3.47171569274240        0.00000000000000
B           -2.14128269483088        3.50593327407238        0.00000000000000
B           -0.42261945779504        3.46700752151394        0.00000000000000
B            1.25998366113536        3.46968537421238        0.00000000000000
B            2.94994659307596        3.50187265120940       -0.00000000000000
B            4.65671903020872        3.46108707360003       -0.00000000000000
B            6.34562340698032        3.47007687056433       -0.00000000000000
B            8.12055036809560        3.45763897805918       -0.00000000000000
H            7.30112029410377        4.19178917012934       -0.00000000000000
H            8.40608235204748       -1.09251233671520        0.00000000000000
H            8.38863002041120        2.30663152249144       -0.00000000000000
H           -8.37807096741849       -2.73775460029789       -0.00000000000000
H           -8.25854049796099        4.06243162591814       -0.00000000000000
H            9.25946052682384        0.62986015492246       -0.00000000000000
H           -9.24783690066977       -1.04153552604775       -0.00000000000000
H            8.23300542216310       -4.47722205799908        0.00000000000000
H           -9.23095967862704        2.27935071142691       -0.00000000000000
H            9.22070754450996       -2.70402443094843        0.00000000000000
H            9.18906499327064        3.96386627889423       -0.00000000000000
H           -9.12850993186453       -4.39513668880463       -0.00000000000000
60
 energy: -63.682823109756 gnorm: 0.155441737069 xtb: 6.7.1pre (5071a88)
B           -8.04439910119007       -3.82003093246661        0.00000000000000
B           -4.55923241956415       -3.73065937916204       -0.00000000000000
B           -3.07399805462493       -3.73229820961301       -0.00000000000000
B            0.54667345660747       -3.72972419741148       -0.00000000000000
B            2.02654463916816       -3.73570075656347       -0.00000000000000
B            5.66312837863234       -3.70216245376879        0.00000000000000
B            7.21245431802982       -3.84193324873181        0.00000000000000
B           -7.21867325942502       -2.45667421824557       -0.00000000000000
B           -5.48134943915854       -2.40971428232126       -0.00000000000000
B           -2.12276707184393       -2.43776974310097        0.00000000000000
B           -0.38930798416598       -2.40764750511581       -0.00000000000000
B            2.96401029862087       -2.43827517588782        0.00000000000000
B            4.68767667501305       -2.40536467789054        0.00000000000000
B            8.04129922199821       -2.43579168470454        0.00000000000000
B           -8.03949805250498       -0.86296962632060        0.00000000000000
B           -6.36784077537778       -0.91569560800429       -0.00000000000000
B           -4.67255881677198       -0.88159736501448       -0.00000000000000
B           -2.96693085654706       -0.93907818929329       -0.00000000000000
B           -1.25398596332868       -0.94656612595510       -0.00000000000000
B            0.42833603191701       -0.88064980554505       -0.00000000000000
B            2.12836519854340       -0.93727369368392        0.00000000000000
B            3.84958610491033       -0.94104505136167        0.00000000000000
B            5.53224446390181       -0.88038394737242       -0.00000000000000
B            7.21341209297438       -0.93894725026050        0.00000000000000
B           -7.19267818988942        0.54779903706281       -0.00000000000000
B           -3.79624067631833        0.50643833611177       -0.00000000000000
B           -2.08633687825827        0.54368805315822        0.00000000000000
B            1.30556041817669        0.50741881840449       -0.00000000000000
B            3.01115078915925        0.53496567617349       -0.00000000000000
B            6.42458181420108        0.51220010991195        0.00000000000000
B            8.05533747103332        0.53947438917278       -0.00000000000000
B           -8.06289566162919        1.99171148321715       -0.00000000000000
B           -6.43629911543966        2.03291221068767       -0.00000000000000
B           -3.01743814229156        1.99254094713367       -0.00000000000000
B           -1.32188784388644        2.03566471827499        0.00000000000000
B            2.08082705519896        1.99132673149733       -0.00000000000000
B            3.77804964604655        2.02984522024960       -0.00000000000000
B            7.18445847897980        2.03107828371346       -0.00000000000000
B           -7.17876341660027        3.49785249322711        0.00000000000000
B           -5.49539191485252        3.41496541376847        0.00000000000000
B           -3.84590982990474        3.47024107472714       -0.00000000000000
B           -2.16929244492572        3.48851698956382        0.00000000000000
B           -0.42356865955730        3.40018483571814        0.00000000000000
B            1.23804076237579        3.47512904441603       -0.00000000000000
B            2.90886778972724        3.49839685702089        0.00000000000000
B            4.62960749490865        3.38665760230398        0.00000000000000
B            6.31115117922493        3.42495885261995        0.00000000000000
B            8.10521034433033        3.46466773416647       -0.00000000000000
H            7.24203154173020        4.25524014019212       -0.00000000000000
H            8.40233860871328       -1.13476034460152       -0.00000000000000
H            8.38832036281438        2.29224275402151       -0.00000000000000
H           -8.41093576406693       -2.69391860228123       -0.00000000000000
H           -8.19546312134150        4.13551667580771       -0.00000000000000
H            9.25227695102391        0.62201240234177        0.00000000000000
H           -9.23003009438021       -1.01265378697626       -0.00000000000000
H            8.18145002330866       -4.56801991914811        0.00000000000000
H           -9.23089624279680        2.22745159149925       -0.00000000000000
H            9.22777694711937       -2.66961392513960        0.00000000000000
H            9.17562125598699        3.97976710344962       -0.00000000000000
H           -9.08344102373427       -4.42488487367156       -0.00000000000000
60
 energy: -63.760274840415 gnorm: 0.097525716001 xtb: 6.7.1pre (5071a88)
B           -8.02209138916366       -3.77606006009884        0.00000000000000
B           -4.54952035232097       -3.65458859847538       -0.00000000000000
B           -3.06162872434463       -3.66363096774168       -0.00000000000000
B            0.55547346031484       -3.65570106700696       -0.00000000000000
B            2.04242782560170       -3.67716483576578        0.00000000000000
B            5.71922142162171       -3.59695859242366       -0.00000000000000
B            7.21650680575160       -3.84943408862381        0.00000000000000
B           -7.21068531277790       -2.50517994931714       -0.00000000000000
B           -5.46965653660836       -2.40453939075505       -0.00000000000000
B           -2.10511898813576       -2.44667778175597       -0.00000000000000
B           -0.37359826088330       -2.39661713188276        0.00000000000000
B            2.97627676086230       -2.44671338046789       -0.00000000000000
B            4.69793678727592       -2.39904849956370       -0.00000000000000
B            8.03601630256119       -2.46579187538493        0.00000000000000
B           -8.01471073359846       -0.81401509888381        0.00000000000000
B           -6.36804516221046       -0.91461450467656       -0.00000000000000
B           -4.67156221051995       -0.84891862153457       -0.00000000000000
B           -2.95378346392890       -0.94731528780357       -0.00000000000000
B           -1.23649609431853       -0.95437406312911       -0.00000000000000
B            0.43351205489680       -0.84977716756498       -0.00000000000000
B            2.13529318554917       -0.94764955130763        0.00000000000000
B            3.87260597545477       -0.94828998758192        0.00000000000000
B            5.54082179353970       -0.84254823350017       -0.00000000000000
B            7.21096012107468       -0.95442984027183        0.00000000000000
B           -7.16486706409598        0.54401708191210       -0.00000000000000
B           -3.77866362826029        0.47218507272649        0.00000000000000
B           -2.05913168339688        0.53825770306199        0.00000000000000
B            1.32299744716565        0.47881607182105       -0.00000000000000
B            3.03519715183452        0.51858539643540        0.00000000000000
B            6.45388855631205        0.49130350871448        0.00000000000000
B            8.04550637452797        0.53138002567130       -0.00000000000000
B           -8.05480176876788        1.97524941004134       -0.00000000000000
B           -6.46438656604066        2.03817573055959       -0.00000000000000
B           -3.04976423891046        1.96472826495944       -0.00000000000000
B           -1.35066787658136        2.03400858116429       -0.00000000000000
B            2.04274526267810        1.95814627075091        0.00000000000000
B            3.74008659040279        2.02089555466962       -0.00000000000000
B            7.15750963095234        2.04546592208615       -0.00000000000000
B           -7.14833431167671        3.49674643261379        0.00000000000000
B           -5.47314420235729        3.35941367011614        0.00000000000000
B           -3.85780366421234        3.45741475960041        0.00000000000000
B           -2.21219615453589        3.46668464461094       -0.00000000000000
B           -0.42945329735506        3.33016327989636        0.00000000000000
B            1.20871601992142        3.46283650450899        0.00000000000000
B            2.84938908716009        3.48485340076990        0.00000000000000
B            4.59126990221976        3.31339544007870        0.00000000000000
B            6.26768531832523        3.38199497542169        0.00000000000000
B            8.06833977271352        3.47915394759341       -0.00000000000000
H            7.16921861624542        4.32031759665626       -0.00000000000000
H            8.39785799845355       -1.17978919813811       -0.00000000000000
H            8.38385779489491        2.28258042087736       -0.00000000000000
H           -8.44928766088765       -2.63831992045127       -0.00000000000000
H           -8.11405371068739        4.21694804023888       -0.00000000000000
H            9.24226812670637        0.60958257164648       -0.00000000000000
H           -9.20497981734418       -0.97012780766044       -0.00000000000000
H            8.12084775868626       -4.65920691659014        0.00000000000000
H           -9.22587925632870        2.17446125121427       -0.00000000000000
H            9.23699178324143       -2.65222720763150        0.00000000000000
H            9.14841676224833        3.99471429673832       -0.00000000000000
H           -9.01715131894445       -4.46370520116693       -0.00000000000000
60
 energy: -63.805483894029 gnorm: 0.081279228529 xtb: 6.7.1pre (5071a88)
B           -8.02138476314102       -3.75932356023320        0.00000000000001
B           -4.54001195810033       -3.58963596303932        0.00000000000000
B           -3.04365867979094       -3.61379468677985       -0.00000000000000
B            0.56553142597059       -3.59483831535964       -0.00000000000000
B            2.05854870981511       -3.63346392535220       -0.00000000000000
B            5.75621966776666       -3.51366011192239       -0.00000000000001
B            7.24441974004338       -3.88310081077429        0.00000000000001
B           -7.19733771651100       -2.53586082603434       -0.00000000000000
B           -5.47964081306044       -2.38167455277016       -0.00000000000000
B           -2.07465295116938       -2.43814993529502       -0.00000000000000
B           -0.36500434520247       -2.37665814914419        0.00000000000000
B            3.00846422515798       -2.43359386174530        0.00000000000000
B            4.70922860244966       -2.37232370942323       -0.00000000000000
B            8.04979600612178       -2.49583921216671        0.00000000000000
B           -7.99756295839299       -0.75924324157488        0.00000000000001
B           -6.36995145006568       -0.90421637154034        0.00000000000000
B           -4.67425499159749       -0.82614632016538        0.00000000000000
B           -2.93708991511969       -0.95408838704466       -0.00000000000000
B           -1.21895264074946       -0.95144529150490       -0.00000000000000
B            0.43940124593303       -0.83593889313434       -0.00000000000000
B            2.14737306296975       -0.95868733725716        0.00000000000000
B            3.89905396103558       -0.93697264454809       -0.00000000000000
B            5.55150084947537       -0.80436576764723       -0.00000000000000
B            7.21517485452722       -0.96882656196604        0.00000000000001
B           -7.12947557519555        0.55036178276081       -0.00000000000001
B           -3.76455265914214        0.44411530884510        0.00000000000001
B           -2.03577650164984        0.52594227895385       -0.00000000000000
B            1.32855287874482        0.45284013191996        0.00000000000001
B            3.04801570880102        0.50037108056670       -0.00000000000000
B            6.47543908913842        0.48517248491616        0.00000000000000
B            8.04922470480183        0.52401160967403       -0.00000000000001
B           -8.04668217196040        1.97321391663693       -0.00000000000001
B           -6.46687737862519        2.04497871966110        0.00000000000001
B           -3.07918797587576        1.93617709407915       -0.00000000000000
B           -1.37383457705441        2.01681250517445       -0.00000000000002
B            1.99797787958423        1.92136954719735        0.00000000000001
B            3.69404208694182        1.99321197510322        0.00000000000000
B            7.13895656341912        2.05864968080032       -0.00000000000000
B           -7.11813230787295        3.50106469370271       -0.00000000000001
B           -5.44994711208269        3.31476350041442       -0.00000000000000
B           -3.85805914453977        3.43998266758730        0.00000000000000
B           -2.25638706506090        3.43618773246833        0.00000000000001
B           -0.43524026831742        3.27119288545811        0.00000000000000
B            1.17518481316542        3.44063098723262        0.00000000000000
B            2.78380575357242        3.45538159075321       -0.00000000000001
B            4.54953512188391        3.26838656300524        0.00000000000000
B            6.21359073247579        3.35768492645788        0.00000000000001
B            8.00698241769721        3.50083726804402       -0.00000000000000
H            7.08521806872132        4.37226502626030       -0.00000000000000
H            8.39394369848618       -1.22665783145552        0.00000000000000
H            8.37123226571562        2.28812034643861       -0.00000000000000
H           -8.47153557058108       -2.59862092338428       -0.00000000000002
H           -8.01842589344199        4.30388924701555        0.00000000000000
H            9.24007885565897        0.59565231753344       -0.00000000000000
H           -9.18281839610461       -0.90924011628815        0.00000000000000
H            8.06985586897549       -4.77013734792001        0.00000000000000
H           -9.22138661495011        2.12193963584463        0.00000000000000
H            9.25501673428643       -2.65180662726064       -0.00000000000000
H            9.09185339937303        4.01848714975291        0.00000000000000
H           -8.95701759735346       -4.51632237152695       -0.00000000000000
60
 energy: -63.836545273359 gnorm: 0.055378120655 xtb: 6.7.1pre (5071a88)
B           -8.04108450228545       -3.76457890775906        0.00000000000015
B           -4.52629483537592       -3.53388276793988       -0.00000000000000
B           -3.03699893203831       -3.57712416366090        0.00000000000000
B            0.59264169735878       -3.55212454021008       -0.00000000000001
B            2.08666686602317       -3.59798918164410        0.00000000000001
B            5.81070500317033       -3.46347021760251       -0.00000000000006
B            7.25947282678605       -3.90502196156045        0.00000000000009
B           -7.17886366337948       -2.55216269936246       -0.00000000000002
B           -5.50290516500612       -2.34990646701697       -0.00000000000002
B           -2.04301633253192       -2.42200146138398       -0.00000000000000
B           -0.36479462577737       -2.35713761360379       -0.00000000000000
B            3.05080980371724       -2.41232724044911        0.00000000000000
B            4.72735145549098       -2.34795508546696       -0.00000000000001
B            8.07694415031559       -2.52618063748724        0.00000000000000
B           -7.99123826160248       -0.70095235878712        0.00000000000007
B           -6.37007840528945       -0.89089374332674       -0.00000000000000
B           -4.68065898907057       -0.81629469355793       -0.00000000000000
B           -2.92082428650720       -0.96092199050877       -0.00000000000000
B           -1.20431971604100       -0.94530391021773       -0.00000000000001
B            0.44271959364531       -0.84092439482393       -0.00000000000000
B            2.16623536683881       -0.97298760093608        0.00000000000000
B            3.92983769141690       -0.92226290394048       -0.00000000000000
B            5.56549604964813       -0.77900325057196        0.00000000000001
B            7.22712373456523       -0.98053558930429        0.00000000000005
B           -7.08905221972267        0.56942647169386       -0.00000000000004
B           -3.75199008548765        0.42336257923917       -0.00000000000000
B           -2.01599633513935        0.50948908279489       -0.00000000000000
B            1.33200185547119        0.42475383521001       -0.00000000000000
B            3.05777469000104        0.48141986209782        0.00000000000000
B            6.49395758818156        0.48739466414231        0.00000000000002
B            8.06424098654850        0.51770168291293       -0.00000000000007
B           -8.03443516504555        1.98555900504898       -0.00000000000003
B           -6.45114587672347        2.05617138133869        0.00000000000005
B           -3.10457591822047        1.90880563683062       -0.00000000000000
B           -1.39434705893417        1.99184637314425        0.00000000000002
B            1.95642838449831        1.88749352406897       -0.00000000000000
B            3.65133310097691        1.96061597081487        0.00000000000001
B            7.12370358028146        2.06839221492691       -0.00000000000000
B           -7.09073928253917        3.51524255407393       -0.00000000000003
B           -5.43071375171411        3.28555829460012        0.00000000000000
B           -3.85368364690242        3.42728922579949        0.00000000000000
B           -2.29485588606378        3.40099491373647       -0.00000000000001
B           -0.43776910500943        3.22282558063929       -0.00000000000002
B            1.13988510361265        3.41723000246726       -0.00000000000001
B            2.72139698862333        3.41919514277864       -0.00000000000000
B            4.50543400839197        3.23665698928391        0.00000000000001
B            6.15058215645232        3.34201584217218        0.00000000000002
B            7.92390764289343        3.52664747758607       -0.00000000000001
H            6.98872751060327        4.41381455256225        0.00000000000001
H            8.39419293714118       -1.27597169094092        0.00000000000000
H            8.34984556869191        2.30097037828712       -0.00000000000000
H           -8.48119424253825       -2.57265594184171       -0.00000000000014
H           -7.91684697073153        4.38781423512876       -0.00000000000000
H            9.24699475470096        0.58673346748745       -0.00000000000002
H           -9.16752166591952       -0.84693811223433        0.00000000000002
H            8.00073132729272       -4.86015505943860        0.00000000000001
H           -9.21160708677482        2.07946214542998        0.00000000000001
H            9.28054767252340       -2.66822794588150       -0.00000000000003
H            9.00713344829982        4.05340393370479        0.00000000000001
H           -8.90889253179084       -4.57333388854240       -0.00000000000000
60
 energy: -63.856464245714 gnorm: 0.046908319620 xtb: 6.7.1pre (5071a88)
B           -8.04426145251475       -3.76185521444876        0.00000000000194
B           -4.52210213899058       -3.48473422690817        0.00000000000007
B           -3.03492715726296       -3.55144963842705        0.00000000000000
B            0.62817463035911       -3.52264197289310       -0.00000000000011
B            2.11654554196924       -3.56674198434760       -0.00000000000009
B            5.84887747625358       -3.41489505725918       -0.00000000000088
B            7.28017998079607       -3.95089765631074        0.00000000000128
B           -7.16668080202721       -2.56771707110518       -0.00000000000028
B           -5.53463583278472       -2.32582806883359       -0.00000000000027
B           -2.02194758120918       -2.41449530706656       -0.00000000000004
B           -0.36639500458605       -2.35415395783754       -0.00000000000004
B            3.09423912181793       -2.39188504791936        0.00000000000007
B            4.75658055156715       -2.31978029271443       -0.00000000000015
B            8.10548582198878       -2.56928939196575       -0.00000000000010
B           -7.99612594662933       -0.64248100304738        0.00000000000057
B           -6.37417672594616       -0.88453568630704       -0.00000000000008
B           -4.69364519295972       -0.82164500005551       -0.00000000000003
B           -2.91034560514203       -0.97146058754728       -0.00000000000000
B           -1.19513742142899       -0.94768271044385       -0.00000000000008
B            0.44449813790106       -0.86716547271767       -0.00000000000006
B            2.19111532188852       -0.98710988019364        0.00000000000002
B            3.96279507870185       -0.90626160072533        0.00000000000003
B            5.58439112846216       -0.76302031793325        0.00000000000014
B            7.24556917556453       -0.98593017310719        0.00000000000039
B           -7.05480546039028        0.59542778284928       -0.00000000000018
B           -3.74423268085503        0.40485069576722        0.00000000000005
B           -2.00163147778803        0.48865896259084       -0.00000000000006
B            1.33357434700239        0.39291820166536        0.00000000000001
B            3.06251344795625        0.46771477511546        0.00000000000004
B            6.51596270034415        0.49719262068270        0.00000000000026
B            8.08681371941916        0.51475342564327       -0.00000000000065
B           -8.01977213834248        2.01090856018599       -0.00000000000034
B           -6.43244025525903        2.07339677426236        0.00000000000055
B           -3.12533475054092        1.88565986692600       -0.00000000000006
B           -1.41080610191364        1.96663903199464       -0.00000000000028
B            1.92316619817300        1.86545037641427        0.00000000000005
B            3.62022442224598        1.93900327613271        0.00000000000001
B            7.10742896989316        2.07752652167907        0.00000000000005
B           -7.07033873363366        3.53646148714440       -0.00000000000031
B           -5.41827696870936        3.28122017334180        0.00000000000006
B           -3.85407474426625        3.42310307019245        0.00000000000006
B           -2.31962652231293        3.36503388458708        0.00000000000006
B           -0.43676588550538        3.18260872784595        0.00000000000006
B            1.10756083536890        3.40072868959616       -0.00000000000004
B            2.67369959976023        3.38722705887621       -0.00000000000006
B            4.46344008038554        3.21905993743526        0.00000000000008
B            6.08603573221878        3.33381234167547        0.00000000000014
B            7.82756576449095        3.55518183043339        0.00000000000001
H            6.88181100670280        4.45167586650983        0.00000000000008
H            8.39727841338807       -1.33149213049064       -0.00000000000001
H            8.32070292774300        2.31657259433480        0.00000000000002
H           -8.48986121277255       -2.55263110285883       -0.00000000000167
H           -7.82003568337545        4.46137753835461       -0.00000000000003
H            9.26413316660476        0.58661087241618       -0.00000000000028
H           -9.16385999926535       -0.78799457400995        0.00000000000018
H            7.95022569366012       -4.93677395674352        0.00000000000012
H           -9.19582881380073        2.05906369566298        0.00000000000005
H            9.30737826316148       -2.70830425075822       -0.00000000000033
H            8.89980873439231        4.10183757997832        0.00000000000004
H           -8.84132469996829       -4.63176188531775       -0.00000000000001
60
 energy: -63.870198794697 gnorm: 0.048881875799 xtb: 6.7.1pre (5071a88)
B           -8.05303312578958       -3.76391181836885        0.00000000002778
B           -4.52450758801482       -3.44243800517898        0.00000000000098
B           -3.03984910622821       -3.53658677595778        0.00000000000028
B            0.66124955106806       -3.50512328477344       -0.00000000000264
B            2.15700281074521       -3.55271120406000       -0.00000000000021
B            5.89924773638545       -3.40252128258159       -0.00000000001445
B            7.28690040375160       -3.96590021390154        0.00000000002245
B           -7.15720988339197       -2.58172051426480       -0.00000000000353
B           -5.55718107814574       -2.30541283211527       -0.00000000000345
B           -2.00902151167990       -2.41890307626125       -0.00000000000061
B           -0.36051748115672       -2.36526462341010       -0.00000000000102
B            3.13749382476436       -2.38581688958097        0.00000000000080
B            4.80196322893261       -2.30618010466880       -0.00000000000257
B            8.14694166754776       -2.60824802976898       -0.00000000000289
B           -8.00333022534024       -0.58466616733669        0.00000000000434
B           -6.38109283204559       -0.87805104443000       -0.00000000000121
B           -4.70787604047679       -0.82740877724816       -0.00000000000034
B           -2.90354392919162       -0.98396780239248       -0.00000000000017
B           -1.18754965962556       -0.95825721224326       -0.00000000000109
B            0.44952224756815       -0.90251494155595       -0.00000000000084
B            2.22151365549651       -1.00477977735236        0.00000000000021
B            3.99774603835236       -0.90158322253929        0.00000000000051
B            5.61141146585393       -0.76170490813047        0.00000000000188
B            7.27301920509729       -0.97953395388701        0.00000000000287
B           -7.03460778591918        0.62285032332578       -0.00000000000052
B           -3.74210343385283        0.38711775865423        0.00000000000057
B           -1.99434677100515        0.46594590824193       -0.00000000000100
B            1.33646191942636        0.35665284721559        0.00000000000023
B            3.06326911278876        0.45058649248875        0.00000000000062
B            6.53627331911045        0.50912056046446        0.00000000000325
B            8.10953676310828        0.52051305321841       -0.00000000000642
B           -8.00896358628643        2.04593673921016       -0.00000000000395
B           -6.41963558113581        2.09206503194623        0.00000000000817
B           -3.14255755049264        1.86922801479498       -0.00000000000099
B           -1.42440251092805        1.94445664429417       -0.00000000000241
B            1.89782679271684        1.84593562466775        0.00000000000051
B            3.59786372627044        1.92269229016022        0.00000000000040
B            7.08319952161477        2.08921110667431        0.00000000000117
B           -7.05515110753804        3.55832912321286       -0.00000000000444
B           -5.40768856238871        3.29535418699669        0.00000000000077
B           -3.85686971590254        3.42876097778803        0.00000000000085
B           -2.33092391114426        3.33202740617982        0.00000000000036
B           -0.43949882560184        3.14771857389246       -0.00000000000048
B            1.08435725685832        3.38631203833078       -0.00000000000059
B            2.64411402309027        3.35635676062950       -0.00000000000060
B            4.42427887267086        3.21051220364651        0.00000000000092
B            6.02754080157145        3.33774389725051        0.00000000000146
B            7.72468212517476        3.58740869700141        0.00000000000084
H            6.77468457862973        4.48631412241973        0.00000000000120
H            8.40790688590482       -1.37552365557767       -0.00000000000082
H            8.28297236702111        2.33360728949351        0.00000000000029
H           -8.49673655157646       -2.54271095594121       -0.00000000002195
H           -7.72733385499881        4.53631076896434       -0.00000000000045
H            9.28469126799093        0.59798071791248       -0.00000000000365
H           -9.16576577205741       -0.73396503879248        0.00000000000177
H            7.87955053516167       -5.01297136512705        0.00000000000197
H           -9.18209153323638        2.06047822758783        0.00000000000050
H            9.34716801391161       -2.75384937177715       -0.00000000000508
H            8.77904386774740        4.16127927699097        0.00000000000051
H           -8.78766507118088       -4.67751881443083       -0.00000000000015
60
 energy: -63.881351522537 gnorm: 0.047309806886 xtb: 6.7.1pre (5071a88)
B           -8.06525022140585       -3.76795509819182        0.00000000038477
B           -4.52521304258054       -3.40755002595795        0.00000000001998
B           -3.04576654594025       -3.53311083549211        0.00000000000617
B            0.70235290066111       -3.49575625025737       -0.00000000003543
B            2.19697249777717       -3.54217200891292       -0.00000000001677
B            5.94198585930847       -3.37082997543846       -0.00000000025855
B            7.31978106180892       -4.02962428948564        0.00000000040930
B           -7.15623204609782       -2.59518006368897       -0.00000000004218
B           -5.57438921954069       -2.28740995155266       -0.00000000004224
B           -2.00428396766189       -2.43366405310250       -0.00000000000981
B           -0.35104995575179       -2.38685119851178       -0.00000000001762
B            3.17820043241280       -2.38292546420920        0.00000000001016
B            4.85171037678969       -2.27855291431280       -0.00000000004877
B            8.18338939933816       -2.67209800531330       -0.00000000006083
B           -8.01647200219588       -0.52545397276140        0.00000000002220
B           -6.39644594686001       -0.86899717067899       -0.00000000001260
B           -4.72657820001385       -0.82982233244022       -0.00000000000087
B           -2.90120420410923       -0.99741334197231       -0.00000000000227
B           -1.18313788193582       -0.97587090562856       -0.00000000001725
B            0.45306326709582       -0.93913820235532       -0.00000000001391
B            2.25173691146002       -1.01770689771178        0.00000000000288
B            4.02864650584760       -0.89283615489314        0.00000000000980
B            5.64119112683178       -0.75901823519303        0.00000000002349
B            7.30273619853183       -0.96829962868585        0.00000000001814
B           -7.02464214774588        0.65329980222192        0.00000000000645
B           -3.74446115851991        0.37118677559026        0.00000000000825
B           -1.99313391231089        0.44050389682791       -0.00000000001746
B            1.33675760196666        0.32408299455238        0.00000000000315
B            3.05558521735195        0.43582775161807        0.00000000001118
B            6.55843006777559        0.52359921112598        0.00000000004224
B            8.13416438923963        0.52613688139476       -0.00000000006436
B           -8.00023319311590        2.09121118775252       -0.00000000004366
B           -6.40899519098611        2.11395389665344        0.00000000012870
B           -3.15659478364774        1.85781548387196       -0.00000000001576
B           -1.43621460932671        1.92384326750136       -0.00000000004384
B            1.87401083595552        1.82923198330394        0.00000000000677
B            3.57623484055860        1.91036363471606        0.00000000000978
B            7.05755224400172        2.10161802908371        0.00000000001985
B           -7.04414498747184        3.58138725787322       -0.00000000006726
B           -5.39691930214887        3.32107435677447        0.00000000000961
B           -3.85571246131722        3.44018562807324        0.00000000001247
B           -2.33248415642932        3.30358187779682        0.00000000000652
B           -0.44947770582972        3.12072266559529       -0.00000000000438
B            1.06716093682300        3.37341696867351       -0.00000000001049
B            2.62731006681712        3.32957806638094       -0.00000000000983
B            4.38324149612134        3.20788321751337        0.00000000001265
B            5.97687279820590        3.35148230043412        0.00000000001950
B            7.62008035917052        3.62162092504189        0.00000000001532
H            6.66525747920493        4.52043016954658        0.00000000001833
H            8.41435095025136       -1.43297350126801       -0.00000000002167
H            8.24637631233735        2.34788796893408        0.00000000000511
H           -8.50965265516095       -2.54168970699136       -0.00000000029268
H           -7.63984573343267        4.60141740492684       -0.00000000000684
H            9.30852571697860        0.61860717436694       -0.00000000004863
H           -9.17489930702659       -0.69302039446705        0.00000000001422
H            7.86248128814300       -5.07183076975442        0.00000000004063
H           -9.17063150043839        2.08050746631709        0.00000000000711
H            9.38584645487299       -2.81323892030598       -0.00000000007956
H            8.65122292155826        4.22880367977251        0.00000000000985
H           -8.74078347619511       -4.72121065470029       -0.00000000000911
60
 energy: -63.890949060335 gnorm: 0.038341475494 xtb: 6.7.1pre (5071a88)
B           -8.07236779119097       -3.76877306075721        0.00000000531509
B           -4.53703528783739       -3.38537744184095        0.00000000032148
B           -3.05757700494675       -3.54264153928823        0.00000000010872
B            0.73641785172758       -3.49824001324063       -0.00000000060885
B            2.22910443578403       -3.54555757143234       -0.00000000020754
B            5.98564269626128       -3.37580460234327       -0.00000000462806
B            7.33162189319324       -4.05042008063249        0.00000000752219
B           -7.16753356427277       -2.60516536387577       -0.00000000044597
B           -5.58926095563969       -2.27241679688754       -0.00000000052268
B           -2.00605026149251       -2.45776522661303       -0.00000000015567
B           -0.34211619018395       -2.41829950084122       -0.00000000029407
B            3.22337875337157       -2.39780318817999        0.00000000012936
B            4.91257491029866       -2.26692799450641       -0.00000000092349
B            8.23472302841069       -2.72670578012897       -0.00000000120719
B           -8.03546997747642       -0.46828533657014       -0.00000000009040
B           -6.42192079831290       -0.85602806129571       -0.00000000009732
B           -4.74772369365417       -0.82545631639268        0.00000000003779
B           -2.90049450177997       -1.01051595405439       -0.00000000003701
B           -1.17846389296554       -1.00094786385660       -0.00000000026265
B            0.45875057772996       -0.97662378920131       -0.00000000020827
B            2.28534326256153       -1.03767873513553        0.00000000004419
B            4.06077183068571       -0.89788665677946        0.00000000016076
B            5.67630118810442       -0.76234904032413        0.00000000030864
B            7.33794708977019       -0.93853815802554        0.00000000002017
B           -7.02352218424204        0.68609307904471        0.00000000020774
B           -3.74647416560276        0.35925454519510        0.00000000012031
B           -1.99348395397656        0.41337744817514       -0.00000000028141
B            1.34311723863345        0.28794452942780        0.00000000006465
B            3.05065524153925        0.41266693937303        0.00000000019602
B            6.57535469781260        0.54172065480088        0.00000000058441
B            8.15672773242160        0.54300403766460       -0.00000000066456
B           -7.99127921701191        2.14634730289715       -0.00000000046698
B           -6.39708660466443        2.13944025519276        0.00000000202444
B           -3.16207968093341        1.85085270149035       -0.00000000023666
B           -1.44107546957637        1.90230290211751       -0.00000000067217
B            1.85726605203915        1.80306224768546        0.00000000010777
B            3.55894624886110        1.89518366860846        0.00000000020039
B            7.03008265807620        2.12205365977503        0.00000000031577
B           -7.03461909486930        3.60623202420097       -0.00000000105665
B           -5.38186173759588        3.34960566617477        0.00000000011354
B           -3.84217704181613        3.45380658955887        0.00000000018103
B           -2.32041513413593        3.28243015447821        0.00000000009398
B           -0.46287251257938        3.10340959230886       -0.00000000009504
B            1.05583263763959        3.34865399758960       -0.00000000017376
B            2.61995529446922        3.30312494898733       -0.00000000015715
B            4.33883140657883        3.20756799459370        0.00000000018825
B            5.93384861479813        3.37833448737517        0.00000000028557
B            7.52177007618513        3.66248766809446        0.00000000024008
H            6.56362845984299        4.55231500769367        0.00000000027674
H            8.42091764191931       -1.47271174207985       -0.00000000044457
H            8.21530645472175        2.36494971965585        0.00000000008326
H           -8.53058931713929       -2.54946431577977       -0.00000000400075
H           -7.56521162932859        4.65221056314987       -0.00000000010923
H            9.33045531084422        0.65348987314088       -0.00000000066378
H           -9.19070612048687       -0.66581020709034        0.00000000008688
H            7.81434534307401       -5.13999366845970        0.00000000065358
H           -9.15993762846542        2.12471979202403        0.00000000010487
H            9.43882494965997       -2.86019472091633       -0.00000000132821
H            8.52876872663663        4.30248227388585        0.00000000016967
H           -8.69942789147471       -4.75568059783054       -0.00000000022730
60
 energy: -63.899346113302 gnorm: 0.046126680286 xtb: 6.7.1pre (5071a88)
B           -8.09341556789435       -3.77890591870706        0.00000008464743
B           -4.55711801572783       -3.37356600381620        0.00000000724598
B           -3.08253204266378       -3.55443557136535        0.00000000256333
B            0.76527742980170       -3.50368566127006       -0.00000001211393
B            2.26735433647392       -3.55267889347935       -0.00000000551867
B            6.03395211876271       -3.38081155582237       -0.00000010279577
B            7.35696696132014       -4.08921591517433        0.00000016445877
B           -7.18134088028539       -2.61623022969343       -0.00000000514997
B           -5.60124623526886       -2.25923481672674       -0.00000000668834
B           -2.01310113672236       -2.48676020169340       -0.00000000293709
B           -0.33956681111927       -2.45538741891792       -0.00000000637949
B            3.26619470545342       -2.41932451976720        0.00000000171732
B            4.96842373749676       -2.25692729943706       -0.00000002141514
B            8.28694524752337       -2.79608830442625       -0.00000002574446
B           -8.05416850105630       -0.41677445110777       -0.00000000626064
B           -6.45318520095771       -0.84066158730792        0.00000000015097
B           -4.76939512263841       -0.81304103908137        0.00000000183298
B           -2.89930284313297       -1.02260472087204       -0.00000000071822
B           -1.17396313353242       -1.03200426665747       -0.00000000539443
B            0.46122599378171       -1.01221044948454       -0.00000000430106
B            2.31625426715197       -1.06120683873299        0.00000000083680
B            4.08699865730983       -0.90624748590156        0.00000000355773
B            5.70732195777451       -0.75921715239085        0.00000000514083
B            7.36902289759685       -0.89618193452244       -0.00000000293460
B           -7.02892120955127        0.71686870400563        0.00000000504245
B           -3.74614161623806        0.35090981004014        0.00000000232680
B           -1.99201439594911        0.38453094911989       -0.00000000537597
B            1.35022743292890        0.25027544382451        0.00000000101488
B            3.04670901202366        0.38813807323957        0.00000000418942
B            6.58905001223554        0.56522264178245        0.00000001049182
B            8.17883365074939        0.56313391232468       -0.00000000848918
B           -7.98178761280889        2.20760908569246       -0.00000000497547
B           -6.38336436520542        2.16195823153834        0.00000003610011
B           -3.15978834022016        1.84535555220868       -0.00000000389906
B           -1.43904067131755        1.87581166559976       -0.00000001250090
B            1.84205891909065        1.77081452491459        0.00000000187255
B            3.54038907915685        1.87782161288051        0.00000000458716
B            7.00948333151661        2.14986619161613        0.00000000633036
B           -7.02125077837729        3.62980798946311       -0.00000001848430
B           -5.35838003561337        3.36510026667575        0.00000000155436
B           -3.81802607334985        3.46069367256262        0.00000000277469
B           -2.29728347951977        3.26767575001969        0.00000000108800
B           -0.48080075696681        3.09525583122138       -0.00000000249041
B            1.04264093238401        3.31384115393483       -0.00000000364073
B            2.61254917330022        3.28185631123761       -0.00000000291121
B            4.28904960663248        3.20804846247002        0.00000000378835
B            5.88764765762453        3.40554495934726        0.00000000567698
B            7.43340585002254        3.71071864912339        0.00000000489071
H            6.46168075181558        4.58079730019467        0.00000000558554
H            8.41075535624883       -1.51716853512584       -0.00000001069351
H            8.19937408677669        2.38417273716522        0.00000000192395
H           -8.55584748443320       -2.56992049962506       -0.00000006528983
H           -7.49106251862433        4.71167158737391       -0.00000000163994
H            9.35072793071604        0.69410010497486       -0.00000001184598
H           -9.20515708746014       -0.65020816997229       -0.00000000045177
H            7.81023712615132       -5.17041277102656        0.00000001651612
H           -9.15181375695902        2.18412662401729        0.00000000198125
H            9.49119227002541       -2.90989025461304       -0.00000002646627
H            8.41649990291297        4.38320243153879        0.00000000381562
H           -8.69105571916521       -4.76486676338930       -0.00000000619696
60
 energy: -63.908380213146 gnorm: 0.051954516539 xtb: 6.7.1pre (5071a88)
B           -8.11074703908282       -3.78414166212120        0.00000013821487
B           -4.58074216280809       -3.37135303640971       -0.00000001965736
B           -3.10575555778805       -3.57304745610780        0.00000003851724
B            0.78477360896918       -3.51400696435289        0.00000001547114
B            2.29021592591063       -3.55600348016700       -0.00000002322974
B            6.07340958136934       -3.37976432177834       -0.00000005181586
B            7.38358690221645       -4.12920116854776       -0.00000017133093
B           -7.20245367963696       -2.62041878446295        0.00000004387459
B           -5.62000228612014       -2.24684540304147        0.00000009090654
B           -2.02768625528345       -2.51846169943333        0.00000001460111
B           -0.34819237108382       -2.49816260102211       -0.00000002376841
B            3.31152002503047       -2.44318401091157       -0.00000003928942
B            5.02159181563484       -2.24435238011486       -0.00000001230945
B            8.35122827846982       -2.87704679099667       -0.00000004473968
B           -8.07479216562494       -0.36514084409735       -0.00000007244083
B           -6.49099780811563       -0.82000108803208        0.00000001373510
B           -4.79409025757997       -0.79411015291696        0.00000002836751
B           -2.89943267011720       -1.03300352718876        0.00000000303502
B           -1.17184582620676       -1.06762768556359       -0.00000000143606
B            0.45973594822623       -1.04826247375867       -0.00000001088099
B            2.34582642930975       -1.08869100288288       -0.00000000976208
B            4.11021007442097       -0.91368047848227        0.00000001947613
B            5.73532232016970       -0.74186381580420        0.00000004886008
B            7.39631534609709       -0.83633990709919        0.00000000099312
B           -7.03488476821242        0.75129554104626        0.00000001911335
B           -3.74647214153179        0.34645238642640       -0.00000000753701
B           -1.99037018346483        0.35581675699647        0.00000001632180
B            1.35826245652493        0.21085241875278       -0.00000003620348
B            3.04638852197722        0.36617279780600       -0.00000000787235
B            6.60016976891605        0.60060592836754        0.00000010290103
B            8.20209621290421        0.59057007257739       -0.00000008497700
B           -7.96751138928755        2.27729314339198       -0.00000002705146
B           -6.36361559017997        2.19046398237174       -0.00000000003076
B           -3.15308015797570        1.84286580810949        0.00000001556137
B           -1.43196405674731        1.84339758887391        0.00000008671677
B            1.82958238161696        1.73537765416903       -0.00000003189252
B            3.52251410668147        1.86145214825121       -0.00000000951284
B            7.00160671485284        2.19046728861118        0.00000004275167
B           -7.00695386323717        3.65925664574789        0.00000000816853
B           -5.32931488782116        3.37977707636036        0.00000002270824
B           -3.78692762151798        3.46106315080825       -0.00000001216305
B           -2.26320636485793        3.25937736443594       -0.00000003483626
B           -0.50639354996121        3.09817239966541       -0.00000003015890
B            1.02774843973898        3.27375243561121        0.00000000034594
B            2.60414447838077        3.26916358149357        0.00000001922548
B            4.24130158786238        3.21298474082565        0.00000000221190
B            5.84042640995848        3.43206737900464        0.00000001335836
B            7.36603492899251        3.76776292914100        0.00000001003766
H            6.36789038305494        4.60492556026461        0.00000001057912
H            8.37902552137717       -1.56231562903645       -0.00000002073429
H            8.20404734527255        2.40582924486861       -0.00000000004299
H           -8.59315624149764       -2.59735978220351       -0.00000027939199
H           -7.44016143778641        4.73472878465855       -0.00000001348832
H            9.37098972134827        0.73813678582523       -0.00000004974017
H           -9.21933055281488       -0.63913176721695       -0.00000002970517
H            7.80039914355239       -5.24688540652356        0.00000025649484
H           -9.14076009158017        2.26308934826444        0.00000001140202
H            9.55507903347815       -2.94814418542674        0.00000002631252
H            8.32719409054741        4.46521892643127       -0.00000000354643
H           -8.67941752494018       -4.81078136345720        0.00000003928262
60
 energy: -63.918219546555 gnorm: 0.050397196018 xtb: 6.7.1pre (5071a88)
B           -8.13044899858288       -3.79219582378656        0.00000036355538
B           -4.61280825905906       -3.37980368779013        0.00000014929580
B           -3.13740480354386       -3.58515397780570        0.00000001044887
B            0.80013185282043       -3.51781449188738       -0.00000001602656
B            2.30155515754068       -3.54865410719547       -0.00000002414765
B            6.09993207441698       -3.39652747889985       -0.00000016661555
B            7.39570988189403       -4.15912801724192        0.00000014659812
B           -7.21355133479499       -2.63386407375170        0.00000027236393
B           -5.63599998507966       -2.23977343479096        0.00000007376649
B           -2.04259279314794       -2.54737106408337       -0.00000001978943
B           -0.36571137042879       -2.54127400719458        0.00000001728615
B            3.36055357054723       -2.46945896375606       -0.00000004012402
B            5.06917833797757       -2.24438721888203       -0.00000004128144
B            8.42103886227268       -2.96743016105640       -0.00000015737513
B           -8.08703730639167       -0.32967448508670       -0.00000006738785
B           -6.52540809118515       -0.80442956929493       -0.00000004775587
B           -4.81550682620192       -0.77151388508141       -0.00000000526509
B           -2.89516016416546       -1.04170611431848       -0.00000001165411
B           -1.16783716053226       -1.10413694761028        0.00000003434853
B            0.45615122058863       -1.08359355311601        0.00000000695227
B            2.37448937556620       -1.12482881162264       -0.00000001694718
B            4.13323032341836       -0.92556205740627        0.00000004803980
B            5.75581821337299       -0.71239637959907        0.00000010087383
B            7.41206081260975       -0.76437796393844        0.00000001778194
B           -7.04100141963260        0.77466002208032        0.00000001132289
B           -3.74350642945850        0.34233533015637        0.00000000007804
B           -1.98222400110199        0.32974249213106        0.00000001291829
B            1.36936723516020        0.16499764796444       -0.00000004927344
B            3.05591048256646        0.34433631489671       -0.00000001901128
B            6.60312230170296        0.64474346802934        0.00000015272465
B            8.22007549182152        0.62516048237069       -0.00000005441526
B           -7.95599950584000        2.33750333393424       -0.00000029618474
B           -6.34790560804819        2.20711285762706       -0.00000011867199
B           -3.14531798159055        1.84027111843112       -0.00000000000547
B           -1.42167525724008        1.80636835003979        0.00000000805783
B            1.81721017588713        1.69274763309715       -0.00000001063579
B            3.50290200355914        1.84605159112118       -0.00000007631921
B            7.00313187969452        2.24457303971779        0.00000005910412
B           -6.98432279315175        3.68128103542980        0.00000022057430
B           -5.29275625908832        3.36808980103992        0.00000014308386
B           -3.75287583900034        3.44685357822085        0.00000001630172
B           -2.22362617315709        3.25495461931055        0.00000000253554
B           -0.54001148430318        3.10809863341161        0.00000004462231
B            1.00550832535490        3.22774715453625        0.00000004018292
B            2.58255811591588        3.26245273385092        0.00000000840860
B            4.20176887120197        3.21291374887138       -0.00000005857487
B            5.79145687150640        3.45020044102624       -0.00000000967309
B            7.32512305979972        3.83017355335495       -0.00000000664544
H            6.28667873859916        4.62546790555136       -0.00000000748999
H            8.31269997851144       -1.61049865351153        0.00000001942421
H            8.22443305136528        2.42453024861940       -0.00000001244382
H           -8.63271382880061       -2.63471254934192       -0.00000074441636
H           -7.38118415157431        4.79005212422593       -0.00000001389538
H            9.38516994003759        0.77981819674877       -0.00000010980489
H           -9.22267987077125       -0.63570791342178       -0.00000005585251
H            7.80827449109099       -5.26257473631229        0.00000001555731
H           -9.13618073107667        2.33095022977822        0.00000000959822
H            9.61670099043485       -2.98218673102885        0.00000012892525
H            8.27184075523666        4.53477438919993       -0.00000000454584
H           -8.70195501552319       -4.79916421596061        0.00000012749797
60
 energy: -63.926597170411 gnorm: 0.046745045228 xtb: 6.7.1pre (5071a88)
B           -8.15951120649592       -3.79132164200241        0.00000101428299
B           -4.64967910012813       -3.38205484349225        0.00000027114926
B           -3.17765526747316       -3.58235282284219       -0.00000010800974
B            0.81624110987123       -3.50709994957964       -0.00000000580772
B            2.32515671024652       -3.52440369388318       -0.00000005159671
B            6.13459103644083       -3.39223324626190       -0.00000018479821
B            7.42445900326282       -4.19088537772766       -0.00000035657291
B           -7.21029647849873       -2.64728454029526        0.00000070415724
B           -5.65526495129520       -2.22975996905342       -0.00000027474660
B           -2.05486591110358       -2.56419390611461       -0.00000011488533
B           -0.39071213617281       -2.57583899563284       -0.00000008526151
B            3.40578718550548       -2.48028403339742       -0.00000015301395
B            5.10003137601516       -2.24011082213266       -0.00000004882346
B            8.49596009249552       -3.05064026276559        0.00000037466664
B           -8.09168820985354       -0.30226538827432        0.00000029050911
B           -6.54402520738860       -0.79360725172366        0.00000015117274
B           -4.83299230927635       -0.75607418056645       -0.00000007878426
B           -2.88942656529656       -1.04946044917394       -0.00000000496105
B           -1.16658686183694       -1.13271231019199       -0.00000002448055
B            0.44780133049834       -1.12198867526225       -0.00000003953379
B            2.39497157917868       -1.16061459893375       -0.00000004500779
B            4.15291070964102       -0.92841002407467       -0.00000001532533
B            5.76426195389809       -0.67748156666564        0.00000010464772
B            7.41606587553410       -0.71411074174555        0.00000027225425
B           -7.03466247282321        0.79571588619147        0.00000025785735
B           -3.73725702951045        0.33691003513842        0.00000001756591
B           -1.96729343161026        0.31052762549473        0.00000003325409
B            1.37477931406510        0.11795488066959       -0.00000005525754
B            3.06516960801582        0.32592769889512        0.00000017244872
B            6.60043585392116        0.68791084741503        0.00000011669453
B            8.23109752339331        0.66135041610101       -0.00000002382149
B           -7.94545691233958        2.38122159560967        0.00000019931285
B           -6.33729891448606        2.22403738552151        0.00000011222516
B           -3.14580761627708        1.83617240405389        0.00000003199645
B           -1.41492059452622        1.77672799372004        0.00000016474668
B            1.80113052601255        1.65342848349568        0.00000005534425
B            3.48114472210933        1.83261854376401        0.00000017363706
B            7.00471837658226        2.29900940291630        0.00000001525338
B           -6.95829516946156        3.70744579444831       -0.00000036375868
B           -5.26224820234525        3.35985836561618       -0.00000007863312
B           -3.73142936047699        3.42605508429504       -0.00000006091579
B           -2.19562703947599        3.24836323068947        0.00000004434239
B           -0.56385131393737        3.11346161893550        0.00000012320999
B            0.98092872715376        3.19281121954740       -0.00000003597387
B            2.54831882740741        3.25157424192850       -0.00000013613942
B            4.18376875772400        3.20047431691601       -0.00000013459647
B            5.75611772296292        3.46405969873643       -0.00000003782209
B            7.30084766125143        3.88503527750500       -0.00000002078907
H            6.22722031965187        4.65074756365754       -0.00000001423397
H            8.22874703278616       -1.65640832294784        0.00000001322510
H            8.23515513774075        2.43637235948842        0.00000002113326
H           -8.67709202227473       -2.65736705862584       -0.00000210408382
H           -7.34046726714647        4.81027848345884        0.00000022219720
H            9.39428277274859        0.81545368179502       -0.00000021763055
H           -9.21798042506373       -0.62434007276865       -0.00000009159123
H            7.81385792652273       -5.31767435403736        0.00000022947273
H           -9.12495448774333        2.38258312305876       -0.00000028741936
H            9.68381434126983       -2.99047848195890       -0.00000012194001
H            8.24507913430376        4.58170638176624        0.00000002110610
H           -8.72912678389265       -4.80527505869723        0.00000016835207
60
 energy: -63.934120538540 gnorm: 0.048695266593 xtb: 6.7.1pre (5071a88)
B           -8.19847203857073       -3.77513324586455        0.00000361130777
B           -4.66409558039258       -3.36880609437842       -0.00000014651255
B           -3.18945909227904       -3.57779558481021       -0.00000029394402
B            0.80941033029478       -3.48965525838526       -0.00000093568553
B            2.31548677438902       -3.48262264702431        0.00000012926778
B            6.16916536348582       -3.39844666637985       -0.00000077820562
B            7.45029056439420       -4.20873684154162        0.00000118836450
B           -7.19655175519024       -2.66810902137781        0.00000252761803
B           -5.67650452003589       -2.21437438403589       -0.00000165729748
B           -2.07039375239426       -2.57423363571790        0.00000039939164
B           -0.42179588165476       -2.60788086182044       -0.00000045830254
B            3.46348179640741       -2.48993829949177        0.00000034733605
B            5.13832681604123       -2.24285628677300       -0.00000084054911
B            8.56713118924621       -3.11601236348149       -0.00000046209439
B           -8.09155756410133       -0.28369791071670        0.00000033638561
B           -6.55158849192124       -0.78764093359962        0.00000122624884
B           -4.85110820527744       -0.74554292793049       -0.00000022928356
B           -2.88634160453335       -1.05823307791021        0.00000030978905
B           -1.17003813879065       -1.15616319073115        0.00000059813076
B            0.44054343669346       -1.17112755489045        0.00000015616550
B            2.41606955557008       -1.20651622687930        0.00000001807708
B            4.18198884505347       -0.93345948620844       -0.00000048617674
B            5.77383180318580       -0.64432954646742       -0.00000043084518
B            7.42050341242501       -0.68330935484799        0.00000063351072
B           -7.02975474665677        0.81242713914860        0.00000036955156
B           -3.72945716594239        0.32831117424084        0.00000052524364
B           -1.94787139903201        0.29463260159343       -0.00000004088217
B            1.38430231525181        0.06024547705990        0.00000007866549
B            3.07709477457895        0.29600591645493        0.00000029469554
B            6.60096676708829        0.72690927249107        0.00000031068653
B            8.24023006710473        0.70053164261735        0.00000052054371
B           -7.94309197462864        2.40955333698608       -0.00000089494442
B           -6.34028553626978        2.23540013084303        0.00000095979790
B           -3.15756110440876        1.82926935451886        0.00000042771128
B           -1.41420600231012        1.75850275230760       -0.00000104898827
B            1.79049237702672        1.60790701536315        0.00000032774698
B            3.46479007224687        1.81082379751093        0.00000067173729
B            7.00432940738019        2.34939142351918        0.00000017624422
B           -6.92876423632193        3.73213909778083       -0.00000006349324
B           -5.24405931986353        3.35378129385392       -0.00000015800257
B           -3.72385483404446        3.40571648760229        0.00000002564676
B           -2.18574295949627        3.23753593761408        0.00000013143353
B           -0.57179822212606        3.10730983635988       -0.00000003226181
B            0.96540547407904        3.16244555598156       -0.00000021466424
B            2.51511520609512        3.22170058163511       -0.00000050342031
B            4.17738015787331        3.17104756096410       -0.00000018809700
B            5.73225536271107        3.47589846469437       -0.00000009208721
B            7.27966736966262        3.93633474814760       -0.00000010225065
H            6.17983209859506        4.68550783407737        0.00000007258498
H            8.14635880320333       -1.68887061972060        0.00000042213448
H            8.23024404350239        2.44785558940470        0.00000005089897
H           -8.73721244966692       -2.66352571989479       -0.00000697730227
H           -7.29040684426647        4.85638599292963       -0.00000021768430
H            9.40457511511267        0.84475210755559       -0.00000066097740
H           -9.21162462484547       -0.60816852682444        0.00000050725891
H            7.81872401656586       -5.33344932452271       -0.00000038722681
H           -9.11646982063483        2.41519495007437        0.00000031032691
H            9.74097510143801       -2.98785467696387        0.00000019820655
H            8.22872983246667        4.62573634398251        0.00000015944753
H           -8.75925138351322       -4.81370214812212        0.00000027902315
60
 energy: -63.942699078395 gnorm: 0.063189066378 xtb: 6.7.1pre (5071a88)
B           -8.25718998962464       -3.74967426602993        0.00000669252084
B           -4.70614786050650       -3.36504594970168        0.00000234605381
B           -3.23489000379507       -3.57090015855825       -0.00000125290276
B            0.84913215919729       -3.44887265804943       -0.00000047062054
B            2.35359722304686       -3.42797247849618        0.00000024113486
B            6.21027123858660       -3.39686716278525       -0.00000146163395
B            7.48858682884485       -4.22337440754675       -0.00000177882376
B           -7.16531248868997       -2.70560250329653        0.00000794386717
B           -5.69042497754578       -2.19691032750892       -0.00000512276316
B           -2.09000427210536       -2.58466038698490       -0.00000093707626
B           -0.45369442190897       -2.64204322241660        0.00000038172654
B            3.52608760046609       -2.49344390439626        0.00000081733437
B            5.17798632601659       -2.24108575862506       -0.00000224226440
B            8.64179752767944       -3.17534404279718        0.00000177289597
B           -8.07935793034242       -0.27891915964630        0.00000088713479
B           -6.54575457165231       -0.78609302532984        0.00000543093047
B           -4.86699188874338       -0.74012385272988       -0.00000113040889
B           -2.88404591280164       -1.06971529423479        0.00000025809464
B           -1.17881977171788       -1.17814465401002        0.00000003954975
B            0.42937272708495       -1.22544503399838        0.00000048181711
B            2.43183975438122       -1.25564530590891        0.00000002027321
B            4.21275462703582       -0.93276499564794       -0.00000265999739
B            5.78364822650173       -0.60903789719404       -0.00000096681919
B            7.42923774181737       -0.66286896707837        0.00000310182703
B           -7.02200353931282        0.82663338293230        0.00000213033018
B           -3.72125593669086        0.31574448951375        0.00000137220057
B           -1.92598559625834        0.27771705316910       -0.00000194826952
B            1.39193017096880        0.00068999830926        0.00000308112801
B            3.08087787828220        0.25950335848945        0.00000106407502
B            6.60698732742975        0.76328964314178       -0.00000140856128
B            8.24913870864817        0.74133131665566        0.00000023910000
B           -7.93778167474754        2.42836712471217        0.00000029630666
B           -6.34515220362892        2.24958301596577        0.00000375646564
B           -3.17909291422447        1.82189676269792        0.00000029621339
B           -1.41714290338118        1.74877073587444       -0.00000748351314
B            1.78594983959641        1.56071453184285        0.00000227158281
B            3.45289769455557        1.78284875197979        0.00000347711900
B            7.00530460540783        2.39425133593229       -0.00000014214630
B           -6.90011159965944        3.75930802061778       -0.00000291091247
B           -5.24286555807238        3.36687664517412       -0.00000033333428
B           -3.72634465914470        3.39095859819397        0.00000117523832
B           -2.18862077165641        3.22339902450509        0.00000151441591
B           -0.57600034330342        3.09893147403471       -0.00000007431269
B            0.95481507532952        3.13685159667045       -0.00000044741586
B            2.49023652406855        3.17679958410907       -0.00000259688077
B            4.17685794494151        3.13337448878456        0.00000049743643
B            5.71773342742454        3.48600188785887       -0.00000000502368
B            7.25934181214154        3.98506915852380        0.00000013350386
H            6.13901229777919        4.72207275454615        0.00000009606027
H            8.06151359020037       -1.70600577178618        0.00000111164092
H            8.21529456122636        2.45717874894131        0.00000037992100
H           -8.81828177111004       -2.66868242925508       -0.00002106200106
H           -7.25831342528637        4.86969958714581       -0.00000007867973
H            9.41728637687352        0.86925177607920       -0.00000166543404
H           -9.19894363977120       -0.59296517265757        0.00000152146915
H            7.81084135821874       -5.38324749634170        0.00000095869654
H           -9.10396938509242        2.43759051061183        0.00000016812195
H            9.79973675999700       -2.96362721620314       -0.00000056281432
H            8.21508387537128        4.67119720512413        0.00000072541255
H           -8.82227279834515       -4.76175806292227        0.00000206101058
60
 energy: -63.954375843826 gnorm: 0.067540261059 xtb: 6.7.1pre (5071a88)
B           -8.31506437740802       -3.70813988555330        0.00001363641534
B           -4.74872279995062       -3.36759966604570        0.00000282720279
B           -3.28555464751243       -3.56783824362830       -0.00000216285552
B            0.84544995918342       -3.40344717106887        0.00000145673397
B            2.35592125385678       -3.35308031188263       -0.00000083940749
B            6.25854347303455       -3.40085883415431       -0.00000422705501
B            7.53341862743161       -4.23587290554379        0.00000197070892
B           -7.12186528284351       -2.75557069222828        0.00002252330487
B           -5.69164372083829       -2.17201123176152       -0.00001436748093
B           -2.11361201781765       -2.59437397279310       -0.00000373560401
B           -0.47879846456363       -2.67033896624189        0.00000397042703
B            3.59053844704386       -2.50107615129311        0.00000145844978
B            5.22465537323105       -2.23785830385637       -0.00000425386739
B            8.69719356206213       -3.22413084298015        0.00000049982294
B           -8.06286368786708       -0.28558673001946        0.00000368450175
B           -6.53423716001443       -0.77847668190092        0.00001638191694
B           -4.88239904167940       -0.73099890355348       -0.00000278065407
B           -2.88280580324577       -1.07782958705697        0.00000085874356
B           -1.18948188703585       -1.19328851929326       -0.00000145616664
B            0.41948945169633       -1.27484784038457        0.00000190796391
B            2.44571206811665       -1.30461080035857        0.00000057996842
B            4.24678813582590       -0.93192191892498       -0.00000768097398
B            5.79786583039600       -0.57932001502775       -0.00000222661770
B            7.44858756448896       -0.64731444139897        0.00000604762770
B           -7.02480048616817        0.84298590187897        0.00000361357864
B           -3.71131184657894        0.30640740023120        0.00000200325230
B           -1.90301015100112        0.26224145166094       -0.00000751866469
B            1.40103739893839       -0.05316255041688        0.00001071374712
B            3.07511404372060        0.21672581105481        0.00000242697821
B            6.62310747812903        0.79069218764721       -0.00000543262324
B            8.26090570721367        0.77762225746274        0.00000020371340
B           -7.93347582409759        2.44496811385615       -0.00000016278399
B           -6.35189746972101        2.26178839296781        0.00001078440758
B           -3.20481081663187        1.82020116530088        0.00000042253743
B           -1.41977160324666        1.74633900306237       -0.00002275577689
B            1.79391136661819        1.51592679627209        0.00000829053038
B            3.45132875553648        1.75122465226230        0.00001011755185
B            7.00863747479348        2.42379374751200       -0.00000072452665
B           -6.86962053910492        3.78620100833195       -0.00000594502492
B           -5.25328782174409        3.39290265591529       -0.00000065696716
B           -3.73236971095222        3.39159326119756        0.00000329966906
B           -2.19711260584374        3.20696328882003        0.00000655272874
B           -0.57954969844508        3.09238108298277       -0.00000103091793
B            0.94863543352678        3.11415075123372       -0.00000183457681
B            2.48446130196828        3.11929825401352       -0.00000837125477
B            4.18130620204531        3.09757225728051        0.00000226770349
B            5.71593233822667        3.49313763990021        0.00000038974185
B            7.23836612741107        4.02202082573948        0.00000073666387
H            6.10731945319010        4.75137941905089       -0.00000026126101
H            7.99193845509447       -1.71118383593513        0.00000300378810
H            8.19642041740865        2.45902667601906        0.00000117849120
H           -8.93514458960252       -2.67857420122800       -0.00005294492363
H           -7.22695067990839        4.89256173969766       -0.00000055964314
H            9.43381656273582        0.89343706268339       -0.00000490144073
H           -9.18873240510791       -0.58555483043780        0.00000417160454
H            7.81473141881766       -5.39584611186758       -0.00000005563566
H           -9.09596845056431        2.45486550789719        0.00000174407351
H            9.83039036047775       -2.93805075780678       -0.00000040677084
H            8.19747535703057        4.71102365988927        0.00000252113852
H           -8.85575680975489       -4.76160606717950        0.00000504778699
60
 energy: -63.969746387518 gnorm: 0.074259115628 xtb: 6.7.1pre (5071a88)
B           -8.36848238876170       -3.65151688849882        0.00000564842895
B           -4.76985048114804       -3.38858989960716        0.00000457051892
B           -3.29842052166589       -3.59026204231150       -0.00000745211505
B            0.86119964128781       -3.34061337591047        0.00000462538759
B            2.37068710808699       -3.26116183589377        0.00000029848062
B            6.29291062222931       -3.40140827508828       -0.00000045777627
B            7.56660058064481       -4.24428080693347       -0.00000236988358
B           -7.05117797039738       -2.83177876109182        0.00005017182297
B           -5.66757462355448       -2.14143349257851       -0.00003215515191
B           -2.16136185085961       -2.60730701614434       -0.00000473602302
B           -0.51269899388790       -2.69893344576047        0.00001112437530
B            3.65262758072745       -2.50889700851260        0.00000074406409
B            5.27364615808987       -2.22181294055567       -0.00000813345880
B            8.73793233255137       -3.26343527938061        0.00000118383441
B           -8.04237107848520       -0.31648382101641        0.00000941504162
B           -6.51806069731995       -0.76014021198677        0.00003898653183
B           -4.89758949525031       -0.71148963352378       -0.00000703934606
B           -2.88732513076634       -1.07711943684946        0.00000494862181
B           -1.21177207108384       -1.20416933982584       -0.00000125059738
B            0.40047600825970       -1.31400441575226        0.00000277214478
B            2.44869829060261       -1.35144235075541        0.00000027023050
B            4.27884510037098       -0.92273767736615       -0.00001755295222
B            5.81517339649776       -0.55764893665990       -0.00000339795069
B            7.48569336406191       -0.63475614440889        0.00001146212520
B           -7.04693216662129        0.85974355849043        0.00000344337302
B           -3.70202291603325        0.30757098104667       -0.00000203876804
B           -1.88233610138822        0.24915525024829       -0.00001749138508
B            1.40156327635802       -0.09400189584810        0.00002014383668
B            3.04342033929317        0.17217327514942        0.00000411139710
B            6.65154506504258        0.80224733166812       -0.00000989122482
B            8.27684560708194        0.80599481751795       -0.00000006679639
B           -7.93091520988751        2.45548668109961       -0.00000038982871
B           -6.35779727528482        2.26520157956143        0.00002060360836
B           -3.23459205072101        1.83111203137363        0.00000278089457
B           -1.42032177580819        1.74786008831592       -0.00004277773707
B            1.81369797575312        1.48021571383410        0.00001639078747
B            3.45746295951514        1.72039901698569        0.00002016272661
B            7.01467839012769        2.42827965758311       -0.00000182432093
B           -6.83740410479665        3.80690973158216       -0.00000967632092
B           -5.26850560644982        3.42351257634706       -0.00000153263935
B           -3.73998200424807        3.41223774915288        0.00000793876046
B           -2.20713317318868        3.18780288623496        0.00001811093120
B           -0.58435162477421        3.09248139941424       -0.00000477132546
B            0.94596650964255        3.10014574306707       -0.00000339223812
B            2.49944717722517        3.05541675218988       -0.00001778632972
B            4.18336480308796        3.07364287175093        0.00000342311300
B            5.72600030019892        3.49272548282673        0.00000024303026
B            7.21514724574754        4.03926258235773        0.00000142877520
H            6.08535474501501        4.76076753306935       -0.00000167423446
H            7.94842187372026       -1.69757473534707        0.00000547471433
H            8.18093122808438        2.44837690049497        0.00000205357083
H           -9.10214469446732       -2.71470299402208       -0.00009977279717
H           -7.20621194501821        4.91908702886744       -0.00000154570015
H            9.45361917379210        0.91889840018673       -0.00000880436338
H           -9.18223971635537       -0.59151097730219        0.00000989445595
H            7.78968043894445       -5.41543431616329        0.00000220513625
H           -9.09422098208250        2.47113951066778        0.00000326210700
H            9.84145329627085       -2.89341401090910       -0.00000147161874
H            8.17122084282557        4.73941457330835        0.00000537762800
H           -8.87213578083112       -4.74013873838837        0.00001618242846
60
 energy: -63.981311309449 gnorm: 0.079275605091 xtb: 6.7.1pre (5071a88)
B           -8.37946497291694       -3.61015866901759        0.00000252123122
B           -4.83538686409935       -3.43246040736458        0.00000031564807
B           -3.36275734336065       -3.60243955803874       -0.00000417152800
B            0.83628689537938       -3.31485011878062        0.00000793765566
B            2.34057135581037       -3.18498268649106        0.00000733759570
B            6.31708532821372       -3.39613306557759       -0.00000698968101
B            7.57962174878425       -4.25620741631115        0.00000654945895
B           -7.01286390501687       -2.88044456980094        0.00005894715233
B           -5.65533812206847       -2.13409305929504       -0.00003921095531
B           -2.18486163585753       -2.62692599707785       -0.00000117264106
B           -0.52232876962647       -2.71795535572324        0.00001645095090
B            3.70630567304044       -2.52446033231874       -0.00000232072532
B            5.32757464722461       -2.19891022331372       -0.00000396992085
B            8.75756384566449       -3.28985063501484       -0.00000310995479
B           -8.04058050343363       -0.31782396734682        0.00001598565490
B           -6.51824034283098       -0.73260912001810        0.00005798094045
B           -4.89801924581832       -0.69690260606348       -0.00001237744974
B           -2.87825033850924       -1.07435676304723        0.00001009867604
B           -1.21226638281925       -1.21664116415492        0.00000033096672
B            0.39775525624185       -1.32876991620089        0.00000296598913
B            2.46168280447501       -1.38886999867600       -0.00000247096910
B            4.31048494575964       -0.91725530889544       -0.00002199691297
B            5.84278412470358       -0.54997839135122       -0.00000340818686
B            7.53066359024856       -0.59834748559414        0.00001022884300
B           -7.06511256796192        0.88084548997421        0.00000200975226
B           -3.69316903337984        0.30922445940209       -0.00000916959494
B           -1.87099236836414        0.23740368077483       -0.00002917915362
B            1.40524710451520       -0.12015770782035        0.00002214326167
B            3.01801772359629        0.13902901207534        0.00000574517541
B            6.68106918304736        0.80582527082328       -0.00001151265973
B            8.30215369529596        0.82243151755369       -0.00000011135158
B           -7.92491777521560        2.47091098841498        0.00000310314955
B           -6.35082414176148        2.27758966332561        0.00002420793690
B           -3.24885082324039        1.84515505546530        0.00000439316216
B           -1.41756184107826        1.73676225014398       -0.00005615980417
B            1.83082019135435        1.45127084746395        0.00002007442363
B            3.46508952686479        1.69594038258271        0.00003044619038
B            7.01972279354837        2.42331578055562       -0.00000325572467
B           -6.83214077707985        3.82030809484833       -0.00001078912451
B           -5.25889901263739        3.43626114501427       -0.00000277650959
B           -3.73236414297887        3.43608868708645        0.00001204823272
B           -2.20323297596610        3.17348447721541        0.00003073429349
B           -0.59054853956980        3.09037155378355       -0.00001023054487
B            0.94656721716245        3.07687579518943       -0.00000714487118
B            2.51425412081559        3.02235730610150       -0.00002488681545
B            4.16133749500058        3.06903524844507        0.00000497125801
B            5.71989040196688        3.48995558740478        0.00000018235735
B            7.18496597699725        4.04890774178449        0.00000216367850
H            6.05478345822864        4.75587779807290       -0.00000243430823
H            7.96226956605163       -1.69522225405284        0.00000692972013
H            8.19664570887983        2.44576359173237        0.00000266618575
H           -9.23201343615436       -2.76030520514626       -0.00013463595118
H           -7.21787132858925        4.91205316620488       -0.00000171107535
H            9.47597161589291        0.95054376907442       -0.00001149559260
H           -9.18426532149778       -0.59331796592671        0.00001773651394
H            7.76527879185032       -5.42023699431304       -0.00000124624732
H           -9.09336074651169        2.49728342986554        0.00000157698150
H            9.84610299920108       -2.86533951927709       -0.00000097725080
H            8.12652338899584        4.76649776185365        0.00000800573709
H           -8.84022891646667       -4.72230209022233        0.00002212673114
60
 energy: -63.989186443138 gnorm: 0.072342166021 xtb: 6.7.1pre (5071a88)
B           -8.39047309994914       -3.56935571908894       -0.00001492548255
B           -4.88316895217112       -3.46506321566516       -0.00000676870074
B           -3.40248652721903       -3.61565135462435       -0.00000184156007
B            0.89511677828305       -3.27197357934068        0.00001461371872
B            2.39761729947005       -3.16126824432536       -0.00000011476648
B            6.34226545174841       -3.38072172203498       -0.00000698564197
B            7.59086635058635       -4.25193012352554        0.00000314657391
B           -7.00447506412054       -2.89974911144340        0.00004797788687
B           -5.65771928752778       -2.13429734724477       -0.00003514223045
B           -2.22192580161741       -2.64397630304782        0.00000616042118
B           -0.55379404808332       -2.73294933114828        0.00002309910257
B            3.72663633737601       -2.53436933811582       -0.00000727202026
B            5.35191021866514       -2.18118776827909       -0.00000024834346
B            8.75844435526024       -3.27364037586369       -0.00000354539828
B           -8.05579870099928       -0.30812252559841        0.00002494507875
B           -6.52702112532632       -0.70186271765127        0.00007105386969
B           -4.89475872008396       -0.67951514564094       -0.00001558940382
B           -2.87898360916896       -1.06489705096710        0.00001683495922
B           -1.22193609160804       -1.23199677043422        0.00000375532902
B            0.38382842317133       -1.33336900480001        0.00000791498921
B            2.45660272203158       -1.41888406570455        0.00000092143944
B            4.32302413260950       -0.91575121004895       -0.00002185943928
B            5.85962282845306       -0.56372116976367       -0.00000475511051
B            7.56773999363374       -0.57343923680780        0.00000718284802
B           -7.08405786719982        0.89647701605791       -0.00000145793180
B           -3.69157826989592        0.32337408631158       -0.00001706883453
B           -1.87466209155893        0.23538431224365       -0.00004485207113
B            1.39464700154799       -0.13547512065546        0.00002441968162
B            2.99571367617868        0.11379009212574        0.00001118717948
B            6.69969488676102        0.78913723421876       -0.00001074415978
B            8.32498445186561        0.82625450283446       -0.00000125839340
B           -7.92656331993645        2.47346584682553        0.00000312819872
B           -6.34502202071214        2.28679698070154        0.00002143023450
B           -3.25516151577311        1.86584917306693        0.00000326444421
B           -1.41596815298920        1.72516097926903       -0.00007241375873
B            1.84255616963351        1.42462795625194        0.00002349778692
B            3.47467149290353        1.66680795695244        0.00004363208085
B            7.02168913222954        2.40404853710351       -0.00000466996899
B           -6.84759978597136        3.81779424844890       -0.00000770592701
B           -5.24068150959431        3.42717177932839       -0.00000210641822
B           -3.72063393394213        3.46306552589573        0.00001692894846
B           -2.19847657995733        3.17027792856371        0.00004503944268
B           -0.58279313524194        3.08047538208343       -0.00001513906589
B            0.95273186581195        3.04739070475783       -0.00001508790886
B            2.52335593610587        3.00957815401728       -0.00003392211682
B            4.13961330489395        3.06293613438893        0.00000685518717
B            5.70638358194856        3.47225073855125       -0.00000077628127
B            7.16861801688194        4.03955281631367        0.00000273163392
H            6.04130124096767        4.73410834214132       -0.00000413461684
H            8.02334252805853       -1.66219146224147        0.00000985199072
H            8.22614127367035        2.44840243766381        0.00000225574735
H           -9.33043088362568       -2.79203958190178       -0.00014969668259
H           -7.24260455450079        4.93856208373831       -0.00000000424200
H            9.49318770680166        0.97889902988158       -0.00001288511932
H           -9.19260925450857       -0.59898534823063        0.00002828383840
H            7.75702989306374       -5.40339830188644       -0.00000139929291
H           -9.09762119214557        2.52240949652004        0.00000292520310
H            9.83108067109310       -2.85517923696956       -0.00000140926223
H            8.09520590791779        4.77060727743482        0.00001053211007
H           -8.79823953419515       -4.74063427064178        0.00003221022532
60
 energy: -63.994910126666 gnorm: 0.046934382774 xtb: 6.7.1pre (5071a88)
B           -8.44509820646387       -3.56039511162059       -0.00003304043603
B           -4.89771991762538       -3.47548897329363       -0.00001337307920
B           -3.40376575181423       -3.61174116906648       -0.00000649691351
B            0.85111455589261       -3.25922269932567        0.00002125955993
B            2.36205778359742       -3.13041554954874       -0.00000278973088
B            6.38059729168831       -3.34798182568157        0.00000389675488
B            7.62172963981845       -4.25163880870615       -0.00001150417477
B           -7.00060317694712       -2.91559018722344        0.00002955291254
B           -5.66219442616437       -2.13542830632044       -0.00002516858349
B           -2.24671526391437       -2.64996599927071        0.00001638520596
B           -0.58829097045651       -2.73654757116299        0.00003059732458
B            3.75460023287683       -2.54278266687032       -0.00001431187017
B            5.37147157964839       -2.16932226377677       -0.00000528331679
B            8.78748114304239       -3.25696711481210        0.00000236667180
B           -8.06171387515586       -0.30184968907275        0.00003434688432
B           -6.52844791158325       -0.68960957424337        0.00007599325517
B           -4.88856574836821       -0.66687653485899       -0.00001430773045
B           -2.87919321114540       -1.05747430124568        0.00002449043667
B           -1.22800123144699       -1.24530960176126        0.00000947107469
B            0.37339325165951       -1.34316587126594        0.00001576745570
B            2.46107903786811       -1.45028617553083        0.00000591173315
B            4.34029409528982       -0.91717481493467       -0.00002280022567
B            5.87787403267968       -0.57501795193475       -0.00000844284300
B            7.59708064112318       -0.56055705833088        0.00000577840950
B           -7.07967085182231        0.89892052573537       -0.00000384733296
B           -3.69066307509800        0.33864341832628       -0.00002500828946
B           -1.88207994296338        0.23810587213215       -0.00006298758020
B            1.39102584060899       -0.15943492343718        0.00002914052194
B            3.00317367774320        0.09423572154211        0.00002009565843
B            6.71060845879371        0.77982820067199       -0.00000855033550
B            8.35165510151268        0.83887241874555       -0.00000467468037
B           -7.92354316910138        2.46466271562831        0.00000504281715
B           -6.33464492148558        2.29579104308730        0.00001684754174
B           -3.26136737014141        1.88527023745935        0.00000043889859
B           -1.41943550569039        1.71504442151832       -0.00009735066527
B            1.84589676529568        1.39049701382545        0.00002782688993
B            3.47945144811780        1.63781325257326        0.00006079326517
B            7.02251404628888        2.40378376374049       -0.00000575822734
B           -6.86839335983130        3.80835938806685       -0.00000635368593
B           -5.22666513065644        3.41575999437981       -0.00000005493543
B           -3.71126303652812        3.48001029805929        0.00002569905045
B           -2.19234090347047        3.17792831963091        0.00005883467848
B           -0.57352641833021        3.06843367308397       -0.00001758098870
B            0.95437800495354        3.00551795250321       -0.00002528651540
B            2.51303633144377        3.00711879270964       -0.00004591596361
B            4.12999707613186        3.04537157748581        0.00000852652991
B            5.68011886269042        3.45300053464882       -0.00000311081327
B            7.15754270738158        4.04140531120019        0.00000334981990
H            6.02594548086430        4.71881837880121       -0.00000687509983
H            8.08313624165865       -1.62417552780981        0.00001210919091
H            8.24948608977359        2.46595456199878       -0.00000056920820
H           -9.36859221794578       -2.82034469478449       -0.00015472293243
H           -7.27501740813776        4.92828190988614        0.00000207033400
H            9.51544931932721        1.01044112129226       -0.00001311122236
H           -9.18286196283310       -0.61316838992759        0.00004241076860
H            7.74624248918458       -5.46655667888951        0.00000160364505
H           -9.09262010274837        2.53801181085748        0.00000520496388
H            9.87345386233223       -2.79874760270294       -0.00000343274368
H            8.07457789939578        4.77639006066603        0.00001327829297
H           -8.84508892081344       -4.66997365284599        0.00003361957774
60
 energy: -64.002301420068 gnorm: 0.025408816879 xtb: 6.7.1pre (5071a88)
B           -8.44287228165398       -3.57934883536928       -0.00004040603053
B           -4.93299870664510       -3.44932709682093       -0.00001970972422
B           -3.44298611703134       -3.59718292484127       -0.00000222117441
B            0.85292451230146       -3.25769538976960        0.00000689333857
B            2.36897364118842       -3.14148286004843       -0.00000516457857
B            6.39351792908086       -3.35148447988412       -0.00000299319169
B            7.62424968226156       -4.25656849946067        0.00002506966715
B           -7.03939608246692       -2.87014503184217        0.00003037949514
B           -5.69117117107642       -2.10713816354092       -0.00006219250669
B           -2.25343426079712       -2.65410731800669        0.00002949531302
B           -0.58903523148176       -2.74807030549367        0.00003016822910
B            3.75415382004211       -2.54808097590610       -0.00002622896542
B            5.37599478733323       -2.17832028331073       -0.00000681742612
B            8.79273457426548       -3.27012693387418       -0.00000512430093
B           -8.06612708431346       -0.27616204678865        0.00004603533341
B           -6.53259338378879       -0.66378499753265        0.00010010786322
B           -4.89599716984155       -0.65640938247443       -0.00000121850461
B           -2.88981972721361       -1.06355567719863        0.00004241094485
B           -1.23781469243327       -1.25631839516924        0.00003424412467
B            0.36067455537695       -1.35107194744325        0.00002308216976
B            2.46143322404486       -1.45943863944746        0.00000339875862
B            4.34872987626733       -0.92088801052486       -0.00002046213984
B            5.89106676933541       -0.57797163006030       -0.00000812454220
B            7.61579903684469       -0.55088890858152       -0.00000049177613
B           -7.08042043011010        0.91885600078614       -0.00000255323104
B           -3.69042906776531        0.34228071896009       -0.00002804412808
B           -1.88779969161677        0.22821900445943       -0.00008331399371
B            1.38875952177839       -0.17262202482062        0.00003091263933
B            3.00810629490107        0.08174679795593        0.00003277780292
B            6.71502403865297        0.78656724080439        0.00000280449276
B            8.36069619744985        0.86110689491839       -0.00000030994297
B           -7.92296601034395        2.48042593872844        0.00001403839337
B           -6.33337058173144        2.31037274569546        0.00001425890134
B           -3.26826448833313        1.89205130278490        0.00000667787494
B           -1.42460835950335        1.70997775259084       -0.00012125545285
B            1.84134481461405        1.37324427433006        0.00002293262830
B            3.47394655789123        1.62207012867091        0.00007119004408
B            7.01508640921528        2.41200843926859        0.00000185732761
B           -6.86372437598609        3.82157805101187       -0.00000376248618
B           -5.22279252528533        3.42978437481585        0.00000030367666
B           -3.70465984332513        3.48902412359066        0.00003418000127
B           -2.18679845813435        3.17787206626099        0.00005680414713
B           -0.57319579043190        3.05685960760217       -0.00002818338944
B            0.95576006531502        2.98686991429327       -0.00003126410687
B            2.51203712498761        2.99368489589130       -0.00006897522340
B            4.13220202578012        3.02330685568663        0.00002478635674
B            5.67119186832166        3.44430416804992        0.00000006483642
B            7.14461050504476        4.03803393841459        0.00000682806460
H            6.02225745400067        4.70680820340336       -0.00001091129447
H            8.17288853891347       -1.58960894675511       -0.00000718385039
H            8.23393170811900        2.49643341729376       -0.00000310466336
H           -9.41532131636642       -2.89635757404575       -0.00019912701719
H           -7.26449098580635        4.93108315815732        0.00000487952490
H            9.52718912056884        1.02862216881046       -0.00001163178099
H           -9.18292448633759       -0.60140774840507        0.00004955395265
H            7.74472308057617       -5.44801285663303       -0.00001919681271
H           -9.09228848146656        2.55161311489800        0.00001350461920
H            9.87737392585221       -2.82545394331781        0.00000161588789
H            8.05989543820823        4.77614047614107        0.00000504492537
H           -8.74059729724572       -4.73285294690755        0.00005367089983
60
 energy: -64.008006279714 gnorm: 0.021839352941 xtb: 6.7.1pre (5071a88)
B           -8.43829397860648       -3.59346769948378       -0.00002696047004
B           -4.97435382478949       -3.41049777276321       -0.00004217015187
B           -3.48963156858430       -3.57200024807943       -0.00000937079673
B            0.85786957767814       -3.25179717730217        0.00001512936087
B            2.38028278556866       -3.16120371033853       -0.00003450487053
B            6.42679084275925       -3.33908998786177        0.00006785668184
B            7.63787740093678       -4.26123264246538       -0.00014058478696
B           -7.08908789049292       -2.79656603147102       -0.00004402107172
B           -5.72473185171898       -2.06543139499037       -0.00005868364436
B           -2.26286715189378       -2.66279510298903        0.00004699305165
B           -0.59193655931713       -2.76668354848868        0.00004428277946
B            3.75764112641595       -2.55496912539258       -0.00004507057126
B            5.38593874387142       -2.18573968995871       -0.00002277116261
B            8.81819074619268       -3.29333732342702        0.00009787989646
B           -8.07703756905083       -0.24868675305276        0.00005852083760
B           -6.53584756132288       -0.62641121485813        0.00014394328284
B           -4.90227851225064       -0.64068443189033       -0.00000463569439
B           -2.90724196265479       -1.07225795239547        0.00007473610363
B           -1.25557229098982       -1.27462293313293        0.00007648207455
B            0.33867176150911       -1.36375359726841        0.00002576695319
B            2.46217409682626       -1.47644552825173       -0.00000465014511
B            4.36387423312646       -0.92345977940272       -0.00002662560500
B            5.90969503960216       -0.57916720388013       -0.00000417067243
B            7.62889869574998       -0.54208625624166       -0.00002655501737
B           -7.08859364394670        0.94332884860650       -0.00001215317032
B           -3.68827954931411        0.34955988873536       -0.00001798566924
B           -1.89660834819018        0.21321444031312       -0.00011615936989
B            1.38557328192630       -0.19708854302107        0.00003910476211
B            3.01555020997358        0.05942457418490        0.00005827593011
B            6.72012468534993        0.79682307581051        0.00003418574555
B            8.36590725377741        0.88877146272465        0.00000137061383
B           -7.92328277977476        2.50335062868123        0.00002951560400
B           -6.33345830437621        2.32901370626023       -0.00000197504723
B           -3.28528942423053        1.90478305307548        0.00001720050952
B           -1.43685506747935        1.69997347741749       -0.00019806135305
B            1.83339486841698        1.34442000177177        0.00003106320075
B            3.46486261055961        1.59853621424147        0.00012057677845
B            7.00906161955922        2.42325356196758        0.00001337757294
B           -6.85637788675139        3.84066583855371        0.00000451147303
B           -5.21713326711910        3.44727066379290       -0.00000340344404
B           -3.69756176073634        3.50348133892173        0.00005290812119
B           -2.18068898322584        3.17678421907566        0.00007068263743
B           -0.57422139404962        3.03734579706684       -0.00004980380075
B            0.95636283477324        2.95502199214014       -0.00007149127372
B            2.50916236642566        2.97347385822028       -0.00008662605835
B            4.13352793067283        2.99117362858416        0.00002412919002
B            5.66024734966243        3.42943054441523        0.00001954447293
B            7.12703243136038        4.03794541099938        0.00000549853598
H            6.01553410052386        4.69003193684806       -0.00001662553820
H            8.26595311832044       -1.54696449629055       -0.00002460309753
H            8.21893304734779        2.53451841191441       -0.00001456077461
H           -9.49159238417266       -3.01351865598519       -0.00027269950604
H           -7.24844273835678        4.94217644509012        0.00001207034627
H            9.53221411818943        1.06454453884068        0.00000611410988
H           -9.18579077299896       -0.60179206239816        0.00006050014257
H            7.74604923603745       -5.42958356203023        0.00003916245448
H           -9.09232828351902        2.57975131204699        0.00003506192669
H            9.90941789727659       -2.87906785842326       -0.00003524573265
H            8.03583869670521        4.78635292616278       -0.00000071783958
H           -8.59888839718143       -4.79495851292885        0.00008644118557
60
 energy: -64.010987692557 gnorm: 0.025579195985 xtb: 6.7.1pre (5071a88)
B           -8.42969902884182       -3.61098399190604       -0.00029986263257
B           -5.00432007113671       -3.38182343679770       -0.00007440432356
B           -3.52115921369470       -3.55374508680202       -0.00002532406008
B            0.86318985956209       -3.24562943960890        0.00000880085380
B            2.39018815077642       -3.18051391056499        0.00000613608923
B            6.45804906929149       -3.32642568164342       -0.00031956128631
B            7.65439642246495       -4.26721121762813        0.00075733792129
B           -7.12737631331625       -2.73809062858432        0.00012907394780
B           -5.74932548935230       -2.03500528807526       -0.00011722281590
B           -2.27192224257784       -2.67369272991663        0.00006988491182
B           -0.59691818285793       -2.78339170293789        0.00007861653415
B            3.76482403421486       -2.56316147689426       -0.00006071260287
B            5.39673680983981       -2.19175339445650        0.00010072565350
B            8.84731460894984       -3.31671301155920       -0.00060156336679
B           -8.09105447645672       -0.22709657708112        0.00007869734692
B           -6.54024908846972       -0.59321809134685        0.00015845858431
B           -4.90557704608043       -0.62976197988374       -0.00000640649927
B           -2.92332458031355       -1.07863552009061        0.00007542164776
B           -1.27241410152606       -1.29165248005723        0.00011994161228
B            0.31986947495954       -1.37606055275776        0.00006681357522
B            2.46404783781285       -1.49587102386311        0.00001327750286
B            4.38128424563182       -0.92627050624867       -0.00000907676126
B            5.93065185853253       -0.58118506655156       -0.00000978917818
B            7.64181839118627       -0.53485183506720       -0.00004933474675
B           -7.10343835225597        0.96477644992834       -0.00004520776567
B           -3.68732710103996        0.35603157677285       -0.00006044622089
B           -1.90387397889679        0.20024456371023       -0.00020928556494
B            1.38465818068671       -0.22319978015622        0.00005733363140
B            3.02176411305783        0.03530966952425        0.00009459574634
B            6.72901936936811        0.80418506454328        0.00003213887074
B            8.36845205735811        0.91229144749144       -0.00000270344496
B           -7.92482404030736        2.52835341748441        0.00002731416608
B           -6.33611862768036        2.34598242251009       -0.00003028971598
B           -3.30593996302745        1.91675872502817        0.00002956391707
B           -1.45068635020750        1.68839660234696       -0.00031780155762
B            1.82786516911875        1.31656235822674        0.00004234474002
B            3.45788048262302        1.57736510667692        0.00018750257054
B            7.00765393445956        2.43288082286121       -0.00002758472059
B           -6.84816520093005        3.86033005640401        0.00000063922233
B           -5.21154064500176        3.45937193123334        0.00000621011757
B           -3.69259695881797        3.51662104438528        0.00010879955339
B           -2.17779388487980        3.17323724705327        0.00011562221437
B           -0.57628602739392        3.01812365018956       -0.00008186336418
B            0.95459084806759        2.92307827494121       -0.00005502600921
B            2.50505989720964        2.95405444367995       -0.00014558933076
B            4.13022373015674        2.96583424747730        0.00007135202153
B            5.65023707557481        3.41694793977943       -0.00004120078336
B            7.10880337208782        4.04682548749215        0.00001830664903
H            5.99851077157539        4.68110750798882       -0.00002839687160
H            8.32770791401946       -1.51044585631960       -0.00003143575387
H            8.21230903415777        2.56792864189998       -0.00006934733236
H           -9.53064436310697       -3.11335791886382       -0.00022372346506
H           -7.23181515657660        4.96353318271541        0.00003798255130
H            9.53263457198550        1.09932416932709        0.00003255842472
H           -9.19272219861195       -0.60217976194235        0.00012191554324
H            7.74724537100013       -5.43357367736648       -0.00019533516557
H           -9.09314114278016        2.61613549576654        0.00004972038205
H            9.94359912659411       -2.91851820616405        0.00025920878343
H            8.00877939455265        4.80749914875663        0.00003654429147
H           -8.50073235073737       -4.82600986505917        0.00014565576244
60
 energy: -64.014085782500 gnorm: 0.021106335188 xtb: 6.7.1pre (5071a88)
B           -8.41757881772462       -3.62650905179017        0.00177613488045
B           -5.03104102407067       -3.35600429937560       -0.00022765445212
B           -3.54795772299113       -3.53854720783868       -0.00001483244874
B            0.87117777433111       -3.23522995879523       -0.00011410175746
B            2.40223429888008       -3.20325421776874       -0.00024127165838
B            6.49424434668889       -3.31184594599545        0.00211381958501
B            7.67506461725967       -4.27603659630199       -0.00466633383590
B           -7.16741794379337       -2.67985403712064       -0.00121732583500
B           -5.77367248997231       -2.00980407765360       -0.00009427054604
B           -2.28126551627215       -2.69088760563267        0.00018325799108
B           -0.60316280168308       -2.80256828745567        0.00009914393926
B            3.77609763269992       -2.57455202541592       -0.00015602250271
B            5.41004238590499       -2.19878874469953       -0.00073021395401
B            8.88652480073138       -3.35208198818043        0.00422993057172
B           -8.10933740463822       -0.20754818213715        0.00005391537537
B           -6.54517305762490       -0.55660577511825        0.00042748272855
B           -4.90617007509241       -0.62438987723088        0.00028267767734
B           -2.94231338669667       -1.08521132598375        0.00032222482640
B           -1.29252464891811       -1.31257167791480        0.00028098760711
B            0.29849387133262       -1.39000423446652        0.00000418374601
B            2.46600296764663       -1.52244360772633       -0.00006591871849
B            4.40498131274896       -0.92908270916120       -0.00015629315930
B            5.95814858089993       -0.58397916407836       -0.00004047967066
B            7.65801544273217       -0.52695730717273       -0.00017239313120
B           -7.12752383810437        0.98732003920712        0.00005585169867
B           -3.68747283253961        0.36280810710931        0.00017172995482
B           -1.91061490348027        0.18454019905700       -0.00019407467345
B            1.38508617035265       -0.25625609466088        0.00002658272489
B            3.02810811577793        0.00330386895486        0.00015652437087
B            6.74315885643257        0.81177695096271        0.00031943285747
B            8.36929836057469        0.93938550838656        0.00013263763575
B           -7.92752071657109        2.55945662328834        0.00015505190476
B           -6.34165266683269        2.36342029121434       -0.00004184499844
B           -3.33805921721101        1.93183859252508        0.00016021642303
B           -1.46932159746182        1.67243125464308       -0.00053821648909
B            1.82365513986599        1.28313730254504        0.00003635759664
B            3.45103173280100        1.55213170340694        0.00036656218958
B            7.00942352359410        2.44490651024231        0.00021502526576
B           -6.83630812858624        3.88269500911873        0.00006457271892
B           -5.20387662341912        3.46681523273352       -0.00003400130924
B           -3.68696066712237        3.53311726872533        0.00007261235463
B           -2.17672283007778        3.16574266671694        0.00006211697856
B           -0.57992059324654        2.99404745625204       -0.00029043428368
B            0.95052074301110        2.88246026128806       -0.00034146939340
B            2.49977430360649        2.93074418245744       -0.00019307887892
B            4.12302776458537        2.93938727712844        0.00010303890736
B            5.63842209269016        3.40352968600301        0.00020508492972
B            7.08417778314905        4.06518944085793        0.00002566286272
H            5.96760296197055        4.67691315470100       -0.00005084195562
H            8.38060867465046       -1.46879484761952       -0.00031863798622
H            8.20914172096441        2.61054241261114       -0.00007048605126
H           -9.54341597227769       -3.20737561275185       -0.00114124366832
H           -7.20805183755238        4.99327847736270        0.00006409096532
H            9.53047241362706        1.13853438857216        0.00016139320033
H           -9.20343165927469       -0.60419468724115       -0.00008906481438
H            7.74118765798643       -5.45005929521206        0.00096385095929
H           -9.09456836030018        2.66605435893610        0.00021368242825
H            9.98229938594269       -2.95280093772364       -0.00179641677585
H            7.97207233120219        4.84093704999860       -0.00022835657934
H           -8.40868143110555       -4.83314489478237       -0.00028055832862
60
 energy: -64.016652547135 gnorm: 0.019381656538 xtb: 6.7.1pre (5071a88)
B           -8.40673308810460       -3.62909142772265       -0.01633292889721
B           -5.05025912557498       -3.33341127188808        0.00045850276242
B           -3.56662717560924       -3.52872668779490       -0.00036270136839
B            0.88146250693975       -3.22000143886490        0.00169243755061
B            2.41502922306895       -3.22647545106152        0.00141306539516
B            6.52916153506519       -3.29901588268125       -0.01473472677800
B            7.69450960958583       -4.28915902328327        0.03345085791143
B           -7.20786426505041       -2.61998337525550        0.00977984732333
B           -5.79541916326790       -1.99118499373635       -0.00096168763603
B           -2.28767036114256       -2.71344813584138       -0.00046215216262
B           -0.60859161570601       -2.82084168855186        0.00042729839095
B            3.78963897217736       -2.58878845723150        0.00030483088828
B            5.42297382139623       -2.20702410947285        0.00505948615044
B            8.93268385940450       -3.40628931725803       -0.03009661408401
B           -8.12631529281731       -0.19481698161477        0.00056841610390
B           -6.54637334483328       -0.51845465684385       -0.00081460638791
B           -4.90100708574125       -0.62615093410670       -0.00241341232371
B           -2.96179109494336       -1.08935123734639       -0.00130701283082
B           -1.31291415486649       -1.33444655677567       -0.00016950856908
B            0.27737962674599       -1.40242588765944        0.00082016828913
B            2.46511458555724       -1.55463190580126        0.00070970795162
B            4.43121575857407       -0.93093588202233        0.00082708762693
B            5.98659178472167       -0.58688474782957        0.00010139053329
B            7.67436721703748       -0.51841888561614       -0.00001762057112
B           -7.15823119650167        1.00852113120875       -0.00098012133370
B           -3.68779063305460        0.37153823722656       -0.00185701881438
B           -1.91363067190556        0.16808956910921       -0.00175764043845
B            1.38646443934198       -0.29101608026369        0.00066882527425
B            3.03248867913875       -0.03384508568952        0.00047375355154
B            6.75900300620104        0.81932548867208       -0.00127626469892
B            8.36630904359617        0.96810274245867       -0.00084293660940
B           -7.92993262699564        2.59330129004811       -0.00060223896520
B           -6.34881700639343        2.37777975374550       -0.00050826103756
B           -3.38313195147058        1.95183596952792       -0.00063467759888
B           -1.49008447982484        1.65479407060046       -0.00117084591059
B            1.82248786587326        1.24909510979372        0.00039000458565
B            3.44566307663383        1.52454785753892        0.00059884434779
B            7.01366446522922        2.45924270327049       -0.00179741996503
B           -6.81927848604575        3.90349520073645       -0.00024215180995
B           -5.19217284600036        3.46446571871797        0.00032226557562
B           -3.67835706220104        3.55541558606116        0.00115632600731
B           -2.17682704286353        3.15508805550066        0.00117952770579
B           -0.58410346311603        2.96822644750891        0.00122739482876
B            0.94511911271502        2.83724775338873        0.00091505276731
B            2.49501024554917        2.90634245252468       -0.00041390547209
B            4.11333161679392        2.91462072669243       -0.00018536124630
B            5.62625067536375        3.39117618084511       -0.00155268319975
B            7.05443234949279        4.09092293038294        0.00009249792207
H            5.92500650044537        4.67861211969644       -0.00023244865565
H            8.42059691829456       -1.42465726083533        0.00127500370398
H            8.20786925589000        2.66152415733915       -0.00131717487191
H           -9.55509867732740       -3.29851634821696        0.00606916935145
H           -7.17519973726025        5.02436255408482        0.00014713639919
H            9.52457768632152        1.17636838733769        0.00003299275516
H           -9.21362036099889       -0.60964211454434        0.00189735932392
H            7.71712241779740       -5.47407198169205       -0.00689699689606
H           -9.09506404544736        2.72391214529422       -0.00071793840115
H           10.01737605927610       -2.97641895022115        0.01294849023819
H            7.92853906711537        4.88175786378939        0.00223569465519
H           -8.30015592627899       -4.82252444537783        0.00341562166298
60
 energy: -64.018647361460 gnorm: 0.030446969971 xtb: 6.7.1pre (5071a88)
B           -8.39731149157955       -3.62021342167351        0.02895548873252
B           -5.06161635273470       -3.31289757356866       -0.00209425512032
B           -3.57710151849448       -3.52346812786886        0.00027609647506
B            0.89428323953445       -3.19731181541296       -0.00353497860696
B            2.42822563729614       -3.25023215844345       -0.00241106444472
B            6.56295653572018       -3.28664830596161        0.02052041840713
B            7.71240839832733       -4.30586281280321       -0.04642383960696
B           -7.25223348662099       -2.55478099110350       -0.01910899419796
B           -5.81611070855456       -1.97956882095682        0.00075174903823
B           -2.29024894836618       -2.74214275770747        0.00157520443396
B           -0.61329299221072       -2.83712504037656        0.00003138816224
B            3.80484442192621       -2.60556703279259       -0.00122224051151
B            5.43421007137198       -2.21673809461973       -0.00624012122686
B            8.98725962961533       -3.48441863525306        0.03905658096817
B           -8.14128377196433       -0.19077303761695       -0.00063021549008
B           -6.54205475551222       -0.47797776384403        0.00296895042127
B           -4.88834047034389       -0.63680490828482        0.00487424157660
B           -2.98339966753591       -1.08924059683397        0.00301488421272
B           -1.33499150448764       -1.35679405666194        0.00158778462521
B            0.25522521448197       -1.41150723761825       -0.00078333956500
B            2.45867394006657       -1.59331407791239       -0.00113971585011
B            4.45991133841973       -0.93025339511937       -0.00131653070770
B            6.01553927134716       -0.58998379554998       -0.00016945714673
B            7.69004377816129       -0.50939884050864       -0.00078988562200
B           -7.19564139306140        1.02690933407987        0.00130879087724
B           -3.68854042402564        0.38469710529431        0.00321118988634
B           -1.91266662256698        0.15131301032396        0.00091242396530
B            1.38810676587284       -0.32646592707900       -0.00077536399307
B            3.03394073330432       -0.07683622778036        0.00011227355475
B            6.77596768024373        0.82649060584959        0.00300767771310
B            8.35828669016934        0.99882168674381        0.00178522220009
B           -7.93074041573208        2.62785148980108        0.00144423841270
B           -6.35657667232778        2.38695827121951        0.00018700695437
B           -3.44801839246239        1.98082798403108        0.00165663405687
B           -1.51411709552421        1.63601548509958       -0.00130768954288
B            1.82463997123515        1.21542769646634       -0.00044788486690
B            3.44177013569328        1.49454539094294        0.00133116973946
B            7.02061757223090        2.47535269965621        0.00302690133076
B           -6.79536416572669        3.92024883725559        0.00056082128348
B           -5.17410816652966        3.44860952804248       -0.00066177555271
B           -3.66493771407018        3.58804830099628       -0.00098383753119
B           -2.17804667512644        3.14150951023558       -0.00114375449640
B           -0.58880554272922        2.94061015457494       -0.00340122605606
B            0.93859319001879        2.78688811513013       -0.00211984590152
B            2.49134299225906        2.88180506475450       -0.00076301322728
B            4.10166432210844        2.89161128210859        0.00148903158214
B            5.61490202003298        3.37956058543618        0.00233658064997
B            7.02051552656631        4.12305451826043        0.00030876007284
H            5.87295113612649        4.68582756821732       -0.00000767620254
H            8.45180840353712       -1.37469296293197       -0.00194902167765
H            8.20773674317314        2.72175852332007        0.00080627691232
H           -9.56234577123766       -3.39289705871628       -0.01243924277243
H           -7.13249269189353        5.05392001601720        0.00018104134068
H            9.51380208467062        1.21292294739434        0.00129066653693
H           -9.22277342575179       -0.61919051852999       -0.00297722285770
H            7.67236250382617       -5.50423898981968        0.01006031994499
H           -9.09312880463980        2.78672346229089        0.00189429109955
H           10.04825782324747       -2.99030568667746       -0.01665921135614
H            7.88023523438333        4.92729921163958       -0.00378138494735
H           -8.17641436315698       -4.78889671515522       -0.00524131608851
60
 energy: -64.021322596483 gnorm: 0.025949581041 xtb: 6.7.1pre (5071a88)
B           -8.39345572850761       -3.61280696624148       -0.00653406951310
B           -5.06460316573355       -3.29975341472666        0.00027022749399
B           -3.58245123633854       -3.52360003739458       -0.00024599797219
B            0.89967650160485       -3.19143770496238        0.00157477474096
B            2.43338716847096       -3.26152081548344        0.00021466937864
B            6.57276671522895       -3.28593637234279        0.00697002736348
B            7.71335998048244       -4.31617989094060       -0.01735304760156
B           -7.27196964245397       -2.51787779800116        0.00570085317245
B           -5.82503997318762       -1.97109750773963       -0.00165833116868
B           -2.28651400787465       -2.75400895946711        0.00010995470417
B           -0.61221424267655       -2.84168987454856        0.00045908636204
B            3.80953152814159       -2.61439015757434        0.00024434429326
B            5.43694432526260       -2.22235108960232       -0.00322456961677
B            9.00645408411223       -3.52965044413024        0.02053534365494
B           -8.14107707144358       -0.19364718333988        0.00042264604795
B           -6.53541268877484       -0.46114429259811       -0.00007026986554
B           -4.88100955461164       -0.63995244623884       -0.00168274336696
B           -2.99280337536985       -1.08655165026086       -0.00015218656057
B           -1.34219200296505       -1.36377369940268        0.00060717124919
B            0.24861997378472       -1.41365231946023        0.00046814545587
B            2.45051987546887       -1.61115120764781        0.00051694989720
B            4.46609394037702       -0.93074077019147       -0.00032647030812
B            6.01981162911588       -0.59029098918228       -0.00058860109075
B            7.69460909701258       -0.49901792908643       -0.00062911070841
B           -7.20665701481745        1.03230462652922       -0.00038508714213
B           -3.68866931343524        0.39470779779125       -0.00096619778980
B           -1.91175170463373        0.14499745260379       -0.00157479351669
B            1.38730580976739       -0.33707641130801        0.00059604353160
B            3.03150446587056       -0.09460439979645        0.00112548011118
B            6.77393774812132        0.83230048209260        0.00040920972673
B            8.35238053459690        1.01789807192145        0.00008388825613
B           -7.92573073837637        2.64047102485282        0.00010344842588
B           -6.35506235582028        2.38485730840731       -0.00044484097172
B           -3.48268880267991        1.99845955036791        0.00026963058517
B           -1.52256373003136        1.63036537145952       -0.00224111102352
B            1.82635279567140        1.20343195568670        0.00020180291747
B            3.44095248613823        1.47957979848699        0.00163113328922
B            7.01722368517088        2.48568974344226       -0.00109506395517
B           -6.77653481015846        3.92134088478695        0.00018002807646
B           -5.15821289681978        3.43088812880962        0.00042202120586
B           -3.65224382516546        3.60919036928711        0.00106291450755
B           -2.17659623296956        3.13692691074555        0.00093550097602
B           -0.58961036941553        2.92889131184021        0.00049162707506
B            0.93667953415980        2.76574873616354       -0.00089518844049
B            2.48990557637037        2.86965111162628       -0.00063503088074
B            4.09716982963068        2.88000330550391       -0.00011490473650
B            5.60688390164469        3.37768978064347       -0.00039103264837
B            7.00173767655618        4.13549539881656        0.00003127131024
H            5.84995393915702        4.68883729190135       -0.00042839441304
H            8.48392090479519       -1.34866600741398       -0.00123337570166
H            8.19905935242002        2.75202022540611       -0.00190266575933
H           -9.57539695154180       -3.43928209428280        0.00157040846201
H           -7.10075896785996        5.05717427643791        0.00032960211263
H            9.50759304694259        1.23394227213272        0.00074355027452
H           -9.22180556153253       -0.62525657671787        0.00096874327003
H            7.63691231017537       -5.51002706669376        0.00181451700116
H           -9.08624105453557        2.81288371111525        0.00016783277581
H           10.05454266342394       -3.00844605484160       -0.00869026631283
H            7.85423844347444        4.94688755252468        0.00112597692941
H           -8.11238350341901       -4.77799131976460        0.00110452643015
60
 energy: -64.024609341710 gnorm: 0.034847679498 xtb: 6.7.1pre (5071a88)
B           -8.39080053992504       -3.59315815946423        0.02615091441704
B           -5.04584950515206       -3.28671231327790       -0.00161952891671
B           -3.57107322809483       -3.53866235512242        0.00015285916184
B            0.90737143358694       -3.18494266646082       -0.00130928006796
B            2.43655631324181       -3.27156179015583       -0.00150364489368
B            6.57036253092874       -3.28983086902705       -0.03651304349350
B            7.70192760718429       -4.32946270346669        0.09073599068646
B           -7.29152070270490       -2.48017504304242       -0.01128533560714
B           -5.83292659442169       -1.97484225805390       -0.00132804498129
B           -2.26673032385647       -2.77149052850987        0.00129245993085
B           -0.60427339478810       -2.83456857241712        0.00081676617733
B            3.81141786242482       -2.62470717053997       -0.00254975685527
B            5.43185871387277       -2.22807276314123        0.01035238248862
B            9.02804014005825       -3.61414109678853       -0.06334392671894
B           -8.12577217633931       -0.21941317994952        0.00051125474606
B           -6.51509481966935       -0.45183927760414        0.00271550086602
B           -4.86347641714205       -0.65662174564756        0.00226368654834
B           -3.00792742478407       -1.07102970355439        0.00208821580858
B           -1.34762894176745       -1.36203765658921        0.00161592236021
B            0.24802782292268       -1.40394949841827        0.00034724510585
B            2.42084247802034       -1.63481341921563       -0.00129915470455
B            4.45987587535678       -0.92546836432250        0.00107895717365
B            6.00667585522177       -0.58635336579214        0.00116575533032
B            7.69305496753674       -0.47820614188258       -0.00179160104291
B           -7.21290943686404        1.02263560477923        0.00112579881459
B           -3.69402522531059        0.41958844052930        0.00174370934714
B           -1.90963916545454        0.14271376317933       -0.00135823491751
B            1.38247825675014       -0.33230939011000        0.00000316106181
B            3.01708997600477       -0.11280417105296        0.00075388408376
B            6.75738711786004        0.84107374838077        0.00071825194807
B            8.34013389197894        1.04347286050959        0.00064935696721
B           -7.90654507551685        2.64230089677509        0.00134694534931
B           -6.34351613125859        2.35787141514390       -0.00027145840001
B           -3.56750337208300        2.04061659197520        0.00091750780140
B           -1.53208423599041        1.62947020116466       -0.00339368658986
B            1.83409641928606        1.20370381219002       -0.00082586728455
B            3.44529633415627        1.46210429752531        0.00342287196758
B            7.00900605234942        2.50083732944541        0.00095937905033
B           -6.73153333948136        3.89820727515285        0.00100997714233
B           -5.11495050407594        3.36369945305924        0.00025834335575
B           -3.61895269342879        3.66097860939745        0.00100763986860
B           -2.17525479552918        3.13123562698440        0.00036698837551
B           -0.58984592332371        2.91602136968072       -0.00193805604567
B            0.93454232672451        2.74478386006249       -0.00218204626276
B            2.49021822178895        2.85782702477801       -0.00177931608985
B            4.09300720498953        2.87131924709083        0.00129307440420
B            5.59823721424886        3.38245157192510        0.00057702000597
B            6.97697220541546        4.14796732322754        0.00050612087145
H            5.82206921963805        4.69559160688828       -0.00121129536665
H            8.51478889458790       -1.31638554117453       -0.00654864782296
H            8.17941105715962        2.79029008835282       -0.00182499384824
H           -9.55717993575149       -3.46737388571557       -0.01090042198147
H           -7.03390491552872        5.03265745206122        0.00073648325776
H            9.49693106197603        1.25545967728795        0.00158894597340
H           -9.21392014871012       -0.63167915450491       -0.00114152448626
H            7.55226102527978       -5.50291797553977       -0.02952855235427
H           -9.06284812140695        2.83269356485638        0.00169083356329
H           10.04460594536552       -3.03272107783832        0.03097338544209
H            7.82122990513910        4.96534262030573       -0.00151953580711
H           -8.06970784269510       -4.72560249432860       -0.00597063491384
60
 energy: -64.030211993461 gnorm: 0.042402847311 xtb: 6.7.1pre (5071a88)
B           -8.38985151851693       -3.57886661716541       -0.06195714146981
B           -5.02473392825953       -3.27246710957038        0.00213352821057
B           -3.55642100208505       -3.55401517479129       -0.00103191284837
B            0.91425668354335       -3.17744580074706        0.00496640496681
B            2.43954954823308       -3.27874497225580        0.00559943340657
B            6.56942649465519       -3.28695910242848       -0.01609196026537
B            7.69146683034362       -4.33676194262542        0.04771298741450
B           -7.31551442809448       -2.43989446941346        0.04006077434814
B           -5.84206898547976       -1.97932962847440       -0.00557549167011
B           -2.24851372915037       -2.78738564871425       -0.00134683405074
B           -0.59893122473481       -2.82484715220267        0.00239996754598
B            3.81252142031626       -2.62877364782863        0.00070691704200
B            5.42661429450198       -2.22878494647170        0.00698436923984
B            9.04356474880745       -3.68652612202553       -0.05381302284804
B           -8.11119329092853       -0.24427157155438        0.00217367741143
B           -6.49484340148119       -0.44225130669869       -0.00263224986849
B           -4.84581025459022       -0.67311897336554       -0.00981640365428
B           -3.02753214712485       -1.05184357746644       -0.00470737333890
B           -1.35664236852774       -1.35788720255048       -0.00069638731545
B            0.24501273323795       -1.39135556689358        0.00333091932348
B            2.38744297087396       -1.65409610557130        0.00280461339372
B            4.45352259894081       -0.91545877068244        0.00124576393082
B            5.99628594774166       -0.57980039816669       -0.00021906631151
B            7.69175005699182       -0.46207920158735       -0.00343153185062
B           -7.21831831017971        1.01178583163159       -0.00273884680343
B           -3.70126157251461        0.44863159528349       -0.00633343193229
B           -1.91233704590744        0.14368040443634       -0.00674928400427
B            1.37603934341658       -0.32345682444072        0.00243099053047
B            3.00180303117938       -0.12760265648474        0.00246089480049
B            6.74715962722139        0.84832885439052       -0.00229790439267
B            8.33295444243834        1.06116617894616       -0.00245266803249
B           -7.88516883196689        2.64244300053692       -0.00172663158167
B           -6.33015463025992        2.32847525621990       -0.00242393642371
B           -3.66812062298098        2.09057651714169       -0.00185237302030
B           -1.54215229005407        1.63006778417686       -0.00485950763510
B            1.84084812547330        1.20810704996453        0.00066431245176
B            3.45032224179253        1.44805528231539        0.00388652754844
B            7.00709217503608        2.51192448679630       -0.00546567112588
B           -6.68262029613129        3.87228542635871       -0.00047144886175
B           -5.06465696950711        3.28759641440760        0.00115026609758
B           -3.58419410337387        3.71959012323301        0.00441085511888
B           -2.17507732568361        3.12742671509015        0.00422101423520
B           -0.59061977204089        2.90371406792372        0.00330036603606
B            0.93246309734433        2.72769236620201        0.00299435859263
B            2.49059707434447        2.84838256378248       -0.00235347504065
B            4.09058127159791        2.86408150196402        0.00027892253123
B            5.59352746550873        3.38439668915698       -0.00482130586273
B            6.95983224896876        4.15665114684211        0.00099833565166
H            5.80095582005845        4.69774167578767       -0.00208608896292
H            8.51477129695070       -1.29470584502391        0.00160256006497
H            8.16710481658443        2.81768061127270       -0.00676302855148
H           -9.55504977850073       -3.51256120752890        0.02127661038992
H           -6.96493285836929        5.00750575876122        0.00056131399579
H            9.49051629589318        1.27073860363040        0.00216429752510
H           -9.20787804063807       -0.63546746031425        0.00536546562159
H            7.47080608856169       -5.49166862058527       -0.01087669061542
H           -9.03786252435113        2.84854567327341       -0.00231539855963
H           10.03152430431101       -3.05881820830017        0.02929030813919
H            7.79682893662219        4.98017316727263        0.00836470531397
H           -8.00630178005740       -4.69113791486906        0.01236560601908
60
 energy: -64.032783603403 gnorm: 0.039501066275 xtb: 6.7.1pre (5071a88)
B           -8.38853187814866       -3.57377935673279       -0.02941722253938
B           -5.01755116850967       -3.25464201517750       -0.00402229429208
B           -3.55233375651814       -3.56169852259247       -0.00185974176819
B            0.91898151451106       -3.17245995794971        0.00723586794260
B            2.44567711484209       -3.28383874592056        0.00143905697722
B            6.57758431816812       -3.26767093728322       -0.00589833447156
B            7.68281680776395       -4.33850119824926        0.01954293854221
B           -7.34367031493376       -2.38999769357768        0.01710491601660
B           -5.85091580723243       -1.97234267351063       -0.00478660748588
B           -2.24346121141512       -2.79843070916608       -0.00040322036267
B           -0.60087745525358       -2.82279126063261        0.00174769583562
B            3.81347132421395       -2.61979136904749        0.00137249617415
B            5.42657037577048       -2.21818119141296        0.00437895206849
B            9.04894710588605       -3.72042277430285       -0.00572354418917
B           -8.10397952550421       -0.25133889916829        0.00307143101546
B           -6.48007082070053       -0.42670664855937       -0.00079206225893
B           -4.83309888865157       -0.67740451302753       -0.00378392722558
B           -3.04930787576250       -1.04028303006060       -0.00288222332580
B           -1.37223522043707       -1.35970994864648       -0.00032494360503
B            0.23245424053979       -1.38564019279106        0.00217384553411
B            2.36303718687236       -1.66085316726236        0.00232895196964
B            4.45337491772527       -0.90198848040715        0.00085012805427
B            6.00032595816075       -0.56931200009712       -0.00189775062994
B            7.69595663338634       -0.45442427532925       -0.00263351200285
B           -7.22145497677114        1.01123789104877       -0.00331398733053
B           -3.70372238920605        0.46971410892672       -0.00405056548044
B           -1.92398535313776        0.14457951587071       -0.00672177560690
B            1.36761778356915       -0.32038129022943        0.00250287813061
B            2.99314671057363       -0.13635420756547        0.00330756915412
B            6.75192494007468        0.85590130191321       -0.00065109091257
B            8.33570787558186        1.06982983207581       -0.00084577659342
B           -7.86796313364644        2.64987514181476       -0.00026943636329
B           -6.31929118579581        2.31569408516591       -0.00247994207288
B           -3.74798695544505        2.12630339299584       -0.00026829279198
B           -1.54671609792011        1.62788425411680       -0.00696273082841
B            1.83825743726638        1.20767174981152        0.00059891809236
B            3.45016155508038        1.43942193963780        0.00596716227468
B            7.01169712992911        2.51847058874974       -0.00570785259829
B           -6.64331593392266        3.86089876300806       -0.00020368701872
B           -5.02062231671781        3.23731376792720        0.00050430783508
B           -3.56415544068240        3.75430955234392        0.00413296608435
B           -2.17558530316525        3.12504939933723        0.00367826670769
B           -0.59239582732452        2.89303235563234        0.00437905782156
B            0.93083772056518        2.71768816431693       -0.00188632743530
B            2.48793043827835        2.83985430002004       -0.00198455009177
B            4.08921476176230        2.85336604032187        0.00017048873395
B            5.58888558484002        3.37965752885272       -0.00337183184435
B            6.95324325520618        4.16253049596835        0.00147999334967
H            5.78934977992231        4.69073370868287       -0.00241035389662
H            8.50233011656497       -1.28889459795728       -0.00006484284686
H            8.16875294982777        2.83015099146634       -0.00792029031876
H           -9.61426087481333       -3.59583420952940        0.01579667508586
H           -6.90685054463401        5.00263696042254        0.00090163007727
H            9.49134958333604        1.28711269033427        0.00278285939305
H           -9.20348985030725       -0.64211744149072        0.00426832941754
H            7.40258655739197       -5.48905521227840       -0.01105826236729
H           -9.01965066353613        2.86712481347497       -0.00086442870767
H           10.03071594018272       -3.10417385069218       -0.00041639993839
H            7.78316223270315        4.99677980817901        0.00720390932984
H           -7.89021008040332       -4.71674177176826        0.00695651758328
60
 energy: -64.036121646625 gnorm: 0.025176626638 xtb: 6.7.1pre (5071a88)
B           -8.38257394884703       -3.58999562238550       -0.00106590200389
B           -5.00544592354398       -3.26989392085220       -0.00756697338417
B           -3.53933666582486       -3.57373519328798       -0.00211070947437
B            0.91588691677259       -3.18675200682774        0.00308309983211
B            2.44571249625886       -3.27076229804856       -0.00138781089158
B            6.56511243108114       -3.25240996376800        0.02232829941361
B            7.66242849371794       -4.33086462513862       -0.03775372551613
B           -7.31398674084420       -2.44076018101257        0.00082496062800
B           -5.83614885764333       -1.98579006982015       -0.00280879780242
B           -2.24706547994650       -2.79144055312023        0.00107491794972
B           -0.60247158467889       -2.82275489513281        0.00090502388655
B            3.80797192945444       -2.59405652272508        0.00151509476819
B            5.42602897592965       -2.19501630111669       -0.00686692922457
B            9.01058924342776       -3.67005172490205        0.04583968193801
B           -8.09723385224507       -0.24777697508827        0.00238431988096
B           -6.47940780787499       -0.44900109641422        0.00080743143733
B           -4.83574253243317       -0.67634892055522        0.00148058393112
B           -3.04636218039821       -1.04818202146702        0.00074878036737
B           -1.37060942587157       -1.35854723276619        0.00086770517598
B            0.23285974936575       -1.38647926575744        0.00079274910077
B            2.36324183671272       -1.63388284713988        0.00190230313690
B            4.44518381691468       -0.89275950048967        0.00026142920039
B            6.00116492550031       -0.55749761685919       -0.00226372153109
B            7.69823036297476       -0.45706159523092       -0.00228717264967
B           -7.20057430907322        1.00510255827519       -0.00312738001452
B           -3.69828540761203        0.45407281591790        0.00019646524569
B           -1.93495485238312        0.14948297110212       -0.00525691212956
B            1.36127227987777       -0.30762561277885        0.00149750198555
B            2.99308326911863       -0.11456174261418        0.00394237019393
B            6.75859343519359        0.85860612391488        0.00215654053346
B            8.34718181488862        1.05610355038472        0.00141976359997
B           -7.86506491906513        2.63978384584912        0.00137166610501
B           -6.31677958288941        2.32127559046758       -0.00245226679915
B           -3.72173616166256        2.09715432083419        0.00170735201245
B           -1.52303453076066        1.62763962575096       -0.00807946652527
B            1.82814620129718        1.21951859446950       -0.00005648035020
B            3.44806426953389        1.45489421125779        0.00746605952043
B            7.01288305461971        2.51367688165883       -0.00314605201775
B           -6.65277545137830        3.86024159718734        0.00035015984517
B           -5.02360888622027        3.25152871672215       -0.00017307279126
B           -3.57954999628134        3.71558383358921        0.00277401747385
B           -2.17653649577543        3.12305914259741        0.00179170568887
B           -0.59140040259023        2.90274545220158        0.00161323160266
B            0.93293300776473        2.74609921615871       -0.00441057078794
B            2.48510359049858        2.84748055583538       -0.00193613198757
B            4.09179123260542        2.85951456746208        0.00108221864526
B            5.58837748068640        3.38296556615437       -0.00026068996481
B            6.97062741127775        4.15476439511290        0.00202479251000
H            5.80668158696557        4.68373595579514       -0.00273294769341
H            8.46879305325160       -1.32275407226303       -0.00287061288227
H            8.18125451853997        2.79878525195092       -0.00796905071302
H           -9.57479184155957       -3.51796148466213        0.00515515146090
H           -6.91116521809590        5.00687163918464        0.00080968913501
H            9.50021601882201        1.28599558030295        0.00415813087755
H           -9.19762269065179       -0.64026942173649        0.00161733228035
H            7.39382054491771       -5.48640304134091        0.00142138409244
H           -9.01912697487649        2.84535827253456        0.00174229033155
H           10.02424004621111       -3.12933034928690       -0.02639554425408
H            7.80259992993035        4.99126236282732        0.00398865177269
H           -7.99830220308384       -4.73351552091075       -0.00012393417128
60
 energy: -64.036163955949 gnorm: 0.039589811153 xtb: 6.7.1pre (5071a88)
B           -8.36737242703487       -3.59884649235285        0.00190508036532
B           -4.99189985430916       -3.26910652188958       -0.00690046300098
B           -3.52996384212706       -3.58684313324013       -0.00271169324372
B            0.92193278748825       -3.17865201751735       -0.00418513214382
B            2.44984081274785       -3.27144211725555        0.00214816340556
B            6.55989752938129       -3.24068862745706        0.00479815007376
B            7.63276548781268       -4.34942773635732       -0.00033829537997
B           -7.31811034363308       -2.43940149536586        0.00078937880392
B           -5.83728529991624       -1.99627394234607       -0.00319684368284
B           -2.24028495211440       -2.80571417937688        0.00190812445126
B           -0.60031553024828       -2.82276108170627        0.00187244719130
B            3.80714888928639       -2.58307912738863       -0.00128648156538
B            5.42392890516457       -2.18319608636904        0.00274382964397
B            9.00460824576809       -3.72434039341636        0.00784956438299
B           -8.09189372926442       -0.26219644218208        0.00019919718596
B           -6.46523584878618       -0.44708855085376        0.00300234109485
B           -4.82110225807336       -0.69175647207835        0.00051834835502
B           -3.06135507799560       -1.04474696790223        0.00231206613244
B           -1.38274104727005       -1.36412846397310        0.00208699736462
B            0.22090308853894       -1.38135655764038        0.00227078312282
B            2.34221819823825       -1.64112108809802        0.00103617802297
B            4.44824143451793       -0.88070723165983        0.00111052742060
B            6.00542836096158       -0.54638502237859        0.00031088421282
B            7.70480779487950       -0.44249092329182       -0.00564692344906
B           -7.20616205670139        0.99750831517464       -0.00193961120191
B           -3.69571281503703        0.46437040691670        0.00134052562262
B           -1.94183215773958        0.14725451991918       -0.00700584422645
B            1.35313268578939       -0.30900681282109        0.00088400524727
B            2.98591567129872       -0.12642429591667        0.00445819643237
B            6.76030716920954        0.87054345100061        0.00200778881678
B            8.34566116440009        1.07408351201397        0.00146695195011
B           -7.85333101591654        2.64467619108512        0.00126448931674
B           -6.31230693083439        2.30871449123270       -0.00439760362782
B           -3.77210255059281        2.11445172344079        0.00237931137984
B           -1.51557329362012        1.61927748093702       -0.00981505355372
B            1.82653399926435        1.21503979998099       -0.00100835935076
B            3.44725439273423        1.44428692750178        0.01077271753683
B            7.01053533625525        2.52797754926022       -0.00087584392097
B           -6.62574496443846        3.84931300239230        0.00083861633926
B           -4.99851764574524        3.21615547135432        0.00011702948423
B           -3.55952402699143        3.73862847125184        0.00402906451859
B           -2.16837963638209        3.11595979492514        0.00186618759205
B           -0.58811674648238        2.89398352022411       -0.00382648247857
B            0.93473074782813        2.73756377404957       -0.00125451308377
B            2.48639163061005        2.83881306229084       -0.00478777196699
B            4.09008602783080        2.85063495661856        0.00486095460130
B            5.58156204906003        3.38802194676507       -0.00037553683514
B            6.95655724781646        4.17057598099565        0.00327952386709
H            5.78565921552481        4.69042385164069       -0.00486446624104
H            8.48928710004927       -1.30573564047731       -0.00527460467544
H            8.17774551312310        2.82632291235327       -0.01101290747718
H           -9.51710743727392       -3.51212654319717        0.00258048921265
H           -6.85310316594984        5.00366186153501        0.00103588334484
H            9.49771065416181        1.30902700140244        0.00745376187117
H           -9.19083875446713       -0.65568693656901        0.00078980078842
H            7.31426257430225       -5.49799512291808       -0.00182572301410
H           -9.00455187283160        2.86779110016712        0.00363327842425
H           10.02024173198003       -3.16133237134607       -0.01109215873465
H            7.77993716565721        5.01334866259949        0.00406849773688
H           -8.02638932990410       -4.69929034368662       -0.00236682245940
60
 energy: -64.038475633833 gnorm: 0.014559260818 xtb: 6.7.1pre (5071a88)
B           -8.36867669428076       -3.60105738289784        0.01404839408573
B           -4.99479091362503       -3.27357815869742       -0.00652873068223
B           -3.53204029005463       -3.58739933273693       -0.00258141372834
B            0.92080778430987       -3.18164967394901       -0.00646603531698
B            2.44766625672757       -3.26266309115836       -0.00022101574691
B            6.54671908934653       -3.24290069477083        0.00378972822905
B            7.61440515137653       -4.35584803172567        0.00795414758175
B           -7.31158705364988       -2.44572248780903       -0.00788684873190
B           -5.83199295482691       -1.99525556987874       -0.00287490237475
B           -2.24144723694735       -2.80311626907210        0.00275752126556
B           -0.59830327542467       -2.82300562153993        0.00144607155887
B            3.80245905859152       -2.57164918654412       -0.00332413708136
B            5.42138096207781       -2.17559321981382        0.00440639967398
B            8.97518589768542       -3.70938498827062       -0.01922729208813
B           -8.08976950668939       -0.25736008082042       -0.00157110577974
B           -6.46401323484773       -0.44960575326438        0.00559104066875
B           -4.82006014093746       -0.68856284718572        0.00308346712058
B           -3.05410637502943       -1.05003485653675        0.00421628634060
B           -1.37868583220817       -1.36446507622093        0.00289344281644
B            0.22273811814823       -1.38047488306497        0.00182563526483
B            2.34408041869532       -1.63004924661601       -0.00091558576716
B            4.44653077426747       -0.87743411294785        0.00099864996010
B            6.00461531839639       -0.54256703318402        0.00150027989696
B            7.70359439271144       -0.44537070511660       -0.00786410780362
B           -7.20025922041221        0.99919871710810       -0.00013090554092
B           -3.68664940023295        0.45695517780775        0.00305371951068
B           -1.93943676773327        0.14900600449557       -0.00623271619823
B            1.35176981793774       -0.30370486768570        0.00020537871781
B            2.98779374307065       -0.11769900294272        0.00483825058256
B            6.76256121690183        0.87148566212090        0.00494120505758
B            8.35149795629280        1.06610723152124        0.00333645627417
B           -7.85933073475061        2.64372904365219        0.00238537864387
B           -6.31710526836143        2.31753220378068       -0.00517313637370
B           -3.74239741483511        2.09705487263873        0.00351574289870
B           -1.49708180897715        1.61899613296547       -0.01015674126059
B            1.82505792975867        1.22039050727445       -0.00134872203274
B            3.44756805217318        1.45128639049504        0.01352454888562
B            7.01106687344915        2.52687284949601        0.00160331978958
B           -6.64218521041706        3.85564932410763        0.00088255585367
B           -5.01487150979252        3.23698667411383       -0.00039730237858
B           -3.56379077573974        3.72245035949469        0.00347060434661
B           -2.16212112132779        3.11634911292902        0.00073806715155
B           -0.58312989393229        2.90313089223863       -0.00736975839620
B            0.93995384087557        2.75285416980484       -0.00331429057107
B            2.49072089402370        2.84534693466561       -0.00583235742243
B            4.09533553669741        2.85544101430638        0.00822229584174
B            5.58651461887596        3.39322327599459        0.00161272720213
B            6.96568873718804        4.16707641711094        0.00404709743772
H            5.79740585399830        4.69239383774591       -0.00579285035881
H            8.47589036081908       -1.31869829554534       -0.00793556542749
H            8.18117569138438        2.81440114488571       -0.01210549477903
H           -9.54878860320253       -3.51759712578730       -0.00452690614341
H           -6.87023819782749        5.00752746006799        0.00106717987854
H            9.50387138521626        1.29970110682666        0.01020389579923
H           -9.18456288006365       -0.66001847465660       -0.00277422915655
H            7.32260214537004       -5.50090496653614        0.00437007029327
H           -9.01061665226294        2.85912279657583        0.00524704729638
H           10.00648985208992       -3.16029682424091        0.00424122788936
H            7.79071229632366        5.00631540500236        0.00199691388044
H           -8.00744205639022       -4.73385585800998       -0.00546259655372
60
 energy: -64.039293678297 gnorm: 0.013008727325 xtb: 6.7.1pre (5071a88)
B           -8.36853490145046       -3.60473942739121        0.00374191039104
B           -4.98401945396460       -3.28057963729345       -0.00624229341724
B           -3.52208325758222       -3.59812628976312       -0.00267569048358
B            0.92187880619579       -3.18153766173941        0.00717127028955
B            2.44774864439898       -3.25054093384850       -0.00639341720792
B            6.52937049094658       -3.23977510913889       -0.00431337482356
B            7.58362113928454       -4.36444007989270        0.00207235950064
B           -7.30271622254832       -2.46072658660810       -0.00079342139627
B           -5.82588378108231       -2.00431431805882       -0.00505352287618
B           -2.23578976395771       -2.80414124707815        0.00126988552157
B           -0.59458582278042       -2.81665480150411        0.00073096501414
B            3.79717396112901       -2.55088242111430       -0.00046926019198
B            5.41707518907490       -2.15926962715959        0.00683436106972
B            8.93861707581128       -3.71043368700241        0.01417954125075
B           -8.07982372413346       -0.26380359560276        0.00061826227539
B           -6.45401579187371       -0.45735225881226        0.00455597339980
B           -4.81252288130906       -0.69535613973166        0.00179236714869
B           -3.05414253982944       -1.04825755081026        0.00196547338985
B           -1.37871805467695       -1.36081784906580        0.00168602859441
B            0.22279529157891       -1.37111191271048        0.00090015953960
B            2.33177406344607       -1.61740330737760       -0.00083446656781
B            4.44187037905013       -0.86417699840368        0.00204415699084
B            6.00129570101608       -0.53110386940367       -0.00296464759474
B            7.70359329308681       -0.44356882675019       -0.00691348070536
B           -7.19067394953294        0.99152551680142       -0.00170731217733
B           -3.68090988282823        0.45748533783137       -0.00084454581467
B           -1.94217186359077        0.15551930414324       -0.00882939744232
B            1.34665311694512       -0.28833862587706        0.00225416819104
B            2.98385104595024       -0.10683508281141        0.00936042042437
B            6.76598837211323        0.87624357974501        0.00586499102577
B            8.36017640017079        1.05886598595893        0.00539343640323
B           -7.85491405410870        2.63856811489700        0.00392976590793
B           -6.31382013095147        2.31256687889072       -0.00567377045756
B           -3.75044829857499        2.09262707719975        0.00242561726045
B           -1.47525099302331        1.62085663369469       -0.01402523534538
B            1.82461153253361        1.23378975996285       -0.00050130684548
B            3.44967597395369        1.46033931826981        0.02165313371883
B            7.01523969816251        2.52887099398419       -0.00641652563532
B           -6.63965852805504        3.84940097410788        0.00100798606910
B           -5.00919978826732        3.22649999655828        0.00131675256329
B           -3.56078753538082        3.71332947479309        0.00568279328934
B           -2.15944548321294        3.11537954956649        0.00291639547007
B           -0.57991033403264        2.91462115490098       -0.00030970491124
B            0.94452242904738        2.77353629609130       -0.01437349957035
B            2.49522990042127        2.85437468689947       -0.00532737053462
B            4.10110173041322        2.86214579520464        0.00830499119948
B            5.59223459715008        3.40011048135541        0.00190409505618
B            6.97590209122520        4.16590991011944        0.00449705473659
H            5.80673409250346        4.69413947202382       -0.00765529958634
H            8.45450768720303       -1.33322495659815       -0.01107670809357
H            8.18762139632352        2.80458870134242       -0.02167186823332
H           -9.55757063217825       -3.50999275535738        0.00173629403164
H           -6.86563356702669        4.99947723787211        0.00151737745478
H            9.51243758732680        1.29329983065570        0.01418729572165
H           -9.17339805113333       -0.66996425595332       -0.00241539636970
H            7.28161494795721       -5.50634741166737        0.00163466510932
H           -9.00646826294466        2.84717174724783        0.00564703375097
H            9.97855420153244       -3.18063084526870       -0.01757752205277
H            7.80108573496558        5.00450372327632        0.00767036720100
H           -8.01308002088666       -4.75223846359975       -0.00340831062659
60
 energy: -64.040367309501 gnorm: 0.015725336973 xtb: 6.7.1pre (5071a88)
B           -8.36109606621550       -3.62167979364468       -0.00704059256067
B           -4.97268243949469       -3.28713023122876       -0.00724745164259
B           -3.51208120699731       -3.61216409179855       -0.00199094320438
B            0.92858872340113       -3.17498816608925       -0.00606473016355
B            2.45416761332520       -3.23681145192107        0.00106716522197
B            6.50822726685911       -3.23456135140014        0.02326271310217
B            7.52637633845073       -4.39402985508278       -0.00594979426487
B           -7.29520930214831       -2.47630849218019        0.00010722335881
B           -5.82100040981371       -2.01443654626635       -0.00838272998316
B           -2.22751428909291       -2.81369161985490        0.00246450779780
B           -0.58823870046724       -2.81317468750705        0.00416247681362
B            3.79308730795742       -2.51688814795687       -0.00030506121972
B            5.41577917963179       -2.13266750521032       -0.01311347544342
B            8.88135400217788       -3.73861397167537       -0.00542096072876
B           -8.06713795013106       -0.27021147237076        0.00082254313960
B           -6.43435845969161       -0.45742417227236        0.00532767721760
B           -4.79538002538005       -0.70937818252737        0.00234961355202
B           -3.05715294343887       -1.04887576761816        0.00021437127720
B           -1.38441996227191       -1.36370309432009        0.00221696417391
B            0.21545848076545       -1.35934953584350        0.00261536073321
B            2.31065475988379       -1.60713059892299        0.00480390237713
B            4.44623575743419       -0.84157087207464        0.00473246164402
B            6.00773020020881       -0.51140012255941       -0.00598789246653
B            7.71200982617050       -0.43564398226688       -0.01807288724071
B           -7.18424124074344        0.98638231157571       -0.00370724337253
B           -3.66693045872168        0.45847011589591       -0.00218253651187
B           -1.94491681268749        0.16150819535284       -0.01495174100662
B            1.33921293144161       -0.27510119994155        0.00321003163037
B            2.98035117311295       -0.10230328862247        0.01891466273515
B            6.77897786368548        0.88921882401407        0.00863580113171
B            8.37592956679802        1.05820071006611        0.00785761781058
B           -7.85248314314407        2.64255931134443        0.00595681523700
B           -6.31395765657097        2.31415260364880       -0.00832160814607
B           -3.76976338856374        2.08439697310445        0.00394814381643
B           -1.43519979036867        1.61602033950242       -0.02094890055853
B            1.82408287038772        1.24321299246944       -0.00144803543497
B            3.45103780015797        1.46606419995574        0.03949476491362
B            7.02354994747195        2.54039922759406       -0.01006556359557
B           -6.63921419441259        3.85075340092843        0.00272544201731
B           -5.00660042780654        3.22257134004824        0.00102676416972
B           -3.55607606364362        3.69864185987591        0.00921372884867
B           -2.15222858695509        3.10837827093023        0.00443727421848
B           -0.57370735930724        2.92897212466255       -0.00776653259016
B            0.95249768571297        2.79615991272559       -0.01381289782234
B            2.50319513397656        2.86210340211067       -0.01291475536657
B            4.10857173238600        2.86452186764774        0.01697448568446
B            5.59781478017746        3.40995673579384        0.00260275977197
B            6.98221695118743        4.17621070707033        0.00971223316295
H            5.80586471305676        4.70094101587326       -0.01588607940294
H            8.44690561946734       -1.34010472690944       -0.01761053490091
H            8.19899666458804        2.81125598074518       -0.04170376442828
H           -9.55634656585651       -3.51482130690584        0.00675651683971
H           -6.85492800281872        5.00133394790929        0.00194586068412
H            9.52672754350033        1.29931281595497        0.02958339315147
H           -9.15249608842158       -0.69764986098048       -0.00510009903528
H            7.19442851908696       -5.53249998987597        0.01000616099787
H           -9.00451325846095        2.84523133979659        0.00891745226935
H            9.93211935127821       -3.22408346430339       -0.00535718826085
H            7.80227512424771        5.01917520724587        0.01510884999877
H           -8.01617163436142       -4.77864718371127        0.00017825985294
60
 energy: -64.041687210106 gnorm: 0.017891701577 xtb: 6.7.1pre (5071a88)
B           -8.35090479562117       -3.64391926574979       -0.00874938492148
B           -4.96132491402933       -3.29257220922745       -0.00839804180878
B           -3.50198287575130       -3.62327102567989       -0.00178320170882
B            0.94018589143452       -3.16212106338406        0.00074933284786
B            2.46574321593148       -3.22505197301207       -0.00273888222136
B            6.48439433669189       -3.23829981420059       -0.00989037517271
B            7.45376049900945       -4.44015943986959        0.00670607504949
B           -7.28550763040716       -2.49863721765185        0.00226011155871
B           -5.81797374556736       -2.02433264560906       -0.01298992164812
B           -2.21598448885238       -2.82667191860074        0.00329356460402
B           -0.57909067715477       -2.81054974919046        0.00265848642827
B            3.79168428020887       -2.47970699128680       -0.00526735901445
B            5.41866551371757       -2.10618513632813        0.00868697367926
B            8.80691905337423       -3.78512021083738        0.00851001994174
B           -8.05316164102391       -0.27697451645516       -0.00136263479693
B           -6.40910568074796       -0.45193438969749        0.00802800995097
B           -4.77392513442617       -0.72790323654166        0.00096854264379
B           -3.05829175928669       -1.04857025954612        0.00021088099630
B           -1.39120736378696       -1.36892206181242        0.00188101144226
B            0.20594707078674       -1.34585016253008        0.00359995930156
B            2.28566642771639       -1.60384775537758        0.00489638745813
B            4.45899634022788       -0.81674931768987        0.00780943616003
B            6.02074034246965       -0.49057984341455       -0.00828675650537
B            7.72526072796317       -0.42536597756858       -0.03609984366410
B           -7.18050146259972        0.98217032203883       -0.00530248622008
B           -3.64983889171714        0.46122320749428       -0.00296471802410
B           -1.94356089675543        0.16936988806869       -0.02442105576443
B            1.33378521654089       -0.26516179361826        0.00584523568929
B            2.97899084189704       -0.10547411887902        0.03215682864092
B            6.79784033774787        0.90542518716645        0.01084181044287
B            8.39552904983668        1.06047775419819        0.01337869351610
B           -7.85480119183262        2.65039675893869        0.00885604637731
B           -6.31800463001621        2.32037729247817       -0.01150023500336
B           -3.79185354260493        2.07354164598636        0.00539395047127
B           -1.38243230423078        1.60798244729052       -0.03249855164527
B            1.82690416677900        1.24785093995798       -0.00010661638309
B            3.45296140230819        1.46797747213759        0.07443673890486
B            7.03515350308478        2.55756590596956       -0.01837185300697
B           -6.64774100378573        3.85784795935638        0.00377231242278
B           -5.01500835867476        3.23179945557244        0.00273823342612
B           -3.55214868745169        3.68028946647950        0.01569675066749
B           -2.14237122204342        3.09800881026435        0.00672032952085
B           -0.56504007370454        2.94694366687246       -0.01341430259984
B            0.96288102203607        2.81759141030387       -0.02486174013767
B            2.51432263568536        2.86866251473659       -0.02599513493430
B            4.11725959303026        2.86382472809052        0.03343354955041
B            5.60446466182326        3.42055095018860        0.00183974788839
B            6.98492427996240        4.19380535082901        0.01852901258247
H            5.79758739554754        4.71160871253655       -0.03066743714696
H            8.45156951813711       -1.33904614753129       -0.03010770260955
H            8.21237328445863        2.83197759938714       -0.08013117886258
H           -9.54203041890396       -3.51858232343947        0.00729016907081
H           -6.85476887999243        5.00935198529949        0.00472171747684
H            9.54374932818648        1.31189794307688        0.05608812587243
H           -9.12468873868857       -0.73787269665023       -0.00758990340343
H            7.09949576402501       -5.56912892624256        0.00908268649052
H           -9.00823603432935        2.84411338925093        0.01618367703813
H            9.86111006520100       -3.26737275461744       -0.01265267100040
H            7.79706062879796        5.04324023241144        0.02719371129369
H           -8.02606035063092       -4.80087705414213        0.00169386879815
60
 energy: -64.043116637057 gnorm: 0.017487998885 xtb: 6.7.1pre (5071a88)
B           -8.34647494345370       -3.65577131145191       -0.00438434201766
B           -4.94786346771727       -3.29151413388248       -0.01185992214072
B           -3.48957742021329       -3.62535640219191       -0.00151883561202
B            0.95463566603447       -3.14716028323519        0.00528272902257
B            2.47966587378423       -3.22021494283628       -0.01004142854297
B            6.46443954541468       -3.25280550626761        0.00417527330444
B            7.39183437045775       -4.48224645682854        0.01846032043414
B           -7.27363187957772       -2.52487037700870       -0.00041182781863
B           -5.81835764800369       -2.03018376992682       -0.01744113538983
B           -2.19972450042472       -2.83433191840109        0.00466916147402
B           -0.56817457315188       -2.80390156160216        0.00218769056341
B            3.79500930277966       -2.45530843680913       -0.00882994986700
B            5.42496910027506       -2.09154590178512       -0.00092293184216
B            8.74144564162925       -3.83186644216209       -0.00579854894620
B           -8.03866105385226       -0.28639746944302       -0.00409321978426
B           -6.38690170327655       -0.44725901468255        0.01010542227791
B           -4.75949486868634       -0.74271369809800       -0.00039133914841
B           -3.05497289178924       -1.03946765220388       -0.00017057340376
B           -1.39266520751257       -1.36703399348278        0.00257536991860
B            0.20373092995836       -1.33203794724099        0.00337877850985
B            2.26359557867380       -1.60933432093687        0.00895912971958
B            4.47084264332990       -0.79776786790341        0.00722073217637
B            6.03000534084707       -0.47645919679066       -0.01946884058075
B            7.73479398709688       -0.41761234990199       -0.05370847380440
B           -7.17479312707282        0.97482068080938       -0.00672736375396
B           -3.64346840292581        0.47077809285365       -0.00595755741842
B           -1.93763854030195        0.18208184047636       -0.03329023820760
B            1.33416142097474       -0.25552288108169        0.01111669282109
B            2.97824012725725       -0.11172361362575        0.05261633693315
B            6.81278904958289        0.91718180025200        0.02434720532701
B            8.41132908931394        1.06096821240634        0.02999445963096
B           -7.85553253987192        2.65113067214144        0.01382946651966
B           -6.31794609720857        2.31958392894472       -0.01314746514931
B           -3.81975190285781        2.07247707159231        0.01150444877899
B           -1.34081465658989        1.60624444134198       -0.04621449378858
B            1.83470669108693        1.25185554097783        0.00321970216090
B            3.45639642630506        1.46802541702206        0.12790669670193
B            7.04683799164153        2.57199901632206       -0.03815829917093
B           -6.65552412275156        3.85877843167543        0.00451431058206
B           -5.02321765623472        3.23986704422072        0.00466803195803
B           -3.54834250876025        3.66879834127705        0.02018212962692
B           -2.13773481565781        3.09135872867778        0.00902742686762
B           -0.55893501516544        2.96370632408363       -0.01576026623768
B            0.97011684585690        2.83136278526107       -0.05632250131956
B            2.52315910533020        2.87367573761637       -0.03921397526136
B            4.12389877218639        2.86321054570916        0.05374704875382
B            5.61082095731514        3.42633529835330        0.00624572950914
B            6.98474239546853        4.20771533709924        0.02837686278100
H            5.78935122827300        4.71863341513862       -0.04907285809873
H            8.45800054633041       -1.33397048320374       -0.05539750753486
H            8.22058560815196        2.85552361423688       -0.14142867047633
H           -9.52914614407015       -3.51731217320292        0.00385042162873
H           -6.86863108945601        5.00898271273506        0.00802031937917
H            9.55635959473930        1.32203733190136        0.09514232299659
H           -9.09892039321543       -0.77097913669707       -0.01205990594644
H            7.02265574184334       -5.59792110964491        0.00252764840522
H           -9.01166707904742        2.83123918869347        0.02533371256573
H            9.78076476979844       -3.29315066997830       -0.00157258791516
H            7.79045942884677        5.06283542520241        0.04635751945199
H           -8.03340052173703       -4.80840495451453        0.00382195839706
60
 energy: -64.045187267319 gnorm: 0.022065493114 xtb: 6.7.1pre (5071a88)
B           -8.34592915187991       -3.67409810496371        0.00120370000011
B           -4.93581078167978       -3.27739314911950       -0.01683042417129
B           -3.47805046602865       -3.61373893272505        0.00037055721514
B            0.97941163284369       -3.12533611857320       -0.01887334226214
B            2.50396888707224       -3.22427559598048       -0.00496583145563
B            6.45433229864803       -3.26940986653642        0.00533596609965
B            7.32736208966296       -4.53231653362052        0.02643033693501
B           -7.26081243424679       -2.55883666402760       -0.00486442229466
B           -5.82612880616984       -2.02618451628626       -0.02387565109716
B           -2.17567153819481       -2.84203044364405        0.00867142190822
B           -0.55233690591487       -2.79738132070226        0.00705720092507
B            3.80797755501613       -2.43788908746401       -0.01562041673132
B            5.44044870015898       -2.08165557943521       -0.00120644846642
B            8.68128871871618       -3.89352967214594        0.00444357557988
B           -8.02217162983388       -0.29183758258700       -0.00760658640562
B           -6.36372149729421       -0.43479477668370        0.01140819838130
B           -4.74996730298947       -0.75398226111534       -0.00150770966577
B           -3.04427446094671       -1.02291696902879       -0.00238592345823
B           -1.38920719311168       -1.36245352188878        0.00358416205534
B            0.20763255751306       -1.32020127531803        0.00787114262463
B            2.24307902502819       -1.62707483304141        0.02398295153180
B            4.48777135908760       -0.77913088154136        0.01228521663422
B            6.04231664457129       -0.46318042062894       -0.03292784669847
B            7.74448669557658       -0.41004685844466       -0.09867885599601
B           -7.16619513425302        0.97106775936399       -0.00782887502088
B           -3.64541039191839        0.48553384341399       -0.00614692622787
B           -1.92509167801075        0.19840497541878       -0.05109783966480
B            1.34203710729026       -0.25021029090786        0.01695935030466
B            2.98010134067748       -0.12508638141123        0.08308691570597
B            6.83100769571772        0.92954928052067        0.03227619160867
B            8.42691384580825        1.06279308362524        0.04995711249342
B           -7.85622835898503        2.65129134117255        0.01965670400569
B           -6.31428760926272        2.32096080189863       -0.01205123816786
B           -3.85459282986023        2.07667400021979        0.01491977586804
B           -1.30290506170242        1.60696133518283       -0.06729553261496
B            1.84777154629892        1.25063751382158        0.00372351975831
B            3.45930852220690        1.46404630352383        0.21806632339797
B            7.06155810182445        2.58910449444415       -0.06510289188201
B           -6.66736916777000        3.86305045548295        0.00900513466887
B           -5.03692975694921        3.26562466173567        0.01015119637846
B           -3.54536272031289        3.65800754154380        0.02815385375462
B           -2.13562279468219        3.08477705127879        0.01208874844408
B           -0.55355308405787        2.97817204293453       -0.04118638923741
B            0.97551286506747        2.83360119612903       -0.07129389425403
B            2.53049084390739        2.87387318771898       -0.07210429289465
B            4.12819519842776        2.85861089841580        0.09800079631972
B            5.61562828659645        3.42575029617942        0.00889823221596
B            6.97751830862226        4.22412378850308        0.05339092725802
H            5.77580210972554        4.72228573215474       -0.08623347824986
H            8.47350160221168       -1.31939007187651       -0.08766990789842
H            8.22376413741750        2.89328199369342       -0.25267906087642
H           -9.51799639020753       -3.52924788955971        0.00045614817077
H           -6.90503562172236        5.01052796181357        0.01148025861223
H            9.56559664417080        1.33890326475559        0.16910611801541
H           -9.06871431782160       -0.80152357666850       -0.01762638784006
H            6.92229226213293       -5.63818356015791       -0.00647045860400
H           -9.01737828997581        2.80929507201362        0.03798395285337
H            9.68851322701470       -3.31369358332762       -0.00326387190188
H            7.77579781545820        5.08660095283224        0.07912608992303
H           -8.03625324868885       -4.81741951038021        0.00826272439020
60
 energy: -64.047439986808 gnorm: 0.029962371842 xtb: 6.7.1pre (5071a88)
B           -8.34839019278299       -3.70028569658635        0.00431534968578
B           -4.92752770676251       -3.25447113772996       -0.01944393713241
B           -3.47062699883792       -3.59441077773273        0.00210432241394
B            1.00439377927579       -3.10622273563809       -0.00551460030407
B            2.52792544524393       -3.23193274090606       -0.02231242203223
B            6.45121327632199       -3.27652781916933        0.01678165107913
B            7.27473486165205       -4.57465364347596        0.01915494360981
B           -7.24853491071229       -2.59669012350484       -0.02130328910585
B           -5.83636236153833       -2.01405463535412       -0.03009648187712
B           -2.15254951910363       -2.84792870504645        0.01093634387644
B           -0.53745672856766       -2.79360769819356        0.00241445498866
B            3.82336507577121       -2.42971118729831       -0.02197903292099
B            5.45562435762541       -2.07489612890206       -0.00397497544767
B            8.63392868459901       -3.94145931136746        0.00101747496936
B           -8.00541831763556       -0.28947000152874       -0.01197036701864
B           -6.34555041181449       -0.42123452612420        0.01624705322883
B           -4.74590150001576       -0.75733217464194       -0.00409783477396
B           -3.02998068670148       -1.00647463888901       -0.00533413881102
B           -1.38171904448630       -1.35666963876709        0.00257021838422
B            0.21733838346278       -1.31579003664716        0.00745752644977
B            2.23128473108273       -1.64309380886151        0.03281381009353
B            4.49755607189951       -0.76604725079142        0.01245728364337
B            6.04961800928640       -0.45226658124919       -0.05396690492580
B            7.74776390066732       -0.40284405703165       -0.14030849380879
B           -7.15148584829272        0.97450299700361       -0.00394177469583
B           -3.65407754182987        0.49674689825098       -0.01143346402235
B           -1.91467128069398        0.21013872766416       -0.06291903905456
B            1.35318163953016       -0.24764863718181        0.02334670547403
B            2.98366996653194       -0.13397462395865        0.11368952278259
B            6.84250626791371        0.93946432286389        0.03854662168849
B            8.43368881772108        1.06538499006436        0.08634674921330
B           -7.85122613508396        2.64945424259807        0.02731549069241
B           -6.30340515185610        2.32516710992338       -0.00402275555076
B           -3.87990151500641        2.08321827284651        0.02155093178737
B           -1.28346962375720        1.60996996184034       -0.08950383804772
B            1.85978174222809        1.24907600329329        0.00925966629373
B            3.45914821736040        1.46062525869436        0.31745478134717
B            7.07106820067774        2.60188971953728       -0.10533924786236
B           -6.67325491326073        3.86875068873711        0.01263397675352
B           -5.04425226134237        3.30078741241958        0.01614616377549
B           -3.53939741486242        3.65391420732197        0.03194255032596
B           -2.13129283118001        3.08157693692763        0.00875504785720
B           -0.54720021665916        2.98320359743975       -0.05726954395484
B            0.98149350619925        2.82535497347551       -0.11094750356858
B            2.53670289843721        2.86719902425682       -0.07902707082961
B            4.12966205518279        2.85238970209359        0.14589513317110
B            5.61573378749376        3.41977310757003        0.02157931905544
B            6.96664056343026        4.23476961042385        0.08355306827878
H            5.76821993864241        4.71932519800212       -0.12693937617736
H            8.48310143698954       -1.30503728675483       -0.13398151757579
H            8.21488344302527        2.92367471758458       -0.39228062756731
H           -9.51601279489240       -3.55270329681552       -0.00464661487274
H           -6.94320850246746        5.01292692956188        0.01504976405851
H            9.56220148732424        1.35807892828372        0.25390191068085
H           -9.04200199612531       -0.81564085070218       -0.02855221494945
H            6.83847439253645       -5.67133629236265       -0.00300270714466
H           -9.01684302277968        2.78691043934631        0.04993843654337
H            9.61348362666835       -3.32331103038002        0.00882318255099
H            7.76026767678684        5.10149636764329        0.12185938840729
H           -8.03855781251875       -4.83898227207581        0.01825093087220
60
 energy: -64.050526463850 gnorm: 0.032360002392 xtb: 6.7.1pre (5071a88)
B           -8.35590191328936       -3.72797387865796        0.00567212010633
B           -4.92037477149048       -3.22276269966418       -0.01733518866514
B           -3.46530960300975       -3.56845057793759        0.00762264643111
B            1.02591597302293       -3.09315932820668       -0.02533946697724
B            2.54658419472900       -3.23986912899867       -0.02293283499917
B            6.45035039000242       -3.27858647499651        0.01912187797395
B            7.23918383762153       -4.59986480421372        0.00839651357524
B           -7.23175908050804       -2.64963559972054       -0.04096532100523
B           -5.84889479563503       -1.99536057332557       -0.03944948429285
B           -2.13062389977095       -2.85091303253984        0.01455786315557
B           -0.52477927114306       -2.79140728058798        0.00236439286146
B            3.83864494000178       -2.43406370954950       -0.02092948166327
B            5.46659720205238       -2.07475839248823       -0.00720014742239
B            8.59361875379852       -3.95692440215625        0.01617553977277
B           -7.98630922345731       -0.28083540448722       -0.01655454252815
B           -6.33396637982262       -0.41154440337022        0.01755977167269
B           -4.74731985882226       -0.75278378460379       -0.00374221084290
B           -3.01154976072597       -0.98977846999120       -0.00604558023334
B           -1.36769744762628       -1.34728304455271        0.00052418780174
B            0.23723747211807       -1.31996802349422        0.00578901840425
B            2.23090012417348       -1.65099964435883        0.05293655098090
B            4.49288986027442       -0.76251014112827        0.01186379283137
B            6.04528140758791       -0.44635223176116       -0.08387036794634
B            7.73983104250431       -0.39494783190196       -0.17270164776445
B           -7.12769105030569        0.98456030038351        0.00527091621830
B           -3.67291925734350        0.50230410637592       -0.00926871159858
B           -1.90846721742951        0.21563256873432       -0.07448034130597
B            1.36800873562827       -0.24350553165323        0.02412763715818
B            2.98938943676342       -0.13068544565979        0.13796742462262
B            6.83936174701169        0.94407838627606        0.02508864633251
B            8.42451820720565        1.06712050227909        0.12679620420389
B           -7.83621768868686        2.64080483813116        0.03633723320066
B           -6.28078592783562        2.32783931619357        0.01473387846809
B           -3.89049399651415        2.09307410671414        0.02035801875928
B           -1.28987700340188        1.61802682231770       -0.11226398668094
B            1.87048677636833        1.25329711381760        0.01638225095409
B            3.45435902642794        1.46186682392249        0.39427970346504
B            7.07201910412975        2.60553164500737       -0.16374692119213
B           -6.66642350012957        3.87111148590572        0.01856777459506
B           -5.03755817769902        3.33750633194029        0.02399339368350
B           -3.52689269244644        3.65848471550711        0.03158948971332
B           -2.12261842789623        3.08431764488459       -0.00201949675559
B           -0.53750168309499        2.97727456030008       -0.08197058716316
B            0.99003137366811        2.80739790111070       -0.12034864856356
B            2.54334332160123        2.85281704321804       -0.05833731852539
B            4.12952779124513        2.84638499391811        0.19924201712950
B            5.61128869606494        3.40743110398792        0.03623537170693
B            6.95356132457430        4.23369121651996        0.11651362276893
H            5.77753657412577        4.70738875887549       -0.16534335023239
H            8.47537518842527       -1.29496368258983       -0.18593792542643
H            8.18388055821006        2.93339540124677       -0.53995195351504
H           -9.52598870668277       -3.57514250932164       -0.01303065808726
H           -6.97707344618092        5.01007470670708        0.01848225972694
H            9.53672280004696        1.37895670716846        0.33806696544721
H           -9.02009325019252       -0.80869938574484       -0.04128183387009
H            6.79219600561352       -5.68298095350765       -0.00382423647570
H           -9.00446884988085        2.76467415517658        0.05949253324454
H            9.55294746607023       -3.31168205457184        0.01563326165881
H            7.75017178663931        5.09554348391206        0.17555231518124
H           -8.04382523668466       -4.87313331479119        0.03157704992693
60
 energy: -64.054473091606 gnorm: 0.033124745823 xtb: 6.7.1pre (5071a88)
B           -8.35313533879671       -3.76656661526399       -0.00263075694813
B           -4.91614336433111       -3.18785621457906       -0.00990756668468
B           -3.46422846367274       -3.54844711254212        0.01479144394092
B            1.04516166958791       -3.07999545382560       -0.00774811862759
B            2.56292581316500       -3.24118201521487       -0.02960597108310
B            6.45138241094597       -3.26944364157216        0.02291992338293
B            7.19691131194829       -4.63055990480556        0.00216217506209
B           -7.21581216960416       -2.70859552849941       -0.05343284808317
B           -5.86694801191316       -1.97713170318110       -0.05245602928449
B           -2.11203947803944       -2.86679415919134        0.01576212955627
B           -0.51358930885184       -2.79755130002378       -0.00724721411365
B            3.85252821997571       -2.43154084585347       -0.01856973559809
B            5.47524998861671       -2.06549812820329       -0.01459270513468
B            8.54495281375233       -3.97171527033540        0.03453854017758
B           -7.96649649388053       -0.26594866527611       -0.01856837754262
B           -6.31860537875878       -0.39427513044277        0.01873549362987
B           -4.73535463012613       -0.75617386954711       -0.00564568171050
B           -3.00008044917029       -0.98389879059236       -0.00550099400637
B           -1.35920229769744       -1.34932042493339       -0.00839643962189
B            0.25156789193001       -1.32995916587683       -0.00440690170308
B            2.23225492780048       -1.64915496944302        0.06513490249491
B            4.48921796574879       -0.75800051231241        0.00388831992609
B            6.04581912672439       -0.43525360796817       -0.11157382999936
B            7.73767953613082       -0.37765848029935       -0.21447175387888
B           -7.11033845032593        1.00626591219883        0.01709087263686
B           -3.68307173368554        0.49803504765997       -0.00992823777603
B           -1.90777581163867        0.20845350339694       -0.08833141742079
B            1.37864707127444       -0.24308638976310        0.02490639904300
B            2.99808786176191       -0.12334982907074        0.16714018707528
B            6.83371697568665        0.95451727115931       -0.00083954329152
B            8.40727409507082        1.08097657965840        0.14215144619378
B           -7.81920454629685        2.64186445808098        0.04630846017044
B           -6.25942178634061        2.34014193221581        0.03756848388903
B           -3.89687075197309        2.09574289523945        0.02558889817412
B           -1.29829063283446        1.61886428111822       -0.13406732186122
B            1.87435329942708        1.25785020915413        0.02760094342175
B            3.44396862850753        1.46335349023950        0.46793653842018
B            7.07007988243676        2.61176648362993       -0.19789081630594
B           -6.65100486608583        3.88187583719363        0.02757346557535
B           -5.02144946406464        3.37057079808128        0.02724543589901
B           -3.50893934389427        3.65957955573303        0.02649427474228
B           -2.10539136051316        3.08377347750842       -0.01514914804871
B           -0.52303726059798        2.96730524555580       -0.10184335002433
B            1.00434927170291        2.78895283735199       -0.12672470641358
B            2.55500980317981        2.83286270934862       -0.04005327073615
B            4.13418590779898        2.83670636528855        0.25525287721991
B            5.60506286845852        3.39566938138982        0.06414720469770
B            6.93436983502956        4.23847928430374        0.14886575394746
H            5.79185103142032        4.69982040813557       -0.20634701521504
H            8.46801688492945       -1.28077369353478       -0.23063587133133
H            8.14178675020592        2.94391953360930       -0.68246858027824
H           -9.53219168778284       -3.60896086801324       -0.02105992012301
H           -6.98526733142142        5.01587890955625        0.02344882985624
H            9.49850676592369        1.42175548412108        0.41354052617090
H           -8.99576638551814       -0.80919014804154       -0.05674817860795
H            6.70716998397044       -5.70676154709277       -0.00959102786629
H           -8.98602060009146        2.77075513318148        0.06793459464479
H            9.50407095731527       -3.31767936551560        0.02620777526897
H            7.73783257847990        5.08902896800597        0.22840010958894
H           -8.03993573099862       -4.92338164130277        0.04309732451413
60
 energy: -64.059043478669 gnorm: 0.038961420264 xtb: 6.7.1pre (5071a88)
B           -8.34020999185834       -3.81996874967683       -0.01944965060148
B           -4.91392432578091       -3.14371579384697        0.00061914073717
B           -3.46722672002888       -3.52986764173262        0.02685334571212
B            1.05411778958925       -3.07039079799270       -0.01911344395938
B            2.56901704128751       -3.23451793496448       -0.01170108590434
B            6.44419095248148       -3.27078250805599        0.00870007691602
B            7.15961335298287       -4.65273047876222       -0.00040858283208
B           -7.19653175828337       -2.77658083497733       -0.06311270083119
B           -5.89458456386065       -1.95663227648358       -0.06672940607007
B           -2.09769335948141       -2.88931846294390        0.01912343691948
B           -0.50609862255820       -2.80720085695340       -0.00963115432048
B            3.86142806198036       -2.43216219096812       -0.01478463577853
B            5.47754445353496       -2.06021801275548       -0.01511792860932
B            8.48403359021875       -3.95820792360158        0.05244826552084
B           -7.94848840565908       -0.24523737583152       -0.02168558052142
B           -6.30574186605691       -0.37219804604874        0.01725426115608
B           -4.71513469050492       -0.76385889695255       -0.00563758893892
B           -2.99707323990419       -0.98513331070264       -0.00417841460211
B           -1.35371413806717       -1.35665911711535       -0.01920811426456
B            0.26371890345359       -1.34414488460606       -0.01040596828886
B            2.24108238388166       -1.63463006011439        0.08267340281138
B            4.48224936719180       -0.76553665128433       -0.01354046162601
B            6.04471663053034       -0.42993034372215       -0.13844676059247
B            7.73898840451384       -0.35231414401961       -0.23592073293497
B           -7.10047075121139        1.03661228268368        0.03056508708023
B           -3.68760347571548        0.48815735934080       -0.00680565759255
B           -1.91183631495878        0.19342975101063       -0.11053525388925
B            1.38671501598891       -0.24481800061145        0.02473246788734
B            3.01158442828203       -0.10917973809285        0.19177915609613
B            6.81432563887420        0.96349017045819       -0.02708034268149
B            8.37657162881245        1.10498578733870        0.17009849986542
B           -7.79995201709927        2.64564030167146        0.05571107357748
B           -6.23843548817171        2.35753122071918        0.06335014209516
B           -3.88981840901380        2.09451050996228        0.02302341414862
B           -1.31717513592513        1.61877862654392       -0.15593169379180
B            1.86963993113031        1.26518892416043        0.03093838043177
B            3.42715262190158        1.46646346231952        0.54706053607022
B            7.06376207435599        2.61207883304856       -0.25904604017490
B           -6.62637797341594        3.89537371710450        0.03296774210257
B           -4.99426801841518        3.38923159223791        0.03444255246210
B           -3.48623029736883        3.66027725368911        0.01865381990603
B           -2.07943780451456        3.08814418455619       -0.02227746632380
B           -0.50370957054265        2.95527592063453       -0.11850464652206
B            1.02433396567067        2.77363697483224       -0.14328812756555
B            2.57280219498337        2.80832665320972       -0.02955411400886
B            4.14547431126196        2.82534605732958        0.31808530125503
B            5.59990032279391        3.38145682708697        0.08936739122388
B            6.91101275649193        4.24311917533365        0.17779839783073
H            5.82142340264122        4.69567203941858       -0.23632601812410
H            8.45494968097985       -1.26801668747298       -0.27840380984050
H            8.07946912678648        2.94190219824516       -0.78409444517798
H           -9.52932287920780       -3.64613062093729       -0.02161863729474
H           -6.96632326223600        5.02296031743741        0.03089421508189
H            9.44062001622938        1.47291313710072        0.45088529051233
H           -8.97264038317909       -0.80628989679269       -0.07258248893674
H            6.65416212957739       -5.71162184480583       -0.01120790399928
H           -8.96091189652885        2.80271510890648        0.07670044230938
H            9.46651828182680       -3.32440087092085        0.04281392324824
H            7.73254527287306        5.06962186465853        0.28241967305739
H           -8.04434937355868       -4.99138429729358        0.04636942058527
60
 energy: -64.062338615644 gnorm: 0.025604134479 xtb: 6.7.1pre (5071a88)
B           -8.32006062695674       -3.84283709941132       -0.01572125100992
B           -4.91028317007502       -3.12857817273463        0.00208870599165
B           -3.46617887046885       -3.52189476933795        0.03076999209165
B            1.05403083580051       -3.06739388517051       -0.01504390803353
B            2.57037164794816       -3.23144404220229        0.00059499802984
B            6.44400478006804       -3.27938785452272       -0.00224519530530
B            7.14467608362386       -4.66197022568781        0.03727161881424
B           -7.18768459645006       -2.78934107741466       -0.05734560868541
B           -5.90532649973056       -1.95339947951230       -0.06937035474008
B           -2.09194482124705       -2.89462205260701        0.01729745724768
B           -0.50129286303148       -2.80692113965581       -0.01046678304746
B            3.86528037254295       -2.43387747549644       -0.00934300458719
B            5.48096293964290       -2.06122210066114       -0.02443604149695
B            8.47819669416830       -3.98193973500235        0.02326647471244
B           -7.94917735614031       -0.24201566169121       -0.02276043327695
B           -6.30694072758003       -0.36447863719947        0.00689014367280
B           -4.71740642474298       -0.76743360830989       -0.01596389782626
B           -3.00156782461024       -0.98928911850858       -0.01956784398508
B           -1.35322766499846       -1.36068606914915       -0.03121942107539
B            0.26311645903553       -1.33994221139098       -0.00396490748697
B            2.24687652223129       -1.63307186915001        0.09149712145143
B            4.48826584456627       -0.77282208253175       -0.02058220546939
B            6.04495018044249       -0.43335444541435       -0.15782630951302
B            7.74449122394654       -0.34251840292017       -0.25216778744990
B           -7.10639655656651        1.03920624772103        0.03645177966222
B           -3.67872695459638        0.49049811964275       -0.01565044824105
B           -1.90608099317181        0.19331719027969       -0.12312952552251
B            1.38835737320207       -0.24628138409584        0.03413375148084
B            3.01693063101061       -0.11100796438591        0.19754572863109
B            6.80101073443555        0.96389240579636       -0.03428421849052
B            8.36348237820270        1.11877044280559        0.16347294713604
B           -7.79708133628906        2.65341141289142        0.05731074249309
B           -6.23674249564532        2.36180400286785        0.07240848229594
B           -3.88147036477829        2.09060613661867        0.03366857454133
B           -1.31465288802555        1.61569365789271       -0.16377714936821
B            1.86835509289428        1.26349856807853        0.02814977544079
B            3.41682297556522        1.46548543256419        0.56683421303755
B            7.06038901521726        2.61209675515515       -0.24984693063555
B           -6.61974197995208        3.90051509335757        0.03840842989401
B           -4.99022613384198        3.37796980638359        0.03515211692589
B           -3.48124677216135        3.65790926373665        0.02054265895135
B           -2.07120758404044        3.09201305282751       -0.02332578954095
B           -0.49874072209374        2.95381277363525       -0.13147941207963
B            1.02908281538116        2.77833719276993       -0.15107000915271
B            2.57876192396581        2.80880357630100       -0.02954342154304
B            4.14550094873430        2.82266234855724        0.33771765056146
B            5.60171942960178        3.37726886425041        0.10687727090183
B            6.90097423808715        4.24954500530334        0.18242911124167
H            5.81762086939997        4.70010349604980       -0.25292124803484
H            8.45677544988791       -1.26372508267035       -0.28354750324200
H            8.03999102227864        2.94857523893842       -0.85755598102634
H           -9.49775271507860       -3.65396233396648       -0.01091328036576
H           -6.94703809478543        5.02977916924776        0.03460363668082
H            9.42554846671230        1.49195947507200        0.47017998380426
H           -8.96512671189780       -0.80948466499331       -0.07231662709212
H            6.62480738513244       -5.71240851523492       -0.02062870585038
H           -8.95603616097947        2.82723675504391        0.08124874889763
H            9.44152018783484       -3.32108952771492        0.07255538283792
H            7.73390659535594        5.06335395214111        0.31497036428758
H           -8.04904220698051       -5.01066374718664        0.05367734145988
60
 energy: -64.066497845964 gnorm: 0.035517972108 xtb: 6.7.1pre (5071a88)
B           -8.28329345739420       -3.89322887060067        0.01256082272876
B           -4.90116174251325       -3.08375203228780        0.00059025842293
B           -3.46471540207562       -3.50040686644806        0.03573781674217
B            1.05409168223674       -3.06061243399296       -0.00797088370702
B            2.57241367562895       -3.22387096291383        0.02293392598806
B            6.43119252552859       -3.30412124145671        0.01514825748367
B            7.12336200424401       -4.67651921613636       -0.00845256163049
B           -7.16862479206319       -2.82518418360481       -0.06425787611683
B           -5.93660279478121       -1.94121511405843       -0.07807778751653
B           -2.07723492327856       -2.90981051331254        0.01122040585858
B           -0.49011188619435       -2.80596534174999       -0.01377402808904
B            3.87379594171890       -2.43932096882318       -0.00313110474399
B            5.48732634267134       -2.06382682765990       -0.04336168312631
B            8.44447575947654       -3.98865182090040        0.08726278261491
B           -7.95005120087647       -0.23518691963765       -0.02542747576064
B           -6.30688910473918       -0.34108242277510       -0.01342045065477
B           -4.72182726449009       -0.77829475524602       -0.03143210830748
B           -3.01412903607049       -0.99966020050778       -0.04090438208340
B           -1.35409911989707       -1.37079299746898       -0.05642467448693
B            0.25935616432503       -1.32880468775027        0.00739223488616
B            2.26209130144034       -1.62845681451639        0.11163838974599
B            4.49923780001851       -0.79302520684336       -0.04094018421786
B            6.04405328830293       -0.44263785312279       -0.19134473162405
B            7.75743622406393       -0.31665466280984       -0.27750739617931
B           -7.12212320527016        1.04708062275512        0.04893986272594
B           -3.65853068266851        0.49519788263086       -0.00999772734313
B           -1.89540895088688        0.19227176789876       -0.14835598739048
B            1.39215796889517       -0.24967171586545        0.05073557384148
B            3.02991430321410       -0.11470139978329        0.21249007245429
B            6.76477732300560        0.96453602765410       -0.05007535215509
B            8.32519793560863        1.15725276989143        0.16186339825974
B           -7.79303332997502        2.67130106603673        0.06846249961209
B           -6.23552103286307        2.37327243739683        0.08979889783293
B           -3.86398191852617        2.08163819298184        0.01729726768359
B           -1.31146869987684        1.60936264072680       -0.18087349751279
B            1.86338493928627        1.26072485577330        0.02121744294822
B            3.38875976453734        1.46355434655446        0.61594551381867
B            7.04848914606706        2.60458249572004       -0.25860195361761
B           -6.60683761572815        3.91267214962614        0.04439901445570
B           -4.98123826348712        3.34983878099436        0.04945379378838
B           -3.47090998961147        3.65234890498653        0.02512659067253
B           -2.05252791422481        3.10331487468934       -0.02221352485839
B           -0.48824312926425        2.95074069467348       -0.15671245288599
B            1.04021043824331        2.79142037516903       -0.16592922132277
B            2.59216554248945        2.81003183438463       -0.03114501223330
B            4.14602781465602        2.81327892090908        0.38175550780859
B            5.60617571603613        3.35938247184075        0.14601572997069
B            6.87849827622429        4.25409775749766        0.21160847119512
H            5.82528731841104        4.71068233272378       -0.29071179596719
H            8.46277866896533       -1.24794908010526       -0.29297196835024
H            7.96503174533068        2.96701520463859       -1.00211194615057
H           -9.43827018254004       -3.66566223922088        0.00721940918265
H           -6.90518620091351        5.04591116936880        0.03880117069949
H            9.38436037074845        1.55279125556604        0.49955342633588
H           -8.94610017796711       -0.82282960399785       -0.07696189561808
H            6.58370840905295       -5.71577164228985       -0.01014818960411
H           -8.94848514270300        2.87500958662760        0.09061819641191
H            9.42608129423209       -3.36842489954167        0.07321709399262
H            7.74243603284277        5.03786685908102        0.36081072895132
H           -8.05928955662212       -5.05202378337063        0.07342329614185
60
 energy: -64.070545369741 gnorm: 0.040639951262 xtb: 6.7.1pre (5071a88)
B           -8.26568513946475       -3.93588695903890        0.00620177285925
B           -4.89156701146061       -3.03554348684154        0.00598194875964
B           -3.46329308187069       -3.47996246774189        0.04498212912183
B            1.06025854024940       -3.05836602491764        0.00435201556433
B            2.57721189708608       -3.22065322023507        0.03981713282900
B            6.43419756375152       -3.31400766692585       -0.03400520675747
B            7.10210537290863       -4.69852036079678        0.02863465492522
B           -7.15615223079030       -2.86029217974515       -0.04415832378958
B           -5.96356368348652       -1.92341638771295       -0.09216017982156
B           -2.06325212797632       -2.92327894011729        0.01197193031828
B           -0.48035386251756       -2.80611178336222       -0.01124477483235
B            3.88404510711518       -2.44674324130307       -0.00039915432834
B            5.49627905384938       -2.06734454877766       -0.04890351943821
B            8.42949734446479       -4.02043524239141        0.07502265181008
B           -7.94766030400395       -0.23046452237414       -0.03125933250085
B           -6.30053693243122       -0.31571905975858       -0.02562205700370
B           -4.72119761093158       -0.78566447303959       -0.05627795950481
B           -3.02170245730240       -1.00654894657251       -0.05560075467177
B           -1.35464655461342       -1.37855338168352       -0.06966602858303
B            0.25704156195210       -1.32203591424068        0.01296367166789
B            2.27837311534096       -1.62507208423786        0.13198751359660
B            4.50378630113612       -0.80968478714992       -0.04709144213906
B            6.04282053801502       -0.45019195347080       -0.20848372144594
B            7.76547377735888       -0.29372868666268       -0.28090256351562
B           -7.13362257835572        1.05859552427923        0.05860329906927
B           -3.64589566603485        0.49607312466452       -0.03551624505326
B           -1.88923652932094        0.18798507754764       -0.16614799522406
B            1.39857584642177       -0.25283040779830        0.05542052923956
B            3.04160203773877       -0.11555231138640        0.23196827610077
B            6.73441747414711        0.96656109261133       -0.07766499384440
B            8.28758175894738        1.19753998699705        0.16544629731920
B           -7.79095973793165        2.68841962015332        0.08095853632571
B           -6.23641093710970        2.38323833669437        0.10599838125378
B           -3.85077928892873        2.07550485058516        0.04280734711132
B           -1.30911695641460        1.60577639281818       -0.19980490789949
B            1.86121443002052        1.26003791519855        0.01509721026212
B            3.36698082811440        1.46346773750500        0.65723870282291
B            7.02721743526195        2.59387157173062       -0.32068807149791
B           -6.59461953225210        3.92280067715290        0.05627695694969
B           -4.96998048542395        3.33152059558073        0.05557418547749
B           -3.46105838492398        3.64750518987936        0.02810874638319
B           -2.03824474772083        3.11088780836435       -0.03397676671463
B           -0.47932359467349        2.94719122006606       -0.17847008447304
B            1.05097762926268        2.79957826187582       -0.18094165942215
B            2.60090304842448        2.80891984174762       -0.03193912412201
B            4.14512585478945        2.80475646472506        0.41848723943351
B            5.60469162192094        3.34079453938953        0.17462152185638
B            6.86141631772809        4.24737828793185        0.24331560947398
H            5.84658146142161        4.72293993627118       -0.31246309421056
H            8.47233832929574       -1.22423877053136       -0.29861719992261
H            7.92449377489795        2.98287085082183       -1.07129946552655
H           -9.41494469386887       -3.67624506977927        0.03090820512801
H           -6.87244328515400        5.06034891396059        0.04316236668261
H            9.33932241409791        1.61741515885283        0.50523620062203
H           -8.93070919571616       -0.84114131594291       -0.08145337301233
H            6.54232770239903       -5.72703611913008       -0.01740449677634
H           -8.94455651181408        2.90461169719917        0.09088481685806
H            9.39356330785851       -3.37321622237206        0.10761214451992
H            7.74942686729094        5.00346423681722        0.40142043515875
H           -8.05995619077376       -5.09250737538464        0.08110006653182
60
 energy: -64.076299074775 gnorm: 0.037486839710 xtb: 6.7.1pre (5071a88)
B           -8.25404329991938       -3.98330775138310        0.04993794113113
B           -4.87403473307877       -2.95244342965069        0.00178230160930
B           -3.46060876246498       -3.44780591698686        0.04960463957988
B            1.07585644376013       -3.05723589439821        0.00994312029015
B            2.58817788373200       -3.21914454518744        0.05398746724631
B            6.43844417173114       -3.32515140977280       -0.05541924390915
B            7.07581095779752       -4.73292662723656        0.05522925599903
B           -7.13588392562161       -2.91830941777993       -0.07093271946724
B           -6.00547579924466       -1.89021092603173       -0.11672895244521
B           -2.04086600145307       -2.94478120253365        0.01226203018913
B           -0.46600610573659       -2.80603945087708       -0.00974426125327
B            3.90324651302867       -2.46006739780542        0.00433570637488
B            5.51487604544284       -2.07144050885066       -0.06730128969436
B            8.41151043917849       -4.06158956204818        0.04474020557689
B           -7.94047931351235       -0.22777434279613       -0.03175099370318
B           -6.28497150463332       -0.27500838130589       -0.03272504314832
B           -4.71671314976488       -0.79787479886371       -0.06040390119068
B           -3.02921772956628       -1.01450104762955       -0.06488792507350
B           -1.35631238042840       -1.38761030065679       -0.08706160475721
B            0.25307764704718       -1.31370367654111        0.01118906923769
B            2.30589368255794       -1.62021186396702        0.15796373113149
B            4.50272405819212       -0.83157365534899       -0.06223546554296
B            6.04139049792327       -0.45684913028066       -0.21908255651124
B            7.77358205778626       -0.27148059383200       -0.26801795089269
B           -7.14806470012400        1.07729145208480        0.07303758927848
B           -3.63529365376511        0.49246631181863       -0.03031399609234
B           -1.88730615147356        0.17941087724885       -0.18886632410108
B            1.41044291279865       -0.25741195460995        0.05006474162269
B            3.05870530504680       -0.11394090347852        0.25814504148152
B            6.70688568254622        0.96731033209610       -0.11298887052585
B            8.24939222492507        1.24491510784615        0.15535318520102
B           -7.79168736924852        2.71113037636122        0.09238926634440
B           -6.24188805351576        2.39653364316898        0.12165908285439
B           -3.83859952748535        2.07011580670181        0.02697223311933
B           -1.30975917484493        1.60318829398025       -0.22186329886094
B            1.86024997261548        1.26164520871390        0.00719825723744
B            3.34250211432654        1.46329311027236        0.70307971600070
B            7.01041825725947        2.57851202343012       -0.38994846990804
B           -6.58039697785477        3.93530944538401        0.07158713846024
B           -4.95297525682896        3.31386163392012        0.07066794652492
B           -3.44812731642392        3.64181744900780        0.03102205620532
B           -2.02129444304067        3.11897335695694       -0.04569390661239
B           -0.46810948241337        2.93999310713484       -0.19687445487093
B            1.06568366988724        2.80676020555442       -0.19391215024129
B            2.60977456060805        2.80546361404169       -0.02891563186211
B            4.14641277252189        2.78926035493010        0.45343224459954
B            5.60383025498403        3.31290827129682        0.20701270866000
B            6.82732686044772        4.25657891236577        0.26337571648595
H            5.87251409717626        4.75487409027498       -0.35385450576378
H            8.48018847647712       -1.19964958551750       -0.30051803434353
H            7.86812006476953        2.99511877924881       -1.14169919366002
H           -9.40590264685819       -3.68928863188162        0.05867756765805
H           -6.83426459225014        5.07904014379095        0.04676265458253
H            9.28793244397058        1.68359316000337        0.49353936187216
H           -8.90915860080436       -0.87017043738834       -0.09871060535903
H            6.49391147660673       -5.74975224151220       -0.01600875803692
H           -8.94250239024407        2.93580911075631        0.09998862501276
H            9.35100302033140       -3.36868662515273        0.15776984143352
H            7.74354217606967        4.96839603860543        0.46675923045420
H           -8.06510469894561       -5.14856700569230        0.10699043437279
60
 energy: -64.084768494836 gnorm: 0.047413293778 xtb: 6.7.1pre (5071a88)
B           -8.25075295509740       -4.03056565253054        0.01587795081864
B           -4.85009098678556       -2.82469276491760        0.01196372652112
B           -3.46073266819155       -3.40187627185910        0.06082636949995
B            1.10005067797877       -3.05767089536860        0.02444443351910
B            2.60386180629512       -3.22023723491189        0.07004345486525
B            6.44497868233672       -3.33278024906062       -0.07710304362272
B            7.05518944680556       -4.76894681433902        0.03982118034790
B           -7.11483640947534       -2.98438593477617       -0.03690948078821
B           -6.07089697558267       -1.84063333133425       -0.14277501655307
B           -2.01186687351209       -2.97830167010077        0.02384696149005
B           -0.44984338896186       -2.80551371648626        0.00363021885238
B            3.93037936110453       -2.48024860927062        0.00981533291159
B            5.54130154003389       -2.07631554464874       -0.08701716915700
B            8.38285511114932       -4.07806674600809        0.07146450466181
B           -7.92496417022495       -0.23010474493568       -0.04118556035234
B           -6.25717701338784       -0.22013690995029       -0.03736803679792
B           -4.70788685165169       -0.82074007578373       -0.08270875389867
B           -3.03629321151040       -1.02102154901927       -0.07836132127356
B           -1.36239045925094       -1.39731450020377       -0.09370661465732
B            0.24333043265955       -1.30353453263580        0.01107335394765
B            2.34506133409271       -1.61263231477592        0.18981647849097
B            4.49134480473476       -0.85675410135882       -0.07647470670731
B            6.03902093582478       -0.46259984029074       -0.21402181745271
B            7.77903379729701       -0.25548296480618       -0.23783078108931
B           -7.16160619454504        1.10066536046172        0.07972870681391
B           -3.63595695495829        0.48191995432710       -0.06088214186477
B           -1.89175671067663        0.16576108199423       -0.20223022003461
B            1.42530431918408       -0.26383346764942        0.04033934162700
B            3.07933936526584       -0.10720419971193        0.28589117425982
B            6.69165524614561        0.96252804580050       -0.14366999875428
B            8.22030835797264        1.28533060731654        0.14307026777104
B           -7.79602345887218        2.73418085631746        0.09821252581020
B           -6.25275844505132        2.41011362435352        0.13220960316427
B           -3.83135410068398        2.06485072941665        0.05415262220603
B           -1.31608003629870        1.60190930847213       -0.24024732748239
B            1.85922963132490        1.26709305859595       -0.00108447217999
B            3.31893534833573        1.46257902644983        0.74210212447299
B            7.01126772167683        2.55698539335554       -0.43160156530588
B           -6.56830508790654        3.94660316557622        0.08553454886925
B           -4.93239684335596        3.29997677134793        0.07203938196461
B           -3.43518335832486        3.63471741655625        0.03038759086895
B           -2.00583690521178        3.12414216641202       -0.06419126401101
B           -0.45685240804509        2.92787548320371       -0.20730928091775
B            1.08162055512984        2.80947224344142       -0.20034995171430
B            2.61611683980299        2.79777112061027       -0.02097599162569
B            4.15138352967340        2.76543655253176        0.47350116666137
B            5.60898345979358        3.26974444804748        0.24597307280870
B            6.77155518893586        4.29342714542830        0.27567245244450
H            5.91028041497989        4.82093448532594       -0.40706431458077
H            8.48160638085036       -1.18064285118894       -0.30182200701148
H            7.79336190393840        3.00335150856450       -1.19426741412714
H           -9.41437807338690       -3.71047736637537        0.09135094269190
H           -6.79895806010691        5.09711493372111        0.05409362338870
H            9.24239866791982        1.73094979169624        0.46764328808574
H           -8.88513928276557       -0.90039071325960       -0.10878058275093
H            6.46049126599538       -5.77773964827270       -0.01343000703256
H           -8.94398170265042        2.95733070117210        0.10274402672425
H            9.32292508863894       -3.38221809178133        0.16576922159599
H            7.72071929999132        4.94048658735189        0.53649543532913
H           -8.07121192939527       -5.21112726023844        0.09383375825951
60
 energy: -64.095248665126 gnorm: 0.066524035237 xtb: 6.7.1pre (5071a88)
B           -8.24445028979861       -4.05043017860268        0.04707473182727
B           -4.82096928767545       -2.66622389422905        0.01262689150175
B           -3.46542122286266       -3.34614219019102        0.05895068247447
B            1.12415375264657       -3.05698895374129        0.02807385171688
B            2.61988691272089       -3.22396599042795        0.07668853774412
B            6.45519495800442       -3.34189557817248       -0.08886349914827
B            7.04093809774254       -4.80113630780890        0.02390231865847
B           -7.08869795682225       -3.03357068055119       -0.07650318586522
B           -6.15113614603991       -1.78833831203233       -0.14223436162769
B           -1.98243498646186       -3.02180294785329        0.03201244013031
B           -0.43548664262982       -2.80469249982157        0.00786866790430
B            3.96031025433569       -2.50596254576023        0.00987079497794
B            5.56914679981977       -2.08464435087935       -0.08200875652313
B            8.35066011527779       -4.07863642148261        0.10386858866834
B           -7.89979705305054       -0.24189881405062       -0.04811727492262
B           -6.22418420498535       -0.16782164049143       -0.03214156366555
B           -4.69874980287614       -0.86349541223072       -0.07341993533016
B           -3.04060401103857       -1.02572223272905       -0.08016988263030
B           -1.37341068595397       -1.40663489847395       -0.10082320497987
B            0.22754543426174       -1.29179625831686        0.00015902006268
B            2.38945836578087       -1.60458959866734        0.20623711727091
B            4.47566314083836       -0.88289834424224       -0.08232138848407
B            6.03751852014896       -0.47282755810490       -0.19975941419708
B            7.78311355980265       -0.24603826150407       -0.20653215210899
B           -7.16775763230894        1.11811660149198        0.08063373865499
B           -3.65354385638044        0.46362369908924       -0.05359309361849
B           -1.90469602288227        0.15060782938656       -0.20650063449418
B            1.43818982758855       -0.27435211224346        0.02927740778817
B            3.09906978814337       -0.09890706320974        0.30103751806046
B            6.68795432364957        0.94849878432435       -0.15995116356402
B            8.20412845426337        1.31087761113461        0.14232538346203
B           -7.80003690229772        2.74920724404460        0.10816355532036
B           -6.26299375283190        2.41926149621635        0.13798275488788
B           -3.83316764132078        2.05702553228873        0.04380854316607
B           -1.33067591386603        1.59883568136147       -0.24920757657626
B            1.85699397606428        1.27181938830163       -0.01455829898528
B            3.29982923568220        1.45848623709347        0.76564850326211
B            7.02389002263289        2.52913315703910       -0.44360304349244
B           -6.56234805162577        3.95341157864512        0.08934690494821
B           -4.91583286610306        3.29169492480973        0.08529972874115
B           -3.42586861135958        3.62595135693050        0.02285132827311
B           -1.99509797394646        3.12163768092640       -0.07536216229363
B           -0.44849940443218        2.90942714481783       -0.21446393743412
B            1.09292767951818        2.80351083034167       -0.21032702815502
B            2.61944316415996        2.78345394048669       -0.01312508414651
B            4.15707994417726        2.74074951604961        0.48231206400259
B            5.62200980040708        3.20986338649883        0.28947917474500
B            6.70254117670800        4.34797583653960        0.27961207999632
H            5.96454687521896        4.91740597004125       -0.46600860112045
H            8.48300009923190       -1.16743710890987       -0.30196832020239
H            7.69809300850646        3.02013519400320       -1.26080169937658
H           -9.41807314932006       -3.73905966497555        0.10388218501089
H           -6.77455612688414        5.10867044247647        0.06229365268743
H            9.21750545433238        1.76519933491100        0.43144861515420
H           -8.86281274552216       -0.91165348322606       -0.12073874226148
H            6.43928984319422       -5.80342985151335       -0.01575222141426
H           -8.94627178930554        2.96879047997758        0.11004585859774
H            9.29380254812492       -3.38842196331881        0.15902822563036
H            7.69032792239452        4.91347757623852        0.58433193200592
H           -8.06825932479576       -5.24637233770614        0.10271342928627
60
 energy: -64.103592835541 gnorm: 0.062803655263 xtb: 6.7.1pre (5071a88)
B           -8.22422436248458       -4.04464360847967        0.03163598223383
B           -4.79153831013789       -2.55235908535095        0.00941576018352
B           -3.46965496147634       -3.30599012453991        0.05607568807125
B            1.13455748564945       -3.05276873703747        0.02835608976471
B            2.62947784707566       -3.23062759369649        0.08485475172463
B            6.45819104099515       -3.36288170060633       -0.05197294809869
B            7.03124026824263       -4.82400872058543       -0.02813627083080
B           -7.07418105884123       -3.02321985190528       -0.06172772662258
B           -6.20655450938681       -1.76442949225744       -0.13647863323108
B           -1.96915895901378       -3.05677330525633        0.04001778839393
B           -0.43116476885668       -2.80426201617240        0.01744883754924
B            3.98129067148549       -2.53026292529915        0.01508596221912
B            5.58624188378221       -2.09567648432651       -0.08496474108927
B            8.31595181410625       -4.06986071171362        0.10245331467290
B           -7.86780297849557       -0.26749390742273       -0.04751867364961
B           -6.20245449857848       -0.14756859533451       -0.03506396015345
B           -4.69680028458915       -0.90568521150467       -0.06723287957323
B           -3.03716741441815       -1.01983621878218       -0.08448247583154
B           -1.38541185464517       -1.41075528923630       -0.09988639525157
B            0.21259601597743       -1.28327362598861       -0.00366718610106
B            2.42245659517812       -1.60217216876727        0.20981947836681
B            4.46547943071031       -0.89966504519329       -0.08373967293110
B            6.03713927028633       -0.48502017895577       -0.19413536971772
B            7.78503212319785       -0.24500113672903       -0.18288034693344
B           -7.15947064093755        1.11686263222085        0.07345557052886
B           -3.68404734448955        0.45181985242316       -0.03061886619980
B           -1.91686568771259        0.14412144964229       -0.20871159479772
B            1.44458648864904       -0.28890740142026        0.03330430422436
B            3.10947009401669       -0.09581293412808        0.31355697296755
B            6.69198573610233        0.93142228650716       -0.15535094407147
B            8.20630777079219        1.31944516143744        0.14133137616037
B           -7.79789622700040        2.74868102590707        0.10723858840453
B           -6.26225903754227        2.41974131790669        0.13736697249202
B           -3.84156485355897        2.05129643070891        0.00310163684494
B           -1.34612905943001        1.59548284840622       -0.24885191283542
B            1.85721631215266        1.26861019006108       -0.02261235716907
B            3.29695947935404        1.45342475509358        0.77466406761967
B            7.02225838556359        2.50981451944751       -0.44281501891170
B           -6.56379961384238        3.95457458542646        0.09267766259002
B           -4.91250467727661        3.29771927238019        0.09344314971238
B           -3.42231006565370        3.62179788536681        0.01878330317988
B           -1.99213713423126        3.11030989184756       -0.07159898313328
B           -0.44478431266717        2.89328910900867       -0.21893482497934
B            1.09357456262598        2.78618329991349       -0.22111013016190
B            2.62038039060780        2.76516735742315       -0.00456753297324
B            4.15986951794856        2.73452223393164        0.48723076100005
B            5.63248155234164        3.16952219466535        0.30802971996534
B            6.64341866565691        4.39684961555456        0.26711591677546
H            6.01828871480079        5.02850866629995       -0.51222013814239
H            8.49244599653276       -1.15957328047723       -0.28496066864828
H            7.61057790071779        3.04041569433725       -1.32553538019649
H           -9.39697940244262       -3.76600802731888        0.10363709602042
H           -6.77026159834777        5.10991934459651        0.06826245971050
H            9.22742308290634        1.78200734859303        0.40559387883357
H           -8.84923486229694       -0.89655079577181       -0.12820216984744
H            6.42610220832619       -5.82235403098899       -0.00364323070935
H           -8.94462515195159        2.97360654734406        0.11580168449689
H            9.25975648163622       -3.38119975347150        0.16512161414362
H            7.66501587184072        4.88169648251722        0.64491805097574
H           -8.04841102895356       -5.24310904025184        0.09182259296654
60
 energy: -64.109984811067 gnorm: 0.047911468067 xtb: 6.7.1pre (5071a88)
B           -8.19038072791772       -4.03342418086223        0.07591242596124
B           -4.77829225771692       -2.56721046723421        0.00188767693981
B           -3.46902566006542       -3.31153265401207        0.05318625687486
B            1.12559361010728       -3.04609749955423        0.02235552508888
B            2.62768216851378       -3.23882917774151        0.08348241075958
B            6.45737678653065       -3.38726154200865       -0.04976231068169
B            7.02287071129953       -4.83501703717950       -0.02906747478182
B           -7.06098924647230       -2.98637587392040       -0.10696329336740
B           -6.19654334223074       -1.78066616568970       -0.10979557448994
B           -1.97929006079437       -3.06647285889110        0.04220665307139
B           -0.43884490130542       -2.80659165074578        0.01478670894247
B            3.98294640406558       -2.54496317941964        0.01759142899612
B            5.58200024223586       -2.10837400528024       -0.07752999597611
B            8.28080726581587       -4.05349478801322        0.13524348968546
B           -7.84182588477771       -0.29217512024547       -0.05122416078945
B           -6.20780960147261       -0.16112134601674       -0.03209774806300
B           -4.70804614406632       -0.88913109138978       -0.06538263647653
B           -3.02922398862236       -0.99538870746013       -0.09290551253788
B           -1.39276031120923       -1.40917172799813       -0.09326156979783
B            0.20728777653162       -1.28430558815418       -0.00205376936667
B            2.42871938320581       -1.61031572417760        0.19879931981650
B            4.47066815139400       -0.90178110283549       -0.06430725671083
B            6.03759955314920       -0.49726455806628       -0.19509935066547
B            7.78252890827798       -0.25140596177011       -0.18218742206604
B           -7.14631323560843        1.10533811560239        0.06970285239538
B           -3.70370184578452        0.47096904729889       -0.04818598242808
B           -1.91317421880327        0.15268285833980       -0.20451318958027
B            1.44260702917626       -0.30414287196444        0.04076908257992
B            3.10458676385769       -0.10309965687932        0.31963615111635
B            6.69377302873469        0.92367565041747       -0.14602046640035
B            8.21820803196718        1.31607324005227        0.11750728580928
B           -7.79085617276876        2.74262141072194        0.11106471546572
B           -6.24980490676664        2.41776785399219        0.14224429859493
B           -3.84701168173009        2.05956679465041        0.02756910974787
B           -1.35072518007801        1.59497830550985       -0.24599382457287
B            1.86148413481049        1.25383165151128       -0.02627496722616
B            3.31141768059079        1.44739194579977        0.76880548405931
B            6.98980133862520        2.51681411667827       -0.44477628072756
B           -6.56888340471146        3.95662358713080        0.09268745973242
B           -4.92431034896173        3.32138381727939        0.08284949372752
B           -3.42460026135850        3.63165275629095        0.00272304812268
B           -1.99763724097926        3.09874855718679       -0.07394491867271
B           -0.44607914669585        2.89106724088607       -0.22816989167714
B            1.08307602853644        2.76242806401321       -0.22756171197941
B            2.61861916159888        2.75006117931161       -0.00095775203599
B            4.15559464153013        2.74953483470003        0.48465041992956
B            5.62901061446535        3.17819580865746        0.28495294122206
B            6.62059479773559        4.41219201396174        0.26229586696569
H            6.05071322520143        5.10408901255842       -0.52352536655378
H            8.50738952107919       -1.15866709293044       -0.24746375553346
H            7.57242253261397        3.04501396487951       -1.34558336362624
H           -9.34743555145053       -3.78198208868053        0.09875847895708
H           -6.77817801453799        5.10931956137066        0.07426685486931
H            9.25799996451898        1.78486758908595        0.38116689321209
H           -8.84406240695155       -0.86964957495942       -0.13284269620064
H            6.42146649708248       -5.83453791120575       -0.00992772283741
H           -8.94017270939751        2.97811362189179        0.12350517028652
H            9.23500048911272       -3.39001999659319        0.14597072969656
H            7.63744401378506        4.86697312642449        0.67486497308046
H           -8.02293300291412       -5.22244352432606        0.10593676011628
60
 energy: -64.116610940397 gnorm: 0.039763561651 xtb: 6.7.1pre (5071a88)
B           -8.14291973791077       -4.10392876983885        0.04549178831243
B           -4.75901190144580       -2.52119399684719       -0.00124688627166
B           -3.46792124620582       -3.29551736201590        0.06610565793654
B            1.12775735457033       -3.03780152601791        0.03305846334867
B            2.63357907866483       -3.24474812676462        0.09495875196198
B            6.46500456577375       -3.41863275957978       -0.07354930209044
B            6.99121561166310       -4.87447611221021       -0.01318032465105
B           -7.03818355748192       -3.02555745115032       -0.07219483917081
B           -6.20941284471012       -1.75688053049773       -0.11943488790846
B           -1.96725451924220       -3.09360094628711        0.04947265569548
B           -0.42979514949943       -2.81653327807979        0.02370310864226
B            3.99723022821762       -2.56831173409493        0.02260394388628
B            5.58928705167827       -2.12360003687106       -0.07075988883025
B            8.22918040821689       -4.07066924540842        0.11856546110534
B           -7.81596796682160       -0.29940443046740       -0.05402969901499
B           -6.21012192470401       -0.12340567929680       -0.04750568047669
B           -4.72047592428617       -0.85167230700056       -0.07220078173450
B           -3.03285269584392       -0.98113946668556       -0.09693834797643
B           -1.39750607691628       -1.42394458812639       -0.09488752038053
B            0.20424552234944       -1.28491612220465        0.01184843558656
B            2.45332586667714       -1.62019708496230        0.21133375068426
B            4.49014747280084       -0.92227255833323       -0.05165887309656
B            6.04099651947768       -0.51390054373167       -0.19181192853866
B            7.79012420329851       -0.23977610949226       -0.17666443972372
B           -7.15628023769636        1.12334388965762        0.07617138189840
B           -3.69691105828652        0.49898946119171       -0.04475727117215
B           -1.89503840482526        0.15164360528486       -0.21621652647929
B            1.45006747491233       -0.32641725843014        0.04691871131583
B            3.11207457998424       -0.11666429754373        0.34494389724545
B            6.66887936316095        0.92473548527464       -0.15000872782827
B            8.19828182160109        1.35145125189550        0.07882839647306
B           -7.78839656844295        2.76430747773111        0.11663222947682
B           -6.24196347214021        2.43642392150727        0.14594882498018
B           -3.84078738691599        2.06687911930714       -0.00145479539209
B           -1.35074247611687        1.58712401596493       -0.25760350173212
B            1.86626294703371        1.23126345001797       -0.03654793874989
B            3.30676901725833        1.43899959237128        0.79814983922022
B            6.93542700244395        2.52164762427778       -0.50936870993805
B           -6.56355417077281        3.97703619739692        0.10141642537169
B           -4.92784948412061        3.33190385000621        0.08610220361952
B           -3.41890625630393        3.63940220109670        0.00449453100098
B           -1.99293274415721        3.09472227845318       -0.07691565307154
B           -0.44263654829670        2.88689521788157       -0.24966701718217
B            1.08123466602587        2.74163522290114       -0.23924008852832
B            2.62391641518089        2.73488489079779       -0.00657214282537
B            4.14836780055374        2.75504763271739        0.50580339457442
B            5.62452613416247        3.17500900058474        0.29201832506613
B            6.58381106718267        4.42912112175702        0.26769165109230
H            6.08376655289760        5.18775234681415       -0.53888889886528
H            8.52634162201656       -1.14574419390637       -0.19853881818645
H            7.51453331501746        3.05007666577391       -1.41308899506148
H           -9.28027919698507       -3.80178938691183        0.11557642396974
H           -6.76120030961903        5.13002388415173        0.08773520682301
H            9.25150240483739        1.83036719194757        0.33895606119794
H           -8.82011493956461       -0.86858056039380       -0.14353641936922
H            6.37592511813872       -5.86689341732959       -0.01940072914609
H           -8.93778825734116        3.01063317492050        0.12625717112647
H            9.16359141409724       -3.37822971350174        0.16918566649468
H            7.60187644647940        4.83664444285155        0.76612427956591
H           -7.99406498971934       -5.27250362055428        0.09177299572058
60
 energy: -64.120265429650 gnorm: 0.041365858945 xtb: 6.7.1pre (5071a88)
B           -8.10242027037174       -4.12169165801022        0.03031679358144
B           -4.74107348368391       -2.48769439557346       -0.00461540988325
B           -3.46625953089917       -3.29604144060909        0.06871716540515
B            1.13318317817756       -3.03478687217147        0.02887759438044
B            2.63770278431649       -3.25696252063613        0.08358689167058
B            6.47340627319422       -3.43079847730342       -0.04601787463111
B            6.96092926629699       -4.91044451362066       -0.01606941761558
B           -7.01623800954876       -3.02321657959068       -0.04955737902988
B           -6.19926526222194       -1.73507218237722       -0.10991394421214
B           -1.96003681038822       -3.12462793376084        0.06051292851012
B           -0.42770889027597       -2.83446372421642        0.02865637649562
B            4.00727856435209       -2.59144474682431        0.02350121873617
B            5.59503887328366       -2.13331538288872       -0.05275992803925
B            8.17722121090589       -4.06596582474509        0.07906814691683
B           -7.77996608981744       -0.31692027759078       -0.05424965595399
B           -6.19935808102423       -0.09304009981693       -0.05036424383036
B           -4.72064936842889       -0.81439616881893       -0.07154795097398
B           -3.02872646701096       -0.96591992277930       -0.08589123857058
B           -1.40468883352586       -1.44207878123000       -0.07540618723807
B            0.19781792196206       -1.29803972257846        0.02150421417491
B            2.47219128675449       -1.63578805063071        0.20694968012945
B            4.50070001189294       -0.93090378826393       -0.03187392513379
B            6.04485587748166       -0.51705877379341       -0.16479743691344
B            7.78583153435227       -0.24304129002739       -0.16568714274840
B           -7.15625972611248        1.13884589392125        0.07711772241137
B           -3.69829697701095        0.51768123871830       -0.05116575831432
B           -1.87797426866721        0.14213675148012       -0.20608949523720
B            1.45267755515161       -0.35122275268703        0.04709091080787
B            3.10937830863765       -0.13129236712022        0.35708551066904
B            6.67618470451485        0.92799927436071       -0.13740344365625
B            8.20804768432641        1.35133493415462        0.03657568285751
B           -7.78773105407033        2.77039105375053        0.11582029718933
B           -6.23374850757965        2.44506793396591        0.13687998912950
B           -3.83965715384415        2.08142724245939       -0.00043228362681
B           -1.35114841184928        1.58286338723123       -0.25450831287774
B            1.87356929811774        1.20619146593364       -0.04302721050910
B            3.31972510317747        1.42305289566734        0.77972587347078
B            6.90443929226477        2.53085663879493       -0.54250725729812
B           -6.56501007036319        3.98560363509415        0.11021242556406
B           -4.93295067396720        3.35923802000548        0.07433782269866
B           -3.41969796745447        3.65232594228844        0.00219662511706
B           -2.00225384526570        3.08463374926929       -0.08925045743340
B           -0.44753886968985        2.88619281475018       -0.25575503593918
B            1.07365821211579        2.70463165040805       -0.24090021755067
B            2.61996419111506        2.71367482542187       -0.01766714199406
B            4.14098595234597        2.75343622328512        0.48610783146177
B            5.62640456135035        3.16065279688693        0.28842312798951
B            6.55510227027412        4.46545914060872        0.24060344063849
H            6.08818270130919        5.27746556183041       -0.43413389586660
H            8.53356160979457       -1.14177678921328       -0.14645252062838
H            7.48724653763341        3.04048532742696       -1.42295272730130
H           -9.23985991569082       -3.79754602269081        0.11854446282730
H           -6.77544584514692        5.13559753615230        0.10131979023901
H            9.27201193748717        1.82085528207139        0.25933462480258
H           -8.80808389642349       -0.85544621081543       -0.14653151288200
H            6.34719221649220       -5.90316300717070       -0.03060134936230
H           -8.93698000934088        3.01053761619832        0.12601260899714
H            9.09187172118406       -3.33617581946139        0.17948469515199
H            7.52947140463620        4.85637379732159        0.75867743796320
H           -7.94842475522501       -5.28561553244310        0.07088846526502
60
 energy: -64.125060018869 gnorm: 0.032307298626 xtb: 6.7.1pre (5071a88)
B           -8.05789893977932       -4.13262107003203        0.04782080841818
B           -4.72021888334178       -2.44285620843919       -0.01253661474719
B           -3.46041566645531       -3.29060116468172        0.06001593611839
B            1.14590645660547       -3.03217755266876        0.02246004879678
B            2.64405071814873       -3.26524749526828        0.07260782508715
B            6.47693314452144       -3.43668143726626       -0.04744071920722
B            6.92107843539213       -4.95315442560395        0.00171550912244
B           -6.98632171677054       -3.02123615437757       -0.06538572558265
B           -6.19609716951750       -1.71063572498641       -0.10197283301882
B           -1.94568047606336       -3.15777898604088        0.06412613222786
B           -0.42204845686302       -2.85032085107951        0.02918810766618
B            4.02029844262899       -2.61177866549975        0.02717376175283
B            5.60628715208417       -2.13884055495681       -0.04323171509009
B            8.12019272907301       -4.06774284474886        0.08131805431810
B           -7.74742448623171       -0.33542978552872       -0.05761416891339
B           -6.17434829424329       -0.05603425642866       -0.05510295027686
B           -4.70842886709735       -0.79534478642467       -0.08453762900018
B           -3.02864244958619       -0.96118289711707       -0.08245897337376
B           -1.41150911296938       -1.46242618873812       -0.06015027002762
B            0.18946425358232       -1.30814673723780        0.03696085438651
B            2.49697052633396       -1.64550115724688        0.21711931524142
B            4.50575078102331       -0.94337299975831       -0.01148208321911
B            6.04590858157552       -0.51590221098479       -0.14589239330336
B            7.78142919683767       -0.23433359271157       -0.14657253409962
B           -7.16339369250093        1.15572071297475        0.08188051471158
B           -3.68901543344201        0.52570012680425       -0.07999903735262
B           -1.85932569508877        0.12730210265722       -0.19582555948500
B            1.45757840825914       -0.37056667225686        0.05998116908165
B            3.11235633570424       -0.13949334730105        0.38559256321821
B            6.67094022630960        0.93454594756259       -0.13814952508051
B            8.19599928325899        1.36869100789043        0.00125962695637
B           -7.78896583280818        2.77643020520774        0.12190663066453
B           -6.23175180360450        2.45126829849414        0.13022462190156
B           -3.82677374058318        2.09437527354798        0.03262450804000
B           -1.34855167936169        1.58184049509031       -0.25053604541871
B            1.87774941179471        1.18858222453136       -0.04113155820294
B            3.32150099764564        1.41543756402290        0.77428120480562
B            6.87032402464963        2.53268707735613       -0.56681007277191
B           -6.56151482325445        3.99066315086613        0.11573926971050
B           -4.92763399775331        3.37031635402471        0.05184166380389
B           -3.41803282355831        3.66434149638065       -0.01342589783673
B           -2.00708259427401        3.08515622890494       -0.10993094004996
B           -0.45138371339465        2.88894534494186       -0.25703129594849
B            1.06977109555860        2.67627530542971       -0.23658526633671
B            2.61265859641791        2.69896295167981       -0.02869806288776
B            4.12999060836872        2.75031073409641        0.46038012249008
B            5.60900776986272        3.16408063955762        0.25003929001526
B            6.51740448994106        4.48213595597552        0.29597335012125
H            6.14150470436786        5.35865551663943       -0.45977966934886
H            8.53976032691609       -1.12077122848923       -0.09752455013115
H            7.41500051894871        3.04168539241899       -1.49320412856872
H           -9.20389360002154       -3.79922945695497        0.12771333210005
H           -6.77524389218900        5.14246950097562        0.10810999455283
H            9.25456706960902        1.84675304626012        0.17913248336894
H           -8.78971763151147       -0.86363433504413       -0.15369353803174
H            6.30114924019949       -5.94118421276331       -0.04753621056579
H           -8.93501703667491        3.02037619356456        0.14033443816322
H            9.02235515509436       -3.31764365183843        0.18396260605070
H            7.50191913268732        4.81650028987695        0.85267121207518
H           -7.91109630446066       -5.30927748526076        0.07008501291090
60
 energy: -64.128117058694 gnorm: 0.039685525138 xtb: 6.7.1pre (5071a88)
B           -8.01817055132703       -4.11774944495673        0.02883997234545
B           -4.71251642354781       -2.46281738812959       -0.01724553521788
B           -3.45346279867403       -3.29991889561899        0.04715891322277
B            1.15191602786076       -3.02950968799227        0.01938361652783
B            2.64557302788049       -3.27199940962341        0.05782756841928
B            6.46836559298530       -3.43436714202149       -0.06638186809150
B            6.88671082875822       -4.97667991325233        0.02729515292005
B           -6.96572152594061       -2.98756655938815       -0.04502274708792
B           -6.16362411776998       -1.70781984392120       -0.09198988714529
B           -1.94386676240876       -3.17000840898104        0.05681121158017
B           -0.42312170026501       -2.86176361872739        0.03375245477326
B            4.02220641870138       -2.61840357458676        0.02549791359931
B            5.60773902457170       -2.13744124022954       -0.02586032576326
B            8.07328839871838       -4.07274358353346        0.10233891709134
B           -7.72197080828600       -0.35075641981301       -0.06724543666623
B           -6.15161435356159       -0.04157285570427       -0.06027348390995
B           -4.68994480029353       -0.77091580396151       -0.09087065235218
B           -3.02682600857020       -0.95632143458088       -0.07117527116944
B           -1.41550253751403       -1.47483350639440       -0.05190819998099
B            0.18526948340646       -1.32068145595768        0.05443287149495
B            2.50665963442369       -1.65447185741653        0.22192169204256
B            4.50843933050513       -0.94362589410343        0.01963455211466
B            6.04514066149547       -0.50694869191617       -0.13620282187000
B            7.77223694827683       -0.22923013579325       -0.12933987682096
B           -7.16264981020864        1.16047737691883        0.07136898354113
B           -3.67074731070531        0.53463096338553       -0.05450180526468
B           -1.83924241566132        0.11831714540849       -0.18433237610552
B            1.45594366979943       -0.38234522956534        0.08651266029217
B            3.10718928917910       -0.14457805145999        0.41069689858501
B            6.66798006392624        0.94712625296301       -0.15028990372850
B            8.18487840332573        1.37790098692882       -0.03284275406118
B           -7.78614027789112        2.76815937820568        0.12187366519543
B           -6.22588951875861        2.44807078950375        0.11012184279538
B           -3.80560728766846        2.11291173073528       -0.03243228463449
B           -1.33778828199010        1.58212742264363       -0.23969915830379
B            1.88087612971194        1.17469124724837       -0.03518074529803
B            3.32360870778725        1.41390921709672        0.77282544619414
B            6.84061282407034        2.53830586733353       -0.61511688369837
B           -6.55798312775387        3.98652588478861        0.10262173049444
B           -4.92076843494138        3.37971245432015        0.06728150357307
B           -3.41674459277703        3.68247555108793       -0.02733092821782
B           -2.01249388397660        3.08728519467245       -0.10941389152227
B           -0.45672153722893        2.89662181798789       -0.24853922120062
B            1.06205598652033        2.65252860952508       -0.23953179066614
B            2.60184018437239        2.69261733392053       -0.03870547674887
B            4.11460487222412        2.75554616790640        0.45055624416629
B            5.58660310858769        3.18323781208839        0.21250063559099
B            6.50659169042845        4.48556642321024        0.30293992505012
H            6.14032924473905        5.38889143065109       -0.41804018523650
H            8.54258077259673       -1.10059148000307       -0.03970916162120
H            7.37800759122538        3.03130344084899       -1.56855299965414
H           -9.17394838040266       -3.81272081791179        0.12204306307888
H           -6.77984194661366        5.14029025782859        0.11438646696502
H            9.23226561156954        1.87694330417556        0.10172512659728
H           -8.77258074079937       -0.86896885217723       -0.14829708956001
H            6.25669858838518       -5.95792489340444       -0.06428705828522
H           -8.92895913764720        3.02549999353756        0.15831819964923
H            8.97210714791152       -3.32834686408177        0.16755492405928
H            7.50242180278309        4.77393957941369        0.97225535670942
H           -7.86791299354433       -5.30292967913020        0.05984231121480
60
 energy: -64.132327742760 gnorm: 0.032326710591 xtb: 6.7.1pre (5071a88)
B           -7.98050139315964       -4.11903932682755        0.04290672675614
B           -4.70414975695431       -2.45850821914829       -0.02502737123446
B           -3.44863373456654       -3.29298356132155        0.03997984045602
B            1.15912532596555       -3.02455139369869        0.00948702205479
B            2.65119618693995       -3.27904624415242        0.04683309215393
B            6.44714798744061       -3.44650232133510       -0.03016897113274
B            6.85047080813654       -5.00060029743451        0.01245775286857
B           -6.94604234863421       -2.97476662857590       -0.02996604293435
B           -6.14675025816944       -1.69367780930775       -0.09329275148261
B           -1.93795221674779       -3.18118364049340        0.05086970142360
B           -0.41932177486554       -2.86983145554398        0.03708368816730
B            4.02887708830127       -2.62531250037474        0.02286508565746
B            5.61292389585498       -2.13609848834042       -0.01819017849635
B            8.02523459454765       -4.09515033897209        0.08841302742197
B           -7.69884294982560       -0.35861773479022       -0.07035354823490
B           -6.13262539797279       -0.01925914215312       -0.05791250109878
B           -4.67452602817449       -0.75072138112336       -0.08791447723718
B           -3.02838842564877       -0.95356929433058       -0.06735503937150
B           -1.41845755575945       -1.48631668073495       -0.04897889693333
B            0.18237193478769       -1.32924418693552        0.07185729578350
B            2.52208652520575       -1.66214369778093        0.22309433355880
B            4.51098898267446       -0.94917996526358        0.03361061343375
B            6.04449379485247       -0.50051362659645       -0.13867115550930
B            7.76699835518381       -0.22070128843723       -0.11404016505083
B           -7.16308384770306        1.16617197750908        0.06291324900563
B           -3.64839153189591        0.54465000550847       -0.04826218520071
B           -1.81777994237927        0.11059791144001       -0.17546580450565
B            1.45623959339779       -0.39527330965508        0.10723739552534
B            3.10535183844716       -0.14928854765188        0.43044470954968
B            6.65802960266168        0.95847577603367       -0.17717807880570
B            8.16897234511519        1.39636968477251       -0.07893476128176
B           -7.78025171814126        2.76335929745938        0.12425676278862
B           -6.21827551160672        2.44775696500478        0.10000468577249
B           -3.77387724224906        2.12770099864935       -0.04565461536448
B           -1.32396407650988        1.57580684311593       -0.23403344171957
B            1.88203834077489        1.16017396324139       -0.04517225548815
B            3.31476410459432        1.41404342001365        0.78331122897885
B            6.81111788349886        2.54295125112990       -0.65947020189019
B           -6.54894624055648        3.98578625509208        0.10721197900783
B           -4.90904732235680        3.37900089838781        0.06027664189592
B           -3.41114464069273        3.69957865778154       -0.03957894049743
B           -2.01223818107712        3.08653409059368       -0.11696067733062
B           -0.45890180745401        2.89903325480775       -0.25791222163040
B            1.05452527898942        2.63101453925335       -0.26182707140831
B            2.59297716432773        2.68719372593017       -0.05750304867315
B            4.09854052478765        2.75696630869609        0.45334880003639
B            5.56877124623777        3.19422893532474        0.21840578539960
B            6.49679566767339        4.48113876559771        0.38370604414207
H            6.15072080773024        5.39281531685429       -0.34381748658738
H            8.54477579084263       -1.08091873718431        0.01980877926259
H            7.33504253401238        3.02739730120063       -1.63495307696360
H           -9.13981244670084       -3.84476300107317        0.11388667943905
H           -6.77465860899514        5.14035279532855        0.12479994969496
H            9.20589918066271        1.92467775830540        0.01959670668133
H           -8.74599133136353       -0.87491446445282       -0.14564097674445
H            6.19738800299857       -5.96731890259117       -0.06052201840216
H           -8.91975969292888        3.04384686653068        0.17086059812172
H            8.91119216312307       -3.34053200033469        0.17049301101811
H            7.47258613511885        4.76331956034250        0.97091636592384
H           -7.81694870179558       -5.30135393729226        0.06382040923102
60
 energy: -64.135988705286 gnorm: 0.035709617024 xtb: 6.7.1pre (5071a88)
B           -7.94634816539296       -4.12654339057050        0.09024569869072
B           -4.68838042249469       -2.40693100191878       -0.04350549587817
B           -3.44488273069550       -3.26854098237552        0.02607316537874
B            1.16981641198306       -3.01387319542612       -0.00799157251196
B            2.66109333872435       -3.28759956392416        0.03080767544236
B            6.41749921057009       -3.47046488024444        0.00869237288453
B            6.81713527810770       -5.02764136766155       -0.02727449640372
B           -6.92268323363991       -2.97991688116810       -0.05512903607562
B           -6.15338136647212       -1.66192175351422       -0.09265267361487
B           -1.92558587049960       -3.20086584214324        0.04628143113010
B           -0.41087824776590       -2.87396647813065        0.03382822404166
B            4.04237043949799       -2.63721058127734        0.01696526185694
B            5.62157853831491       -2.13662592056678       -0.00845060747930
B            7.97234681925331       -4.11345216188834        0.09035760429103
B           -7.66716830427511       -0.37073630380187       -0.06376871647146
B           -6.11169523126851        0.01363721033964       -0.04679564091251
B           -4.66123489881556       -0.74055790844389       -0.07433004652616
B           -3.02924636433575       -0.94847655633146       -0.06829610851029
B           -1.42368478431511       -1.49708624625619       -0.04105823447447
B            0.17688114933911       -1.33167076404160        0.09559820252575
B            2.55045203692248       -1.66703423908065        0.22387798596490
B            4.50754107294461       -0.96086525223438        0.04546804546425
B            6.04173963352421       -0.49899758884350       -0.13169443117944
B            7.75964509179849       -0.20736709063775       -0.08720259536219
B           -7.16216185371355        1.17006974387767        0.05324701769732
B           -3.63194535505284        0.55365387259596       -0.07937708107427
B           -1.79788700335185        0.10238300823468       -0.15934857284101
B            1.46007674458313       -0.41146502138416        0.12824247970467
B            3.10770903818461       -0.14974680753310        0.45310970250816
B            6.64208095466009        0.96420809575781       -0.20576348462076
B            8.15030891715412        1.41899575547320       -0.12882022085560
B           -7.77395453355722        2.75639660449302        0.13255186511847
B           -6.21064555106546        2.44807638980404        0.09228914874812
B           -3.73417508504027        2.13910630215595        0.00931741838649
B           -1.31082326974791        1.56372767474711       -0.22547089694974
B            1.88308754894854        1.14551571342282       -0.05292182409923
B            3.30764319769039        1.41757357635505        0.79052995202122
B            6.77050170303919        2.53551604178756       -0.73753865301247
B           -6.53957784625031        3.98468750245892        0.11846013287833
B           -4.89580757723906        3.37264041863206        0.01105963101913
B           -3.40574529497758        3.71730033200463       -0.05700180836618
B           -2.01421535069986        3.07591506232700       -0.13708416434162
B           -0.46224685607631        2.89606473487438       -0.26747276807703
B            1.04229842265282        2.60167157797669       -0.27433842112990
B            2.58184908958334        2.67952817039302       -0.07194076789357
B            4.08750172979241        2.75801606840826        0.43702245787066
B            5.55470565107406        3.20261626036214        0.19662693863788
B            6.47493771821794        4.49818390282696        0.39855750196930
H            6.15347592409320        5.42912105474370       -0.26247540006945
H            8.54031799294128       -1.05794771488854        0.09650639200043
H            7.28933639209651        3.00715487341211       -1.66870285959953
H           -9.10853408579811       -3.88442831828180        0.10146339549036
H           -6.76869682799421        5.13711654579278        0.13122301040721
H            9.18019243636556        1.97611090090319       -0.07296528273132
H           -8.71155708008599       -0.87747427509953       -0.15205549596758
H            6.13350184708054       -5.97416333258667       -0.04479909295080
H           -8.90973818706533        3.06045866603962        0.18363144443653
H            8.85263218191444       -3.35510500970032        0.17223576892801
H            7.44626410847876        4.72887779456795        1.05210038983002
H           -7.74526024184457       -5.29658642481552        0.07985613465780
60
 energy: -64.141115825578 gnorm: 0.027818985539 xtb: 6.7.1pre (5071a88)
B           -7.91217863797373       -4.12892052031815        0.06363689131591
B           -4.67548368520847       -2.38008613964571       -0.04810810367530
B           -3.43904457654343       -3.25943551796422        0.01587634761673
B            1.17637589680765       -3.00203763277689       -0.01187404416844
B            2.66602341678755       -3.29496512727399        0.01168495326781
B            6.39008825285686       -3.48515127007822       -0.01727981560323
B            6.78492293256175       -5.05085551884525       -0.02719924007925
B           -6.90256971486413       -2.96779517544284       -0.02927228337792
B           -6.14746666869421       -1.63928839811585       -0.07723599898210
B           -1.91961905759968       -3.21811851284654        0.04249786187254
B           -0.40700227213438       -2.87855750877883        0.03363912420741
B            4.04927590274013       -2.64630438846852        0.00818079532285
B            5.62188281058280       -2.13440486972093        0.00613082878992
B            7.93112405788165       -4.12629353028923        0.10394602178928
B           -7.62896152675325       -0.39112359742656       -0.06752071984065
B           -6.09127361945776        0.03693604026636       -0.04694565764276
B           -4.64863943446717       -0.72235632845072       -0.06617668839091
B           -3.02160167223358       -0.93746619113485       -0.05912341771174
B           -1.42775964460093       -1.50546771238586       -0.03079267043917
B            0.17220315155178       -1.33533376581624        0.12219858408663
B            2.57350901164448       -1.67162482368225        0.22789300929259
B            4.50053373321639       -0.96484803120520        0.06411716000762
B            6.03641317373972       -0.49706740222597       -0.11459243624677
B            7.74595522756020       -0.19664409013562       -0.06900359492409
B           -7.15792254699163        1.17004686558595        0.04003122381162
B           -3.61841506081381        0.56587918845925       -0.07040093438427
B           -1.77897681526654        0.09630337001360       -0.14926040166007
B            1.46226678147607       -0.42689991735986        0.15046988816693
B            3.10535645298974       -0.14784141421213        0.47759085163282
B            6.63321139137340        0.96518491386835       -0.20554070233559
B            8.14513866981593        1.41996800947033       -0.16882895144091
B           -7.76870424528883        2.74672443226801        0.12891537834547
B           -6.20224877959613        2.44741448776061        0.07618609880516
B           -3.69850277521179        2.15348426160048       -0.02969503408984
B           -1.29807199383303        1.55555394793366       -0.22000493421378
B            1.88516791951232        1.13112794528224       -0.04992576297102
B            3.31215650465402        1.42183328679769        0.77904092397893
B            6.73564136119187        2.53032939851613       -0.73439321377378
B           -6.53350356953085        3.98130837993610        0.11115247714447
B           -4.88782384076493        3.37459734213781        0.01595202989189
B           -3.40334993034161        3.73774145052249       -0.06738576972684
B           -2.02344666534400        3.05935378358086       -0.14415969636584
B           -0.46926988338995        2.89785775620696       -0.26809681470080
B            1.02669918057177        2.56728606118076       -0.27718569090026
B            2.56892138100139        2.66976159128216       -0.08526304576399
B            4.07959305227633        2.76339265149810        0.39462251736295
B            5.54244351428394        3.22410980068451        0.15236184995944
B            6.45821966264511        4.51614864704130        0.44667632232547
H            6.17546900875723        5.47282249008708       -0.19388132675948
H            8.52575389515375       -1.03912942394568        0.16722405296118
H            7.20820126473787        2.99181021480596       -1.72296508218392
H           -9.08184499246982       -3.90897666718271        0.09309862004232
H           -6.76572288793038        5.13130376929223        0.14277408768173
H            9.17058809794690        1.98968312318646       -0.15445446135565
H           -8.68441147282277       -0.87723935908777       -0.14746078037492
H            6.07537282305103       -5.98001933581388       -0.04970588819439
H           -8.90021403214428        3.06332695628305        0.18710218952765
H            8.81228179836895       -3.36585766814264        0.16519516617945
H            7.41633348859675        4.70451541031493        1.10866101226098
H           -7.66471481406426       -5.28663473709309        0.06687689463080
60
 energy: -64.146202739576 gnorm: 0.021756472922 xtb: 6.7.1pre (5071a88)
B           -7.86830636876913       -4.12564853007964        0.02697710416013
B           -4.66713087467253       -2.37191464763556       -0.04756908547052
B           -3.43045965439286       -3.24975592827970       -0.00117742612156
B            1.18443796751114       -2.98407029719331       -0.01658960672821
B            2.66925992079736       -3.29843198829780       -0.01214321498453
B            6.34216731581471       -3.49878248716341       -0.01736560070828
B            6.74556307390824       -5.06940789931470       -0.03245714625427
B           -6.87902315748628       -2.93960714964499       -0.00043484534297
B           -6.13410815829021       -1.61799053711311       -0.04859205587721
B           -1.91383390956002       -3.23108455561808        0.03069053047245
B           -0.40213146403336       -2.88212415107968        0.03585132694656
B            4.05450393448950       -2.65234422305837       -0.00398346211661
B            5.61919945998602       -2.12589150333494        0.00682788512315
B            7.89938003117047       -4.15182154535811        0.10824406492965
B           -7.58131252141718       -0.42111900992098       -0.07486264582485
B           -6.06185280505236        0.06258960938393       -0.05512560468003
B           -4.62873473997769       -0.69967066436346       -0.07233749510016
B           -3.00479870613911       -0.92511496226424       -0.04870181033231
B           -1.42631379303672       -1.51295758985046       -0.01653862134954
B            0.17111209590245       -1.33803636750599        0.15194280163294
B            2.60211238264243       -1.67169636626253        0.23631942198842
B            4.48590902133479       -0.96714307395254        0.07110635879173
B            6.02677008644430       -0.49567015904984       -0.10331924574674
B            7.72900171077155       -0.18175179307532       -0.04142040829781
B           -7.15901388738834        1.16798565518687        0.03409513777545
B           -3.59381604307259        0.57966089196619       -0.05984997155038
B           -1.75100276474456        0.09046232811240       -0.13939646474605
B            1.46697796319249       -0.44161442537293        0.18909890719895
B            3.10383752152812       -0.13725520752456        0.50959325074120
B            6.61437077488714        0.96533859002466       -0.22381133282299
B            8.12824156661856        1.42022850805502       -0.21871787036396
B           -7.76632199436395        2.73724863993236        0.11930482957425
B           -6.19720410496053        2.44719005623301        0.06168930644294
B           -3.64812626091419        2.16935011728622       -0.06974097035643
B           -1.27459575652186        1.55096885877009       -0.21425770905846
B            1.88668901222064        1.11842209951086       -0.03920344860925
B            3.31656842399336        1.43733247396108        0.77173250737621
B            6.67661128079858        2.51946166810656       -0.77286709630463
B           -6.52572277814711        3.97676467596819        0.10180200417056
B           -4.87898952711537        3.36972503462103        0.01661043149100
B           -3.40282521574923        3.76289889967855       -0.08235657955793
B           -2.03947091624555        3.03908432076317       -0.15141473206611
B           -0.47971309239035        2.91015484881081       -0.26969498498289
B            1.00554298962710        2.52898315970666       -0.28306752280881
B            2.54996237479228        2.66323578129934       -0.09679419259699
B            4.06298087015457        2.78628799053708        0.36782937260355
B            5.52573330296996        3.26775427521519        0.13575181094842
B            6.45101362227036        4.52068551970771        0.50144529605266
H            6.20476047327293        5.50013270964708       -0.13379723244957
H            8.50427109998472       -1.01027022059818        0.25705143243465
H            7.10852338072385        2.96693055244629       -1.79695728355635
H           -9.04909192868995       -3.94428719828481        0.08009404956880
H           -6.75447377194816        5.12546905342435        0.15314785780139
H            9.13788095180243        1.99753738513162       -0.22867899946819
H           -8.64993311294706       -0.88677683917484       -0.14020350226124
H            6.01012127532406       -5.97882015952638       -0.05851021384973
H           -8.89073452520449        3.06710690516394        0.18786046856794
H            8.78554099269347       -3.39064770603367        0.16515602979046
H            7.39641152228972        4.65015515957029        1.20089640936325
H           -7.57803556668654       -5.27837758229123        0.05081978639983
60
 energy: -64.150185506970 gnorm: 0.025864430457 xtb: 6.7.1pre (5071a88)
B           -7.81492937286975       -4.13462524421463        0.03008672500108
B           -4.65756808469329       -2.34894922176135       -0.05982143399012
B           -3.42303949101675       -3.23020182673953       -0.02002471042512
B            1.19213755610842       -2.96344136307596       -0.03009452473734
B            2.67072242368913       -3.30048891563814       -0.04059457409881
B            6.29497670588706       -3.51450565619559       -0.03144029072775
B            6.69658410586481       -5.08693847353998       -0.01514281559253
B           -6.84721882097355       -2.92850149043291        0.01428306830495
B           -6.12990066563760       -1.58894095173763       -0.03058313533615
B           -1.90472247497938       -3.24641905530524        0.01831280179333
B           -0.39685839141795       -2.88633539764456        0.03584128144764
B            4.06249062659611       -2.66652483389470       -0.02219049372608
B            5.61899853978463       -2.12089070931290        0.01138769872083
B            7.85479999468200       -4.16766220059990        0.12684445191693
B           -7.53145729839888       -0.45031157602973       -0.06632083190353
B           -6.03147564161136        0.09869683331689       -0.06072576523758
B           -4.61087098666013       -0.67785527507937       -0.06916124026208
B           -2.98485426424261       -0.90992035923259       -0.03729355488733
B           -1.42354029834289       -1.52079263235099       -0.00196799128803
B            0.16987771312349       -1.33908092225321        0.18183638971548
B            2.63938643116884       -1.67050650310012        0.24522038684486
B            4.46843203684607       -0.97849890467563        0.08308569076240
B            6.01333502136007       -0.50187871222152       -0.09134701038327
B            7.71301892645867       -0.16815431608203        0.00145295093687
B           -7.16115800918356        1.16888807049999        0.03498891549856
B           -3.56978821762748        0.59398523087050       -0.05842578029937
B           -1.71894438242516        0.08713440042856       -0.13230603727645
B            1.47531898977708       -0.46083587731835        0.22777065145605
B            3.10551532035529       -0.12558206842920        0.54085760359729
B            6.58698866177952        0.96074985093554       -0.25049136812083
B            8.09921661304190        1.41487248832748       -0.24374130904134
B           -7.76365374383552        2.73429233984499        0.11419678824341
B           -6.19173384641934        2.45070317848177        0.05250686506100
B           -3.59862929079421        2.18110963976812       -0.07903921094254
B           -1.24099020111977        1.54997642469270       -0.21511495528130
B            1.88748137811420        1.10352544931172       -0.03472826891781
B            3.31818661300539        1.45269128282892        0.77023522358461
B            6.61329979315611        2.50198440248464       -0.81471351099367
B           -6.51518794717727        3.97675186240090        0.10261386361145
B           -4.86849128439093        3.36226091922624        0.00071296273080
B           -3.39958449851205        3.78353031946862       -0.09529193553548
B           -2.05098119602158        3.02036628541730       -0.16745101119721
B           -0.48461306120288        2.92882135376656       -0.27990979120047
B            0.98663309142862        2.48938743693002       -0.29635802732221
B            2.53495081521464        2.65191257763598       -0.11655276687343
B            4.04764997302305        2.80732519946402        0.34130117586561
B            5.51547910370356        3.29987343033823        0.13358657828841
B            6.43656182178979        4.53158801938031        0.54691524703154
H            6.23266102891998        5.52977825455746       -0.06626767583300
H            8.48143243491717       -0.97896324382174        0.35156170909530
H            6.99178384430766        2.93887805123337       -1.87679642685707
H           -9.00080020881965       -3.98418482925142        0.05500593898026
H           -6.73608290371390        5.12463518018761        0.16030069986700
H            9.10391139201623        2.03303754645571       -0.33793403938990
H           -8.61453820423234       -0.89088986231815       -0.14496319317014
H            5.95350566785735       -5.98514223297088       -0.07615716177906
H           -8.88173396224747        3.07702096188358        0.18637956242236
H            8.75760756242893       -3.42701189286549        0.14357809146240
H            7.35476761117634        4.60221478054582        1.29510084733739
H           -7.49598604901488       -5.28289622259299        0.05698667305025
60
 energy: -64.153583673328 gnorm: 0.032330641034 xtb: 6.7.1pre (5071a88)
B           -7.76527027183265       -4.14156057766039        0.02751085744644
B           -4.65503665380115       -2.34371027734102       -0.07272083313330
B           -3.41473978891593       -3.21349249367028       -0.04173158282943
B            1.19707087001826       -2.94084859519592       -0.04419838214196
B            2.66929140474602       -3.29621243673761       -0.07277992405380
B            6.24710422218076       -3.52348973807850       -0.02383813329908
B            6.64618202837838       -5.08851465477313       -0.02745684502295
B           -6.81399798004290       -2.92472720730012        0.01891021750298
B           -6.12399815705958       -1.57003771026919       -0.00440166133134
B           -1.89813955337421       -3.25111622920738        0.00214365043246
B           -0.39385001168384       -2.88671117177738        0.03565977634495
B            4.07069102667513       -2.68086868789621       -0.04683352319485
B            5.62067863790566       -2.11241107796142        0.01706353386210
B            7.81974235087439       -4.18145294345692        0.10689798306109
B           -7.49156668975622       -0.47044196773992       -0.07690940953661
B           -6.00782289806119        0.12521849865960       -0.06505986512035
B           -4.59669767922697       -0.66588770359659       -0.05666623118341
B           -2.95825457946173       -0.89320015509067       -0.02329231873118
B           -1.41569805568039       -1.52093839853993        0.01341822231266
B            0.17335801269841       -1.33762117678275        0.21236328508442
B            2.67838274532567       -1.66473304678133        0.25417955924366
B            4.44658668680061       -0.98956229692051        0.09494379049209
B            5.99753430926318       -0.50749337413486       -0.08061978787658
B            7.69767005938388       -0.15241224889621        0.03974889892176
B           -7.15783835407407        1.16551391666716        0.02538631193729
B           -3.55490392228943        0.60085190124694       -0.05449433515632
B           -1.68965607707215        0.09143883778320       -0.12491235130323
B            1.48769730071548       -0.47843583395825        0.26950025794960
B            3.10980478711328       -0.10886006519972        0.56557101435586
B            6.56060238058506        0.95591947756940       -0.29700906430413
B            8.07819282494437        1.40736924915850       -0.29230847459852
B           -7.76051654436047        2.73068995532232        0.11004724696896
B           -6.18577499131828        2.45231335195239        0.04328276528181
B           -3.56631269149133        2.18312592733413       -0.08382667520535
B           -1.19325177828405        1.55561962254909       -0.21383405943886
B            1.88768911676457        1.09140970391831       -0.02404891960332
B            3.32564993968097        1.47175696588254        0.76253363983280
B            6.54511566426317        2.48825991771377       -0.85275191443677
B           -6.50628657017428        3.97554633484173        0.09551916125945
B           -4.86027126495488        3.35452808238529       -0.01236316224688
B           -3.39587604619706        3.79144624928316       -0.11158073320804
B           -2.05631496954834        3.00459498668032       -0.18182038411066
B           -0.48340988870837        2.95620110459943       -0.28532377096063
B            0.96827043567558        2.45197644294949       -0.30165544895084
B            2.52163059413363        2.63941458169969       -0.13833353075087
B            4.03518379731492        2.83160537549597        0.29868528752409
B            5.50404584469969        3.33949017694447        0.11024071044071
B            6.42496526658313        4.54012560480457        0.58687095380776
H            6.26203749005816        5.55088860355718       -0.02472355225873
H            8.44323918074872       -0.95519580678894        0.45162903133286
H            6.89716823611637        2.91334842354013       -1.88490683238555
H           -8.95228097281140       -4.01758055091678        0.02361912407058
H           -6.71849448200908        5.12273426181868        0.16070952522574
H            9.05896748821365        2.01680263956748       -0.36788579867489
H           -8.59288385527976       -0.88017189569306       -0.14090022623420
H            5.91737308097877       -5.99005393302250       -0.06493793498331
H           -8.87436535670716        3.07898951311945        0.18375011651440
H            8.74134694317168       -3.46014989684076        0.13741841222565
H            7.30593188627919        4.56459157462594        1.37937835883029
H           -7.42731552811389       -5.28481812944492        0.06714397400464
60
 energy: -64.157455909667 gnorm: 0.039202916306 xtb: 6.7.1pre (5071a88)
B           -7.71630298565102       -4.16140594022564        0.04249322751736
B           -4.65985434612106       -2.35864666214901       -0.07568798330023
B           -3.40604601691153       -3.20428329429388       -0.05236027901408
B            1.19931602240363       -2.92300059256299       -0.05387545612328
B            2.66681742324544       -3.28454059936745       -0.09505058300390
B            6.20839892649716       -3.52999672152047       -0.00030073887078
B            6.58862689210915       -5.08761115205372       -0.03706669888288
B           -6.77643696380435       -2.93770386714575        0.01953652903578
B           -6.11502152389065       -1.56574643336434        0.01288203965435
B           -1.89241679869716       -3.24557380916661       -0.01263996246841
B           -0.39154453203045       -2.88433135221920        0.03699061214505
B            4.08137543771851       -2.69665139588743       -0.06622116771312
B            5.62782164122106       -2.10445546158649        0.00589972398471
B            7.78671645510615       -4.20485968721912        0.05823911847887
B           -7.47666879215037       -0.46890537788702       -0.08605896469533
B           -5.99509769058328        0.14251253614083       -0.06829204349372
B           -4.58794287305433       -0.66419439336897       -0.06004547085046
B           -2.93468760938819       -0.87839654291985       -0.01806563512974
B           -1.40386720292790       -1.51526860928813        0.02124236908245
B            0.18181104376250       -1.33455595541460        0.23424232168229
B            2.71533396191368       -1.65648149507436        0.26697954231892
B            4.43027817193467       -1.00409224743494        0.09632097597825
B            5.98387837772010       -0.51025125608361       -0.07609603394007
B            7.68876510842707       -0.12830843711270        0.06961603957449
B           -7.15402958094011        1.16700579544081        0.02357178976858
B           -3.54740808228378        0.60140227997408       -0.06870075061113
B           -1.66419479656343        0.10435539424050       -0.12441997284607
B            1.50488112226604       -0.49278829782072        0.29965939744465
B            3.12008917940451       -0.09505547967269        0.58878056060851
B            6.53308420558976        0.95024536911799       -0.31549980434915
B            8.05800906655502        1.40545091513329       -0.30907292385172
B           -7.75431059387490        2.73770362411196        0.10616277671678
B           -6.17861098155273        2.45728248051193        0.04624962149462
B           -3.56321803175004        2.17446276425137       -0.04953362572848
B           -1.13266787508328        1.56811437097104       -0.22018518107771
B            1.88775733865506        1.08236566560877       -0.01822839680600
B            3.32459497375173        1.48637595721646        0.77641497510673
B            6.48966252972076        2.47429192391208       -0.87703720066126
B           -6.49467004233920        3.98070223929832        0.09648314561441
B           -4.85013204710796        3.34821936333316       -0.02377375370703
B           -3.38368369388035        3.77985359880528       -0.12627003490262
B           -2.03808645879769        3.00725731344687       -0.20037721382705
B           -0.46685189783232        2.98770748049083       -0.30524371033322
B            0.96331174663395        2.42994011448732       -0.31730879855140
B            2.52034624271436        2.62695824097517       -0.15775506629549
B            4.02498404726368        2.84785825637849        0.29519303127144
B            5.49855978147303        3.35528530857264        0.12864672409312
B            6.41677616860430        4.54022697677921        0.60689462194502
H            6.26940714971817        5.54865394501430        0.02009570515795
H            8.40586637640502       -0.92925433936797        0.50771348969081
H            6.77906984336727        2.89576203037600       -1.97327615006751
H           -8.89844128436460       -4.03842261322823        0.00259175083462
H           -6.69504273586992        5.12979581602452        0.15991211400727
H            9.02298507282953        2.03338262972220       -0.40529375735962
H           -8.58246310658985       -0.86796238866028       -0.14744046736963
H            5.88677204677107       -6.00907606241076       -0.04526452476122
H           -8.86734302844637        3.09068177490079        0.17973465496850
H            8.71984374068991       -3.49193575645754        0.14588140007244
H            7.25915603025990        4.54273617071629        1.45245761244441
H           -7.38887555224546       -5.30377311499086        0.08555647990114
60
 energy: -64.162014240103 gnorm: 0.039615536139 xtb: 6.7.1pre (5071a88)
B           -7.66452848724254       -4.17565851671472        0.05022722247149
B           -4.67302502673676       -2.36978204829614       -0.08575125923782
B           -3.40322205596669       -3.19683620732663       -0.06479238233812
B            1.20088080061853       -2.91005961082882       -0.06475709918719
B            2.66650190895278       -3.27020233429683       -0.11697812586928
B            6.17858090390234       -3.53574638728096        0.00309023281264
B            6.52541439698558       -5.08585018407307       -0.01629089583594
B           -6.73294668311720       -2.94595317110677        0.03207587986966
B           -6.10489554490372       -1.56427302127291        0.01671876161755
B           -1.88767077802002       -3.23881586750791       -0.02261666959339
B           -0.39122667594685       -2.88313976141995        0.04268581892604
B            4.09862211876569       -2.72094288207545       -0.07597996106551
B            5.64155189208261       -2.09919501762818       -0.00738184409154
B            7.73937954516457       -4.21074623398656        0.03321007142632
B           -7.47452242710570       -0.45633701688337       -0.07248507601181
B           -5.98445593528007        0.15554777280844       -0.06360565837524
B           -4.57956184923164       -0.67774600520574       -0.05498656357024
B           -2.91259221364798       -0.86146829648197       -0.00870848589605
B           -1.39270041520781       -1.50596263313503        0.03031151924724
B            0.19140369019933       -1.33647425141069        0.25058516747029
B            2.75899102334741       -1.65042838454872        0.27976187150109
B            4.41779098015973       -1.02085397520439        0.10483374779841
B            5.97114018644664       -0.50675628364810       -0.07167681603279
B            7.67956973452113       -0.10575938130951        0.10481817728001
B           -7.14512103030251        1.17259608298052        0.02364982655653
B           -3.55676501545834        0.59332270228346       -0.06037890069283
B           -1.64428037058425        0.12271157510245       -0.11812490949838
B            1.52574414768827       -0.51353466478203        0.32155076255494
B            3.13356650986845       -0.08575456506200        0.61323750710474
B            6.51507202697293        0.94295429097014       -0.32626607364230
B            8.04359414065810        1.39536319443225       -0.29464457961007
B           -7.74628439262322        2.74511657251405        0.09429139835453
B           -6.16971795402906        2.46112484277995        0.04181960612781
B           -3.59584958075076        2.16500174414915       -0.05745116037406
B           -1.06227040365904        1.58308408043831       -0.21685600456440
B            1.88619536049382        1.06781726332705       -0.01742909001860
B            3.32302802285393        1.49614377281043        0.78145600458894
B            6.43447947893815        2.46435833278653       -0.90873732219747
B           -6.48873457561908        3.98720704622999        0.09933523827525
B           -4.84250323517648        3.35772728354593       -0.03493066772622
B           -3.36809666519901        3.75531533026187       -0.13451629022142
B           -2.00569944278354        3.02054682502070       -0.20238843903908
B           -0.44754979358658        3.02033675961810       -0.32074593076119
B            0.95330135750182        2.39949964095653       -0.33086356200946
B            2.51536489536049        2.60702864755260       -0.18486364948996
B            4.01036063744372        2.85718315965571        0.27112812066561
B            5.48495179371171        3.35709039357342        0.11070626240025
B            6.39876051006860        4.53554761345040        0.64162222114409
H            6.29335792188954        5.57113348013647        0.05777700361077
H            8.36888357158157       -0.91074605695506        0.57647268844030
H            6.69990468839525        2.87378293005247       -1.97538809641177
H           -8.84201717123683       -4.05360836224116       -0.02532179723358
H           -6.68911180097642        5.13750802151209        0.15730426596423
H            9.00812192254524        2.08621756488915       -0.49379509603886
H           -8.57355688271881       -0.85421829174354       -0.17313408184204
H            5.87129374565066       -6.05006077632188       -0.04076123699864
H           -8.86271343551185        3.09834064609693        0.17872324659067
H            8.68972249777303       -3.52390105730197        0.12050554175085
H            7.19881762720864        4.52862142675294        1.50579063854337
H           -7.35434919512766       -5.31835675064075        0.09891892238286
60
 energy: -64.166684171207 gnorm: 0.034412036130 xtb: 6.7.1pre (5071a88)
B           -7.61584273940412       -4.19136939491262        0.06491914999717
B           -4.68092139898275       -2.35581144837306       -0.10300164971988
B           -3.40146415536067       -3.18247708313543       -0.08265525485922
B            1.20662415523874       -2.89948916256009       -0.07292342785493
B            2.67416067452555       -3.25955177145011       -0.13827061617567
B            6.13695425377422       -3.55382960730723       -0.02853292234035
B            6.46799680227463       -5.10088690270630        0.01136416544836
B           -6.68844981131353       -2.95579544486094        0.04880878057630
B           -6.09791585832324       -1.54787738546272        0.02454727458605
B           -1.88101747149543       -3.23448715143375       -0.02903999616628
B           -0.38681191203501       -2.88090930832765        0.04341716944003
B            4.11901039730757       -2.73908735757648       -0.08390302460051
B            5.65505960216491       -2.09173466774378       -0.00601981897690
B            7.68219610000779       -4.21668922240826        0.05222734237920
B           -7.46171970155538       -0.44980775958579       -0.08225441393269
B           -5.96571191960792        0.17359732316626       -0.05281055390257
B           -4.56408788964673       -0.68709609157890       -0.04447582438164
B           -2.89786273040698       -0.84308960069113        0.00188833621817
B           -1.38500420063171       -1.49754180946112        0.03759785020123
B            0.19944890500524       -1.34131185737307        0.26796442866434
B            2.80495026179951       -1.64835306938912        0.29617479572178
B            4.41642632184205       -1.03054311170349        0.11834777951576
B            5.96667330801226       -0.49486989418780       -0.06830621882985
B            7.67467513115153       -0.08734152982705        0.14220229849308
B           -7.13802221381182        1.18169199464477        0.02164498281257
B           -3.55607115037770        0.59490836865336       -0.05921283984737
B           -1.62158301364698        0.13752610665494       -0.10957861809158
B            1.54431503484926       -0.53599213057309        0.33606552338815
B            3.14714871415825       -0.08088724272148        0.64279637828284
B            6.51007197465735        0.94661116883415       -0.36492574063617
B            8.04450898710560        1.41377661347263       -0.36536859089133
B           -7.73590711205820        2.74905478501397        0.09422598176520
B           -6.15947574380246        2.46393708356425        0.04714503564721
B           -3.60442747821238        2.17386995677825       -0.07002703358238
B           -1.00389114565732        1.58955027442914       -0.21281227087034
B            1.88498209066985        1.04874048184397       -0.02739210902095
B            3.31172892093461        1.50185421460513        0.79083398073858
B            6.38580120330783        2.46393749916645       -0.94960198893091
B           -6.48182449519568        3.99091949876065        0.10048816007646
B           -4.83136727776105        3.36939653452772       -0.03398533940279
B           -3.35400109828906        3.75086388497155       -0.14118126519909
B           -1.98354118435558        3.03043180609242       -0.20984991940425
B           -0.44148180811067        3.04775562600730       -0.33810321990939
B            0.93328562522050        2.35823365041161       -0.34617078010934
B            2.50127315582770        2.58895676917342       -0.20507019267240
B            3.98921401347439        2.86014976033974        0.25897769221449
B            5.46595466965984        3.35223413865208        0.10295791212111
B            6.37223818083947        4.54253653585853        0.68022365045155
H            6.30296660610321        5.59237256251687        0.12360009456228
H            8.34431489780595       -0.89844977288931        0.67909002670670
H            6.59806505649493        2.86114275086951       -2.05427760070540
H           -8.79591259321299       -4.07215595547414       -0.05282591344503
H           -6.68629068251568        5.14193704016770        0.15915797791063
H            8.97571213143211        2.10140866967765       -0.51071222035222
H           -8.54888215323530       -0.86023374936113       -0.18581806993879
H            5.84338785390371       -6.09453547531821       -0.04247518037088
H           -8.85417213485834        3.10426404658091        0.16992031774609
H            8.64948212386210       -3.56229978969903        0.06824671736820
H            7.14134272084750        4.51440145701612        1.56731324557929
H           -7.29792980039368       -5.33249485436164        0.11943556650958
60
 energy: -64.171827775603 gnorm: 0.049272990907 xtb: 6.7.1pre (5071a88)
B           -7.57528829389446       -4.20096415808307        0.05096033011002
B           -4.70094419845276       -2.37242517886904       -0.13101477961222
B           -3.39790284685400       -3.17315035227803       -0.11459302360877
B            1.20812109435524       -2.88715330364313       -0.07469308097713
B            2.68110715844011       -3.24259229272277       -0.16113408495968
B            6.05230220871439       -3.57618128388851       -0.04781796803840
B            6.41196798681781       -5.10284414633486       -0.01339561841970
B           -6.64013855722772       -2.96868099501443        0.07590969819928
B           -6.07900401797246       -1.53537695914254        0.05392586159528
B           -1.88372015721696       -3.20574037969587       -0.04363157704818
B           -0.38418092526749       -2.87017583067403        0.04140410344443
B            4.13628957525995       -2.74650868856239       -0.10225475180340
B            5.66148383098799       -2.07308866454601       -0.00753640674068
B            7.64080968161746       -4.22919225298769        0.04176525215762
B           -7.44924386342908       -0.43863894956055       -0.10709963872324
B           -5.94849685275689        0.17303642026873       -0.03925349011151
B           -4.54358688336859       -0.69631597819559       -0.03096639760733
B           -2.87240394763024       -0.81473814598818        0.02563420697394
B           -1.36869888092784       -1.47369502593124        0.04829966861557
B            0.21762377586133       -1.34810103646335        0.29062879770617
B            2.85213302217858       -1.64454973411370        0.32650251660437
B            4.41556117213973       -1.02674976177141        0.12266714323422
B            5.96297384925338       -0.47457160077430       -0.05943146859006
B            7.65950596898071       -0.05344786762342        0.15042607154146
B           -7.12270586731527        1.18270622252909        0.01609664210978
B           -3.54977673395165        0.60386628162879       -0.06098466042622
B           -1.59329213215308        0.16321763383892       -0.09798151334115
B            1.56626843813481       -0.55874766159845        0.35531750243445
B            3.16155126126732       -0.07113532123717        0.67166668554807
B            6.50756634012314        0.95221383738620       -0.37848109545827
B            8.04347818570138        1.39532797519443       -0.36102091813246
B           -7.72179832353198        2.74578378128536        0.09459171641647
B           -6.14625176561653        2.46263459270325        0.05614375738985
B           -3.59826137105661        2.19184594486784       -0.08690191585426
B           -0.92646199060392        1.59641745889004       -0.20612171867198
B            1.88407930534205        1.02636229714431       -0.03041856598954
B            3.30430763977655        1.51364279019778        0.78646767417703
B            6.34085391965566        2.45567351548562       -0.94020717129023
B           -6.47552324450536        3.98821597796764        0.08406636289052
B           -4.82142058020233        3.38202440566121       -0.02640422035141
B           -3.34389508089953        3.75768609553772       -0.14731609488126
B           -1.97310257657852        3.03210219942675       -0.21934355778766
B           -0.44522241952893        3.08920582962412       -0.34473982135890
B            0.89224514673079        2.29753859703156       -0.34013454735825
B            2.47172595170938        2.57275681071841       -0.21149299441499
B            3.96343526656108        2.87083229637912        0.22862242988130
B            5.44400493231750        3.36854330209511        0.07561307827785
B            6.35824808540011        4.54193555132089        0.69966130800141
H            6.30042825986142        5.56758631332921        0.16229131354309
H            8.30739068043654       -0.85319567032417        0.69117641647313
H            6.51049748574028        2.81721580894607       -2.06828608710435
H           -8.76003495601597       -4.08645472639281       -0.09112035953306
H           -6.68866448893139        5.13754508147052        0.15672172286285
H            8.94228519262684        2.09477563635154       -0.50621784315832
H           -8.52825952287099       -0.86323661658591       -0.19906121129522
H            5.82710844177248       -6.12758631235749       -0.00285633179112
H           -8.84077997336715        3.09339318384758        0.14999237463704
H            8.62474121005851       -3.59647552918079        0.03270550737384
H            7.08708435669792        4.49442414734154        1.62671783300380
H           -7.22973997239298       -5.33773456393127        0.13593693923751
60
 energy: -64.178603353585 gnorm: 0.048545799015 xtb: 6.7.1pre (5071a88)
B           -7.52556720229192       -4.21024423090956        0.02810418510041
B           -4.71626782896804       -2.38785946115578       -0.15920214984859
B           -3.39998294027425       -3.16710730554653       -0.14209927673138
B            1.20867085279059       -2.88281376189642       -0.07378519425536
B            2.68780993327755       -3.23208886686336       -0.15992363164896
B            5.97958575288013       -3.59679779088509       -0.03330631384188
B            6.35282785223245       -5.12276294229550       -0.04943361837094
B           -6.58649144456946       -2.97429767072639        0.11183363546396
B           -6.06132270405929       -1.52198521927708        0.10280110188211
B           -1.88993903496305       -3.18828252105922       -0.05241903308661
B           -0.38314526123317       -2.86899712927295        0.04369409206946
B            4.15617187947487       -2.76169286160623       -0.11048105204917
B            5.67012886473205       -2.06832571893350       -0.00802918971481
B            7.57701054872476       -4.23707270678575        0.00270335455383
B           -7.42195159673026       -0.43642807776520       -0.12373226017119
B           -5.92971505882440        0.17097720218666       -0.03482306821455
B           -4.52523413632716       -0.69020598715648       -0.03768315459570
B           -2.84951808542643       -0.78121824644802        0.05688959229260
B           -1.35681433407832       -1.45797060776169        0.06085968235336
B            0.23278725294285       -1.36315961001278        0.30729121946634
B            2.89484312464602       -1.65156334682449        0.36574421928114
B            4.43667811590447       -1.02271376740749        0.12505893880080
B            5.97537679750881       -0.47167692123047       -0.04748508688348
B            7.65706914232597       -0.04047166021151        0.19545973062643
B           -7.10403735299527        1.18679506702656        0.01958418059991
B           -3.54250888246323        0.62597674455060       -0.06537116022729
B           -1.56252899365796        0.18150586787451       -0.09158472622578
B            1.58664238562024       -0.58916375365013        0.36786576747647
B            3.17726192452980       -0.07406071424662        0.69246091807279
B            6.51263881643733        0.95435020423176       -0.39952675540998
B            8.04667369210363        1.39673456413634       -0.38060854925935
B           -7.70524611781862        2.74790271474671        0.08662334297799
B           -6.12853062713542        2.46427724129813        0.06884726406711
B           -3.58486523145005        2.21377025853054       -0.10191986799947
B           -0.86330244604724        1.59584983742056       -0.21058381234302
B            1.88598581608098        0.99525754124654       -0.04239678339195
B            3.29510904788029        1.51300593873195        0.77855707689457
B            6.27326644152761        2.44899696371182       -0.96786967280621
B           -6.46766806968518        3.99004847073955        0.07616506924825
B           -4.81509382448816        3.40430638056596       -0.00503416691392
B           -3.33619898794075        3.77420939832628       -0.15148610655808
B           -1.97206635214573        3.02593815205110       -0.23011919894453
B           -0.45194055516828        3.11669534934152       -0.35577692177797
B            0.84386326027753        2.22752596219734       -0.33776065057486
B            2.43469737554352        2.55210829958403       -0.20747026778994
B            3.92678262992503        2.88327717185816        0.21350398573754
B            5.41314357327840        3.38633454119437        0.06170267995802
B            6.32770167738614        4.53373607496134        0.71089213903298
H            6.31866966466977        5.60147536806659        0.19801656879622
H            8.31032200466854       -0.81724276521034        0.75441700163787
H            6.41945439873736        2.78332021922824       -2.10218472107210
H           -8.70760066268548       -4.08947279729108       -0.11487709419857
H           -6.69196558943097        5.13711145310269        0.16313362828393
H            8.92431571132529        2.14556761997055       -0.57525107021889
H           -8.50755985468432       -0.86231143752690       -0.22350728789644
H            5.80046102369925       -6.16541839643203        0.03177515930364
H           -8.82468416438816        3.09169057219735        0.13201020708431
H            8.55803978704931       -3.59395384383579        0.01878878201049
H            7.03496698931017        4.44265953531120        1.68601891938110
H           -7.17882999756044       -5.34498359416736        0.13492940056878
60
 energy: -64.185326188491 gnorm: 0.055306957057 xtb: 6.7.1pre (5071a88)
B           -7.48832843457413       -4.20684667415964        0.02389798441293
B           -4.76083143743756       -2.42777403639747       -0.20011899672459
B           -3.42301203696897       -3.16455817237042       -0.17010911935694
B            1.20175198896897       -2.89800518722638       -0.07978636528497
B            2.69134621571311       -3.21072611056375       -0.12210575853716
B            5.90218262231992       -3.59025321920458       -0.04871990300871
B            6.30951783821864       -5.12523647067403       -0.02883078213144
B           -6.53000113486439       -2.97988023883705        0.13711074467168
B           -6.05199589051348       -1.51292523197554        0.16682685598507
B           -1.91016818214508       -3.15161092584998       -0.05929890641080
B           -0.38701268594284       -2.87047010622076        0.04402773828610
B            4.17602959434171       -2.76888793143610       -0.09409815108138
B            5.67921800501986       -2.06569546667255       -0.02965238141238
B            7.52331099316465       -4.22223637652237       -0.00057981193521
B           -7.41403578266613       -0.41469056685229       -0.10703291912645
B           -5.91896787613369        0.14051938406842       -0.04409248394146
B           -4.50658252149158       -0.70356936007780       -0.05620239921085
B           -2.82794226882533       -0.75375686848356        0.10420980924326
B           -1.33855977560322       -1.43576391393003        0.06975182845450
B            0.25705100586442       -1.38720970442199        0.30224957935032
B            2.91873572147049       -1.66138659905515        0.41964778047922
B            4.48680277358778       -0.99972135945159        0.11931172583421
B            6.00944331035458       -0.47107339878012       -0.04177547325768
B            7.66437129193590       -0.02503198086575        0.19441825020572
B           -7.07629772579296        1.19201368747793        0.04347341182878
B           -3.53667358193585        0.64404388191078       -0.05795120574074
B           -1.54360723989141        0.19612768366366       -0.09571219524149
B            1.60720642866567       -0.61204179510862        0.35979255062372
B            3.19788956878912       -0.08433737082753        0.68932172805424
B            6.53404292591569        0.96297657606875       -0.41713770132080
B            8.06337716311006        1.40051253224891       -0.37148608085811
B           -7.68239201953651        2.76349648021736        0.06644441972266
B           -6.10777023229141        2.46792467134006        0.09916924843892
B           -3.57062826371164        2.22498122019058       -0.10367456168618
B           -0.80529642029452        1.58188858545655       -0.22533503788204
B            1.88327104679317        0.97174006747112       -0.06674471135078
B            3.26458682770696        1.50144490998491        0.77864047545282
B            6.21910891195906        2.44790900096777       -0.98422688556535
B           -6.45286422148456        3.99756429427684        0.09585017203225
B           -4.80716847912859        3.42611517167874       -0.00133830050066
B           -3.32509697782400        3.78722745794650       -0.13734336713931
B           -1.96873797613589        3.01691346525923       -0.22371610656224
B           -0.45239639040021        3.11871221164819       -0.37855691103036
B            0.78605382522862        2.17487352077089       -0.35384838811138
B            2.38811248225522        2.53791929737775       -0.18752009796093
B            3.87881157800251        2.88315392118578        0.22513895757631
B            5.37655819578700        3.38627445261551        0.09407259899261
B            6.29141618154690        4.50089788401443        0.70500251877250
H            6.30880186889998        5.60236338204276        0.21653568677906
H            8.32925876548763       -0.78793191709783        0.76309455604024
H            6.37247544864887        2.76819686837519       -2.09389752066271
H           -8.66190604294569       -4.07359382963939       -0.14707597038770
H           -6.69520801565392        5.14030860414399        0.16627080738630
H            8.91864565812669        2.17441311491530       -0.57385310127350
H           -8.49608467686576       -0.86961653329060       -0.27301430367268
H            5.79978245218660       -6.18022722195134        0.01769655139417
H           -8.80571066735085        3.09390337619450        0.10654227401204
H            8.51078938127482       -3.58470442338687       -0.02062010066008
H            6.99557640257956        4.40000369474462        1.63999347054672
H           -7.17187051551435       -5.34559540692880        0.14696427445213
60
 energy: -64.191686851390 gnorm: 0.037461163858 xtb: 6.7.1pre (5071a88)
B           -7.45981039169402       -4.20737590649074        0.11305876674864
B           -4.76839511066457       -2.41600055644206       -0.24018371238351
B           -3.42950070444879       -3.15430758031510       -0.21181262398001
B            1.19805347322913       -2.90574899045515       -0.07633033252540
B            2.68876630303062       -3.20589875722721       -0.12300188059807
B            5.87863440058402       -3.59600766337909       -0.04678736695382
B            6.29359688894993       -5.12943369816375       -0.01800391374595
B           -6.48740449169970       -2.98290347796167        0.11641671118873
B           -6.05723097785601       -1.50224215462595        0.17795083392297
B           -1.91419173517234       -3.14405749123996       -0.07739033082698
B           -0.39364951424547       -2.87879466160467        0.04553372130296
B            4.17602192065764       -2.77330565783840       -0.09024324443806
B            5.68719302945461       -2.06918749575426       -0.04226064220096
B            7.49424341926111       -4.21233676951390       -0.02540720585975
B           -7.41542253868841       -0.40821759720928       -0.11949180340433
B           -5.90994489920768        0.14366886262861       -0.06105802874636
B           -4.50064797034508       -0.70848544236971       -0.03823106103971
B           -2.82616361337279       -0.75860446629778        0.12236829816437
B           -1.33729005436475       -1.44219496167321        0.09110462162158
B            0.26057523440820       -1.39445013622746        0.31328013268710
B            2.93016050825906       -1.66416016329769        0.43176795414783
B            4.48949643462332       -0.99884396164879        0.12984488040852
B            6.01821923173686       -0.47189838959827       -0.04610562401339
B            7.67180247818086       -0.02261689894430        0.18416341942729
B           -7.06630439471417        1.19823844922274        0.02338419652617
B           -3.52942673066811        0.63472306786149       -0.07039137158611
B           -1.54701922269271        0.18612266421355       -0.08594317179246
B            1.61535103011410       -0.61702978598057        0.37482251853425
B            3.20593974735971       -0.08563851188876        0.70008991478619
B            6.52798002629381        0.98045794242713       -0.39179909448662
B            8.05861557688032        1.43033902451629       -0.34211200824000
B           -7.67661735357658        2.76921058068844        0.06999977080231
B           -6.10173567020439        2.47519175031855        0.10518035273177
B           -3.55754372877129        2.21995994542332       -0.07324322062306
B           -0.82000890398312        1.58238354933264       -0.22769583589990
B            1.88080111725343        0.96632466496713       -0.05678489438991
B            3.25074883882204        1.50061986327255        0.79619722587713
B            6.20262976394005        2.44956855421981       -0.98728044814399
B           -6.44579068611002        4.00532090919988        0.09974703922227
B           -4.80217381037046        3.42537376142442       -0.01924328938043
B           -3.32234010139820        3.79172950036128       -0.15084043383122
B           -1.96907603750898        3.03048267311207       -0.24513041832802
B           -0.44312078235788        3.11701693884853       -0.37817564694187
B            0.78868452151921        2.17091867543095       -0.35919726000560
B            2.38137025787228        2.52822291403538       -0.19287882197781
B            3.86329403579838        2.87592391454610        0.21880013469472
B            5.34703019331491        3.38179911767582        0.06969085157621
B            6.25987746247082        4.49935818213962        0.72133239710389
H            6.32323613450192        5.58111430842204        0.22055645454416
H            8.34402598111654       -0.78605029721404        0.75407365636434
H            6.33715825504489        2.77160061927671       -2.11230753974562
H           -8.61141903917783       -4.07867936685127       -0.20355154747479
H           -6.68277534360202        5.15024674792269        0.16762848986212
H            8.91757092236224        2.18459244512650       -0.58358195938773
H           -8.48608094455448       -0.86582422881733       -0.28817045088465
H            5.77897589606732       -6.18230173762017        0.02004369347175
H           -8.80313535766348        3.09447400958219        0.09842433078043
H            8.48426914184528       -3.58327995602190       -0.02093909352941
H            6.99025210700785        4.37163430647256        1.64121041142898
H           -7.15197522284744       -5.35168017999932        0.19890349944036
60
 energy: -64.198425297213 gnorm: 0.050710572434 xtb: 6.7.1pre (5071a88)
B           -7.36186391444774       -4.21207688078056        0.00575924261587
B           -4.79937370432627       -2.40740307598325       -0.28949057885303
B           -3.44887487386332       -3.13580752245049       -0.26786643769663
B            1.18821734504301       -2.92263886926686       -0.07961193574386
B            2.68346099322479       -3.19313438129976       -0.12965688965193
B            5.82726989728066       -3.60866556593325       -0.04531559502342
B            6.26527807112471       -5.13843904010623       -0.00632081415302
B           -6.39161270755189       -2.99685290171240        0.12102119971356
B           -6.07670168124689       -1.47815490576981        0.22826060393219
B           -1.92620303821283       -3.12281295571864       -0.10452156412286
B           -0.40913593497915       -2.89414113929330        0.04501643935483
B            4.17990485421175       -2.78597648893197       -0.08408579770212
B            5.70938015141430       -2.07563272303480       -0.05785818961561
B            7.43447661152189       -4.18726966137091       -0.05689057096982
B           -7.42274705396926       -0.39425618024382       -0.13430791640056
B           -5.89284102911205        0.14538544689847       -0.08528875358200
B           -4.49165895788610       -0.72803535649335       -0.02433517505695
B           -2.82464488091161       -0.77019101880089        0.16040735215756
B           -1.33352071427204       -1.45302082817354        0.11306202340167
B            0.26965087776191       -1.40619797104366        0.32227134453892
B            2.95944882749847       -1.66869569893046        0.45049633000375
B            4.49644423205276       -0.99633283126243        0.15301421545966
B            6.03885673324495       -0.47476032373126       -0.05049737969684
B            7.68511774179169       -0.01877780744457        0.17317973419788
B           -7.04589210905735        1.20874895101478        0.00611772908772
B           -3.52250131230285        0.61319046570422       -0.07127049783509
B           -1.55992524831530        0.16766463866369       -0.07513357670050
B            1.63556891797980       -0.62572094482996        0.39170636542926
B            3.22608721872688       -0.08649617896285        0.71590566979418
B            6.51948093848884        1.00983562150188       -0.34910844991682
B            8.06226279173088        1.45672178938645       -0.34717027654123
B           -7.66739840820323        2.78024080453915        0.06499047884995
B           -6.09284605446095        2.48977674569505        0.11838277741215
B           -3.53410281471154        2.20553323005092       -0.05191121628820
B           -0.85177528030754        1.58377634286554       -0.23148506380757
B            1.87856034752552        0.96014958781468       -0.04233370064217
B            3.22446107910402        1.50027789234696        0.82891816336135
B            6.17222699051738        2.44789653793971       -0.99031893620795
B           -6.43432945758786        4.02042788895074        0.10168084909426
B           -4.79234242252513        3.41968134356869       -0.03228676663519
B           -3.31907141753852        3.79797526730995       -0.17314853098401
B           -1.96919087384227        3.05812634226431       -0.25656330669432
B           -0.42558025583170        3.11134640832151       -0.37847028931144
B            0.79767016335598        2.16907060803532       -0.36865995029869
B            2.37027596291179        2.51470303228972       -0.20192970414136
B            3.83652344296814        2.86678473577314        0.21112489761939
B            5.29895125444170        3.36423244971238        0.02749440901435
B            6.23705376239349        4.48986925382760        0.71871278003319
H            6.31885650371298        5.55251394853147        0.24115023617696
H            8.36849285669074       -0.77997812626593        0.75360830954014
H            6.28913352476646        2.77813312032728       -2.14210969990244
H           -8.52051790699678       -4.06621016653762       -0.20581196469422
H           -6.66249618986315        5.16887826011522        0.16668667518696
H            8.91531070341195        2.20917508021534       -0.57289875125324
H           -8.46917545285287       -0.85789029771714       -0.31216299866354
H            5.74134658990183       -6.18636098511386        0.02821503069475
H           -8.80109629580394        3.08973880386404        0.09167225341453
H            8.42821106210208       -3.57283686485454       -0.02580192142319
H            6.96081485404074        4.33499969747327        1.65506299861499
H           -7.14299630996231       -5.35102560294590        0.35070509151153
60
 energy: -64.204073300322 gnorm: 0.046666073883 xtb: 6.7.1pre (5071a88)
B           -7.32374532713661       -4.21700299867017        0.10977306038226
B           -4.81968422630756       -2.41249629033647       -0.33386044054464
B           -3.45800997983407       -3.12136707487964       -0.30424276912986
B            1.17959285373504       -2.93202380078131       -0.09027355467272
B            2.68018759668899       -3.18210179845009       -0.13186560552881
B            5.78695851356475       -3.61199778163917       -0.05091929901503
B            6.23429560122996       -5.14302873741099       -0.01331854611504
B           -6.32309257588162       -3.01100889750326        0.10894445320653
B           -6.08532915194769       -1.46689226806595        0.24005780531613
B           -1.93711086838337       -3.10324570971656       -0.11458932554512
B           -0.41615687721297       -2.89910525768911        0.04572720747261
B            4.18325039873946       -2.78841496146740       -0.08937552819557
B            5.72004659746466       -2.07123453686031       -0.05350040499488
B            7.39193156667551       -4.17570651755315       -0.04936522800355
B           -7.42071330977523       -0.38265798581934       -0.13912728104452
B           -5.88263445402653        0.14367575952729       -0.08078976129457
B           -4.48532108501032       -0.73851763511598       -0.05024868778948
B           -2.82250515220998       -0.77207623329863        0.19467724079749
B           -1.32769523770355       -1.45314819471215        0.11041191544139
B            0.27713018770611       -1.41331140169274        0.32828817497286
B            2.98055906582506       -1.66903587974428        0.46470236613550
B            4.50409945800245       -0.98909525661447        0.17460093613666
B            6.05099991413724       -0.47377515193294       -0.04152833478158
B            7.69166327227539       -0.01329223972779        0.16832857744237
B           -7.03349704441406        1.21519999909113        0.01019810702249
B           -3.52260224152127        0.61151035172573       -0.03628138121242
B           -1.56605891176126        0.16646345733969       -0.06859213657921
B            1.64509404327104       -0.63478633365526        0.40114485619357
B            3.23579884520519       -0.08508426181576        0.73253546568834
B            6.51814265226717        1.01501549861019       -0.34330488045448
B            8.06590305159480        1.44926734322371       -0.39082131011687
B           -7.66157214368555        2.78904615153150        0.04309689053659
B           -6.08931825736272        2.49893739914293        0.12205405158478
B           -3.52798887474159        2.20230024533665       -0.09588428877531
B           -0.86386346051479        1.58168206415105       -0.22921371026319
B            1.87513016407993        0.95291629915524       -0.03529046389662
B            3.21109816444973        1.50137533159549        0.84289511670816
B            6.15147652789501        2.44019541233431       -0.99453507295942
B           -6.42876448192697        4.02963616792646        0.09601130082048
B           -4.78518564756398        3.41807430484007       -0.01555973603483
B           -3.31645253139550        3.79839306228739       -0.18560638124041
B           -1.96445231479179        3.06247530160946       -0.23786761540369
B           -0.42275602219930        3.09931257329480       -0.39363165935528
B            0.79972113882223        2.16249075733253       -0.37640593131957
B            2.36269863584441        2.50757869835475       -0.20362718512836
B            3.82264820829564        2.87003367254068        0.22135154068039
B            5.28859755742124        3.34916649879564        0.02777068905679
B            6.25420889211417        4.46952340044878        0.69371965540445
H            6.29889233730251        5.55108471740248        0.26088183409461
H            8.38201326718582       -0.76268774947298        0.75574766343281
H            6.27529095198305        2.76591306152253       -2.14784957276966
H           -8.45337846345718       -4.06923510307740       -0.28542093071688
H           -6.64829579576375        5.17935573985090        0.16581085011306
H            8.90596111454053        2.23376702300321       -0.54944707469211
H           -8.46313480685190       -0.84959064374770       -0.34088213648143
H            5.71011025483952       -6.18973872753047        0.04357812324076
H           -8.79749704903242        3.08698427039340        0.09029571065595
H            8.38372847223871       -3.55915664945337       -0.04943238542278
H            6.91587657263399        4.31076716877198        1.67428928466967
H           -7.10791058561625       -5.35226465270742        0.39576574227308
60
 energy: -64.208577387467 gnorm: 0.025670143289 xtb: 6.7.1pre (5071a88)
B           -7.28446733615803       -4.23200571840477        0.14704640692354
B           -4.83286607573535       -2.42419600416737       -0.37874284975969
B           -3.46034156418913       -3.10531831211925       -0.31760991619684
B            1.16956681901239       -2.94039009644019       -0.10300007366801
B            2.67594714668835       -3.16882937380975       -0.13289996591889
B            5.74302781660628       -3.60675920445115       -0.06154704416625
B            6.19492380736843       -5.14099394562587       -0.00867631413278
B           -6.27460310089411       -3.02565124816010        0.10065671778595
B           -6.09065105653682       -1.46614421930849        0.21870577256625
B           -1.94652277782827       -3.08202213829177       -0.12192504229184
B           -0.41805552356033       -2.89963343704793        0.04682395634395
B            4.18427534521992       -2.78530034591234       -0.09855214851905
B            5.72155174442902       -2.05804674565206       -0.04870343323046
B            7.35132080532973       -4.16407949652813       -0.04610532978629
B           -7.41359627458302       -0.37361713246583       -0.13549243492812
B           -5.87613435766943        0.13743656972522       -0.06347773932644
B           -4.47967969896876       -0.74386777664488       -0.08193575809012
B           -2.81926952803658       -0.76797782729551        0.21865231583562
B           -1.32008347187248       -1.44838378247380        0.11136485304171
B            0.28552404205001       -1.42165732800539        0.33848885131635
B            2.99942224885284       -1.66701400319335        0.48241267691573
B            4.51272395791926       -0.97632717759357        0.19471762887886
B            6.05777524343675       -0.46914748866164       -0.03527273210190
B            7.69870362027015       -0.01463191308015        0.14576524741235
B           -7.02488680350478        1.21980642098521        0.00276149093774
B           -3.52090360091946        0.61832183224456       -0.04672219676739
B           -1.56478139500390        0.17530305900829       -0.04902654505263
B            1.64884783087219       -0.64738915972017        0.41132322687383
B            3.23897671236222       -0.08343471056330        0.75758738529800
B            6.52408800210385        1.01128108260113       -0.35908675095604
B            8.05574864860681        1.47084966228637       -0.34631276527261
B           -7.65742357558474        2.79548390448598        0.04229276475424
B           -6.08826938676424        2.50484649086064        0.13398047284693
B           -3.52946381613372        2.20728411279691       -0.09163285088683
B           -0.86513270406031        1.57821860518869       -0.21676574924149
B            1.86924135436380        0.94081787439153       -0.03095299159852
B            3.20396583742636        1.50075193170026        0.84694261425840
B            6.14298899969378        2.43755849147875       -0.99931807065774
B           -6.42816815405758        4.03543258652778        0.09677675404448
B           -4.78373769317057        3.42204147055566       -0.01807337888403
B           -3.31375953745432        3.79622313676663       -0.18425469641547
B           -1.96307071868031        3.04935124256699       -0.26648679629090
B           -0.42889840391294        3.08440120510092       -0.41168423550220
B            0.79584495747109        2.14936743244449       -0.38050437259751
B            2.35607572125521        2.49937979952119       -0.20253276234632
B            3.81483922656334        2.87158227601285        0.23378024812540
B            5.28805423942114        3.34543702125678        0.04566620622534
B            6.21503186122225        4.46745802483329        0.71937315771644
H            6.31945705253120        5.54862447407233        0.25077717276889
H            8.39217516594371       -0.74194290464000        0.74605898682262
H            6.26756644289261        2.74685778576922       -2.14314987367061
H           -8.39574480650585       -4.08268026035347       -0.30967528214992
H           -6.63578693497232        5.18623271540931        0.16982606640806
H            8.90476640652071        2.23367640355047       -0.58097195268914
H           -8.46474460120862       -0.83938226951690       -0.37007329559083
H            5.68279713198416       -6.19394176413477        0.05060646541419
H           -8.79128598970121        3.09432803250181        0.07399292195844
H            8.35117396530421       -3.55453153886265       -0.07897277484075
H            6.90874291930420        4.26877551787300        1.65914788594468
H           -7.07443718535931       -5.35277083939399        0.47460987611164
60
 energy: -64.211475336153 gnorm: 0.020706581809 xtb: 6.7.1pre (5071a88)
B           -7.24542130636904       -4.25304953235964        0.14202413394239
B           -4.84312237112854       -2.42869689591383       -0.43889621730358
B           -3.46066015031100       -3.08167544864255       -0.33794130572195
B            1.15726577327513       -2.94947644718140       -0.12057566421524
B            2.66838893198857       -3.14806602167662       -0.14823230452196
B            5.69292344196948       -3.60088714881925       -0.06938033278692
B            6.15222720357934       -5.13487142497194        0.00589390678925
B           -6.24608141178383       -3.04114015032098        0.09962459896386
B           -6.10174880501675       -1.47157865099118        0.17817812290408
B           -1.95363135312395       -3.05863285877887       -0.12246755228977
B           -0.41965703825777       -2.89819676776790        0.03948980936655
B            4.18248838463590       -2.78332343285158       -0.10547860117678
B            5.72004380258272       -2.04712160612187       -0.04640692731017
B            7.30629158691577       -4.14857324670422       -0.06253219615488
B           -7.40850372563563       -0.36349391774316       -0.13778449757683
B           -5.87114591761248        0.13041680340322       -0.04952380204266
B           -4.47447803726266       -0.74666145836199       -0.07247949572527
B           -2.81556131982428       -0.76419703587192        0.22734147327314
B           -1.31209551018869       -1.44227783515474        0.11642790194504
B            0.29529094543271       -1.42950681185000        0.34110165799814
B            3.01914228466475       -1.66252375601471        0.49889057215804
B            4.52376668779742       -0.96290992630451        0.21975326134189
B            6.06656376971674       -0.46694511105249       -0.01525162650846
B            7.70404736329843       -0.00486961108385        0.15749610335305
B           -7.01447508729304        1.22341628562904        0.02161169363587
B           -3.51773435406975        0.62317990994754       -0.06635248972335
B           -1.56266157959711        0.18491867002635       -0.02715365128885
B            1.65457741157158       -0.65777172003564        0.41610410863378
B            3.24249573356564       -0.08083648420684        0.78760663511327
B            6.52938019140779        1.01061220182406       -0.34981879512702
B            8.06344098109251        1.44962055271745       -0.39381789067103
B           -7.65068456976843        2.80203170887921        0.04289658032938
B           -6.08469418449497        2.51032703795372        0.15670370015094
B           -3.52955440840338        2.21217545063370       -0.07615007024860
B           -0.86107644612516        1.57601382352804       -0.21195248141440
B            1.86861264328610        0.93078429684017       -0.03132153320326
B            3.20130774969150        1.50138145781479        0.85133573441462
B            6.13895064030141        2.43023356689168       -1.00457695780917
B           -6.42531698156136        4.04087215920548        0.10014209299591
B           -4.78037474846642        3.42708483547167       -0.02859116653264
B           -3.30934984090047        3.79378777218277       -0.19647434968182
B           -1.95856301686535        3.03743425184541       -0.28370295014123
B           -0.43149639846738        3.07506019287827       -0.42973124888383
B            0.79508681660190        2.13733098536103       -0.38477187347245
B            2.35465447210629        2.49397622518687       -0.19984717208896
B            3.81258740424704        2.87096853275611        0.24020309359864
B            5.28854865053264        3.35159826443124        0.04226112493962
B            6.21271685578831        4.45291533891229        0.71695007209761
H            6.31050473957314        5.55301113604730        0.27298756173163
H            8.40830927596611       -0.72689711985097        0.74269534478689
H            6.24975788898356        2.71856644668776       -2.14391234591455
H           -8.33983297922614       -4.11789568387643       -0.32333836974353
H           -6.62560764154493        5.19248496811152        0.17061111845075
H            8.89698043603509        2.25072579742764       -0.56872792286461
H           -8.46727292754025       -0.82210688413055       -0.38622208006738
H            5.65684168632259       -6.19659310934182        0.06159104341750
H           -8.78426544759162        3.09960200046785        0.05343837579396
H            8.32249033303753       -3.56091627679494       -0.10151091212091
H            6.87664513127818        4.24611386617809        1.66958744322451
H           -7.04888265881606       -5.35589116446607        0.56197751898397
60
 energy: -64.213223241495 gnorm: 0.023584565267 xtb: 6.7.1pre (5071a88)
B           -7.20660754493483       -4.27953210342918        0.14698269226135
B           -4.85135495883678       -2.43089078501759       -0.48261732860098
B           -3.46191786294030       -3.05709272971818       -0.37034509055814
B            1.14258884463583       -2.95923279850506       -0.12999987408141
B            2.65708011772500       -3.12223065809099       -0.16349062350096
B            5.64449453106410       -3.59888412125903       -0.07712850741793
B            6.11155248966497       -5.12818608895703        0.00039058256384
B           -6.23008277554573       -3.05456312474721        0.10945684918626
B           -6.11335537215603       -1.47814014438287        0.14318062297030
B           -1.95938423688909       -3.03680083034862       -0.12077397471219
B           -0.42410536741278       -2.89714717286524        0.03882415647409
B            4.17716140398935       -2.78247392540331       -0.11028780952171
B            5.71877242735385       -2.04181225906060       -0.05345688924911
B            7.26053327889968       -4.13441382558451       -0.07529551759998
B           -7.40553864158323       -0.35267560274207       -0.15207680977807
B           -5.86707020187653        0.12559614136129       -0.04534649711742
B           -4.47149232055424       -0.74779665022302       -0.08239442732627
B           -2.81682093539168       -0.76560786161515        0.22358287404777
B           -1.30645564935856       -1.43681212195599        0.12425257289172
B            0.30284376901913       -1.43567422159637        0.34551947213874
B            3.04010327822436       -1.65558556296198        0.51740976530390
B            4.53698804691265       -0.95006413472877        0.24977947419929
B            6.07707959219888       -0.46819334047521        0.00096429423949
B            7.71705425674482       -0.00318459313396        0.15004925134205
B           -7.00140788098478        1.22892809590939        0.03782779287329
B           -3.51763357861016        0.62528209302063       -0.04771946860698
B           -1.56613780620656        0.18973466659723       -0.01247935663604
B            1.66314742928941       -0.66549203188961        0.42368736904361
B            3.24824027561754       -0.07686897141506        0.82103967480864
B            6.53308704518553        1.01508528848618       -0.32913104557842
B            8.06042217827304        1.46973967641539       -0.36391338885653
B           -7.64010257973740        2.81125384426713        0.03316094374207
B           -6.07707704448740        2.51703425627344        0.18038326965537
B           -3.52790749397836        2.21373495615633       -0.10413073447103
B           -0.85610871071306        1.57442497988864       -0.20666481262062
B            1.87064320369801        0.92204639091743       -0.03179001011022
B            3.19794947836010        1.50418589569911        0.85965179603612
B            6.12720510614747        2.42155804105206       -1.00887163351225
B           -6.41650986446798        4.04750451180942        0.10251556730227
B           -4.77038587282889        3.43099062981221       -0.01334094870631
B           -3.30249895127272        3.79161455290103       -0.22276848312948
B           -1.95039790212220        3.03243484419043       -0.28048730350375
B           -0.42709074531113        3.07071455961529       -0.45017380583431
B            0.79661288686968        2.12544958561811       -0.38941694819545
B            2.35536505362979        2.48743021224276       -0.20272784962017
B            3.81035595680561        2.86622223114782        0.23592336928150
B            5.28260840291055        3.35719133927538        0.02948605245296
B            6.21120194580534        4.43999824473847        0.71760354622308
H            6.29882664702271        5.55164366818279        0.30555116391670
H            8.43391652176353       -0.71885687844279        0.72808016193476
H            6.22286395286880        2.69495333587603       -2.15038992148426
H           -8.28860795508827       -4.17644043192818       -0.31647488927104
H           -6.61571444276298        5.19920856039771        0.17263807899495
H            8.89698276916543        2.24565272833888       -0.61950529689510
H           -8.46807138617993       -0.79951770740636       -0.39509398990802
H            5.62964296412924       -6.19544820635360        0.08006637877415
H           -8.77633537309754        3.10038343914131        0.03434970474736
H            8.28337790627176       -3.55995668154005       -0.13116352864130
H            6.85205054767392        4.22733315030868        1.68480122397796
H           -7.01619985259153       -5.35869335386528        0.64229806366415
60
 energy: -64.215104758127 gnorm: 0.018481070445 xtb: 6.7.1pre (5071a88)
B           -7.17377304243313       -4.31048971735942        0.17390207646885
B           -4.85751899064195       -2.43171426924270       -0.49851265224536
B           -3.46657155214141       -3.03693703607534       -0.38837299647822
B            1.12569603618202       -2.96951359707874       -0.14012193759702
B            2.64256660693265       -3.09252920906825       -0.17666264852908
B            5.60462573219814       -3.59850329407994       -0.09187176289130
B            6.07685093256598       -5.12037543934180        0.00650551640852
B           -6.22953700055165       -3.06207990879897        0.11056283262598
B           -6.12498775541239       -1.48602971283253        0.11655235791820
B           -1.96493740614640       -3.01750999145459       -0.14291561299972
B           -0.43164853157118       -2.89704838472931        0.03646731789051
B            4.16703060515204       -2.77908691756299       -0.11860647837788
B            5.71651336110552       -2.03983434535961       -0.06162567883141
B            7.22097389032371       -4.11945526846334       -0.08936281455931
B           -7.40421050969289       -0.34100874785820       -0.16842724144190
B           -5.86461883068281        0.12320816195684       -0.03761493959166
B           -4.47113093323319       -0.74630755795070       -0.10695098582185
B           -2.82199445407988       -0.77153379864048        0.21007754656999
B           -1.30261434603698       -1.43225155091345        0.13227400153720
B            0.30761658039975       -1.44226126047379        0.35253169040373
B            3.05949066003213       -1.64563037168066        0.53379867030327
B            4.55191801536040       -0.93643965693774        0.28804364088519
B            6.08795627091575       -0.47048224421278        0.02448587081961
B            7.73193816890196       -0.00092166809831        0.14548966365309
B           -6.98721459003155        1.23752221915494        0.03895606843393
B           -3.51665690022365        0.62464560741859       -0.03419860937528
B           -1.57204961971819        0.19145336135524        0.00077187413720
B            1.67151824624175       -0.67176824048412        0.43173386272193
B            3.25282633226004       -0.07133674799890        0.85582134721774
B            6.53705289106331        1.02042180274756       -0.30142796801783
B            8.07003203812103        1.46096728075750       -0.40672616050554
B           -7.62735201303299        2.82227031688990        0.03724203029833
B           -6.06714239783399        2.52545325918673        0.21416675947140
B           -3.52463378095275        2.21400183585422       -0.10424577122598
B           -0.85084274681621        1.57373551779205       -0.19780233853924
B            1.87221398552271        0.91367336273035       -0.03354228591236
B            3.19159175648192        1.50814370131575        0.87012591201758
B            6.11691616304604        2.41442985369208       -1.00069918987914
B           -6.40521646131683        4.05564767135255        0.10812961705988
B           -4.76005116727401        3.43643192049352       -0.00599734575300
B           -3.29428577228715        3.79010208088449       -0.24378110999633
B           -1.94533357454040        3.02938298339099       -0.31145512341169
B           -0.41916629872331        3.06996070405811       -0.47101824522332
B            0.79694275953441        2.11296433774009       -0.39330366115243
B            2.35568720487027        2.47912678286320       -0.21068797719584
B            3.80644744623023        2.85897956076414        0.22721180097953
B            5.27299001261602        3.35911836237172        0.02645716028105
B            6.18584250140943        4.43977971093178        0.74351207809728
H            6.30181712265888        5.54347197080392        0.32983036565956
H            8.46348657040837       -0.71077631970024        0.71765474834538
H            6.19281055019268        2.67017550522708       -2.15081167186963
H           -8.24241203947523       -4.25485871731668       -0.34736863120807
H           -6.60475009985289        5.20806156423541        0.17126818652141
H            8.89019698799326        2.25935738410708       -0.62908350348567
H           -8.47026838530219       -0.77063905957124       -0.40260363453671
H            5.60832907788054       -6.19298911982620        0.09930768352465
H           -8.76643900737676        3.10505050613041        0.01268194238778
H            8.24805757054643       -3.55859017015538       -0.16787708769210
H            6.84339285809885        4.20951993371449        1.69676573127298
H           -6.97559172786500       -5.35909393665659        0.72134771043550
60
 energy: -64.216643809132 gnorm: 0.016198873493 xtb: 6.7.1pre (5071a88)
B           -7.14852474730745       -4.34744906787874        0.20849307293170
B           -4.86508437248145       -2.42565090568917       -0.50403711498899
B           -3.47473508538069       -3.01643969443851       -0.41437645268826
B            1.10510497069542       -2.98199685588073       -0.15312757171750
B            2.62354986632025       -3.05544148388631       -0.18944326685069
B            5.57772349921059       -3.60023522738692       -0.11825481719198
B            6.05501367163185       -5.11112901496790        0.02598346908244
B           -6.25203975287206       -3.06243744801050        0.08760567302473
B           -6.14138832772396       -1.49672469761506        0.09102192576657
B           -1.97424497106630       -2.99916716521323       -0.15124355781441
B           -0.44297471404527       -2.89573382287968        0.03734618421557
B            4.15025712154937       -2.77249335631091       -0.12881651507170
B            5.71276881661915       -2.04204514904426       -0.07394245532116
B            7.19320813876318       -4.09904378889881       -0.11504179770266
B           -7.40605296485007       -0.32724482204116       -0.18458922130778
B           -5.86598391520425        0.12239966308533       -0.02311458620410
B           -4.47328780606639       -0.74010514768912       -0.10159810711738
B           -2.82675967363799       -0.78060410243984        0.19336246004204
B           -1.29589366776009       -1.42464821769322        0.13194811227242
B            0.31188105781522       -1.44854695824034        0.36526881142602
B            3.07849127501179       -1.63017351483782        0.54476774639905
B            4.57143986764508       -0.92094789662098        0.33369987250753
B            6.09985380005486       -0.47705741722296        0.04894176880941
B            7.74929340747029       -0.00372477417759        0.13378894111929
B           -6.97200764894182        1.24844842475309        0.04057020909897
B           -3.51200977034876        0.62214083760259       -0.03960773666847
B           -1.57772690431641        0.19363345385332        0.00702955237551
B            1.68069789373684       -0.67612032077316        0.43837899216035
B            3.25790903250752       -0.06203704471926        0.89038566744496
B            6.54464672090426        1.01813804203540       -0.28233401964569
B            8.07480940599960        1.46198539784538       -0.42453449839988
B           -7.61251134167406        2.83491889427284        0.03944496256194
B           -6.05638643224981        2.53501015616577        0.24927484392702
B           -3.52191083277715        2.21292866158670       -0.08829085544221
B           -0.84364255516164        1.57263858748971       -0.20378067540709
B            1.87358024357795        0.90642246224941       -0.03817342355909
B            3.18336111474420        1.51472597079347        0.88098338965888
B            6.10026583024559        2.39803078368793       -0.99145788854961
B           -6.39200390524132        4.06440813317474        0.11810116240654
B           -4.75135078200903        3.44222769526897       -0.01642241881501
B           -3.28631366709663        3.78728409544161       -0.26094061978110
B           -1.93972938525383        3.02649925260155       -0.33091319114221
B           -0.41024966082601        3.07140695331090       -0.48865089698545
B            0.79444425587427        2.09942132542409       -0.40011639196821
B            2.35517596236116        2.47072881504007       -0.22121627878592
B            3.80046784881982        2.85729930808214        0.22280971395457
B            5.27020828610431        3.35055081377434        0.03351223936479
B            6.18684140891054        4.43251502911054        0.74946648034678
H            6.28077260471358        5.54489955025064        0.36886320576469
H            8.49140039817053       -0.70729101621340        0.70475680592933
H            6.16999142433297        2.64317983036115       -2.14701049291839
H           -8.20647118992730       -4.36247132269549       -0.34656835109995
H           -6.59043438819087        5.21808697023434        0.17528476202339
H            8.88771989405759        2.25694489496027       -0.67693939911030
H           -8.48025975182372       -0.73251924719515       -0.41009222394211
H            5.60477195713318       -6.19105320541941        0.12071150870387
H           -8.75302168500116        3.11143678757211       -0.00567375573328
H            8.22698728297919       -3.55864307633527       -0.21611772553401
H            6.81465666619966        4.20523640405034        1.72669099463921
H           -6.92591482492517       -5.35531043166624        0.77793377950936
60
 energy: -64.217505543234 gnorm: 0.019177066885 xtb: 6.7.1pre (5071a88)
B           -7.11794686114968       -4.37754454093349        0.22056254718598
B           -4.88167354451819       -2.41680759149048       -0.52225068571439
B           -3.48717519104780       -2.99820441845958       -0.43904278940325
B            1.08721954299337       -2.99880480477593       -0.15776179050886
B            2.60817639214224       -3.02221424346331       -0.20254347730833
B            5.55447675945020       -3.60184369637866       -0.14034996997174
B            6.04315969181415       -5.10180223045192        0.02529399578697
B           -6.26380954699580       -3.06357606946147        0.04988702117170
B           -6.16351595350282       -1.50025307271459        0.07197790833421
B           -1.98736737428244       -2.97909907928522       -0.16786399467591
B           -0.45601342014141       -2.89627692713095        0.03825727208195
B            4.13789705165304       -2.76903271253600       -0.13017599280335
B            5.71343681242006       -2.04277942895760       -0.08447814239142
B            7.16815015814208       -4.07212286476215       -0.13641192124168
B           -7.41223074864837       -0.31163126792825       -0.20196377017945
B           -5.86890011333233        0.12174657738955       -0.01920452756181
B           -4.47595510491868       -0.73635506401473       -0.07996780866683
B           -2.82892187280218       -0.79056467789171        0.19665115036801
B           -1.28714787063278       -1.41717641441038        0.13136316726630
B            0.31761209142505       -1.45577535517986        0.37982663362197
B            3.09887740785124       -1.61829291067488        0.55328593255114
B            4.58972397651351       -0.90714644052631        0.37549355060045
B            6.11099459750459       -0.48164034445222        0.06597484939784
B            7.76288449062548       -0.00804751390025        0.12023510471478
B           -6.95807291583111        1.26001289023133        0.03848609950278
B           -3.50598829382731        0.61822267305492       -0.03581382690586
B           -1.58544126330196        0.19329323554529       -0.00017857965401
B            1.69101160542855       -0.68281728327427        0.44878235311742
B            3.26551467306231       -0.05494360923053        0.92136666235414
B            6.55409254324359        1.01645588711785       -0.27228920616801
B            8.08140261914277        1.45694798606737       -0.44875571741142
B           -7.59995190964983        2.84818562807913        0.02551440552617
B           -6.04870962407176        2.54557209893656        0.26136034389216
B           -3.51877255686846        2.20937129292669       -0.10132429925370
B           -0.84439696533643        1.56915787067990       -0.21830284090339
B            1.87261999775110        0.89686165230887       -0.03899716885249
B            3.17019214814015        1.51793491494585        0.89535513424024
B            6.08730472675763        2.38686758778989       -0.97755224430452
B           -6.37959656508188        4.07412546632683        0.11905302888420
B           -4.74283387742715        3.44409369041627       -0.00804870871558
B           -3.28030195982527        3.78395926409401       -0.27569426227867
B           -1.93393833539467        3.02620311301095       -0.33256603325569
B           -0.40273386897399        3.06776631208784       -0.49980059048026
B            0.79054950082953        2.08450911791475       -0.40866395416376
B            2.35020097453948        2.45885883438875       -0.22966923821205
B            3.78808837426774        2.85639408237675        0.22490874702639
B            5.26113575656245        3.33978997675767        0.04611180042764
B            6.16117112086263        4.43415812028941        0.77687539155850
H            6.28426964551695        5.53919922923789        0.38757819600045
H            8.51105182837594       -0.71025188108635        0.68602669596899
H            6.14693655375655        2.62689204689380       -2.13834450317408
H           -8.16643667610068       -4.45671243552856       -0.35624986809688
H           -6.57258495816935        5.22889251927343        0.18438246752220
H            8.88790747356006        2.25425123039386       -0.71378457264027
H           -8.49399659471711       -0.69671939365034       -0.42911846327191
H            5.61143520548219       -6.18753835195610        0.15613873673643
H           -8.74022673615499        3.11856760810860       -0.01811732228236
H            8.20616278316074       -3.54712385627477       -0.26396511840139
H            6.79709179281126        4.19007319838628        1.74654454151643
H           -6.87772859308316       -5.34620462425185        0.90195765150026
60
 energy: -64.218287313388 gnorm: 0.013774198237 xtb: 6.7.1pre (5071a88)
B           -7.09650573293552       -4.39035609612802        0.22560395842997
B           -4.90247908021320       -2.41189739924096       -0.53061726776461
B           -3.49931504553616       -2.98472003412463       -0.45713153142717
B            1.07491621241108       -3.01560592061805       -0.16839159995238
B            2.59702210117739       -2.99694167604662       -0.22180718528164
B            5.54105159558806       -3.60180268956698       -0.15868046073673
B            6.04586504013636       -5.09072206390073        0.02467365624090
B           -6.27759417863483       -3.06494754661259        0.07629078596985
B           -6.18290041797814       -1.50019988529683        0.07214411430064
B           -2.00050226544083       -2.96037483916193       -0.19063569311692
B           -0.46670487597572       -2.89534263902426        0.02490012336001
B            4.12933093007777       -2.76844756504867       -0.13060918103271
B            5.71454943646763       -2.04238770370389       -0.09260289779899
B            7.15448748604627       -4.04048985225112       -0.15376773377440
B           -7.42018842629466       -0.29973078879841       -0.20160334606803
B           -5.87562466198504        0.11949551927458       -0.01354063389261
B           -4.48061174603839       -0.73411018233369       -0.07472081380780
B           -2.83100464655369       -0.80187659441438        0.20552915357856
B           -1.27819100761541       -1.40907249351106        0.12887004686033
B            0.32378913107472       -1.46206989347201        0.38514600490988
B            3.11453146066435       -1.61073859685844        0.54905824346130
B            4.60476250816760       -0.89762132272448        0.40469204656059
B            6.11875453765020       -0.48537237142383        0.08019926703627
B            7.76960057815078       -0.01265358078313        0.12244059892804
B           -6.94936220064573        1.26857783616828        0.04465747601587
B           -3.49977950410432        0.61487142520601       -0.02003364933633
B           -1.59467098634649        0.19347827625428       -0.01229270814949
B            1.69945989350969       -0.68979152004349        0.45249876493417
B            3.27276330832750       -0.05135648458337        0.94042529563650
B            6.56658378555264        1.01154765396428       -0.26681212628624
B            8.08986873689548        1.44310220909859       -0.46463996539249
B           -7.59196751004732        2.85787836874791        0.02314519240224
B           -6.04549516243317        2.55361612508568        0.27107473716287
B           -3.51679980285089        2.20567855391394       -0.10488614930265
B           -0.84892330502601        1.56475321312585       -0.22983187913041
B            1.87103844023920        0.88779313738227       -0.04162165334152
B            3.15885223872905        1.51698399823441        0.90360152843257
B            6.08359033654292        2.37707055291145       -0.96257471076571
B           -6.37132891647038        4.08161159404715        0.11793075356275
B           -4.73807287670763        3.44332409730365        0.00772232874142
B           -3.27716437925427        3.78000171361789       -0.27655432726319
B           -1.93140242376608        3.02466043380927       -0.34400164192518
B           -0.39977303991141        3.06131800636819       -0.50700391314430
B            0.78474109600790        2.07070999506654       -0.41490729266893
B            2.34329810994494        2.44836967049230       -0.23359503438366
B            3.77585520750539        2.85714017399067        0.22983479093559
B            5.25394217632010        3.33224980070460        0.05769415682572
B            6.13550953284238        4.43860923604390        0.79871864141912
H            6.28589924244002        5.53807470897225        0.39343861370133
H            8.51787019984115       -0.71845486988340        0.67940276864929
H            6.13546209108216        2.61458938443653       -2.12451376054327
H           -8.14020828699999       -4.52891450989084       -0.32158361149804
H           -6.55729000543241        5.23739692264822        0.19008183777987
H            8.89640744476258        2.23447790636418       -0.75524258944380
H           -8.51010209475481       -0.66788988539866       -0.43777749188376
H            5.63683514454515       -6.18313721872080        0.19014361455086
H           -8.73002821768316        3.12977130468287       -0.02564256383884
H            8.19691832880434       -3.52918968512325       -0.31329525571330
H            6.77484224980773        4.18404513749371        1.76268152740756
H           -6.82602878367795       -5.32592004672355        0.88831864087328
60
 energy: -64.219034812182 gnorm: 0.012988319781 xtb: 6.7.1pre (5071a88)
B           -7.07593096221995       -4.39926851100331        0.24218212218595
B           -4.92014779624762       -2.40867720808430       -0.54301106837510
B           -3.50894864992292       -2.96981332055397       -0.47648879615783
B            1.06625101929934       -3.02962895747610       -0.17881752302423
B            2.58693074846810       -2.98431769121990       -0.22786013823943
B            5.52222120126585       -3.60216977182015       -0.16889685049959
B            6.05242953809871       -5.07961532673862        0.04603896905154
B           -6.28002360013857       -3.06424241909338        0.08250596163513
B           -6.19780358177632       -1.49434955792687        0.07034581361516
B           -2.01258847407331       -2.94121823847863       -0.18800446457268
B           -0.47419149470581       -2.89274813561851        0.01077946093978
B            4.12219614551514       -2.77362625859828       -0.12814394581898
B            5.71308413771616       -2.04226066461487       -0.10114976685642
B            7.13979632162711       -4.00222455498186       -0.17007096191294
B           -7.42699107137195       -0.28912631706945       -0.20179448540188
B           -5.88158207445576        0.11853719217423       -0.01572329402666
B           -4.48476596858383       -0.73220470431835       -0.10767969381465
B           -2.83406601152607       -0.81174803666646        0.20315778012595
B           -1.27091859267197       -1.40148234648879        0.13436910651376
B            0.32946934830588       -1.46697945539196        0.39080872986703
B            3.12488811048191       -1.60914768716802        0.54717836940267
B            4.61302484076397       -0.89423840534900        0.42389915161756
B            6.12252604841540       -0.49019771000224        0.08817780946488
B            7.77437636800678       -0.02280235935369        0.11680176638854
B           -6.94547187846318        1.27675923078130        0.03686817456671
B           -3.49223691655716        0.61302458124408       -0.02021077382687
B           -1.60341464733344        0.19575891504267       -0.01132051371802
B            1.70591726969664       -0.69618274538607        0.45892759810813
B            3.28029299740405       -0.05228612403335        0.95693352835204
B            6.57552890384464        1.00528240207881       -0.26495600905562
B            8.09354718214610        1.43382255999510       -0.46325984892645
B           -7.58744834829374        2.86708297722434        0.02618724081852
B           -6.04423312972216        2.56090938613701        0.28199973428422
B           -3.51208637940940        2.20450435339421       -0.09198893577810
B           -0.85490063623644        1.56223297381260       -0.23111775632810
B            1.87082572241205        0.88041731544286       -0.03850220733147
B            3.15168126291251        1.51292681192143        0.91293875809089
B            6.07717604870631        2.36551913846729       -0.96005694440807
B           -6.36519478294025        4.08937797997202        0.12264639797401
B           -4.73567772487668        3.44330327602751       -0.00329070176773
B           -3.27398622278059        3.77898494254796       -0.27098577907606
B           -1.92928595568331        3.02514929538179       -0.36523490358089
B           -0.39809572973599        3.05400691588255       -0.51862689594119
B            0.78257192953821        2.06069251606272       -0.41580871328740
B            2.33867887753424        2.44124564368924       -0.22731239218267
B            3.76803460993896        2.85677408257419        0.23971540818645
B            5.25021954364333        3.32469705849648        0.05980431513879
B            6.14287048825613        4.42456394569567        0.79310358107022
H            6.26202095160180        5.53865419400784        0.41599622708007
H            8.52576708342450       -0.72964878925507        0.66541375332812
H            6.12292711931739        2.60809309975620       -2.11883747282463
H           -8.11084782460047       -4.58626335978622       -0.33087887236613
H           -6.54423240398149        5.24589487356176        0.19705075401177
H            8.90279047965598        2.21391760532605       -0.78562086062510
H           -8.51881495820976       -0.65107514885575       -0.44756273392277
H            5.67223316750522       -6.18120731566489        0.20526418268403
H           -8.72430473521316        3.14441390568508       -0.04412412839031
H            8.18745280919310       -3.50526903269972       -0.35418785486520
H            6.73618683851722        4.18199985137790        1.79023400530426
H           -6.77734756148252       -5.30546587006582        0.95219658709926
60
 energy: -64.219815042774 gnorm: 0.012915089179 xtb: 6.7.1pre (5071a88)
B           -7.06757151615770       -4.40931723169543        0.25129084031422
B           -4.93015113676304       -2.39877169470484       -0.54724368679686
B           -3.51880105103217       -2.95446662844151       -0.47124489538019
B            1.05976148361087       -3.04117061911871       -0.19273350379392
B            2.57637187409652       -2.97983528334287       -0.23367511628944
B            5.51029900822043       -3.60540282891019       -0.17921736492413
B            6.07525526781487       -5.06548045616218        0.04728716719272
B           -6.29329188283794       -3.05833347147557        0.04277442631462
B           -6.21311886949636       -1.48936487407088        0.06347495797640
B           -2.02268871086667       -2.92353104251849       -0.19323712524409
B           -0.47933489772283       -2.88975611392076       -0.00965906774986
B            4.11301441842633       -2.78111659462478       -0.12836205301973
B            5.70880727099389       -2.04581159900187       -0.10640000790417
B            7.13455533361880       -3.95669241215575       -0.18104234641216
B           -7.43518280628655       -0.27867106572063       -0.20161264360162
B           -5.88973660648154        0.11991371665786       -0.01061725171553
B           -4.49009146328115       -0.72616593519107       -0.10805871413895
B           -2.83557972160977       -0.82234945852819        0.18750327231181
B           -1.26384219707294       -1.39416901580735        0.12923974224026
B            0.33194080753697       -1.47141064413118        0.39250876448515
B            3.12574742442004       -1.61085443876506        0.53799224151046
B            4.61732722847855       -0.89701415475448        0.43727685891105
B            6.12304071055334       -0.49751233495529        0.09923202712604
B            7.77742647869928       -0.03602447414789        0.11878501651733
B           -6.94712678377832        1.28399630224819        0.04496143474039
B           -3.48272779317703        0.61179880120685       -0.02125129803001
B           -1.61112578824499        0.19958579518514       -0.01290414469689
B            1.70783850291305       -0.70093708954681        0.46069389899319
B            3.28439481798954       -0.05730130916537        0.96640616673290
B            6.58392241549466        0.99651611459695       -0.25904497107169
B            8.10155490769220        1.41297364212538       -0.47355919841074
B           -7.58603961337486        2.87616373207146        0.01617965938321
B           -6.04530325520878        2.56645216332078        0.29399444289054
B           -3.50805263405946        2.20422189336984       -0.08402949761495
B           -0.85856264187599        1.56087730802706       -0.24011847192125
B            1.87068482269234        0.87486395712559       -0.03842988452122
B            3.14652631443467        1.50560767875262        0.91773534900165
B            6.07559771928092        2.35508934739544       -0.95281570342739
B           -6.36010671371064        4.09590841580531        0.12891886667031
B           -4.73353083822835        3.44232568209962       -0.00234625097618
B           -3.27270869799358        3.77828706528695       -0.27755766910224
B           -1.92491005341863        3.02769171724413       -0.35669350364942
B           -0.39736257432561        3.04873194906872       -0.53280170575381
B            0.78192015616348        2.05396754897265       -0.41978704976640
B            2.33687953927079        2.43620004908608       -0.22119254933427
B            3.76490622584985        2.85129200992304        0.24662338746530
B            5.24832678104754        3.31695700071383        0.06779555143671
B            6.13402748937505        4.41807913786186        0.80200902930131
H            6.24491800801065        5.53289231910557        0.42307605447475
H            8.53308691528966       -0.74249430370017        0.66119304147830
H            6.11564398207449        2.60303955808183       -2.10809679492656
H           -8.09555535917620       -4.62998855479043       -0.30026882001715
H           -6.53550011057316        5.25253446537009        0.20057377257698
H            8.91145198209417        2.18790456799969       -0.80260277011036
H           -8.52574217268383       -0.64009521281594       -0.44989277449109
H            5.73094785741057       -6.17706826795970        0.22472892621919
H           -8.72224644085744        3.15526495912040       -0.05713358512658
H            8.17996811820174       -3.46616091014212       -0.38507937233097
H            6.71125137062529        4.18810162025508        1.80861905495822
H           -6.74302390208617       -5.29090949781522        0.98783584102906
60
 energy: -64.221045143919 gnorm: 0.017761563017 xtb: 6.7.1pre (5071a88)
B           -7.05453996433685       -4.41746631548590        0.27558757046487
B           -4.94984700951840       -2.37920160881769       -0.56544216152016
B           -3.53677114074328       -2.92132615306667       -0.48170398854961
B            1.04658918967893       -3.06172736190687       -0.20703769570298
B            2.55758747811248       -2.97567457184069       -0.24637733979822
B            5.48596077235130       -3.61766181423432       -0.19845684984141
B            6.12254735487131       -5.03992165613494        0.04841588141849
B           -6.31862000186465       -3.04728127394485        0.02735132416424
B           -6.23910320468659       -1.47996470567846        0.05919335929688
B           -2.04129731230967       -2.89104729045585       -0.18866913065072
B           -0.48902915930565       -2.88460923447785       -0.03461456176813
B            4.09610790269716       -2.79641694126575       -0.12848102456553
B            5.70170175552661       -2.05672454723212       -0.11587697056938
B            7.12389242623780       -3.86752188153301       -0.19898383040927
B           -7.45113622552938       -0.26361161157753       -0.20247804950793
B           -5.90449912328461        0.12134596830366       -0.01109497796757
B           -4.49934914809975       -0.71558226240793       -0.09283259401508
B           -2.83752802503636       -0.84167304049669        0.15979789363935
B           -1.25127090687304       -1.38049196317936        0.11273499410282
B            0.33354825596254       -1.47765304248984        0.39659705596268
B            3.12255131156406       -1.61549278382031        0.52161118101010
B            4.62350289340999       -0.90662758406700        0.45813875542677
B            6.12446972697069       -0.51360687733799        0.11540499765387
B            7.78296019179568       -0.06104174170064        0.12105712839494
B           -6.95318561597690        1.29512953572209        0.04168316958094
B           -3.46576477767644        0.60822247286818       -0.02330320481727
B           -1.62613180425968        0.20705352723221       -0.02272188396624
B            1.70926841634179       -0.70743400932143        0.46504462971538
B            3.29131320166546       -0.06906753730468        0.98162984001511
B            6.59736161930039        0.97949046317315       -0.25182728594913
B            8.11549550912346        1.37707130630314       -0.49160419325570
B           -7.58458120204546        2.89011965044736        0.00221816018663
B           -6.04849046615203        2.57375885561980        0.30589340019776
B           -3.50264988482034        2.20261638190228       -0.08796892893191
B           -0.86361494126553        1.56132743342522       -0.25127744744758
B            1.86990304784025        0.86721238890558       -0.03642781497712
B            3.13877195276927        1.49149261142352        0.92627551365056
B            6.07242255468819        2.33678123047890       -0.93994268561349
B           -6.35190859367035        4.10489154396293        0.13495713279416
B           -4.72914560136860        3.43806661504413        0.01436508412326
B           -3.27138159165806        3.77635960274207       -0.28084999381169
B           -1.91935365796488        3.03341993863124       -0.35770068863033
B           -0.39460648638530        3.04241849775895       -0.55300726063465
B            0.78299440570181        2.04625873328542       -0.42468937846421
B            2.33643799941089        2.42888742893426       -0.21043413391090
B            3.76373625262325        2.83745765784050        0.25684818230783
B            5.24764704051039        3.29906384887498        0.08581471344763
B            6.11121499621087        4.40939304738217        0.82733097349881
H            6.22079677049304        5.51793941408970        0.43108580232870
H            8.54678753357720       -0.76561691807082        0.65543390059757
H            6.10130736664049        2.59348717859043       -2.09159039656233
H           -8.06948312057451       -4.70448112548849       -0.28315909495948
H           -6.52267962093759        5.26145288207194        0.20538958343990
H            8.92569110484192        2.14600457480791       -0.82152595707293
H           -8.53969945800279       -0.62346192129602       -0.44784135278705
H            5.85088881473449       -6.17101009012777        0.25015173458478
H           -8.71910968006797        3.17452275588234       -0.07711421990772
H            8.16404404014731       -3.38739438157951       -0.43190981620491
H            6.67946567455307        4.19710377389391        1.83720687942697
H           -6.68381083593865       -5.25849607325976        1.03972607134190
60
 energy: -64.223215544820 gnorm: 0.028788433636 xtb: 6.7.1pre (5071a88)
B           -7.04285490912121       -4.41294707881413        0.29220229045405
B           -4.97403415221980       -2.36038451248490       -0.57804540094415
B           -3.55759556741883       -2.87821835035176       -0.47284368112887
B            1.03301698817097       -3.08588697770104       -0.21588884156925
B            2.53866770625724       -2.98191951218367       -0.26139491546840
B            5.44625751616145       -3.64573636782684       -0.21764057709657
B            6.19077961840492       -5.00614974314883        0.04348465068773
B           -6.33955270172695       -3.03536846920275        0.01305314237781
B           -6.26954273772407       -1.46701865890646        0.06531931248903
B           -2.05931396224351       -2.84568914138590       -0.21103388831123
B           -0.49787722039648       -2.87782189585855       -0.06316518864618
B            4.07856746934678       -2.82046559935809       -0.12961643126959
B            5.69895996086111       -2.07885833775330       -0.12293597366062
B            7.10148571092563       -3.73931229232942       -0.21155095372601
B           -7.47263150396800       -0.24882338051492       -0.20067438912578
B           -5.92172539847640        0.12134249794899       -0.01191513949962
B           -4.51047133979163       -0.70647179114767       -0.08206917423219
B           -2.83996028049527       -0.86962550393706        0.13034604533058
B           -1.23525159870797       -1.36386150919517        0.09950159526419
B            0.33457496095686       -1.48339578299167        0.40240173152176
B            3.11282406656648       -1.62552441757132        0.49733299979839
B            4.62965421933554       -0.92935569602039        0.47141546403266
B            6.12967145198475       -0.53943527227532        0.12854784420649
B            7.78796621208389       -0.09139324781556        0.13431661799644
B           -6.96608301485226        1.30509278263877        0.03503384915448
B           -3.44247347541374        0.59989621310303       -0.02168388855168
B           -1.64857319053993        0.21559189455673       -0.03535879045322
B            1.70988161888632       -0.71187916045833        0.47155700510086
B            3.30391210060438       -0.08936288007429        0.98982925793798
B            6.61268762134516        0.95508041391983       -0.24962996522337
B            8.13200529474253        1.33583340908638       -0.50164434911464
B           -7.58586775921445        2.90262204705026       -0.00633693357554
B           -6.05541438468552        2.57823417851636        0.31392036267920
B           -3.49600003235848        2.19798955400186       -0.09294224114802
B           -0.87214465928094        1.56406484791844       -0.26256854831472
B            1.86819670098103        0.86192188686791       -0.03211759297214
B            3.13201480383930        1.47121342353424        0.93339367812763
B            6.06827982526205        2.31240324350159       -0.92875310328269
B           -6.34450328911013        4.11182869689396        0.14045667880156
B           -4.72552287044090        3.42780941795346        0.03002990315288
B           -3.27210490757604        3.77345102893362       -0.27319454808925
B           -1.91547822498085        3.04371912757063       -0.36898939067765
B           -0.39120153692680        3.03583799891951       -0.57149780738369
B            0.78794708506882        2.04394811651845       -0.43067251429788
B            2.33814524937875        2.42414691259689       -0.19543734122184
B            3.76754656011026        2.81727152001044        0.26790703982584
B            5.25023093041661        3.27214327514017        0.10476960520584
B            6.08712431028441        4.39698171916816        0.85391475349126
H            6.18826942656686        5.49754268007900        0.43658051415552
H            8.56094064363476       -0.79282130533905        0.66288855362311
H            6.08673088644395        2.58118799283936       -2.07799526315079
H           -8.04033309023608       -4.74938249750448       -0.24558013944238
H           -6.51070613625875        5.26842861769464        0.20800402532832
H            8.94569529831276        2.09434048909265       -0.83320202963183
H           -8.55604130008026       -0.61127014104977       -0.44182614584201
H            6.02561083198598       -6.16109241183441        0.25993599534145
H           -8.71779980270770        3.19801778110176       -0.09749241279943
H            8.13568430516247       -3.27336721109259       -0.47966826181879
H            6.64290267165964        4.21065306822322        1.87290946459315
H           -6.63679399879000       -5.21669468925551        1.06631344099410
60
 energy: -64.226952236371 gnorm: 0.044244057224 xtb: 6.7.1pre (5071a88)
B           -7.03837164743923       -4.39682963115881        0.30341378265979
B           -4.99752760752088       -2.35005224043613       -0.59142945109820
B           -3.57234649426717       -2.82373813512324       -0.47460104718685
B            1.02001488169090       -3.10678787469518       -0.21519279030080
B            2.52453464118305       -2.99772006889880       -0.27487047279182
B            5.38822671360314       -3.69768621770626       -0.23325262122583
B            6.25377179590446       -4.96674660101104        0.02105271099166
B           -6.36019701619765       -3.02445175466157        0.01580621175884
B           -6.29721486835387       -1.45766757965211        0.07376464020315
B           -2.07033671805824       -2.78948787719765       -0.22912133154472
B           -0.50207455902782       -2.86615663727049       -0.07708376024023
B            4.06377363569795       -2.84651892222238       -0.13144638600757
B            5.71006634649085       -2.11758023887483       -0.11879766846021
B            7.04922102721603       -3.59257574848210       -0.21342270839009
B           -7.49467853596215       -0.23931153941969       -0.19838948769216
B           -5.93654153447284        0.11858565182846       -0.01200221416532
B           -4.52031948182783       -0.70070883771960       -0.08378478856716
B           -2.84220218509832       -0.90331258946932        0.10221386601690
B           -1.21567445082986       -1.34287422440042        0.09887997789028
B            0.33592502579887       -1.48402928574937        0.41630806487054
B            3.09683375139853       -1.63590575604823        0.47039231601976
B            4.64045233071123       -0.96702022668768        0.47093496650456
B            6.14409955449282       -0.57513555800172        0.13585408249855
B            7.79295379518997       -0.11459412617152        0.16592993940129
B           -6.98440197474073        1.30916934261901        0.03185174395917
B           -3.41462212598736        0.58703903258239       -0.02083423787901
B           -1.67631070913341        0.22678584948824       -0.04580622088077
B            1.71063676645538       -0.70810245588828        0.48142340640226
B            3.32566799337260       -0.11507896683436        0.98579945821686
B            6.62644505773897        0.92490643867643       -0.25953299586981
B            8.14712569643391        1.30269362984464       -0.49803922529511
B           -7.58930636535172        2.90807959030791       -0.01307238483592
B           -6.06472761868439        2.57561613001412        0.31184843192262
B           -3.49197096903502        2.19086630761342       -0.09927835032136
B           -0.87926341754227        1.57104720858480       -0.27186557619069
B            1.86515438892161        0.86406631576475       -0.02738400765399
B            3.13137372251406        1.44960312546665        0.93288508399543
B            6.06235185056936        2.28566281581550       -0.92256852895803
B           -6.34009578720360        4.11173398499077        0.14278600678624
B           -4.72291013172731        3.41174605708581        0.04563072260737
B           -3.27614490729190        3.76928709940624       -0.26922943895771
B           -1.91394335824083        3.05753571890813       -0.38233859864013
B           -0.38780196244606        3.03390629367021       -0.58175042323750
B            0.79703009066132        2.05212742776463       -0.43889284908723
B            2.34392519625398        2.42694581160318       -0.18066178326073
B            3.78013495067536        2.79477912519561        0.27472487246631
B            5.25957543049655        3.24333171691088        0.12087961229389
B            6.06050129258220        4.38749218106576        0.88470136253748
H            6.16275574058900        5.47604049050294        0.43739827027832
H            8.57564792021359       -0.81293252308835        0.68929221811469
H            6.07468079611788        2.56320635232901       -2.07277218777627
H           -8.01519991394170       -4.77144357566007       -0.21700066979694
H           -6.50440025944652        5.26841821538122        0.20758668096999
H            8.96517067605479        2.05233537565078       -0.82871561484430
H           -8.57437107966411       -0.60349878438714       -0.43090211416203
H            6.21575530558680       -6.13644196914189        0.24289660133598
H           -8.71797417309551        3.21628288790454       -0.11042648328671
H            8.09412055312472       -3.16811475244562       -0.51107072027817
H            6.62450896881572        4.22300949482637        1.90152523148192
H           -6.61312704396867       -5.17073397330133        1.06975687670202
60
 energy: -64.231913022564 gnorm: 0.057814144873 xtb: 6.7.1pre (5071a88)
B           -7.03708474490327       -4.38212196180652        0.30220287946173
B           -5.01471240623439       -2.35882634771537       -0.60048504451139
B           -3.57538337345515       -2.76858159404700       -0.47213636417216
B            1.00857531498417       -3.11721489958166       -0.19879001924887
B            2.52146477362931       -3.01633708906781       -0.28490729276573
B            5.31288772791856       -3.77677095365968       -0.24918831047719
B            6.27401345644248       -4.93048289525311        0.00886241828334
B           -6.37649344881341       -3.02201598069510        0.02554692241547
B           -6.31734495998167       -1.45990397089365        0.07303345770776
B           -2.06771485448990       -2.72836761826083       -0.27705531292864
B           -0.50084557268285       -2.84988659573038       -0.06829253601318
B            4.05654029096401       -2.86057803016240       -0.13162755185152
B            5.74791063010606       -2.17308214632483       -0.10261937176934
B            6.94746869856518       -3.45795376878348       -0.22648036252698
B           -7.51037771324519       -0.23744306217466       -0.20435053354668
B           -5.94120317077092        0.11265237894642       -0.01112234711663
B           -4.52474871318033       -0.70095294093156       -0.09035890986442
B           -2.84318147411011       -0.93350272035112        0.09520617911063
B           -1.19600668882526       -1.31964101190685        0.12138592106809
B            0.33935840749139       -1.47762305830162        0.44064235624559
B            3.08025892941464       -1.63900774399095        0.45336704153543
B            4.65986382809464       -1.01487765659340        0.45384118511199
B            6.17040396140121       -0.61190307963375        0.13436359849544
B            7.79877109970262       -0.11637020257006        0.20811705220060
B           -7.00131928471861        1.30610119145724        0.02211913425036
B           -3.39077378186060        0.57339184528492       -0.00729639628862
B           -1.70363191169920        0.23856775768824       -0.05332122676252
B            1.71395606481272       -0.69190568351356        0.49660448181673
B            3.35898701951906       -0.13955147928689        0.97213032410704
B            6.63047712694806        0.90020905772179       -0.28258504569178
B            8.15395437591136        1.29964930768597       -0.47490850739837
B           -7.59101103265511        2.90336140142608       -0.00384854643831
B           -6.07102353185218        2.56556381951835        0.30182824471373
B           -3.49684377260980        2.18363906728156       -0.11654047325602
B           -0.88073985894500        1.58277117653790       -0.26930382048061
B            1.85824672755876        0.87679015279960       -0.02165329750559
B            3.13976018703210        1.43402647303395        0.92289874432448
B            6.05359430104911        2.26660720833412       -0.92443076302016
B           -6.33948069972906        4.10318993242458        0.14023513934209
B           -4.72065560031200        3.39490902334613        0.05615242012097
B           -3.28151230092609        3.76528047523090       -0.26159735291648
B           -1.91771157867759        3.07169201479974       -0.40850711517383
B           -0.38478190264373        3.04109504934132       -0.57790226926341
B            0.80820474799165        2.07338280776334       -0.44750553386298
B            2.35306519370779        2.43852397767177       -0.17232427349376
B            3.79962646904848        2.77799333055245        0.27362018726723
B            5.27472665781611        3.22383892277512        0.12543262579246
B            6.04278482754514        4.38656809664695        0.90619108165218
H            6.15354328677341        5.46579857197358        0.43859907119205
H            8.59104908706231       -0.81484095323913        0.72268602872953
H            6.06502413653103        2.53850900582050       -2.08400820397277
H           -7.99633748036550       -4.79113592984423       -0.20371314824730
H           -6.50516765074206        5.26084561382810        0.20306914199748
H            8.97668532969337        2.04292475800254       -0.81381253051788
H           -8.59245047841178       -0.59728616400406       -0.42368196401799
H            6.35868526672612       -6.09069416353161        0.21228241645999
H           -8.71675438268341        3.22368818424958       -0.11251573495034
H            8.05067578449500       -3.14634635991627       -0.51431253163648
H            6.63424709479227        4.22694574400459        1.91444738323747
H           -6.61113943420527       -5.13424928437854        1.06631725505081
60
 energy: -64.235289468978 gnorm: 0.053836208741 xtb: 6.7.1pre (5071a88)
B           -7.03692109051298       -4.38822174520967        0.30509486135752
B           -5.03474645875796       -2.36112319909887       -0.60154415903511
B           -3.57646099779198       -2.72066227220750       -0.49420379798471
B            0.99852618836002       -3.12171560478545       -0.20644341460621
B            2.51173168671539       -3.02433680710576       -0.28894008422162
B            5.27878226368055       -3.82210235184872       -0.25744197255841
B            6.31399627510587       -4.91761532286895       -0.00520616597890
B           -6.39961906351389       -3.01705821130850        0.01590050796506
B           -6.33516946799784       -1.45724830713474        0.06746603703921
B           -2.07290793236878       -2.69217444258921       -0.26136951744350
B           -0.50642397477152       -2.83486404541978       -0.07258244075235
B            4.04445099191968       -2.86608894373215       -0.12820414475352
B            5.76059955011627       -2.20356687711693       -0.10519192756540
B            6.91202355743984       -3.37541755344288       -0.25398762089480
B           -7.52205664550868       -0.23008045810092       -0.20434304454181
B           -5.94976548580334        0.11449088435649       -0.01093779642000
B           -4.53383927294429       -0.69582036956032       -0.11978315273088
B           -2.84868948923466       -0.94537742492087        0.07230647293711
B           -1.18788161361153       -1.30166668471287        0.13180632665194
B            0.34417380232869       -1.47360129154660        0.45517983169234
B            3.07301092698578       -1.64092373527902        0.44410168147433
B            4.66483653517038       -1.03979019869722        0.43700910550715
B            6.17443564893889       -0.62926849146896        0.13389637910456
B            7.79441366998746       -0.12228113421171        0.23148312163960
B           -7.00867644107361        1.31022459817110        0.02761883168697
B           -3.38752718375996        0.57194163688005       -0.01765698948202
B           -1.71391280011800        0.24870169067051       -0.04901193695241
B            1.71769253888801       -0.68581916218188        0.50238090456788
B            3.37712304630492       -0.15279753777608        0.96906178929433
B            6.63283834960073        0.87933157250876       -0.30269738297135
B            8.15519259543547        1.28922098114898       -0.45603485159588
B           -7.59167601484650        2.90768983949897       -0.00841014122946
B           -6.07321863349827        2.56480774773980        0.30335320706419
B           -3.50269568884357        2.18349536624748       -0.10561775406839
B           -0.88094675130711        1.58813887992689       -0.27198686602560
B            1.85068362131259        0.88006844678498       -0.01727319380408
B            3.14650550190754        1.42042093258799        0.91749634929490
B            6.05462774853050        2.25247384736600       -0.92229545428558
B           -6.33861162565944        4.10291260056100        0.14255253892087
B           -4.72066404505471        3.39137856702518        0.05998593604018
B           -3.28335259652030        3.76459749636037       -0.26516197899353
B           -1.91942300353895        3.07618627872925       -0.41885348194618
B           -0.38619038482503        3.04614249286156       -0.58211040285443
B            0.80839722697420        2.08150345830866       -0.44867248060958
B            2.35604098982625        2.43769807864691       -0.16363446042537
B            3.80655667390063        2.77000208829118        0.28049224846251
B            5.28547455904587        3.21391887968252        0.13034320046138
B            6.04464862772053        4.38120323380024        0.90975481081467
H            6.14280360256106        5.46577561457026        0.44804863979843
H            8.58590605580128       -0.82334334568463        0.73983293002200
H            6.05831732476116        2.51970226865009       -2.08438038002472
H           -7.98953698392969       -4.84294989543307       -0.20171662624858
H           -6.49978947479524        5.26185089080724        0.20477787372767
H            8.98291832076546        2.02617798692907       -0.80894082236176
H           -8.61125934176569       -0.58310856482523       -0.42114045544113
H            6.49594598673226       -6.08758702171239        0.23170842058026
H           -8.71503109358675        3.23229453015755       -0.11778002735070
H            8.03699967991877       -3.11985388780133       -0.51738362799118
H            6.63134969914424        4.22736137144795        1.92636342649845
H           -6.58563068994131       -5.11418637293749        1.10292312154856
60
 energy: -64.235577987952 gnorm: 0.082733621355 xtb: 6.7.1pre (5071a88)
B           -7.05547288283117       -4.42295714737179        0.29048372228503
B           -5.04840642630665       -2.39610169283788       -0.56051323256941
B           -3.54381444275653       -2.67127141191530       -0.55941184811425
B            1.00206733177500       -3.08862994512684       -0.22185648462993
B            2.52916985279109       -3.03910002935340       -0.27332250390730
B            5.32637790656600       -3.86168426009305       -0.21399923067021
B            6.29785849501975       -4.94457750402871       -0.01170817207330
B           -6.42029415753573       -3.02016586138895        0.01011266926821
B           -6.32266071857185       -1.46619492998154        0.05068641810489
B           -2.05476688768328       -2.70258303899484       -0.21204234760160
B           -0.51299106272409       -2.81512382641627       -0.05723992577045
B            4.05337795427248       -2.81783552512801       -0.10938617520651
B            5.79435938449996       -2.21614634085842       -0.09076403208306
B            6.91762333161857       -3.45780568224320       -0.28792747378865
B           -7.50834561464088       -0.23595505398893       -0.20411005672112
B           -5.93969868894224        0.13263937081762       -0.01045070585912
B           -4.53830306809872       -0.69106775191010       -0.18565560572566
B           -2.85663152752940       -0.90642235384271        0.07067351926566
B           -1.20567772773085       -1.29453873552100        0.16018691841955
B            0.35832739191685       -1.46318704934794        0.46884081918258
B            3.07658727921347       -1.63203613409959        0.47482846075835
B            4.64832446124693       -1.04994608652637        0.36914885375401
B            6.15312730983920       -0.59327545888860        0.13150502927693
B            7.77275050124108       -0.09052056501430        0.24909504410267
B           -6.99899981883735        1.31053926919561        0.03074003281961
B           -3.44374401682178        0.59450611531988       -0.05094638894253
B           -1.67662867740674        0.25061258365824       -0.02674085382163
B            1.72446217156757       -0.67285241135780        0.50163986771182
B            3.38639272668401       -0.15127178850932        0.96643871493437
B            6.60776325678204        0.87546811126081       -0.34889992507279
B            8.13266491289025        1.32437998882355       -0.39669910116076
B           -7.58901665710669        2.90478750218926       -0.00501857642237
B           -6.05943937720516        2.55848033289188        0.29818099472954
B           -3.53452452151807        2.19486100917356       -0.07059650088093
B           -0.86250523989077        1.58917556505911       -0.26762362351331
B            1.82235780032865        0.88581089491242       -0.01167313150469
B            3.16937889363602        1.41298567830413        0.90356095907945
B            6.07801133764839        2.26622294850031       -0.92367183988159
B           -6.34722240185863        4.09271407782585        0.14361868783747
B           -4.72630424582247        3.40901714412581        0.02972407091129
B           -3.27919565218134        3.76966931889407       -0.27528111234776
B           -1.92892888843534        3.05964240370478       -0.42169954632904
B           -0.39851054878518        3.07190952879683       -0.57539681470230
B            0.78816896009586        2.09582331344141       -0.44196757798902
B            2.35466403954789        2.42265716325153       -0.16768306251594
B            3.80453703772110        2.78036118294939        0.29501694468590
B            5.30579045089689        3.22994496248187        0.12407639219001
B            6.10197213294747        4.38208639404294        0.86381416801893
H            6.15227467739250        5.50159744466839        0.46968120625835
H            8.54222151663354       -0.80899593259750        0.74544272173305
H            6.06166216088417        2.49859437714821       -2.09560332956366
H           -8.03862931834883       -4.88732436012580       -0.24417611151283
H           -6.49783134687542        5.25702191400505        0.20871493955300
H            8.97548637006651        2.05688696531668       -0.79619255991803
H           -8.63160940336858       -0.57070704036089       -0.42808746858025
H            6.48779017229583       -6.06232696957152        0.21178534750273
H           -8.71007211635508        3.22232406749972       -0.11175276567308
H            8.06658205320010       -3.25984656428438       -0.49366118615378
H            6.65499173496131        4.21510493360543        1.92106377780604
H           -6.58851917001277       -5.15631211018194        1.16269899102070
60
 energy: -64.242532687333 gnorm: 0.031714024434 xtb: 6.7.1pre (5071a88)
B           -7.04389613476789       -4.43330537704500        0.31977350818463
B           -5.05924237205608       -2.37661294878613       -0.59649687795851
B           -3.57054928267043       -2.66547498322679       -0.55719086064339
B            0.99408698984352       -3.09715328934888       -0.22158083482675
B            2.51251134373327       -3.03754440448781       -0.27503956163374
B            5.30161735359114       -3.84521012817464       -0.19232978697704
B            6.32701462450706       -4.95211416067577        0.04569741344644
B           -6.40037522440092       -3.02823524112096        0.00292761139764
B           -6.33501551795443       -1.45827673922025        0.05286635861994
B           -2.07721316853359       -2.68788052786386       -0.25892913543285
B           -0.52378004587511       -2.81698580884107       -0.06379987024931
B            4.04651067300629       -2.83815049738893       -0.12430255850402
B            5.77404341520488       -2.21214780115764       -0.11626648445026
B            6.92581684599197       -3.42018482077557       -0.30756489429999
B           -7.51284628026663       -0.23114485543769       -0.19906346852766
B           -5.94458941735214        0.12997706163630       -0.02249685687968
B           -4.53563402087354       -0.68625759166036       -0.13953756318017
B           -2.84926372489911       -0.89513438149757        0.08301153425494
B           -1.19891712281991       -1.28689217200477        0.15957555308778
B            0.36485558646352       -1.46834385415936        0.46717915128174
B            3.09004582590626       -1.64002140995032        0.46356780911901
B            4.64602946724161       -1.05000964551992        0.37086659566316
B            6.15136342199290       -0.60321788205274        0.13218153556238
B            7.77315560980391       -0.09774502350866        0.26086076608748
B           -6.99436973253551        1.31414544033659        0.02790040784979
B           -3.44206900335227        0.59978367608183       -0.05039249703851
B           -1.67443985001317        0.25892407910612       -0.02965426814597
B            1.73065099483425       -0.68309860001308        0.50212172910221
B            3.39171706391711       -0.15228099520807        0.96934676235242
B            6.61373052857339        0.86248190969342       -0.34110842960889
B            8.13503626764945        1.30569629091335       -0.40750530801231
B           -7.58923607405214        2.91202030977888       -0.00510690839721
B           -6.06013949830872        2.56528908125071        0.30849824371590
B           -3.52720122191113        2.19685586417991       -0.10447697295951
B           -0.86856101077661        1.59233829327628       -0.26732657660160
B            1.82492353524389        0.87833542310190       -0.01254269384486
B            3.16784460332216        1.40530605152808        0.90790276622151
B            6.06403994560884        2.24787057665753       -0.93368282051427
B           -6.34579615120063        4.10064611795966        0.14778022099076
B           -4.72711576077309        3.41174979358275        0.02284501868347
B           -3.27921056854616        3.77260202686832       -0.28230750752428
B           -1.92138361324130        3.06421530864502       -0.39047142032925
B           -0.39842378922069        3.06944098075312       -0.59406871948652
B            0.78641714405777        2.08982205889405       -0.43440493920164
B            2.35479583525620        2.41393537817021       -0.16004748977593
B            3.80195174247196        2.77474093319020        0.29709557611642
B            5.30085879438191        3.22266185892281        0.12166940834690
B            6.09507988714276        4.37164604594170        0.86930512735095
H            6.14010342261083        5.49072958610203        0.47693730895256
H            8.54373366968377       -0.80774105470009        0.76906723597521
H            6.06001860994351        2.49857256654897       -2.08989612117638
H           -8.01258310548841       -4.86905109606923       -0.23565301509161
H           -6.49367464201833        5.26271699229851        0.21207879011369
H            8.96773571038938        2.04758045645099       -0.77165489662071
H           -8.62651049222285       -0.57113721160524       -0.42380751653376
H            6.56269130579479       -6.09957134486784        0.19268304107311
H           -8.71220116714137        3.22725504441229       -0.11612405824352
H            8.05772044772613       -3.19966517392061       -0.52474686238044
H            6.64458875405834        4.21136009421437        1.91311085443435
H           -6.59807242668175       -5.16904928020951        1.15272744706957
60
 energy: -64.242689986397 gnorm: 0.048925082986 xtb: 6.7.1pre (5071a88)
B           -7.04885849757020       -4.42554011776507        0.31340613954364
B           -5.05633330009177       -2.37538361790315       -0.62692163045060
B           -3.57497874543212       -2.64040199266396       -0.56273146149126
B            0.99982309694911       -3.08913020086591       -0.19931588670428
B            2.51607072629864       -3.05118409600701       -0.26810577013375
B            5.27265485637944       -3.86490953192791       -0.13742245015391
B            6.30392462176160       -4.94874551260240       -0.01995271782618
B           -6.38680453030956       -3.04457459846071        0.02505489688830
B           -6.33693737260140       -1.46610762695882        0.05791713250751
B           -2.07585878425253       -2.65960251373893       -0.28403137176867
B           -0.51568967701224       -2.80874196050408       -0.04786719393055
B            4.05788459614818       -2.85950282074734       -0.11841684781397
B            5.79770546458391       -2.23616862080881       -0.11892121644819
B            6.87437122916754       -3.40027118968755       -0.28545787555196
B           -7.51736540582887       -0.24240259825217       -0.19193507004884
B           -5.94481681973013        0.11570824383494       -0.03657250918990
B           -4.52955325299155       -0.69165841575494       -0.12696267433238
B           -2.84121517782482       -0.89751920159161        0.07923774896916
B           -1.18595607080596       -1.27589121180497        0.17592684629346
B            0.36957821901054       -1.45951812147267        0.46410322797337
B            3.08933874266439       -1.64597769836158        0.44843982366215
B            4.65779606496550       -1.07941144419920        0.34667798311852
B            6.16778275022080       -0.62488940457572        0.11225083093469
B            7.77171613467793       -0.08087306858053        0.30607610485197
B           -6.99916189726738        1.30296644815615        0.03208785103294
B           -3.43206827920316        0.59300041829124       -0.06119291591966
B           -1.68273008644401        0.27089272777596       -0.01819325280436
B            1.73808711513271       -0.67334845383291        0.49904197575319
B            3.41665482940836       -0.16084746856426        0.94398656175584
B            6.61383412147627        0.85246347109617       -0.35524963068889
B            8.13399125002755        1.31767397740967       -0.39008761398130
B           -7.59346785936895        2.90223983368053        0.00704361348377
B           -6.06511164675655        2.55920449835366        0.29851530752413
B           -3.52473700958232        2.19472073062770       -0.12282948907658
B           -0.87209342888505        1.60803432633054       -0.24563208645094
B            1.82898982641053        0.89102310751024       -0.01455388688801
B            3.18008880261717        1.40075491335509        0.89623176220233
B            6.05113749911554        2.24124985870085       -0.95669274634590
B           -6.35208543640454        4.09639237981009        0.14463029118539
B           -4.73143372215888        3.40692957472320        0.02310495805809
B           -3.28736171024199        3.77542088331347       -0.28061149202602
B           -1.92488557402403        3.07658210487365       -0.40833045697946
B           -0.39669946027456        3.07946818954603       -0.58709769073009
B            0.79349798375985        2.10827966687597       -0.42387814305299
B            2.36378581566686        2.42622375982655       -0.15168476380749
B            3.81759284844510        2.76948986832390        0.28299793382787
B            5.30340695505571        3.22130107083227        0.10391982247786
B            6.08769874733005        4.37362261870760        0.87452508728623
H            6.14275121373859        5.48438426371927        0.47389198959209
H            8.53938509663321       -0.79037409181525        0.82852432857166
H            6.05136261670507        2.49565135366740       -2.11319453725969
H           -8.00161188859094       -4.81524136638863       -0.24083826967435
H           -6.50637997364958        5.25552377735362        0.21041706017041
H            8.95599469441996        2.07094771677552       -0.70950000454258
H           -8.61753576236906       -0.58276888929848       -0.40707978096024
H            6.59518728657178       -6.09169809955321        0.19191395949063
H           -8.71932549666200        3.21587768761392       -0.09992152184322
H            8.03551774613675       -3.23241003787126       -0.52032487903923
H            6.67152300340169        4.20500891153804        1.88530003951998
H           -6.64969808854726       -5.17688141006641        1.10628456124399
60
 energy: -64.245795017387 gnorm: 0.019612951244 xtb: 6.7.1pre (5071a88)
B           -7.05495587633813       -4.42284342393591        0.30722587130627
B           -5.06267730729779       -2.37043254278920       -0.61539181889440
B           -3.57786310472107       -2.63020847344997       -0.56806004883683
B            0.99647691560934       -3.08726586984337       -0.19424848839218
B            2.51095146047264       -3.05300943881028       -0.26221367501868
B            5.30936115698407       -3.85990349661852       -0.11595401485015
B            6.33978046248403       -4.95583323581807       -0.00148756265587
B           -6.39985871765954       -3.03390749108787        0.01905845934497
B           -6.33706633073052       -1.46199555380840        0.05971792695991
B           -2.07943809707112       -2.66097218570931       -0.28730130552185
B           -0.52442072657273       -2.80508300795133       -0.05724685079240
B            4.05155098786145       -2.85702956142706       -0.11047501246883
B            5.78830374942467       -2.23396615472408       -0.11232107015682
B            6.92064954677558       -3.41563689682100       -0.30232912089241
B           -7.51864419378538       -0.24072432791540       -0.18679943353538
B           -5.94864666761603        0.12129858177898       -0.04195791661691
B           -4.53133172587417       -0.68530260678790       -0.13791601408262
B           -2.84224067033260       -0.88918806713477        0.07418074346666
B           -1.19031296602047       -1.27329691894529        0.16984683162564
B            0.36837520117613       -1.45990951070334        0.45990050189734
B            3.08611662411220       -1.64815989197920        0.44917857244497
B            4.64854866462252       -1.08057754276486        0.35074943998650
B            6.15534146552332       -0.62166678733811        0.11689918897519
B            7.76554151665227       -0.08861661851243        0.31127976352404
B           -6.99624531813184        1.30751139642812        0.02840685481875
B           -3.43906817408294        0.59870687882928       -0.07005192326731
B           -1.67864712573650        0.27304203975025       -0.01813603556481
B            1.73676161609409       -0.67543846046625        0.49416564863163
B            3.41223575870499       -0.16202379723271        0.95009126389144
B            6.61513212325129        0.84071385426926       -0.36401799146924
B            8.13323162930124        1.30667666591127       -0.38002255688903
B           -7.59364289736303        2.90786108002725       -0.00129542209552
B           -6.06349941585408        2.56351992844183        0.29082627836006
B           -3.52416594292703        2.19773468430126       -0.13119134230313
B           -0.87318806073746        1.61034382055857       -0.24666378123431
B            1.82477600322736        0.88757892061565       -0.01715681009662
B            3.17759783922199        1.39481715143428        0.90011805127609
B            6.05759429866941        2.23347575404154       -0.95595608334909
B           -6.35176837586375        4.10039372986515        0.14399934737834
B           -4.73214290372955        3.41248954245173        0.02103307641609
B           -3.28623426175259        3.77920011845481       -0.28596831353642
B           -1.92374285246362        3.07849512382693       -0.41011306974253
B           -0.39554976085785        3.08469036766129       -0.58576122603975
B            0.78611575308939        2.10512659532867       -0.41940062804317
B            2.36097777536484        2.41786007142543       -0.14772921650092
B            3.81393356555635        2.76504414085447        0.28660424453204
B            5.30438686353973        3.20977464934084        0.10592729374471
B            6.08988797536324        4.36421526485016        0.87330851921215
H            6.13686708726619        5.47619756886935        0.47413089419059
H            8.52579648717851       -0.79579163685320        0.84643101231818
H            6.03933705435084        2.48888564426548       -2.11413645260073
H           -8.01768138071226       -4.82711807539027       -0.24584335439758
H           -6.50420296762278        5.25965363370679        0.21732854683612
H            8.95674709664041        2.06503289606177       -0.69093620338255
H           -8.62152827031542       -0.57867992062318       -0.40442123501594
H            6.63471268470393       -6.09030962625148        0.16757951614286
H           -8.71975650823098        3.21816444056379       -0.09855786096516
H            8.04967328541735       -3.21114992899451       -0.56476758329138
H            6.66183309518697        4.19848637094629        1.89332049390461
H           -6.64169614342622       -5.17188886417532        1.13452108131933
60
 energy: -64.247099734175 gnorm: 0.020523865840 xtb: 6.7.1pre (5071a88)
B           -7.05508125195812       -4.42738936583860        0.31337210543733
B           -5.08066332108799       -2.37627578178351       -0.61369347425377
B           -3.57544065769981       -2.58209918149526       -0.58480749958674
B            0.99317294516730       -3.08278554714282       -0.18936897604085
B            2.51310332641828       -3.06203023731063       -0.24691842881514
B            5.31627717237881       -3.87118642462461       -0.09605963445126
B            6.35359697239901       -4.96121319813331        0.03517034484853
B           -6.39858587272218       -3.03379906424390        0.01283777270040
B           -6.34555252809289       -1.46092349673431        0.06067634581296
B           -2.07849379252623       -2.63559206858214       -0.28278580598180
B           -0.52912667348924       -2.79280556017694       -0.06012290678261
B            4.05432599591990       -2.86151339427384       -0.09236391091583
B            5.79899106534428       -2.24202356478000       -0.10721416118802
B            6.91797405499047       -3.41229692895474       -0.34979329362195
B           -7.52225435597610       -0.23818021737445       -0.18082399446289
B           -5.94929010591342        0.12096667816204       -0.04741711594621
B           -4.53105353408350       -0.68505678002214       -0.16266205208574
B           -2.84091294721808       -0.88223317829595        0.06287460361473
B           -1.18620183616556       -1.26127726469000        0.17452598590756
B            0.37507122214976       -1.45801472811797        0.46472035788448
B            3.08898584894891       -1.65159913084653        0.45682099807363
B            4.64635254468535       -1.09565259676707        0.34517296000432
B            6.15109592787303       -0.62113913878587        0.11777963373587
B            7.75500438612120       -0.07966971376395        0.34677228978814
B           -6.99171043289967        1.31024333035774        0.02888405891060
B           -3.44795411127149        0.60303250496133       -0.08355709331847
B           -1.67868285389221        0.28285765234344       -0.00938590219761
B            1.74376581023958       -0.67342019147517        0.48998247459891
B            3.42555158449938       -0.16893888843912        0.95488130265600
B            6.61304746634782        0.82786933538034       -0.38163808581252
B            8.12842739874019        1.31252161785162       -0.34076540142577
B           -7.59393203911374        2.91169599374431        0.00142735221531
B           -6.06128877617129        2.56707409326506        0.28452370758105
B           -3.52758936055098        2.20139695288170       -0.15240197192511
B           -0.87529743699664        1.62005265329178       -0.24100649407054
B            1.81679696792092        0.88869508648600       -0.02184925753420
B            3.17910382402043        1.38581652559454        0.89653222663648
B            6.05706221624709        2.22194728826331       -0.96822379584053
B           -6.35436179722412        4.10383984729551        0.14371256511847
B           -4.73385981786831        3.41876759497830        0.00593333474757
B           -3.28803953491122        3.78401706672687       -0.30606007256981
B           -1.92355986133233        3.08438783991734       -0.39761037013047
B           -0.39557822973834        3.09509503417540       -0.58103965889327
B            0.77994043362005        2.11082991628216       -0.41619688853529
B            2.35955364427561        2.41326476073145       -0.14297267709772
B            3.81488095235944        2.75925758429039        0.28534117775193
B            5.30776438300548        3.19805636961262        0.09483951129387
B            6.09166572752418        4.35061867430019        0.86538694219347
H            6.13755317392992        5.46705606279322        0.47441032404987
H            8.50390628044006       -0.78794865434191        0.89596095004608
H            6.03109044499497        2.46555098640805       -2.12921611413729
H           -8.01919849764842       -4.83992883974547       -0.25719931484465
H           -6.50471061834596        5.26363099233460        0.22394831214762
H            8.95511517634180        2.07778864702592       -0.64490391960498
H           -8.63043477173482       -0.56897369381800       -0.39932422737222
H            6.69477613748942       -6.07904746828085        0.12796988228696
H           -8.72197772081694        3.21572947657894       -0.08930494659923
H            8.05853239162360       -3.24429442331876       -0.61785184869795
H            6.65995693664766        4.17331459236253        1.88923974185003
H           -6.65323067521539       -5.17900543624082        1.14084203285285
60
 energy: -64.248972319402 gnorm: 0.023448538867 xtb: 6.7.1pre (5071a88)
B           -7.05536468894405       -4.43627889030091        0.32493621456250
B           -5.09826010467016       -2.36772104800606       -0.62646850943800
B           -3.58635601174651       -2.51935851109912       -0.58459791968358
B            0.98737285615478       -3.08329066872172       -0.17840152701229
B            2.50990169621616       -3.06677658256414       -0.22466707970572
B            5.33764455249419       -3.86736665571716       -0.07308252528407
B            6.37627406170041       -4.96206615462931        0.00018931141480
B           -6.40698111616945       -3.03445151476981        0.00584931680124
B           -6.36188956759371       -1.46206360872429        0.05307787120856
B           -2.08510738500350       -2.59715713806464       -0.31852296823895
B           -0.53797033611283       -2.77935427175298       -0.07798424960002
B            4.05613987829389       -2.87896194701226       -0.06373504420561
B            5.80488923727845       -2.24549123471875       -0.11397936603471
B            6.92736210034480       -3.41088569177643       -0.37892157297165
B           -7.53026737315281       -0.23343219033081       -0.17092215888662
B           -5.95529935287656        0.11570367535296       -0.06027002294270
B           -4.52858345113648       -0.67902122829027       -0.18107386673408
B           -2.83572728504031       -0.87536792560320        0.04125468577482
B           -1.17520341186307       -1.24393501972561        0.17947005653696
B            0.38380310962264       -1.46118591548270        0.46986130737391
B            3.09751128517822       -1.65750356346296        0.46461251316269
B            4.64997502457738       -1.11209279614792        0.36272850677576
B            6.14749797761584       -0.62531102274574        0.12544508979513
B            7.74672690437893       -0.07713329187433        0.39205775399994
B           -6.98267456862469        1.31533416701682        0.02325930615847
B           -3.44994758861699        0.60909254603699       -0.10775638819561
B           -1.68229200877815        0.29711463251127       -0.00612875702748
B            1.75453158167574       -0.67688290470840        0.48609580854563
B            3.44404580017068       -0.17828824261047        0.97305441580893
B            6.62093655920719        0.80635836641195       -0.39273376849573
B            8.12898015304677        1.30789532056703       -0.29672179972507
B           -7.59279516641875        2.92009222008451        0.00696577747723
B           -6.05838280735967        2.57604432549932        0.27968365722471
B           -3.52533381981034        2.20714903106942       -0.17589478819062
B           -0.88016295600098        1.63383680556192       -0.23150883143712
B            1.81072345744021        0.88394848018187       -0.03126212029089
B            3.17496161339667        1.37181876012341        0.89807174776874
B            6.05176740268267        2.19645901884304       -0.98321777188289
B           -6.35541882271302        4.11324266801820        0.14409185533283
B           -4.73536138071372        3.42921381949241       -0.01341287804294
B           -3.28956160611273        3.79105283942056       -0.32379494563743
B           -1.92240094773985        3.09271280622995       -0.41354605264107
B           -0.39239255614020        3.10641750814548       -0.58044296357700
B            0.77049592693202        2.10934834369598       -0.40755716684748
B            2.35635843273619        2.40362701325242       -0.13145171667099
B            3.81363105404119        2.74739065314497        0.28494459881733
B            5.30918257409992        3.17364285640119        0.08440474126110
B            6.09022782879240        4.32353412708362        0.85878710980146
H            6.12333398497420        5.44645217065144        0.48168212158986
H            8.48089383825154       -0.78838300004670        0.96042017318267
H            6.01975647511079        2.43366877006383       -2.14151094812734
H           -8.01563042658044       -4.86352630067604       -0.26006281962082
H           -6.50407335472699        5.27235414139622        0.23517838182139
H            8.95606636002005        2.08209796022707       -0.58924468962248
H           -8.64235924216157       -0.55088720481789       -0.38622002692328
H            6.78792622865158       -6.06066583143936        0.11185138933328
H           -8.72457461140966        3.21616103366363       -0.08244070905095
H            8.04135494064100       -3.23571421351703       -0.71169232807590
H            6.63335157450210        4.14684597014321        1.89764670975445
H           -6.65487352201251       -5.17899446095539        1.17360785954200
60
 energy: -64.250656270986 gnorm: 0.023001163534 xtb: 6.7.1pre (5071a88)
B           -7.07630825897048       -4.42821313439318        0.30210762322437
B           -5.09844998334905       -2.36593807151953       -0.63828132961142
B           -3.58899249740367       -2.45131259796584       -0.59667598535762
B            0.99066014350677       -3.06303751461847       -0.15472079833639
B            2.51449050279443       -3.08485177012214       -0.18198185549521
B            5.36475779825000       -3.86542705688269       -0.06248867403457
B            6.39698219836726       -4.97937836213225       -0.04539564360507
B           -6.40328804141104       -3.04876369769333        0.00835862280027
B           -6.36857639875304       -1.47460026214039        0.05603504814360
B           -2.07960467313014       -2.56023040889559       -0.32117325753198
B           -0.53584501391504       -2.75877292199671       -0.08300578525979
B            4.06196424640534       -2.90379908644498       -0.03422399992992
B            5.81379483195974       -2.25464007368663       -0.11799306708672
B            6.93640986806368       -3.42996769892537       -0.43425288560842
B           -7.53487487807423       -0.24267526100778       -0.15195789125333
B           -5.95595549782336        0.09736415560965       -0.07488396921723
B           -4.51806921576610       -0.68069640471990       -0.21859781794422
B           -2.82648263639537       -0.86355538407727        0.02510031538943
B           -1.16416736332338       -1.22603414082729        0.20614458048657
B            0.38667610580163       -1.45447549049314        0.48256955386070
B            3.09496959550319       -1.66363206623468        0.47458284152857
B            4.65453960594618       -1.13866807049428        0.37736330459958
B            6.14968386198302       -0.63657711695810        0.11773559254182
B            7.73252686578278       -0.06210979515786        0.45802444426476
B           -6.97373876197058        1.30594635081101        0.03417436646850
B           -3.45086889256340        0.61459524578804       -0.13992363953847
B           -1.69098486907160        0.31463316340474        0.00262065162947
B            1.76105725503897       -0.66777353070135        0.48432236315169
B            3.46902407241410       -0.18839073225384        0.97725837186313
B            6.62900544464873        0.78612414022251       -0.41121513216735
B            8.12663659319750        1.31946443433288       -0.22888063718273
B           -7.59754708691896        2.91287782391534        0.01798694907209
B           -6.05850841344852        2.57765630716966        0.25484882193039
B           -3.52447126817598        2.21474114280535       -0.20296456982248
B           -0.88725871311487        1.65642257247199       -0.21475739810787
B            1.80579299177509        0.88983135838525       -0.04617630027293
B            3.17480470955592        1.36104470074215        0.88585836405325
B            6.05051753378249        2.17406275588803       -1.00931289875691
B           -6.36694216149091        4.11493838945074        0.13571750211909
B           -4.74217317783277        3.43997032985030       -0.02941692206617
B           -3.29911681749684        3.80135064143796       -0.34573104670737
B           -1.92857398219760        3.10646253740182       -0.44073978436838
B           -0.39112192962068        3.12546135074217       -0.56092436795539
B            0.76396685833834        2.12120518835454       -0.39514261870259
B            2.35510431994719        2.40847335807182       -0.12098315458827
B            3.82067951386353        2.73698255467418        0.27037474032890
B            5.31327654193852        3.15168991057790        0.05789849483241
B            6.08583075629644        4.30107444498591        0.84646464048490
H            6.12876658371021        5.42237786623049        0.47018289427297
H            8.44070341255049       -0.78125031652258        1.05683682164189
H            6.02535070995545        2.39874628537592       -2.16817935945354
H           -8.03254715507454       -4.80796528057445       -0.26885166519658
H           -6.52151697727552        5.27185403506921        0.23827198146193
H            8.94951498031073        2.11372407505712       -0.48158916114363
H           -8.64786463048397       -0.54678268563451       -0.35620561641334
H            6.86627204288717       -6.03796616877030        0.09441901451771
H           -8.73556497715172        3.19371106405077       -0.04440760689241
H            8.03675669158279       -3.27137171456015       -0.77110416680044
H            6.63957891639015        4.11351895393667        1.87216350714378
H           -6.71230228034549       -5.18838732041092        1.14471759460318
60
 energy: -64.251773720450 gnorm: 0.026438195309 xtb: 6.7.1pre (5071a88)
B           -7.06900499711442       -4.43894812129905        0.30464248610232
B           -5.11762173271302       -2.35791042003256       -0.64362782742334
B           -3.60175581420958       -2.37078842432483       -0.61216439551959
B            0.98398357218815       -3.06105996237860       -0.14511133544762
B            2.50755873481510       -3.07910635180164       -0.17920049738438
B            5.36722409388966       -3.86559783314566       -0.05915954072648
B            6.40046578396983       -4.96635012003471       -0.03995048899195
B           -6.41083070210578       -3.05602231004442       -0.00416753845091
B           -6.39990756987195       -1.47892147647403        0.05829585149295
B           -2.08435102854504       -2.50827480171079       -0.35865095631600
B           -0.54145804700814       -2.73941498280819       -0.10748222586660
B            4.05737782044652       -2.91994667343048       -0.02903047896201
B            5.82186372816125       -2.25749145639881       -0.14391854484816
B            6.92130184017454       -3.41016568957824       -0.43830652156662
B           -7.54714722270467       -0.23571854966570       -0.14690358709549
B           -5.96176218918731        0.08276729925535       -0.08433586335464
B           -4.51487061328081       -0.67809827170980       -0.22115400304801
B           -2.82129461916937       -0.86439771808117        0.01964371334068
B           -1.14754620830314       -1.20327438608334        0.23140932454800
B            0.39405162744557       -1.45533998499249        0.51269549053720
B            3.10778737412133       -1.66379936025801        0.47600110505131
B            4.67400136761604       -1.14779038702166        0.41670191073726
B            6.16234451800242       -0.64578682740010        0.12962970021570
B            7.73714441472621       -0.06933519109558        0.48733519510941
B           -6.96195972504566        1.30726154297250        0.03064695197598
B           -3.44461446320123        0.61773452596722       -0.16069459071561
B           -1.70473309024714        0.32875077407331        0.00757761221903
B            1.77304385924621       -0.66883671742144        0.49975326183623
B            3.49749037207962       -0.19943412603373        1.00819456476748
B            6.65319479965886        0.77300861272501       -0.40092940872006
B            8.14224442913523        1.30752799903812       -0.19953269062268
B           -7.59509547130887        2.91560456768232        0.02524303798486
B           -6.05491658913816        2.58403936162777        0.24783878693294
B           -3.52309051463842        2.21866855726533       -0.23359472459900
B           -0.89459483444267        1.66750874008168       -0.22076118852697
B            1.79692373023396        0.88242109287194       -0.04916906041621
B            3.16546587472370        1.34428240245580        0.88683273998040
B            6.05666050372303        2.14826208189972       -1.01044329103140
B           -6.36780889531004        4.12064718273917        0.13566507146322
B           -4.74230532269268        3.44670992183059       -0.05044050649985
B           -3.30156201357301        3.80589887137726       -0.37039304083902
B           -1.92801830712892        3.11647844793357       -0.44994566936949
B           -0.38846552882969        3.13207897293013       -0.56957285993917
B            0.75826411680002        2.11767866443173       -0.39474067028932
B            2.35061930031280        2.39912264322993       -0.11444735400983
B            3.81764789973962        2.71894703154790        0.26575332754578
B            5.31169495589350        3.12301681968260        0.04780758840673
B            6.06557996531764        4.27926873894674        0.85032756286289
H            6.11389105440503        5.39844515372821        0.47535449140050
H            8.43099133636182       -0.79346966632743        1.09778662006473
H            6.01339647969782        2.35533129899820       -2.17741665939143
H           -8.01496960872299       -4.84882390408024       -0.27070315984484
H           -6.52174088661229        5.27723585597844        0.24404891386418
H            8.95579380268151        2.11723522926052       -0.41997827043122
H           -8.66620637962635       -0.52546195223076       -0.33381123004301
H            6.92705374399615       -5.99478043100782        0.06833339084121
H           -8.73567051664915        3.18699053944609       -0.02868756321408
H            8.01112289428051       -3.26357116754874       -0.90331999051917
H            6.61185540885925        4.09054614553319        1.87822260980074
H           -6.69635751132341       -5.17649081109155        1.16600442494938
60
 energy: -64.252993603877 gnorm: 0.024048382844 xtb: 6.7.1pre (5071a88)
B           -7.07499670481507       -4.43935482299758        0.30915650507777
B           -5.12128057637501       -2.36253742451171       -0.62965579194488
B           -3.59958383303733       -2.32498473254005       -0.60898837536310
B            0.98395989249269       -3.04472559784451       -0.13398487516457
B            2.50810261070935       -3.08489091525889       -0.17984378450434
B            5.35498987619344       -3.88232184157191       -0.04369746423135
B            6.40469961011571       -4.96587656021986       -0.08192853684031
B           -6.41048763008944       -3.05765938848915       -0.01677591883861
B           -6.41517361439177       -1.47946347232457        0.05898600264808
B           -2.07706111859295       -2.48159629408623       -0.38737757229339
B           -0.53999689733483       -2.71924881178873       -0.11633609231576
B            4.05508908156926       -2.92861675264163       -0.01408251247589
B            5.82548452107165       -2.26489483450853       -0.12892053114081
B            6.90709802997195       -3.39726372780212       -0.50875449423248
B           -7.55119411250000       -0.23498067055349       -0.14420008804982
B           -5.96081052170669        0.07527505783709       -0.09327528515357
B           -4.51110731097123       -0.67603872025594       -0.22998842711893
B           -2.81970456942791       -0.85191128484297        0.03168861713012
B           -1.14621708376920       -1.18773032294303        0.26553057327179
B            0.39251979561483       -1.44613278042220        0.54959897467484
B            3.10726264360747       -1.66222358563007        0.47577869680713
B            4.68174143002776       -1.15531058507553        0.42832105197944
B            6.17104124613142       -0.65380372032603        0.13671634337525
B            7.73687072723480       -0.07292433788885        0.50582400354029
B           -6.95851834511179        1.30347080943678        0.01859664420854
B           -3.44710909821877        0.62956670232685       -0.16994696521490
B           -1.70818167413646        0.34047382243658        0.01854186926653
B            1.77431356912648       -0.66300729510424        0.51564313774418
B            3.51352921031423       -0.20733376388485        1.01866569408593
B            6.66518416374508        0.76318287710426       -0.40022486821887
B            8.14592517209476        1.30906820541130       -0.16228935722941
B           -7.59790026532900        2.90846465898546        0.04156442760857
B           -6.05327682177206        2.58249943566900        0.22977932384914
B           -3.53037537928417        2.22830559367837       -0.25702739574244
B           -0.89537914711304        1.67590111068049       -0.22236957253110
B            1.78446509990596        0.88311341301422       -0.04138357530506
B            3.16630603325337        1.33212897534265        0.87895191747496
B            6.06518415991740        2.13037323708141       -1.01669384249148
B           -6.37524240122608        4.11734098849416        0.13255113625024
B           -4.74578773366270        3.45388731009658       -0.07710843860307
B           -3.30512359669709        3.81342976148103       -0.39414483117399
B           -1.93113844300667        3.12358834393093       -0.44901153403671
B           -0.39244878187946        3.13986468709339       -0.57424698569533
B            0.75720434584448        2.12613089348065       -0.39357689189632
B            2.34992344820203        2.39830423761440       -0.11220263283512
B            3.82083332273331        2.70756693494330        0.26200381536720
B            5.31784793221008        3.10892475852931        0.03362607949284
B            6.07275344529227        4.26105301896772        0.83297251635489
H            6.10986700743866        5.38942616129713        0.47554382862220
H            8.41997342337885       -0.79791778116487        1.12195560636699
H            6.03445663796138        2.32694441587461       -2.18561653656607
H           -8.01928240914686       -4.86333368608357       -0.29675608788721
H           -6.53215757378145        5.27379394934454        0.24044996074834
H            8.95225450978683        2.13236922235464       -0.35444499427349
H           -8.67871549125482       -0.52138090180087       -0.31153655426151
H            6.98081334535899       -5.98763557488691        0.05352657263479
H           -8.73881110881485        3.17558544146970       -0.00403272438400
H            7.99780776806178       -3.26876357681241       -0.91670644189623
H            6.61292680619024        4.06946049339004        1.86834602341333
H           -6.70498762211078       -5.17656975310628        1.15281065792427
60
 energy: -64.254237599420 gnorm: 0.015746976810 xtb: 6.7.1pre (5071a88)
B           -7.06393093667360       -4.45267077777570        0.29182596243347
B           -5.10978341667285       -2.36784319764088       -0.62489702052687
B           -3.59531463613595       -2.32072915746285       -0.60800812186396
B            0.98613571784839       -3.03167125304116       -0.13614891041825
B            2.50983022303944       -3.09136875024161       -0.16752252128002
B            5.36030022901904       -3.88644544166329       -0.06544540285663
B            6.42529865452060       -4.95702597921462       -0.04899095898869
B           -6.40492984318399       -3.06413839071036       -0.01850850880122
B           -6.42368377859482       -1.48576117132405        0.04698167379576
B           -2.07355320875739       -2.47553679136788       -0.37101058704552
B           -0.53711016229079       -2.70407198589318       -0.11353211284330
B            4.05475170414460       -2.93754855493333       -0.00757501691534
B            5.81852697222416       -2.26392436731050       -0.14126107414255
B            6.91115651148090       -3.39615889878942       -0.51446456896880
B           -7.55492464202187       -0.23737560383059       -0.13736696830900
B           -5.96325474125338        0.06953678665187       -0.08922632930613
B           -4.50870246950665       -0.66901685894654       -0.24855138819992
B           -2.82100548787844       -0.84168705464245        0.03239350390457
B           -1.15074781879983       -1.17990806215610        0.27764907093368
B            0.38835635403742       -1.43663953709626        0.56461927311814
B            3.11166608705848       -1.65714419123788        0.45874258770664
B            4.68470354639740       -1.15205512351923        0.42190908049966
B            6.17634428927527       -0.65831572671317        0.13603250416935
B            7.73988110911900       -0.07759776959661        0.51116039455906
B           -6.95886408416814        1.29928337293935        0.02397192947285
B           -3.44725063017650        0.63964318898529       -0.16908666354375
B           -1.70809835058645        0.34900639369174        0.02828568725353
B            1.77482914418067       -0.66406712544684        0.52056918102857
B            3.51854551489861       -0.20997173681984        1.01998424766479
B            6.67196895935040        0.75987306072649       -0.39731362842757
B            8.14254328949335        1.31683317786921       -0.13857323789239
B           -7.60026031592040        2.90295836871041        0.04025637271470
B           -6.05229449756544        2.58039266805523        0.21981228176716
B           -3.53208270997530        2.23563572638252       -0.25289589257119
B           -0.89690241552100        1.68213411021808       -0.21427371200232
B            1.77441133060995        0.88221944784011       -0.03240397279711
B            3.16263665061754        1.32543606950556        0.87939194127567
B            6.06481053757913        2.12089963542831       -1.01762469309003
B           -6.37911181065778        4.11483229529752        0.12880840317076
B           -4.74651278762645        3.45832455817538       -0.07655670204482
B           -3.30529119293273        3.82037207725194       -0.39642844264065
B           -1.93389698341015        3.12603034557450       -0.47822565060714
B           -0.39330971172718        3.14322906093269       -0.57721608366448
B            0.75537926717324        2.12980954836554       -0.39148931239598
B            2.34817249563836        2.39359828120608       -0.11351751860584
B            3.81954233926886        2.69833041863634        0.25999056049216
B            5.31569431618171        3.10159071871924        0.03116663124124
B            6.06928780197451        4.25628436416196        0.82944083713870
H            6.11028958133486        5.38198321574476        0.46619140748643
H            8.42920810711870       -0.80348601051482        1.11844873676587
H            6.05414819302015        2.32480929078434       -2.18569409820919
H           -8.03050473173725       -4.85124047070958       -0.28095550164753
H           -6.53936517166428        5.27081208997390        0.23702405694443
H            8.95287319291572        2.13205675125419       -0.34403944633284
H           -8.68368456681380       -0.51930723187234       -0.30216682159508
H            6.95523213014750       -6.00295557474246        0.02629239896829
H           -8.74253116666633        3.16702530790122        0.00805063987495
H            7.99603563872825       -3.25525663212508       -0.94105320724211
H            6.62055462835939        4.06308583601207        1.85852975113219
H           -6.71783324783781       -5.17604573965823        1.16449496027115
60
 energy: -64.255479025587 gnorm: 0.017315591561 xtb: 6.7.1pre (5071a88)
B           -7.09048387283891       -4.44190804375523        0.31505210354685
B           -5.09520937591606       -2.37844698453629       -0.60984801874722
B           -3.58969437895975       -2.31085786433380       -0.60462149531829
B            0.99112452347112       -3.01119252061095       -0.12745592710528
B            2.51279722789848       -3.09785564617418       -0.15589381250793
B            5.36582953667971       -3.89557801312404       -0.09484085999183
B            6.43883917048397       -4.95895136957431       -0.06792119280985
B           -6.40780803779718       -3.06835987551693       -0.01337222632071
B           -6.44453931229502       -1.49295349886312        0.02895843368384
B           -2.06669115531818       -2.46317885855101       -0.34521290248178
B           -0.53032654701606       -2.67595786178844       -0.10778066628541
B            4.05380193200298       -2.95236436143168        0.00162530932706
B            5.80600865858623       -2.26463101540714       -0.15304079853588
B            6.91549899903549       -3.39812701948339       -0.51740042565777
B           -7.56269176259831       -0.23881341700326       -0.13435507376137
B           -5.96753967354267        0.05919765696485       -0.09361755601071
B           -4.50309889871630       -0.65912762917211       -0.26223219491525
B           -2.82191536531643       -0.82352908943930        0.03912563325639
B           -1.15852941732281       -1.16712926803970        0.30563726497586
B            0.38124928556036       -1.41924412993495        0.59722405488394
B            3.11848501412275       -1.64440405795231        0.42109909024278
B            4.69072135687561       -1.14518067784134        0.41497072875676
B            6.18716079286538       -0.66781424527953        0.13945700107130
B            7.74557494058386       -0.08649170932890        0.52468438843113
B           -6.95811246248976        1.29347055123632        0.02441273313344
B           -3.44680745839861        0.65633869325760       -0.16527452770565
B           -1.70639985762038        0.36334918728427        0.04904427144687
B            1.77476328628564       -0.66259602427785        0.53026349184672
B            3.52801470199521       -0.21405304317539        1.02369468365470
B            6.68696013750009        0.75176408302874       -0.39146387981266
B            8.15299054683444        1.30618554855879       -0.13234782078986
B           -7.60423815563090        2.89334587834771        0.04243805810484
B           -6.04929534620547        2.57689845677320        0.19614804489876
B           -3.53774946452091        2.24750109942944       -0.26377391740488
B           -0.89749244718521        1.69011630579990       -0.20951398812074
B            1.75781539778312        0.88185341356380       -0.02321930992591
B            3.15384587039006        1.31422878428033        0.87899409430137
B            6.07253798824500        2.10556559559055       -1.01657201580479
B           -6.38563129155613        4.11075617854743        0.12113033352194
B           -4.74939372321566        3.46648287507239       -0.09074841690403
B           -3.30752906658781        3.83215225384011       -0.41310193125678
B           -1.93590682775366        3.13683810711317       -0.48372936953164
B           -0.39629088310137        3.14778355053547       -0.59023549112217
B            0.75360278991560        2.13808424987006       -0.39453710348553
B            2.34604711304516        2.38697862742431       -0.11842431522824
B            3.81780183948391        2.68276319008940        0.25687523388329
B            5.31411337957144        3.08580649103385        0.02805505267775
B            6.07414503368357        4.24397557117140        0.81682379342747
H            6.10263819952957        5.36894852880736        0.45357893363453
H            8.44596177739805       -0.81284614914615        1.11749911979032
H            6.07847162399603        2.31256653586838       -2.18405038955524
H           -8.00969103863392       -4.86007740919444       -0.29236880628151
H           -6.55273142934920        5.26572619343262        0.22997183795576
H            8.94580981216147        2.14744353332207       -0.29268035756672
H           -8.69500592280447       -0.51399090617574       -0.28385543862430
H            6.93455766505966       -6.00574665954415        0.02329784328000
H           -8.74848184212814        3.15335587885346        0.03396737855099
H            7.98587215033150       -3.23052370060536       -0.98497047939350
H            6.62617764072662        4.05387309292232        1.84562278790005
H           -6.71155437728375       -5.19235806275947        1.15880900878617
60
 energy: -64.256669843849 gnorm: 0.023704694928 xtb: 6.7.1pre (5071a88)
B           -7.07467844535536       -4.46276106573447        0.28909644446424
B           -5.08444034530826       -2.38099624358933       -0.59587617675403
B           -3.58173982470607       -2.29063336464094       -0.60722405031309
B            0.99765170140113       -2.99676192700728       -0.10352226195229
B            2.51549245678807       -3.09802934824129       -0.16045138155809
B            5.36710686233001       -3.90242166439459       -0.11404896087804
B            6.44113671005224       -4.96457253386834       -0.11621765189270
B           -6.40704592399915       -3.07781940312659       -0.02315030135622
B           -6.46906551367403       -1.50470278432733        0.02532092651946
B           -2.05672098971895       -2.44486537720051       -0.33104082814050
B           -0.52021967306317       -2.64743965762689       -0.10181865482968
B            4.05318729092946       -2.96378436915295        0.00011427542738
B            5.79596288304998       -2.26830007589730       -0.15920025972577
B            6.91245310708037       -3.40315651631005       -0.53546248432435
B           -7.57100554605630       -0.24481869334028       -0.13096917385826
B           -5.97220084900260        0.04280685829184       -0.10019095265574
B           -4.49409722906697       -0.65113551797742       -0.24506190470177
B           -2.81860690758537       -0.80501746981444        0.05460332760448
B           -1.16191785248859       -1.15496624206874        0.34394898701905
B            0.37842667686697       -1.40335187937496        0.63775973079947
B            3.12422154888756       -1.62755198252557        0.37201615275875
B            4.69936448896615       -1.13788348446282        0.41198572236588
B            6.20131734161728       -0.67903528869110        0.14249645442889
B            7.75669605518463       -0.10191671141421        0.53107487648944
B           -6.95653967845677        1.28513182675276        0.01587119721952
B           -3.44344405748055        0.67116716847435       -0.15660239601279
B           -1.70093357846139        0.37727417585655        0.07494815963198
B            1.77541974388408       -0.65536536682265        0.53839174775216
B            3.53947763507824       -0.21772052706807        1.02641300189816
B            6.70734938026721        0.74212013937047       -0.38789692368660
B            8.15633695101596        1.31375235249872       -0.08819137694326
B           -7.60988353866857        2.87992748267678        0.05288888893546
B           -6.04785233765050        2.57117398061366        0.17002813798240
B           -3.54498651491833        2.25857808389378       -0.27410862729272
B           -0.89740050568824        1.70090306432798       -0.20377069370047
B            1.74274700892118        0.88471922110817       -0.02534071345960
B            3.14212685819571        1.30457504490577        0.87509869675388
B            6.08618642104011        2.09244437944035       -1.01322101640414
B           -6.39503222391143        4.10436751588488        0.11171408281642
B           -4.75608192751725        3.47382567054805       -0.11285925845795
B           -3.31379892138652        3.84335667323029       -0.43324622769651
B           -1.94011016750181        3.15037134302622       -0.47979514205679
B           -0.40200138501811        3.15468788205281       -0.60701664007170
B            0.75168652540470        2.15106425806277       -0.40116784574410
B            2.34401231758161        2.38456796338502       -0.12538562400450
B            3.81574188101981        2.66987358304000        0.25330695381961
B            5.31302642413371        3.06814581816099        0.02570408132404
B            6.07555459228059        4.23173405418724        0.80434377564408
H            6.09943231944736        5.35435052704376        0.43519090627534
H            8.46152609412174       -0.82226356086686        1.12469784859932
H            6.09036279177259        2.29331499958155       -2.18102563848632
H           -8.01543511158624       -4.86001503504023       -0.28978406655877
H           -6.57058032708460        5.25830272972051        0.21933933097654
H            8.95616361201868        2.14410635454476       -0.26040499607173
H           -8.70851109774109       -0.51082741692607       -0.26010677882916
H            6.92820998282381       -6.00169484581435        0.03297789831417
H           -8.75499493962866        3.13810927108398        0.06512588163390
H            7.97292219694893       -3.20924528855499       -1.02299591870516
H            6.63541174150394        4.04586924288003        1.82937117517985
H           -6.73900718788992       -5.18250702276457        1.18332626449631
60
 energy: -64.258356607461 gnorm: 0.020652275560 xtb: 6.7.1pre (5071a88)
B           -7.07741426904417       -4.47138382888361        0.28870505261356
B           -5.08057825893564       -2.38444176723868       -0.56937402999202
B           -3.57502902967339       -2.26339506665367       -0.60639374684238
B            1.00336715017425       -2.98572685317457       -0.07697925166010
B            2.51644529594565       -3.09567603132223       -0.17720434198992
B            5.36459088229541       -3.90450344287239       -0.13212501029451
B            6.45062833785789       -4.95758107973420       -0.13480061838944
B           -6.41230800307855       -3.08514347770801       -0.02439566054918
B           -6.49865924030889       -1.51636915808277        0.03666122464876
B           -2.04720619428482       -2.42103963333675       -0.32264510643912
B           -0.50877212647350       -2.61653954226906       -0.09656167652766
B            4.05153453286077       -2.97277951329600       -0.01471498626191
B            5.78762891449800       -2.27512875114137       -0.16095449431210
B            6.90181334771190       -3.40743503628306       -0.58192577491332
B           -7.57880687193632       -0.25137277736660       -0.12972683675719
B           -5.97533637013160        0.02200824991194       -0.11457581834711
B           -4.48068306235443       -0.64074301006144       -0.22718454145884
B           -2.81395596338879       -0.78526667997784        0.07697731959336
B           -1.16199691456276       -1.14216916813787        0.39645628336572
B            0.38000847714241       -1.38861591198012        0.68627480619214
B            3.12720939697581       -1.60644408658309        0.30584192125292
B            4.70970032455997       -1.13138341858028        0.41740504532485
B            6.21846166235519       -0.69300730729554        0.15164620780858
B            7.76709182384704       -0.11727704073859        0.54728539575859
B           -6.95184949758680        1.27677494860066       -0.00227930563735
B           -3.43643948209909        0.68657532836379       -0.14273402757863
B           -1.69214175656079        0.39123037777983        0.10437659797524
B            1.77705508670290       -0.64144951554773        0.54101692872095
B            3.55235171366067       -0.22399541412426        1.03017739753518
B            6.73093684136899        0.72868346727585       -0.38182071745740
B            8.17169530298067        1.30296577564063       -0.06319314595931
B           -7.61657567675204        2.86431742180169        0.06750836078994
B           -6.04820163535775        2.56619634145274        0.14005110479251
B           -3.55242345708399        2.27139297477898       -0.26785536703093
B           -0.89798365375375        1.71760510868532       -0.19335503006421
B            1.72561648045255        0.89193939241242       -0.03889431124945
B            3.12481923985136        1.29325820720007        0.86755047061254
B            6.10224022554342        2.07694074931344       -1.00575916511076
B           -6.40766984598799        4.09804314426664        0.09865289996851
B           -4.76547751429483        3.48387379551262       -0.13540667484918
B           -3.32284691313159        3.85572142270237       -0.45166565788545
B           -1.95026218271242        3.16167271566448       -0.51067991046853
B           -0.41075469087015        3.16658693449574       -0.62418046926494
B            0.74846394466049        2.17130595828729       -0.40933885178913
B            2.34169565163610        2.38615931617674       -0.13242875004339
B            3.81356946308144        2.65687625808821        0.25084861213391
B            5.31223934386047        3.04742575224333        0.02472035090185
B            6.07397385663510        4.21790624673401        0.79339913634655
H            6.10172740908242        5.33649049969600        0.41196404519807
H            8.48116585461875       -0.83194765831618        1.13692302216095
H            6.09932824389373        2.26773195630531       -2.17469660652726
H           -8.00115923441772       -4.88493074760535       -0.31475439247186
H           -6.59514694222605        5.25044229733596        0.20351390993732
H            8.96576415825695        2.14730943876555       -0.20063190784147
H           -8.72302273276673       -0.50490757284563       -0.23397867420374
H            6.92072892746950       -6.00923646851020        0.02262182242510
H           -8.76223351428913        3.11861294617322        0.10062979593130
H            7.95979440874353       -3.18662439045554       -1.05720214170607
H            6.64811855479718        4.03829076877167        1.81169415999449
H           -6.75645081945792       -5.17876244431507        1.19751512989825
60
 energy: -64.259955823880 gnorm: 0.016508263988 xtb: 6.7.1pre (5071a88)
B           -7.08113286110156       -4.48177965931417        0.29648359963344
B           -5.07925560414780       -2.38921255499946       -0.52663569158291
B           -3.57062095454206       -2.22944197579493       -0.59003612570303
B            1.00602421265220       -2.97469919343614       -0.07426600894123
B            2.51584836983512       -3.08908690193726       -0.20071115636414
B            5.35827990066364       -3.90366917783360       -0.13951374336533
B            6.45470804066180       -4.94999533551123       -0.15392567549539
B           -6.41448251550322       -3.09541307645561       -0.01691170227149
B           -6.53080485000487       -1.53150847609012        0.06044248606807
B           -2.04216949875342       -2.39267454651349       -0.30986669562433
B           -0.49878660464145       -2.58506952832711       -0.09183031310573
B            4.04971936063925       -2.97654341577959       -0.03749768270779
B            5.78472930910270       -2.28905068987231       -0.14775825817645
B            6.89655781023598       -3.41019998982028       -0.61792702698690
B           -7.58530865092215       -0.25956451794148       -0.12075089944897
B           -5.97681851557396       -0.00469585265245       -0.12123619150382
B           -4.46335142396295       -0.62398165099349       -0.22712679885961
B           -2.80948763837197       -0.76537715529621        0.10874778589050
B           -1.15475189045827       -1.12516299596947        0.45736167178767
B            0.39175625517636       -1.37378945081984        0.72441455578037
B            3.12715344317854       -1.58275652779953        0.23225910975817
B            4.71929871034654       -1.12629052306163        0.43162441967224
B            6.23694535850403       -0.71017895570456        0.16458640353142
B            7.77446514840378       -0.13323604553444        0.57248904425715
B           -6.94411646193385        1.26655268688337       -0.01328864660356
B           -3.42773847334160        0.70436331598654       -0.11128435853633
B           -1.68237839900098        0.40633045297711        0.13603128765846
B            1.78446019257342       -0.61844541658345        0.52676740301146
B            3.56642721844831       -0.23161669780332        1.03194696408672
B            6.75415046874121        0.70938931894829       -0.37647799642791
B            8.18012644027777        1.29801285151397       -0.01640367719440
B           -7.62280108749595        2.84632548656061        0.07691483739091
B           -6.05148693237862        2.56309778368527        0.10621478434707
B           -3.56070903598823        2.28558910402286       -0.26393635682536
B           -0.89821396155271        1.73498639577069       -0.19650478403006
B            1.70545802268833        0.90660765445073       -0.06527978173671
B            3.10166554720073        1.28048408806403        0.85378539267608
B            6.10601486468086        2.05194568846592       -0.99768066664125
B           -6.42394154699913        4.09229286797161        0.08327137147061
B           -4.77910253201072        3.49659043265526       -0.16507500138352
B           -3.33609131322024        3.86856660792597       -0.47377113052523
B           -1.96228597240883        3.17661808372591       -0.52027880619668
B           -0.42348835704357        3.18283954825518       -0.64240477895457
B            0.74405580889301        2.19925994145757       -0.42670594208655
B            2.33923990964012        2.39384285633395       -0.13909768009221
B            3.81127536272870        2.64615442780665        0.25074064693043
B            5.31313803358876        3.02386763599881        0.02467994058545
B            6.08642944785664        4.19898527978048        0.77576436129452
H            6.10030618429348        5.31746994176942        0.39064508196121
H            8.50301352733471       -0.84254221284487        1.15324991537223
H            6.11134098422243        2.24179583236509       -2.16745299818663
H           -7.96884184116332       -4.93184498602312       -0.36172746516704
H           -6.62600613349857        5.24248803474892        0.18501994150659
H            8.98596942846584        2.13067410261627       -0.15346326668772
H           -8.73475032833015       -0.49433009034491       -0.21457848286520
H            6.92744882612720       -6.01400690355658        0.00050056811208
H           -8.76963890257583        3.09003123958951        0.13425367294658
H            7.93788415307156       -3.15721970960012       -1.10928020490081
H            6.65191190542044        4.03459409483335        1.80077021317467
H           -6.77886095872866       -5.17731054094960        1.21172053628199
60
 energy: -64.260776129768 gnorm: 0.019703621006 xtb: 6.7.1pre (5071a88)
B           -7.06495803077295       -4.50393334624767        0.28299305798988
B           -5.07786155826835       -2.38836041003446       -0.49098238205815
B           -3.57049233227472       -2.20245833954977       -0.55856259178929
B            1.00382291095262       -2.96777178690963       -0.09005152070737
B            2.51364079682234       -3.07505180699171       -0.22107667136418
B            5.35020849463291       -3.90254002981298       -0.14335888334156
B            6.45082539687170       -4.94663244490757       -0.17656166692057
B           -6.41009645915788       -3.10715714706377       -0.01656795811115
B           -6.55456315768321       -1.54559827266108        0.07569401924081
B           -2.04444110297525       -2.37342974461617       -0.28588175266964
B           -0.49619058409461       -2.56690937076431       -0.08191040743249
B            4.04791782641931       -2.97129824663515       -0.05496183584197
B            5.78667617672728       -2.30204203033851       -0.12755322487077
B            6.89605739434056       -3.40780100067610       -0.63422205432789
B           -7.59075674713855       -0.26513905633067       -0.10921065404595
B           -5.97901913455624       -0.02637914842575       -0.11501910270665
B           -4.45134946052633       -0.61013124127808       -0.22357469264788
B           -2.80509801876442       -0.75246753020671        0.13299718606932
B           -1.14098852285171       -1.10641175332675        0.48963873570004
B            0.40908498513838       -1.36029541926885        0.72667957213276
B            3.12560270091072       -1.56825400711173        0.19617141517023
B            4.72212813426081       -1.12556227579182        0.44897890119906
B            6.24686731137092       -0.72161194890292        0.17854742660960
B            7.77303886039127       -0.14240431373337        0.60476059657187
B           -6.93833740936802        1.25764525485056       -0.01197122952935
B           -3.42096462488182        0.71664906687175       -0.09395728729652
B           -1.67654514413071        0.41947408796322        0.15016290756357
B            1.79586659990171       -0.59641890394375        0.50370105243834
B            3.57485950754591       -0.23472452348020        1.03076377729667
B            6.76835084796652        0.69320283833240       -0.37062102359733
B            8.20467111185497        1.25725129328194       -0.03299672735590
B           -7.62768531487780        2.83325129725094        0.07814344093291
B           -6.05754269711767        2.56217247756062        0.08232379621593
B           -3.56358239372753        2.29587752270678       -0.25086387278630
B           -0.89895322260718        1.74952632550773       -0.20221752983146
B            1.69002586924199        0.92140325649569       -0.09002756605886
B            3.08281236143191        1.27153421500108        0.84024483514164
B            6.11089154674255        2.03410824250876       -0.98793750929237
B           -6.43781537385780        4.08854756892061        0.06766448260802
B           -4.79038279800527        3.50599917509468       -0.18177244026962
B           -3.34658859494702        3.87658036755720       -0.48374141669279
B           -1.97272578898679        3.18464568428745       -0.53602432423397
B           -0.43356584146986        3.19739661187504       -0.65477115096914
B            0.73986704634043        2.22198065223474       -0.44293386518762
B            2.33809475727141        2.40256180017446       -0.14390257097566
B            3.81056038182162        2.63807586384421        0.24948702090589
B            5.31560748752723        3.00703610846968        0.02896169543481
B            6.07810467111243        4.18969100683966        0.77875405520071
H            6.11483106826014        5.30032957163669        0.36976993060862
H            8.51336837222354       -0.85377427627739        1.17058957727462
H            6.11258789963145        2.21733062552614       -2.15927919643185
H           -7.94305280069838       -4.96475696965046       -0.39290451848709
H           -6.65037170865120        5.23691998481205        0.16718129336852
H            8.99013468279044        2.13041145230218       -0.08475653996689
H           -8.74127760684217       -0.48521454663461       -0.21160902693928
H            6.94964067452844       -6.00431439924746       -0.02150352443318
H           -8.77567444281132        3.06512039436318        0.15377502953496
H            7.91938630605444       -3.13590697155469       -1.14992349552336
H            6.66572970008178        4.03109008348017        1.79317568166471
H           -6.81200200912431       -5.17200056737639        1.23205072782776
60
 energy: -64.261876827746 gnorm: 0.018025037393 xtb: 6.7.1pre (5071a88)
B           -7.06754811153915       -4.51084587356645        0.29209024986178
B           -5.07682903924128       -2.38638962322777       -0.45779165890915
B           -3.57363270767537       -2.18463580530893       -0.51531529395451
B            0.99997164389203       -2.96183411619261       -0.10644004426123
B            2.51170505343240       -3.05721795259913       -0.23569435757458
B            5.34344936543471       -3.90376425374066       -0.15743017128037
B            6.44911458198377       -4.94356059071505       -0.19088067428897
B           -6.40892759881331       -3.11563052492638       -0.01182314691548
B           -6.57366139386056       -1.55623195809193        0.08006990143790
B           -2.04972479950412       -2.36189953894547       -0.25072100114189
B           -0.49765982354400       -2.55567461274583       -0.06655030170657
B            4.04728632879735       -2.96162421919365       -0.06848742233621
B            5.78950758807118       -2.31157232710092       -0.11826018006636
B            6.89596781737656       -3.40227559854623       -0.65099311343068
B           -7.59706539613523       -0.26694511648616       -0.09819964573210
B           -5.98293507616086       -0.04217000315949       -0.10322619848362
B           -4.44512122366645       -0.60084666902620       -0.20908415269063
B           -2.80085454595881       -0.74434992422346        0.15032898794815
B           -1.12505267940201       -1.08568662805906        0.49808802028638
B            0.42650274865924       -1.34434960640626        0.70848050458533
B            3.12766565707126       -1.55852574880092        0.18341567367095
B            4.72353740027199       -1.12687249180585        0.45820996472262
B            6.25411126866651       -0.72986075210815        0.18356392573317
B            7.77459434134477       -0.15608113705419        0.62258753002054
B           -6.93491144102695        1.25014890917186       -0.00361742370447
B           -3.41797973908809        0.72503423104585       -0.08653991517500
B           -1.67466151553624        0.43201277530618        0.15238056941469
B            1.80912749318978       -0.57645715647086        0.48229768611133
B            3.58200122345997       -0.23156930788796        1.02315747446894
B            6.78064551648189        0.68030180890376       -0.36978421722833
B            8.20232976878270        1.26249365447436        0.02063139426375
B           -7.63293352529650        2.82399136165046        0.07989907426170
B           -6.06440670066314        2.56171019022879        0.06660050984277
B           -3.56412469067006        2.30320661200332       -0.24016028071345
B           -0.90007447055259        1.76122819725158       -0.20622032493983
B            1.67981518394508        0.93474389405210       -0.11007854141288
B            3.06977869794960        1.26726496663233        0.82827748693237
B            6.11131754609708        2.01712883418917       -0.98387155658079
B           -6.44972725486448        4.08567434685046        0.05394875046894
B           -4.79945259324599        3.51230012390441       -0.18845287228823
B           -3.35411421394747        3.88182363224638       -0.48304357394215
B           -1.98072883880872        3.18857875805463       -0.54794135932718
B           -0.44097888630867        3.20914331256555       -0.66374231704966
B            0.73641843270281        2.23881048617984       -0.45566371339576
B            2.33730419096563        2.41193691269474       -0.14642769674610
B            3.81033300784137        2.63368146157959        0.24683914241841
B            5.31986421433901        2.99311044251099        0.03112439083743
B            6.08239036023863        4.17981188407066        0.77493022526182
H            6.11906038510850        5.28712833395601        0.35655877761928
H            8.51254693536577       -0.86696476208253        1.19088397944412
H            6.10839825279590        2.19510943964745       -2.15614303511992
H           -7.90378694405056       -4.99689492068619       -0.42256341332682
H           -6.66938320228037        5.23274606253104        0.15101653404940
H            9.01501771223352        2.09042134104926       -0.08935152906520
H           -8.74698464784845       -0.47930978889419       -0.21226075098657
H            6.97114086894201       -5.99023170425667       -0.04700795108477
H           -8.78178999636938        3.04549867739400        0.16955708354447
H            7.90938453269388       -3.12471825728819       -1.17709063767109
H            6.66789920652794        4.02986933457827        1.79173754276774
H           -6.82475726860537       -5.18085801512640        1.23418309256372
60
 energy: -64.262703092123 gnorm: 0.012976427003 xtb: 6.7.1pre (5071a88)
B           -7.06060692744354       -4.53078922326091        0.27902478235439
B           -5.07011091851280       -2.38477237546600       -0.42388314165776
B           -3.57326634313417       -2.16732234712355       -0.47122106868398
B            0.99956700136619       -2.94835762655486       -0.10619371948105
B            2.51247637908494       -3.04295862470685       -0.24162567441210
B            5.34052208506605       -3.91009116360936       -0.19155055063480
B            6.45520321333387       -4.94011342641103       -0.20871142430764
B           -6.40823150714892       -3.12922173880380       -0.01286552647033
B           -6.59926349457385       -1.57139408751687        0.07124193561051
B           -2.04884795584837       -2.34729029346852       -0.20638656988407
B           -0.49564232721037       -2.53496576144254       -0.04746088946153
B            4.04893885517959       -2.95440263940614       -0.08085467100454
B            5.78805054752184       -2.31630454849852       -0.12131657386366
B            6.89507178530387       -3.39462805371810       -0.67364441128462
B           -7.60781723939703       -0.26986835014722       -0.08729422496979
B           -5.99091454845428       -0.06059368517595       -0.08749377926038
B           -4.44066105246213       -0.59040556047018       -0.18810107776031
B           -2.79605347125606       -0.73231639337579        0.16756477319888
B           -1.11200385647373       -1.05922723761937        0.50626990669829
B            0.43835421466366       -1.31936756664621        0.70281318231632
B            3.13685897040833       -1.54282494744130        0.15775856614651
B            4.72953609147697       -1.12745963798423        0.46264724114200
B            6.26592716855355       -0.73997577044823        0.19357864216114
B            7.78131002147148       -0.17270320096852        0.64510860476616
B           -6.93312938384744        1.23939482848502        0.00390600407509
B           -3.41897800756540        0.73791929951260       -0.06927503289746
B           -1.67394452350461        0.44980061282424        0.15935726265210
B            1.82087288431389       -0.55479152880945        0.47118178644536
B            3.59109988897646       -0.22322199484445        1.01229794868540
B            6.79908879013342        0.66491689555782       -0.36378831568209
B            8.21450977623474        1.24841449129029        0.04806043221393
B           -7.64076034170060        2.81195867111038        0.08710037904951
B           -6.06952034840490        2.55773229245193        0.04380797448046
B           -3.56774233786745        2.31270901968153       -0.25494445021851
B           -0.90021170713544        1.77268794311992       -0.21525289149668
B            1.67006108726582        0.94809303115613       -0.12882218180625
B            3.05655132771487        1.26469869720841        0.81857952922703
B            6.11556072836330        1.99129779059416       -0.98147950794593
B           -6.46339387718966        4.08019798601464        0.03886338595515
B           -4.80974960552037        3.51831729514727       -0.20496258646992
B           -3.36183943501557        3.89030435858316       -0.48956396852366
B           -1.98575323851202        3.19895774262581       -0.53262198657165
B           -0.44771705648874        3.22094005989321       -0.68015940366031
B            0.73464114339883        2.25604131033113       -0.47090264134136
B            2.33652562871527        2.42247219874041       -0.14952639007188
B            3.81052161902374        2.62781318704543        0.24284795106863
B            5.32692510024086        2.97300477153887        0.03013737802095
B            6.11231325696947        4.15918542051002        0.75402869846139
H            6.10465619301413        5.27151737314138        0.35174801617096
H            8.51417854701019       -0.88533075011955        1.21555441256833
H            6.11398553985056        2.16568087002758       -2.15404322022468
H           -7.87592931157600       -5.01418731102067       -0.43720858947990
H           -6.69007733146736        5.22648425407664        0.13026868800124
H            9.02888413797659        2.07356467600006       -0.05671437276513
H           -8.75904527866804       -0.47543049557556       -0.20634595294420
H            6.97449791279704       -5.98138037375325       -0.08094389519603
H           -8.79010447659361        3.02585221688557        0.19489219153412
H            7.90242983660852       -3.11179634022451       -1.21019543819156
H            6.65433965906056        4.02666296855064        1.79588351157823
H           -6.85376448812764       -5.18406620749331        1.25083094404882
60
 energy: -64.263425470491 gnorm: 0.012280475294 xtb: 6.7.1pre (5071a88)
B           -7.06459290751644       -4.54470633963570        0.27527580846468
B           -5.06792253618952       -2.38586784170480       -0.38138089527486
B           -3.57352777798354       -2.15657614225653       -0.42397475602361
B            1.00189093321761       -2.93509815669196       -0.10056708605828
B            2.51466983732642       -3.02975301191588       -0.24882685629295
B            5.33738300910237       -3.91475970110506       -0.22191456548999
B            6.45354943541658       -4.93998998124521       -0.25106584086072
B           -6.41320781625582       -3.13950779005747       -0.00219957018946
B           -6.62367723324651       -1.58412574075632        0.06953809381517
B           -2.04577428518597       -2.33503207705677       -0.16419037604713
B           -0.49115936759265       -2.51579221171846       -0.02967779361374
B            4.05260384093141       -2.94488186365880       -0.09620449458333
B            5.78618537184604       -2.31729253738269       -0.12577656068983
B            6.89231238198934       -3.38553407613157       -0.69287047139318
B           -7.61788185963976       -0.27160830080543       -0.07622503736643
B           -5.99849550442558       -0.07692757237474       -0.07354827215885
B           -4.43759297114115       -0.58079539299716       -0.16951457209468
B           -2.79118089747585       -0.72257629093162        0.18142517276388
B           -1.10027238382019       -1.03565995795901        0.51418314896875
B            0.44929219847209       -1.29534765288606        0.70177795781932
B            3.14696507018895       -1.52712438619625        0.12955438896802
B            4.73555012814336       -1.12793749829252        0.46624467126133
B            6.27636219179289       -0.74733802162478        0.20512339601863
B            7.78779170608958       -0.18811855195267        0.67015755428547
B           -6.93124500297755        1.23025936284085        0.00880903342011
B           -3.41976788350454        0.74824481804405       -0.05622041085095
B           -1.67341157536136        0.46569295464271        0.16535520953453
B            1.83162717755107       -0.53293453804500        0.45997000019647
B            3.59734995544698       -0.21283755276730        0.99917679447583
B            6.81902233499307        0.65401823221429       -0.35247150614834
B            8.22991206512264        1.23310163955383        0.07651934688869
B           -7.64807316229607        2.80178711213767        0.09525681746901
B           -6.07542563387902        2.55408597501816        0.02647388461341
B           -3.57018642478016        2.32087001339121       -0.25027028792789
B           -0.90269691545918        1.78541757462262       -0.22340033699447
B            1.66043231294803        0.96155785727372       -0.15177762440435
B            3.04096692931109        1.26407134932572        0.80787402842304
B            6.12516950080644        1.97100698224183       -0.97458722222664
B           -6.47711565883299        4.07541430927414        0.02608109074455
B           -4.82054511860196        3.52312675901736       -0.21574337429191
B           -3.37143754980971        3.89737946515147       -0.49619883877033
B           -1.99390845653797        3.20696013549172       -0.53919168768851
B           -0.45569999221689        3.23419081652197       -0.69433917790501
B            0.73072582661963        2.27294893860630       -0.48630797850542
B            2.33253679855608        2.43481756526529       -0.15469100319827
B            3.80746214190099        2.62187549733831        0.23497256473495
B            5.32754535869201        2.95630145409808        0.03040676704142
B            6.09222422640378        4.15009094202827        0.76237145131333
H            6.12716006165209        5.24975675858536        0.32812078996949
H            8.51347812431308       -0.90579666981036        1.24260167509866
H            6.12379008023635        2.13776185099356       -2.14829243440734
H           -7.83566413569698       -5.04618611282701       -0.47172361674086
H           -6.71048275375790        5.22144929528542        0.10621631260789
H            9.04770526526053        2.05608735101021       -0.02360976854621
H           -8.77137813410836       -0.47127995198775       -0.19458310279811
H            6.97677972937936       -5.97118800295104       -0.11246369745466
H           -8.79695918884364        3.00860760843037        0.21535020800123
H            7.89551124413473       -3.10206135125332       -1.23956883520795
H            6.67354376742734        4.01447117978431        1.78264004424540
H           -6.87983687813631       -5.18765752121001        1.26190184106816
60
 energy: -64.264046883064 gnorm: 0.010565928465 xtb: 6.7.1pre (5071a88)
B           -7.06627771225861       -4.55857721933636        0.27116775714238
B           -5.07317706199453       -2.38541420246703       -0.32991241395407
B           -3.57608196114105       -2.15543848792963       -0.36564027985209
B            1.00615290962671       -2.92576209418655       -0.09728565087679
B            2.51734744125990       -3.01220371897853       -0.26141334508392
B            5.33112891463688       -3.91439728174185       -0.24228202120492
B            6.44405042396559       -4.93799192425598       -0.29796365832835
B           -6.42201014382445       -3.14508536850577        0.01772278674002
B           -6.64155447587127       -1.59276645425786        0.07960831241036
B           -2.04312992628618       -2.32877571062540       -0.12287914552770
B           -0.48563338857103       -2.50609970667086       -0.01113397692894
B            4.05782014998899       -2.92785289061334       -0.11360464338374
B            5.78571436179145       -2.31492484630948       -0.12881568610666
B            6.88343042598473       -3.37286175356493       -0.71672486204846
B           -7.62507094328770       -0.27142703236686       -0.06440763129163
B           -6.00457825182169       -0.08886678644931       -0.05916124325866
B           -4.43652995069042       -0.57400475720614       -0.14145485547899
B           -2.78399797270235       -0.71862838796868        0.19092540455960
B           -1.08484271777235       -1.01619150947770        0.51239821667399
B            0.46598017811840       -1.27370956742071        0.68839752749382
B            3.15531769521494       -1.51585620211537        0.11567760488992
B            4.73781682267719       -1.13124918187835        0.47304912811784
B            6.28086512288802       -0.75080562249558        0.21919246907330
B            7.78926402914604       -0.19949207369124        0.70020990195162
B           -6.92947901842201        1.22418278570359        0.01387805017775
B           -3.41955143867324        0.75220284704035       -0.04887725947974
B           -1.67188162781010        0.47741365467398        0.15974373268857
B            1.84517527134120       -0.50746017582316        0.44023722047235
B            3.59866551447238       -0.19865691471673        0.98177115865838
B            6.83697290653344        0.64536833276300       -0.33973980948613
B            8.25181082370768        1.20578042508648        0.08774452585600
B           -7.65301809311470        2.79650795575920        0.10085042911094
B           -6.08361960078622        2.55205196925600        0.01885013842965
B           -3.57040556118349        2.32482328106789       -0.23033151228744
B           -0.90598940001433        1.79919983812793       -0.23430396235149
B            1.65665431479299        0.98055254463274       -0.17986849274438
B            3.02911716784789        1.26993022888414        0.79498326798925
B            6.13499140921436        1.95110809825797       -0.97115986169734
B           -6.48933030693361        4.07247792415274        0.01567514631732
B           -4.83133898826776        3.52447318774671       -0.21793072666161
B           -3.38240697608496        3.90032425320181       -0.49660441539121
B           -2.00452832506878        3.21072367997174       -0.56498451235826
B           -0.46408508627151        3.25027077111370       -0.70263140511078
B            0.72676431018303        2.29219712458337       -0.49895109475772
B            2.32850683331227        2.45606146843390       -0.15660527667981
B            3.80648423923336        2.62372280462301        0.22572681487081
B            5.33198400709570        2.94169513341324        0.02513199790466
B            6.10095179950284        4.13383791671806        0.75490044499923
H            6.13251220038575        5.23281545502562        0.32081962573267
H            8.50503662489842       -0.92678770615581        1.27448766880603
H            6.12996974236376        2.10781962012862       -2.14616262600486
H           -7.78432151675816       -5.09076141872637       -0.51766560524436
H           -6.72813830739931        5.21859024584971        0.07960428602062
H            9.06781715527624        2.03805819998619        0.01169947742084
H           -8.78003391382586       -0.46707053289832       -0.18242398530018
H            6.98179450516886       -5.96227906432745       -0.15645736539201
H           -8.80076368643872        2.99499093711208        0.22424865435605
H            7.89141941235680       -3.10135974289922       -1.25319476065884
H            6.66728297509911        4.00472506926428        1.78383581964520
H           -6.90864433481231       -5.19008641651779        1.26803451642896
60
 energy: -64.264570451260 gnorm: 0.008611486609 xtb: 6.7.1pre (5071a88)
B           -7.06250949053207       -4.57446040075037        0.26630646783359
B           -5.07691854893385       -2.38530968300651       -0.27660964580151
B           -3.57642017419911       -2.15552713706058       -0.31204724434329
B            1.01300414915042       -2.91458774418805       -0.09147869711054
B            2.52037357837394       -3.00168609557615       -0.27387474714419
B            5.32648536857109       -3.91181520897839       -0.26021226580474
B            6.44069356648837       -4.93149210140846       -0.33190457880157
B           -6.43215036409435       -3.15037752539821        0.03490255417113
B           -6.65976759195910       -1.60162485242737        0.09348793039309
B           -2.03824918255926       -2.32126432760256       -0.08401274867800
B           -0.47694955473005       -2.49439093055795        0.00580564914318
B            4.06204945366048       -2.91689485608475       -0.12763324867997
B            5.78188063473161       -2.31133848982489       -0.13513148657389
B            6.87243027630673       -3.36170988285216       -0.74755448921085
B           -7.63184331888907       -0.27345299660983       -0.05240132283702
B           -6.01003278672255       -0.10133531823977       -0.04840696904391
B           -4.43343646439674       -0.56633515178378       -0.10953238222296
B           -2.77663797484809       -0.71111922386742        0.20428450911869
B           -1.07412876899818       -1.00099987459736        0.52322580186838
B            0.47997333016119       -1.25372110582286        0.68818322107098
B            3.16078838213777       -1.50287440748081        0.08574772726094
B            4.73954134348622       -1.13217240684615        0.47746389202653
B            6.28508749786908       -0.75434218780666        0.23376246156575
B            7.79131354010525       -0.21182423374668        0.72999241926299
B           -6.92903334380660        1.21798999661126        0.01753308650723
B           -3.41883215034106        0.75843247530823       -0.03178569622198
B           -1.66750208504124        0.48796777870139        0.15701762489988
B            1.85543375268166       -0.48248722187792        0.42305286748429
B            3.60013498222835       -0.18895572368952        0.96492486106103
B            6.85843753897885        0.63832451829202       -0.32418738139946
B            8.27327743554634        1.18617526336325        0.11639208589593
B           -7.65850350813480        2.79066038376320        0.10832041326690
B           -6.09016392638624        2.54946100383287        0.00375597346114
B           -3.57582761245625        2.32998490233811       -0.23616475036511
B           -0.90936971890243        1.81239752886715       -0.25030560612341
B            1.64981595009327        0.99967229830795       -0.20590661863235
B            3.01755917128360        1.27420162321628        0.77858969635453
B            6.14898607462453        1.93333740884094       -0.96672051075670
B           -6.50177008315584        4.06918872503026        0.00398073294168
B           -4.84284278327702        3.52663129727522       -0.23199820329730
B           -3.39429025769465        3.90565886833552       -0.50437453906341
B           -2.01357565455412        3.22138106806043       -0.56449130206391
B           -0.47381292778295        3.26598680126188       -0.71655299533815
B            0.72212488393775        2.31289707497410       -0.51507261645071
B            2.32297401627208        2.47642195237773       -0.16294057237893
B            3.80396475342092        2.62522416693082        0.21296289120250
B            5.33359753512554        2.92650323811377        0.01715900235474
B            6.10189000861395        4.11771846684590        0.74884139449197
H            6.14447599181894        5.21444736376025        0.30877517820462
H            8.49779800586699       -0.94670904536076        1.30814342953666
H            6.14706157081124        2.07958502690171       -2.14314170662416
H           -7.74094609952838       -5.12777130864955       -0.54416689185423
H           -6.74715981665434        5.21463215109887        0.05531653112269
H            9.09371802096127        2.01671181080525        0.05023517323275
H           -8.78878762178114       -0.46236859777735       -0.16519695759031
H            6.97736647198329       -5.96419922120113       -0.21593836886116
H           -8.80733686029263        2.97914247130305        0.24312617290602
H            7.88400594798883       -3.09052119472601       -1.28156843150003
H            6.66620352872781        3.98940690600627        1.77917637471673
H           -6.93526909135718       -5.19741311472389        1.27084685142419
60
 energy: -64.265024611468 gnorm: 0.008845078480 xtb: 6.7.1pre (5071a88)
B           -7.05170938311680       -4.59225530124798        0.25939625937598
B           -5.08005312281651       -2.38493766333471       -0.22067215283924
B           -3.57595874816889       -2.17029526597718       -0.25497945570370
B            1.02115855240783       -2.90291093886575       -0.08132267670695
B            2.52363409317711       -2.99518372629619       -0.28330358566440
B            5.32224296387295       -3.90651253084529       -0.27693303326880
B            6.43152606871589       -4.92759831178948       -0.38090569119210
B           -6.44152912103047       -3.15511052022880        0.05486496305893
B           -6.66831520838201       -1.60885967107748        0.11016503435687
B           -2.03302653492850       -2.32031457565563       -0.04200139170514
B           -0.46824634004979       -2.48858136042910        0.02564430948931
B            4.06622289728693       -2.90557061589129       -0.13570490267745
B            5.77720323335960       -2.30275887930831       -0.14493113767269
B            6.86018604722689       -3.34961843099102       -0.77289306456735
B           -7.63548522298132       -0.27684524505498       -0.03375706698919
B           -6.01355981603476       -0.10884293428954       -0.03158667260762
B           -4.43315178548460       -0.55983565674218       -0.08121172444791
B           -2.77056587525627       -0.70431565565518        0.21177865401353
B           -1.06829288241689       -0.99047702864264        0.52758858741440
B            0.49019940094462       -1.23417687350719        0.68571720483107
B            3.16291260714098       -1.49192253383780        0.05764714033138
B            4.73692050482293       -1.13170693133891        0.47513740814527
B            6.28404856027947       -0.75366041580948        0.24783453075216
B            7.79119843429700       -0.22373277625556        0.75732752793571
B           -6.93144688141015        1.21320363508772        0.02418581146373
B           -3.41906744861260        0.76250062601351       -0.02264915686742
B           -1.66379759376961        0.49606415725811        0.14704413026052
B            1.86167657099107       -0.45779400566911        0.41009929334574
B            3.59689364310508       -0.17845720507867        0.94367338364635
B            6.87915638589267        0.63629855804086       -0.30367818381189
B            8.29476914733371        1.17043040321924        0.15400772535440
B           -7.66398354164002        2.78768968261757        0.11764049444788
B           -6.09691959727962        2.54636881516432       -0.00723035189968
B           -3.58060610560759        2.33340249260187       -0.23185009061341
B           -0.91423250434644        1.82418057393776       -0.26884578528191
B            1.64595795064434        1.01962925628240       -0.22685703680551
B            3.01219954453038        1.28316563677185        0.75891877688268
B            6.16436492164263        1.91771178568170       -0.96604252975486
B           -6.51321853916578        4.06576820756060       -0.00789709160608
B           -4.85250084189788        3.52600750150226       -0.24005935027894
B           -3.40504709557332        3.90897095725003       -0.50965676287442
B           -2.02213008162603        3.22992605382227       -0.57795937432691
B           -0.48239468871610        3.28138988090391       -0.72671319878934
B            0.71720015945214        2.33169956943712       -0.52841180688656
B            2.31618532543715        2.49896853959588       -0.17194013403564
B            3.80093391057672        2.63171679578740        0.19328706820974
B            5.33438718401431        2.91414510512977        0.00128485258174
B            6.10862129658975        4.09976938305552        0.73692077925620
H            6.15670815000886        5.19823029445056        0.30202300027238
H            8.48031293833982       -0.96531094664325        1.34955803178328
H            6.18261016396633        2.05775391814263       -2.14324853345948
H           -7.69883185721290       -5.15082080434111       -0.55672455739900
H           -6.76185564532845        5.21071290964633        0.02947706839160
H            9.12491653820437        1.99017001180920        0.08560036133237
H           -8.79287287031531       -0.46067318141468       -0.14445532528525
H            6.96626262414527       -5.96805929294818       -0.29045340609389
H           -8.81355660706381        2.96902119216304        0.26161095108219
H            7.87616306566964       -3.07681735776814       -1.30999377200235
H            6.65630159708198        3.96790962141499        1.77591179109238
H           -6.96233954092816       -5.20978792741371        1.27052386501423
60
 energy: -64.265305021750 gnorm: 0.011064565357 xtb: 6.7.1pre (5071a88)
B           -7.04405712418687       -4.60872157433359        0.25564696616520
B           -5.08068949713199       -2.38257426537646       -0.15938306878528
B           -3.57558436664178       -2.17767446159891       -0.19635850200565
B            1.02514007861605       -2.89153054200690       -0.07392922534154
B            2.52457378305074       -2.98662461523012       -0.29438458248673
B            5.31732488019547       -3.90079466759988       -0.29839548447420
B            6.42387719668710       -4.92226046335226       -0.42686290556478
B           -6.44756491723441       -3.16226184250087        0.07635024942275
B           -6.67951441248268       -1.61732486454411        0.13047639234247
B           -2.03127546953492       -2.31556389997044        0.00342840426901
B           -0.46324055289293       -2.48052906402275        0.04868488779475
B            4.06740642402970       -2.89555496781135       -0.14256714987315
B            5.77454345108085       -2.29792306041101       -0.15023177345584
B            6.85015866275702       -3.33967435879652       -0.80356049241383
B           -7.64021660454873       -0.28128937636378       -0.00872548665695
B           -6.01712767823502       -0.11854875015782       -0.01131427704110
B           -4.43119892903683       -0.55188855045269       -0.04714791453883
B           -2.76594443773541       -0.69351911960320        0.22774999514742
B           -1.06214407229535       -0.97633715599933        0.53536824642428
B            0.50004995728102       -1.21376078008636        0.68149566164674
B            3.16136787167213       -1.47920270230987        0.02594282506754
B            4.73344463063158       -1.12897946927710        0.47255938595102
B            6.28436198563039       -0.75449678537010        0.26037123396842
B            7.78905117126925       -0.23764253805062        0.78732146155211
B           -6.93431348117455        1.20738650291211        0.03770229933335
B           -3.41967801855640        0.76962250907411       -0.00885299925957
B           -1.66034037548803        0.50673910601922        0.14084090740657
B            1.86719504672603       -0.43258965035404        0.39572300907631
B            3.59500792817402       -0.17117132298944        0.92452117594975
B            6.89958431436554        0.63294523448840       -0.28269751894884
B            8.31546296818660        1.15251947083595        0.19515581442079
B           -7.67106230281411        2.78212697794072        0.12775313021728
B           -6.10430738322356        2.54353687789913       -0.02239476932398
B           -3.58747661829241        2.33886640446664       -0.23346319472265
B           -0.91806753031560        1.83551705262138       -0.28664245990935
B            1.63949860340415        1.03886164774977       -0.24841389454182
B            3.00559054202344        1.28965625585874        0.73603824805710
B            6.18240560571486        1.90242110948424       -0.96633770786095
B           -6.52694997899544        4.06167828904697       -0.02431386087470
B           -4.86314548697417        3.52739065815683       -0.25285848650699
B           -3.41525358803643        3.91362923007771       -0.51440905979020
B           -2.02961933257019        3.24004796349061       -0.57822551256520
B           -0.49147193182267        3.29595830131266       -0.73924801441835
B            0.71272768474497        2.35142296115642       -0.54478340732218
B            2.31122072526582        2.51796904750297       -0.18628445590457
B            3.79881842940398        2.63585636900258        0.17072115529114
B            5.33660110215348        2.90015456487040       -0.01607536942506
B            6.11428991511279        4.08227054899876        0.72354249785816
H            6.17260798785339        5.18108078225120        0.28966725931009
H            8.46179498314932       -0.98279279788299        1.39438471415707
H            6.22084574269633        2.03538098311634       -2.14428073591803
H           -7.62708340399839       -5.19077332365742       -0.61720931487890
H           -6.77818850953117        5.20629893655828       -0.00084433633781
H            9.15761620651432        1.95907053256059        0.12730417460494
H           -8.79746849432482       -0.45985046887282       -0.12079237610615
H            6.95767530550545       -5.96762943031309       -0.36850106617828
H           -8.82056325164615        2.95817427616519        0.28342760404256
H            7.86765099855467       -3.05902079654965       -1.33631245505775
H            6.64824927264948        3.94644679137832        1.76943085714058
H           -7.00421670538126       -5.21546271915064        1.28419330187871
60
 energy: -64.265606872595 gnorm: 0.008763085087 xtb: 6.7.1pre (5071a88)
B           -7.03355959494986       -4.61365300088343        0.26416045195284
B           -5.08091423085713       -2.37888982381860       -0.12884005569627
B           -3.57537836750694       -2.19017117927232       -0.16746707231631
B            1.02333504561265       -2.88946076234664       -0.06834275568404
B            2.52239714790783       -2.98353257381443       -0.29497171652103
B            5.31490246436427       -3.89285529309166       -0.31219619433328
B            6.41507697675572       -4.91852383423061       -0.45753271069470
B           -6.44396114649171       -3.16500923628457        0.09694705471159
B           -6.67516162261137       -1.61804660772480        0.13995463811893
B           -2.03354065772896       -2.31921842097701        0.02509303938336
B           -0.46585963864073       -2.48568166233092        0.06460477976091
B            4.06540288208649       -2.88776842440363       -0.14143505667617
B            5.77582678758411       -2.29183141462237       -0.15461602998660
B            6.84596050617213       -3.33282732751061       -0.81928135063787
B           -7.64019614260308       -0.28356584847881        0.00410711272858
B           -6.01744244194466       -0.11705726112875       -0.00154328451529
B           -4.43399186039344       -0.55244000283680       -0.02568928089724
B           -2.76617597056871       -0.69053757411658        0.23331116880472
B           -1.06210116114905       -0.97263774721958        0.52575308121881
B            0.50072156696399       -1.20750920555477        0.67025008209019
B            3.15423830992931       -1.47749607120236        0.02371668793913
B            4.72580821936357       -1.12595997305145        0.46460471609927
B            6.27805012027686       -0.74940345019469        0.26337896027864
B            7.78083639444844       -0.24199765461474        0.80441245848484
B           -6.93917516676076        1.20677691727219        0.04822822978138
B           -3.42332311743649        0.76906727235981       -0.00617756212584
B           -1.66107695393978        0.50875640296296        0.12698716974133
B            1.86541300747111       -0.42355650587395        0.38814227949608
B            3.58743021958553       -0.16704849488632        0.91232174449301
B            6.90429594718496        0.63862838460918       -0.26560406195542
B            8.32571521920896        1.14047085070117        0.21385448786038
B           -7.67384283106793        2.78240921538676        0.13300531768566
B           -6.10857764006688        2.54119212294256       -0.02484127854021
B           -3.59204182637495        2.33771071038232       -0.24042921043465
B           -0.92019929665884        1.83629842686509       -0.30151262462002
B            1.64046902953714        1.04656870118394       -0.25772016324923
B            3.00765183944282        1.29793316995344        0.72054971290274
B            6.19741199634224        1.90376396889642       -0.96852385026204
B           -6.53165654404928        4.05915719176537       -0.02909995281210
B           -4.86659757900959        3.52377859914243       -0.25676263193226
B           -3.41831878408891        3.91187025787386       -0.51354209803549
B           -2.03076089408148        3.24223383108072       -0.57264262874509
B           -0.49444851271505        3.29957674093658       -0.74558148152507
B            0.71133743967935        2.35654569170562       -0.55468377559847
B            2.31000610351019        2.52598044431091       -0.20147161378837
B            3.79844470872953        2.64256195542542        0.15132875546164
B            5.33805733769764        2.89945989875653       -0.03032596674120
B            6.11335525927782        4.07633949504746        0.72105788838483
H            6.18806397314268        5.17582369619380        0.28987019109788
H            8.43923062343381       -0.98975888016586        1.42363379669605
H            6.25203083219270        2.03314691103307       -2.14626672112879
H           -7.60023907800867       -5.19075582512680       -0.61238449923901
H           -6.77915220790506        5.20415415783135       -0.01152070372357
H            9.17712192975183        1.93690354869162        0.14793383237580
H           -8.79554499524815       -0.46527095870085       -0.11256650509454
H            6.94906178552721       -5.96398470571305       -0.42564906289865
H           -8.82173507263381        2.96153366150222        0.29128703132754
H            7.86613396501148       -3.04985393729384       -1.33868239309440
H            6.63904412071953        3.93025179264427        1.76968661383753
H           -6.99947942342311       -5.23352935998609        1.26972301079639
60
 energy: -64.265899726248 gnorm: 0.007043531892 xtb: 6.7.1pre (5071a88)
B           -7.02077723414832       -4.62506439911305        0.26451109758058
B           -5.07471616203602       -2.37444293318327       -0.09079516118891
B           -3.57115825452522       -2.18556755924153       -0.13839455716194
B            1.02053454410228       -2.88270380185417       -0.05837397052308
B            2.51936303372141       -2.98047676143789       -0.29377165403811
B            5.31349942251289       -3.88681304766580       -0.33582607003487
B            6.40748288114055       -4.91688434372335       -0.50732496811759
B           -6.43687006881591       -3.17373938389053        0.11191750810160
B           -6.68240118197014       -1.62613796014376        0.14838684350547
B           -2.03302335415079       -2.31183282242487        0.05337347973656
B           -0.46631280968941       -2.47657585546918        0.08365787341561
B            4.06185396147288       -2.88337245367257       -0.14668941273438
B            5.77719160554742       -2.29172065190648       -0.15585088382076
B            6.84752848132540       -3.32758826338942       -0.83538048813472
B           -7.64378488368653       -0.28949982169762        0.02221419718192
B           -6.01915624243558       -0.12522839045429        0.00795216879643
B           -4.43097708315894       -0.54814042703013       -0.00601092598373
B           -2.76542724329406       -0.67899942980108        0.25005539598654
B           -1.06010386800511       -0.95986235219971        0.53376124832035
B            0.50183727637588       -1.19611918504102        0.67507601714638
B            3.14860890136658       -1.46685070306643       -0.00246416018707
B            4.72336658379755       -1.11979716627070        0.45585649498714
B            6.28085959593853       -0.75159335090345        0.26717161732824
B            7.77510390997672       -0.25287506483005        0.83094537680339
B           -6.94193509997701        1.20159320290545        0.05750061189306
B           -3.42425223469652        0.77570901347891        0.00178149039555
B           -1.65946120959047        0.51831980711494        0.12782732792205
B            1.86508368315333       -0.41134336020738        0.37704964670597
B            3.58583324035649       -0.16425450324422        0.90052198683949
B            6.91674238371037        0.63690153040342       -0.24774412765437
B            8.33835988080988        1.12466367843300        0.24468541987461
B           -7.67977502897259        2.77425838176392        0.14195337025173
B           -6.11399543930587        2.53638213266744       -0.03682281097467
B           -3.59750237570484        2.34210712034741       -0.22794376090880
B           -0.92246295306200        1.84474709762990       -0.30754300679048
B            1.63319824071008        1.05580379175554       -0.27400479914196
B            3.00222100226978        1.30143023101535        0.70095950401984
B            6.21801593085041        1.89708520312866       -0.96919409602434
B           -6.54224284181568        4.05323965163022       -0.03974235371263
B           -4.87339502133612        3.52428386573025       -0.26377449115065
B           -3.42504201702039        3.91430308406670       -0.51989077728265
B           -2.03698959747589        3.24594145555197       -0.59385349165917
B           -0.50084913160319        3.30815049359661       -0.75807965825083
B            0.70870839419906        2.36968004025993       -0.56872609741206
B            2.31000319216672        2.53187340221881       -0.22303732205804
B            3.79931293978680        2.64264599282805        0.12929620233598
B            5.34183064749632        2.89112797260763       -0.04610281763227
B            6.11829762681538        4.06452422590264        0.71113314136468
H            6.20067096543533        5.16413114547192        0.28307755252075
H            8.42347655271979       -0.99986938535390        1.45976186110648
H            6.29083666430728        2.02217592589745       -2.14620552710527
H           -7.56796019581483       -5.19151576990122       -0.61858550426747
H           -6.79208225225850        5.19844917941799       -0.03032158154198
H            9.19944898718703        1.91114503178298        0.19030432335518
H           -8.79988288816694       -0.47104035660010       -0.09390766747760
H            6.94041951827316       -5.95645516880431       -0.48203456373067
H           -8.82667615194839        2.95386025476025        0.31366080506288
H            7.85707422252459       -3.02660834747003       -1.36515584025729
H            6.63096381612857        3.91396423849737        1.76547407316789
H           -7.02013626151585       -5.24646313087298        1.27368591125881
60
 energy: -64.266133264839 gnorm: 0.006453207768 xtb: 6.7.1pre (5071a88)
B           -7.01309335581660       -4.63280295848347        0.26419376714134
B           -5.07537870879345       -2.36735613160922       -0.04834211144338
B           -3.57085578075286       -2.19045050230187       -0.09977878849636
B            1.01891532780329       -2.87922324832289       -0.04674339068512
B            2.51688651334005       -2.97545358665212       -0.28939506505246
B            5.31233062042794       -3.87741141620186       -0.35483521839587
B            6.39791017947412       -4.91158375880765       -0.55090225085117
B           -6.43546209119774       -3.17645757841984        0.13447623679630
B           -6.68239272356793       -1.63011470781707        0.16615139557491
B           -2.03317176398967       -2.31207424866570        0.08371412480636
B           -0.46664886299534       -2.47504257619238        0.10293737457767
B            4.06013496092592       -2.87288357876171       -0.15340448700735
B            5.77888800673368       -2.28718330386921       -0.16158813304966
B            6.84728578877842       -3.31692831326884       -0.84813024754027
B           -7.64492574807899       -0.29344118037602        0.04525878226739
B           -6.02021690925860       -0.12789508453578        0.02707780620033
B           -4.43253820559367       -0.54714449136401        0.01664389682832
B           -2.76428662918009       -0.67409438138241        0.26202899917387
B           -1.05636889505712       -0.95013202738220        0.52882861524683
B            0.50484979467103       -1.18678289019893        0.66858014937872
B            3.14458427351609       -1.46072605635045       -0.01077745295571
B            4.71873720738149       -1.11609515065071        0.44382109184915
B            6.27906618472119       -0.75019496398251        0.26849976061922
B            7.76803963695867       -0.26376271311089        0.85227048250017
B           -6.94538206251067        1.19900799047817        0.06810708327603
B           -3.42742836014486        0.77736884705452        0.01135337187631
B           -1.65978091221149        0.52387429761669        0.12157761174557
B            1.86566978518532       -0.40022808068153        0.36462787564791
B            3.58040769393558       -0.15483840487922        0.88313224891085
B            6.92731694520069        0.63781289441528       -0.23118762131719
B            8.35142967470795        1.10747075720466        0.26991714805053
B           -7.68377122834392        2.77045126008747        0.15010087313722
B           -6.12060460912546        2.53256537703903       -0.03956654641506
B           -3.60244921943257        2.34234967795035       -0.22076807649894
B           -0.92506685814329        1.84940852363578       -0.32017880231558
B            1.63153882487427        1.06443862757555       -0.29354466648677
B            3.00058694822555        1.31082584165483        0.67960745670421
B            6.23873835373622        1.89273699536633       -0.97101422522936
B           -6.55054268521256        4.04883365048444       -0.04847903110727
B           -4.88007577830465        3.52059832348195       -0.26791008318424
B           -3.43205469313662        3.91273361418735       -0.52319302485327
B           -2.04154393181097        3.24853393816766       -0.59753515859653
B           -0.50619117932200        3.31476352704270       -0.76774584673190
B            0.70662786480645        2.37838109027956       -0.58516625655858
B            2.31024691604455        2.54004684890930       -0.24696266993550
B            3.80073474277270        2.64701279826060        0.10233592226695
B            5.34590723271295        2.88723850817119       -0.06411948663915
B            6.11924312563232        4.05545919345703        0.70508258738978
H            6.21774677607115        5.15441664288638        0.27936321201723
H            8.39648481851486       -1.01013586387033        1.50295985865926
H            6.33585729936534        2.01607027665760       -2.14655797699535
H           -7.51561505810716       -5.20435284221549       -0.65018373604141
H           -6.80188737637536        5.19447851274848       -0.05209818157328
H            9.22160583841914        1.88609828724532        0.23027431326962
H           -8.80077583028649       -0.47797669937755       -0.07486020659456
H            6.92504496370567       -5.95502055805345       -0.55912726925875
H           -8.82870425284363        2.95085764565409        0.32709371238012
H            7.85327842289258       -3.00980360212464       -1.37873185373995
H            6.62140575289566        3.89743366398273        1.76334806631269
H           -7.05190776483994       -5.25461571178476        1.27946404095188
60
 energy: -64.266337023227 gnorm: 0.006680037571 xtb: 6.7.1pre (5071a88)
B           -7.00943594261201       -4.63755224414770        0.26899773569912
B           -5.07708128069788       -2.35935434707427       -0.00226313537566
B           -3.57157486045314       -2.18804315377235       -0.06241431658330
B            1.01766335336702       -2.87553759317941       -0.03282282922252
B            2.51413779426098       -2.97221520983367       -0.28376952074900
B            5.31233603051737       -3.86838161217699       -0.37617810954390
B            6.39088063051246       -4.90434858742332       -0.60222190699641
B           -6.43693048016755       -3.17723962241715        0.15984481520554
B           -6.68848511851560       -1.63367401603243        0.18641992673156
B           -2.03294849811894       -2.30984997763962        0.11433866530329
B           -0.46573232023266       -2.46845997556278        0.12068928177090
B            4.05746602598846       -2.86650255004206       -0.16139253959408
B            5.77807782216367       -2.28435818871906       -0.16948428700664
B            6.84507205885608       -3.30682218339103       -0.87375835091592
B           -7.64824017671356       -0.29672101102772        0.06577747942947
B           -6.02304006660556       -0.13216756456583        0.04210359774972
B           -4.43304954326941       -0.54559896626923        0.03777961314040
B           -2.76318094644228       -0.66717996447995        0.27652409600911
B           -1.05387849496350       -0.94014093983440        0.53411597337938
B            0.50715237704655       -1.17849447570028        0.67082256198025
B            3.14183706680420       -1.45233529895055       -0.02729803769405
B            4.71669789638694       -1.11150862156470        0.43064249323626
B            6.28042114512454       -0.75200437530430        0.27042039146211
B            7.76163652631331       -0.27609478718991        0.87645452285356
B           -6.94877292060458        1.19567758596305        0.08014801760781
B           -3.42965654259896        0.78134757054429        0.02377513966018
B           -1.65914350054004        0.52993733672603        0.12158474003387
B            1.86564228899867       -0.39154442969683        0.35340304687626
B            3.57889799320916       -0.14596345505137        0.86712188627611
B            6.94047405363398        0.63579372397532       -0.21454274526185
B            8.36200340274351        1.09254822682923        0.30276249037330
B           -7.68837873229584        2.76487091508786        0.16125624240244
B           -6.12630436331696        2.52915083649840       -0.04824966695490
B           -3.60854367483374        2.34440438347023       -0.21777565592633
B           -0.92739049081996        1.85499588373562       -0.32982022819082
B            1.62668213770731        1.07021286651892       -0.31315775205481
B            2.99808906626932        1.31796411436324        0.65694873964169
B            6.26216405937212        1.88641720352667       -0.97063631708854
B           -6.55903082547832        4.04465076268757       -0.06012459282121
B           -4.88721105578044        3.51870919430957       -0.27887478948653
B           -3.43884184214514        3.91270044420590       -0.53069977391123
B           -2.04632367015756        3.25185851970789       -0.60373404750570
B           -0.51155558243199        3.32029803118931       -0.78089885763770
B            0.70459938199463        2.38632704244772       -0.60486226654429
B            2.31193950069877        2.54361343771595       -0.27571462529432
B            3.80327045643708        2.64811049463580        0.07303937000958
B            5.35117597652033        2.88103079710309       -0.08104114943586
B            6.12183307565370        4.04542689782091        0.69743311066883
H            6.23221612193558        5.14350521061272        0.27437717929158
H            8.37504507001919       -1.02088417325840        1.54326695375136
H            6.38585837328016        2.01037854776403       -2.14356346669764
H           -7.46904426131005       -5.21757576463610       -0.66948167718663
H           -6.81484545351466        5.18944577767792       -0.07389234430639
H            9.24057605961569        1.86369244174116        0.28084729817896
H           -8.80512327635990       -0.48218168430602       -0.05365811312131
H            6.90775914580309       -5.95325668575154       -0.64077216276046
H           -8.83225068548883        2.94407215888590        0.35120230950787
H            7.85054712704778       -2.99059396321240       -1.39554577360186
H            6.61103882956784        3.88304576670543        1.76115657670401
H           -7.06881724138351       -5.26453975023792        1.27539478454195
60
 energy: -64.266543303689 gnorm: 0.006234383309 xtb: 6.7.1pre (5071a88)
B           -7.00468847064812       -4.63872425172736        0.27010410353555
B           -5.08049869340073       -2.34666908054691        0.03213229020533
B           -3.57345050696269       -2.18192295268183       -0.03518797029718
B            1.01536191347951       -2.87704431313506       -0.01802390569582
B            2.51068739622679       -2.97110377747679       -0.27457827216429
B            5.31446042396674       -3.85817657940890       -0.39879713669632
B            6.38430123105668       -4.89517138512683       -0.65587591778180
B           -6.43690353783920       -3.17543455892165        0.17978187419659
B           -6.69132419752188       -1.63517475358538        0.20789205340763
B           -2.03398234147090       -2.31113770374264        0.13743638219382
B           -0.46683790763866       -2.46622215924898        0.13614716609906
B            4.05371800389413       -2.86305705650425       -0.16983354501385
B            5.77684624605604       -2.28146334302928       -0.18096091073242
B            6.84447334966619       -3.29593180307447       -0.90045728087994
B           -7.65062298733158       -0.29887602126913        0.08647440052490
B           -6.02576259146964       -0.13334900709980        0.05796550631877
B           -4.43521250441778       -0.54918053838091        0.05658405277782
B           -2.76280063728804       -0.66454411753458        0.28947690542971
B           -1.05348851603602       -0.93594301458680        0.54128708464886
B            0.50780363293295       -1.17848758788270        0.67424804447260
B            3.13939753369867       -1.44928408007633       -0.03121713447019
B            4.71487812223879       -1.10711970305209        0.41252061786979
B            6.28032477870749       -0.75325667183112        0.26834355093253
B            7.75225542519836       -0.28514969923801        0.89733007111365
B           -6.95219746275408        1.19376776078067        0.09339874943970
B           -3.43214491426241        0.78191482817913        0.03701908189175
B           -1.65960180697887        0.53114202234988        0.12512623381853
B            1.86372201164852       -0.39274855460035        0.34369739153073
B            3.57924830462094       -0.13678233096724        0.85253283660970
B            6.94951580607362        0.63552614430419       -0.19976728486326
B            8.36470987904465        1.08410149059125        0.33576077761203
B           -7.69003624572063        2.76067895288341        0.17184655552980
B           -6.13080333276188        2.52604383814472       -0.05114777575384
B           -3.61409469017418        2.34300232416595       -0.21833612689163
B           -0.92897091616832        1.85558018831355       -0.33433153905498
B            1.62391589808427        1.06787453955463       -0.32853009141602
B            3.00105532833027        1.32568800003941        0.63416027906472
B            6.28814726930660        1.88635093005540       -0.96901157367121
B           -6.56319980722706        4.04106903782472       -0.06955297665210
B           -4.89201631727666        3.51398351613281       -0.28918315408142
B           -3.44308947790761        3.90866975253103       -0.53837641191072
B           -2.04847379574512        3.25117203875289       -0.60371066274327
B           -0.51438573345163        3.31868543856446       -0.79253341196119
B            0.70369400596788        2.38524660204171       -0.62452071651011
B            2.31675815070670        2.53856298316069       -0.31090490651827
B            3.80818269472038        2.64894062108399        0.03903756312747
B            5.35774651743393        2.87994131200290       -0.09750536644383
B            6.12207792514922        4.04110132526863        0.69208909452312
H            6.24643085168935        5.13774387691112        0.27058156052563
H            8.35474431558236       -1.02790522619675        1.57444508156687
H            6.43777599116188        2.01387367768493       -2.13742750780371
H           -7.43621318190401       -5.21426453029483       -0.67531155109554
H           -6.82344893524176        5.18438645863096       -0.09358084979569
H            9.24954833229046        1.84743951678221        0.33229689099028
H           -8.80844835133721       -0.48560697997489       -0.03239512217663
H            6.88716606150713       -5.95075262928612       -0.72419463583481
H           -8.83126758882836        2.94219654663902        0.37210931033200
H            7.85435477947853       -2.97129338426305       -1.40251170813427
H            6.59716053981653        3.87519989101611        1.76152632761649
H           -7.08811826997385       -5.26904481964490        1.27441360914546
60
 energy: -64.266722887407 gnorm: 0.005424539184 xtb: 6.7.1pre (5071a88)
B           -6.99955748220079       -4.64563405913818        0.27276761071318
B           -5.08491727385418       -2.33672352888698        0.08165648924961
B           -3.57649297679269       -2.17678115652661        0.00907286555312
B            1.01494076151853       -2.87411015576935       -0.00478314373842
B            2.50838621907191       -2.96811130805668       -0.27488183235558
B            5.31354094079045       -3.85230092493249       -0.43104960809554
B            6.37675046135467       -4.88863376850976       -0.72223875943975
B           -6.43987015315892       -3.17715520653970        0.20539277845456
B           -6.70538443165291       -1.63857824817489        0.22727722379173
B           -2.03556306022345       -2.31028582822141        0.17408558622295
B           -0.46700723390643       -2.46110190727479        0.15791709056107
B            4.05153152763554       -2.85991375995656       -0.18330278927944
B            5.77292040928002       -2.27885588971651       -0.19345341688745
B            6.84117830011738       -3.28388349104690       -0.92918091549507
B           -7.65763642753936       -0.29801960890067        0.10780725973129
B           -6.03166006479945       -0.13855089135944        0.07398095839473
B           -4.43627611771087       -0.54965696081913        0.08278764510170
B           -2.76019945507191       -0.65919145691429        0.30331236006568
B           -1.05124861228446       -0.92835511442721        0.55776580519496
B            0.51293002354016       -1.17154477946829        0.67880979761285
B            3.13955301241224       -1.44364844743629       -0.04703234435397
B            4.71403551789716       -1.10426213616396        0.39928979359318
B            6.28129933954177       -0.75620195175550        0.27265119462536
B            7.74566158871855       -0.29716397238949        0.92312293348454
B           -6.95428040000813        1.19153874365501        0.10412703881050
B           -3.43313184836808        0.78479962708902        0.04713579909302
B           -1.65891209808324        0.53580426929337        0.12969072115851
B            1.86521777475158       -0.38624979721989        0.33117744239307
B            3.58289563234915       -0.12812904305964        0.83486992107154
B            6.96522134778572        0.63188217119593       -0.18321525266197
B            8.37160150444570        1.07486293954740        0.37889743582715
B           -7.69226123857839        2.75748807430858        0.18489728417072
B           -6.13544122339914        2.52398499014049       -0.06095527619220
B           -3.61852668347258        2.34369272256709       -0.21627767058223
B           -0.93106849659535        1.85918602264958       -0.34068746133335
B            1.61911734613074        1.07027920800644       -0.34675173262510
B            3.00144979977893        1.33159908224594        0.60960932189394
B            6.31369706524819        1.88010792972325       -0.96517524998374
B           -6.56878250447384        4.03852621828893       -0.08299729293030
B           -4.89768596784779        3.51227502474753       -0.30099839531178
B           -3.44817285487048        3.90685599817468       -0.54768143893654
B           -2.05209327013796        3.25209588092207       -0.61017954516607
B           -0.51870215922940        3.32018469364920       -0.80594193467901
B            0.70135244808438        2.38851488268670       -0.64404164043503
B            2.31852320979803        2.53880989876577       -0.34153932000738
B            3.81092068664768        2.64969583842661        0.00574769269350
B            5.36346051162782        2.87343912220313       -0.11339389954329
B            6.12450923902324        4.03253641345196        0.68278377216529
H            6.26062731332403        5.12773552103503        0.26003952934326
H            8.33900306397049       -1.04105440580913        1.60691119712367
H            6.48530101802026        2.00724508654239       -2.13044899839139
H           -7.39248281118682       -5.22492622455059       -0.68937129617725
H           -6.83386294365828        5.18012822441008       -0.12040363497439
H            9.26141454811809        1.83194363382679        0.39369803532473
H           -8.81635936111660       -0.48017680596530       -0.00843887014804
H            6.87153288482231       -5.94666428180488       -0.81252399236077
H           -8.83104681224783        2.93952609589228        0.40024822323282
H            7.85506066620692       -2.94674704277662       -1.42200239523893
H            6.58079245989443        3.86692901259463        1.76114772270769
H           -7.10742365944030       -5.27999417246829        1.27026957797059
60
 energy: -64.266897037979 gnorm: 0.004298622773 xtb: 6.7.1pre (5071a88)
B           -6.99301654990687       -4.64819521975599        0.27571192370506
B           -5.09051352672223       -2.32572742988550        0.11946562199171
B           -3.58028877215017       -2.17351554751977        0.04492136453356
B            1.01280092639730       -2.87333185758690        0.00586613842055
B            2.50425543686567       -2.97032568581311       -0.27477195002606
B            5.31171159879063       -3.84834934271721       -0.46641362599584
B            6.36896309498701       -4.88102550517112       -0.78350701689217
B           -6.44163702454172       -3.17685960956191        0.22532163380464
B           -6.71716839453778       -1.63895283457990        0.24366182897761
B           -2.03899895415252       -2.31260202350993        0.20313607615032
B           -0.47032077518126       -2.46168636672282        0.17744941918774
B            4.04816955386257       -2.86155977594552       -0.19894548634967
B            5.76808521542036       -2.27661856431084       -0.21055113738660
B            6.83809144289094       -3.27369835250064       -0.95468921789511
B           -7.66367415057250       -0.29410077571592        0.12948962493850
B           -6.03663964345240       -0.14065102142843        0.08899432548394
B           -4.43829886099041       -0.55371131352430        0.10212353984188
B           -2.75810433547328       -0.65835822239636        0.31176831678823
B           -1.05203032130864       -0.92743904392225        0.57779735263094
B            0.51479093058956       -1.17120479996195        0.68609725295701
B            3.13914761957993       -1.44395378265872       -0.05516851408275
B            4.71359573350673       -1.10369114232360        0.38655633537323
B            6.28048201049779       -0.75882829203534        0.27504959717502
B            7.73803999070400       -0.30488471751481        0.94059622837892
B           -6.95413059713381        1.19195592026084        0.11367222064286
B           -3.43390726209169        0.78347878647603        0.05300721518225
B           -1.65981922466476        0.53584917628120        0.13738458191048
B            1.86347531529257       -0.38721099555628        0.32338789066923
B            3.58794762517634       -0.12272439116433        0.81918524350103
B            6.97512794200862        0.62932479831407       -0.17013700952564
B            8.36948373683139        1.07335850750856        0.41733710038305
B           -7.68916930015657        2.75910924410214        0.19560392476022
B           -6.13645269187671        2.52350876444032       -0.06697774947728
B           -3.61941439223915        2.34034417302020       -0.21567131495258
B           -0.93163350162081        1.85631240393855       -0.34269942198361
B            1.61805996839235        1.06542591726048       -0.35855362213942
B            3.00684220054318        1.33586617346311        0.58857927468689
B            6.33229829568465        1.87803386583793       -0.95873416298473
B           -6.56728025118508        4.03834235834354       -0.09386270497437
B           -4.89783670442641        3.50940294241663       -0.30925570050379
B           -3.44759733048996        3.90134167938607       -0.55549345109375
B           -2.05154066238151        3.24742025741043       -0.61687232751974
B           -0.51920406606868        3.31424055647830       -0.81536073192602
B            0.70011134723032        2.38221971617018       -0.65860157577211
B            2.32065043884788        2.53291685437745       -0.37009155050643
B            3.81314748796828        2.65152831366133       -0.02586084098294
B            5.36687335462259        2.87285252920470       -0.12675179434327
B            6.12350160298577        4.03119250105153        0.67486354546042
H            6.27185050524979        5.12439348701989        0.24933787570400
H            8.32661824993860       -1.04924731885326        1.62766157800412
H            6.52679709480439        2.00812867634890       -2.12031215617301
H           -7.35690552797011       -5.22523351134689       -0.69665460736933
H           -6.83538277454215        5.17808886551867       -0.14479089065356
H            9.25858571165885        1.82920829746178        0.45295579303664
H           -8.82299570322687       -0.46802053517328        0.01496005795262
H            6.85894060013589       -5.93816576249851       -0.89281362458031
H           -8.82471224645954        2.94484722997133        0.42472353160137
H            7.86087996174390       -2.92988988021598       -1.42993302630017
H            6.56119962905419        3.86865943066388        1.76145399250862
H           -7.12347207674225       -5.28852680451620        1.26535480605398
60
 energy: -64.267027415964 gnorm: 0.005567536467 xtb: 6.7.1pre (5071a88)
B           -6.98118716854161       -4.65450149971659        0.27647372191881
B           -5.09534362075465       -2.31349006111930        0.16934128446271
B           -3.58299616740942       -2.17470650667801        0.09374799393616
B            1.01059633289674       -2.86909287941062        0.01596751228724
B            2.49953755196163       -2.97075225095045       -0.27840268485339
B            5.30754220541780       -3.84326266092845       -0.50229665587837
B            6.35842143089207       -4.87309488955761       -0.85500828428304
B           -6.44298884011525       -3.17758163221672        0.24788448526609
B           -6.72917176621813       -1.64050514048988        0.26274637035000
B           -2.04229957730922       -2.31416027680900        0.24108645123858
B           -0.47340989404401       -2.46275257671564        0.20124409468509
B            4.04437767036766       -2.86113550397173       -0.21544237827722
B            5.76368649726183       -2.27339157147594       -0.22845912959324
B            6.83312660292486       -3.26180002474217       -0.98267381871712
B           -7.66931038704428       -0.29073985006664        0.15860620002001
B           -6.04111306699320       -0.14433860305993        0.10766914992576
B           -4.43929991791127       -0.55624097996556        0.12842303522371
B           -2.75421618215068       -0.65689597174124        0.32263200748944
B           -1.05021278990832       -0.92360637972647        0.59648039024489
B            0.51785042248936       -1.16724202048334        0.69132012438671
B            3.13664735878254       -1.44399045345954       -0.06400168598716
B            4.71116717330809       -1.10360856454365        0.37521537374021
B            6.27786057603426       -0.76054742125050        0.27741869122951
B            7.72640798984681       -0.31312870896853        0.96677680733320
B           -6.95290670863602        1.19133608482690        0.12961903416207
B           -3.43487105696249        0.78181076638088        0.06264657804614
B           -1.66019928071915        0.53778915543435        0.14209216250722
B            1.86202780050903       -0.38331730123066        0.31261041706390
B            3.59005719741516       -0.11708962302427        0.80037632656897
B            6.98741153308333        0.62687656467713       -0.15520645034748
B            8.37022053136973        1.06736447737519        0.46231979805063
B           -7.68559824863525        2.76146942099967        0.21027057075088
B           -6.13728955720501        2.52266052259726       -0.07694983847866
B           -3.61982367530024        2.33664886449380       -0.21717241180498
B           -0.93151601408737        1.85403979585052       -0.34997164462027
B            1.61780102634367        1.06390410825970       -0.37592243187747
B            3.01051035042648        1.34099842726925        0.56399657459054
B            6.35294635139996        1.87505700677606       -0.95259639463594
B           -6.56647893279442        4.03795178929781       -0.10801277802728
B           -4.89830217592780        3.50680095363249       -0.32092522028809
B           -3.44668911305855        3.89596312562782       -0.56287074124347
B           -2.05085998696692        3.24297194715413       -0.62453163574345
B           -0.52021664290736        3.31046007964667       -0.82850067527695
B            0.69863302495736        2.37847404063401       -0.67637097803032
B            2.32139767712422        2.53111322693490       -0.40064476438730
B            3.81422239912093        2.65493237750626       -0.06073742301378
B            5.36983680046732        2.87091411620004       -0.14310289469038
B            6.12039651287849        4.02912082097147        0.66512166563009
H            6.28552842762880        5.11903071849308        0.23486453948061
H            8.30809466729337       -1.06135224100592        1.65674234903373
H            6.56768847520304        2.00422792321790       -2.11081712311763
H           -7.30619271439245       -5.22926606502011       -0.71361775973975
H           -6.83611811068231        5.17641819263173       -0.17616109473873
H            9.25997510961576        1.82119707837876        0.52176598254094
H           -8.82943780765899       -0.45475930232772        0.04610931032142
H            6.84903084379023       -5.92866901321269       -0.99944176512937
H           -8.81748097194725        2.95035857516829        0.45553131721597
H            7.86395334441398       -2.91738986531975       -1.44087421365878
H            6.53825385517972        3.86980955105842        1.76001601363766
H           -7.15129836412667       -5.29822887230533        1.26359654310696
60
 energy: -64.267132106874 gnorm: 0.005167008543 xtb: 6.7.1pre (5071a88)
B           -6.97362353884446       -4.65132591675169        0.27872719028373
B           -5.09973889539883       -2.30326911857397        0.19010448514913
B           -3.58560464849051       -2.17680638584431        0.11451251839231
B            1.00704967922303       -2.86755603465099        0.02114138588300
B            2.49408124140963       -2.97752594419744       -0.28006021202107
B            5.30388143185050       -3.84362840183823       -0.53188733914474
B            6.35209975418037       -4.86748883302185       -0.89757513656559
B           -6.44394812649182       -3.17280562917098        0.25685831088465
B           -6.73530279206675       -1.63651356259995        0.27200386768437
B           -2.04609638697411       -2.31728106327525        0.25649253947564
B           -0.47815926349830       -2.46747578881365        0.21120689810118
B            4.03956887403906       -2.86883655794324       -0.22853385581627
B            5.76047029424789       -2.27338429713497       -0.24472792186611
B            6.83323765814134       -3.25667156233191       -0.99282655940732
B           -7.67109005872734       -0.28389245080983        0.17859959257861
B           -6.04214187709971       -0.14282865605721        0.11646830289866
B           -4.43991381908134       -0.56082640140182        0.13811019154437
B           -2.75167711608204       -0.66103888278857        0.32378392811218
B           -1.05182739348191       -0.92727942696693        0.61254434713818
B            0.51471537487708       -1.17204168958170        0.70071360255222
B            3.13417819671769       -1.45214992528884       -0.05825517460430
B            4.71049449870581       -1.10732311058058        0.36950409542144
B            6.27484601429647       -0.76279062362117        0.27382376923366
B            7.71603571264755       -0.31440424480219        0.97528498506070
B           -6.94762683008940        1.19515305692763        0.13571361952314
B           -3.43436922977913        0.77595162395572        0.06217991441887
B           -1.66171355616153        0.53458691480944        0.14945420720439
B            1.85727821814910       -0.39152808126698        0.31232935073708
B            3.59188018920245       -0.11918413180499        0.79370273063283
B            6.98797122381104        0.62499946928604       -0.15227145093991
B            8.35742099824379        1.07204979978802        0.48726848004438
B           -7.67587461167978        2.76970186097513        0.22013279643365
B           -6.13245160116879        2.52355878812866       -0.08151159121897
B           -3.61501019539319        2.32979746485391       -0.21996868876397
B           -0.92798838807238        1.84477177933381       -0.35123680436783
B            1.62141965227382        1.05276143474181       -0.38024311247826
B            3.01649624952485        1.33963417560275        0.55419670264123
B            6.35741376065216        1.87765976651768       -0.94516190156474
B           -6.55657570683964        4.04058233679588       -0.11355981322137
B           -4.89153034268264        3.50446413773343       -0.32585592175328
B           -3.43895446544454        3.88869745639192       -0.56829732351688
B           -2.04495152583276        3.23357255535125       -0.62910966965247
B           -0.51577008726465        3.29947348736052       -0.83672090757746
B            0.69969729002522        2.36455782573262       -0.68453318553801
B            2.32286508009801        2.52042692673034       -0.41855222014589
B            3.81434281505904        2.65560148836735       -0.07836480136783
B            5.36904740046455        2.87522587615802       -0.14819046902549
B            6.11262846544127        4.03800049425757        0.65985515662521
H            6.28514197289559        5.12354064056272        0.22327676658047
H            8.29905464965483       -1.06468921435410        1.66189696120838
H            6.58053998520225        2.00911900028298       -2.10024192105945
H           -7.28239378181295       -5.22307196705382       -0.71430990639807
H           -6.82489782344531        5.17831367131605       -0.19306263504136
H            9.23958003886993        1.83252452235509        0.56792688578450
H           -8.83237854390495       -0.43839860789945        0.07088046634417
H            6.84643460601393       -5.91599174181581       -1.06151173209772
H           -8.80400926835682        2.96355573028233        0.47542408011932
H            7.87053408820405       -2.91876223711591       -1.44152858681523
H            6.51777920881550        3.88755919405985        1.75950127233926
H           -7.15418574877638       -5.30000998929967        1.25447944094483
60
 energy: -64.267219065263 gnorm: 0.004556281203 xtb: 6.7.1pre (5071a88)
B           -6.96518490209229       -4.65413723252590        0.27803452126178
B           -5.10135811210913       -2.29415655548189        0.22373275671670
B           -3.58618527430982       -2.17858546161278        0.14325765949705
B            1.00540485229172       -2.86345724159284        0.02964639517945
B            2.49036444185920       -2.97986624533843       -0.27882744196430
B            5.30121432619729       -3.84093465838906       -0.55801309158607
B            6.34541544284025       -4.86241042736542       -0.94537861201160
B           -6.44397299153353       -3.17123828076900        0.27100912781340
B           -6.74110676786513       -1.63715170946306        0.28450570914726
B           -2.04703459897929       -2.31615895807786        0.27966236409312
B           -0.47909792031764       -2.46529298240082        0.22358885296685
B            4.03592345719527       -2.87066917069595       -0.23745491941089
B            5.75937718584573       -2.27294831305968       -0.25561192323183
B            6.83127397914948       -3.25037011481558       -1.01387016986644
B           -7.67218331330067       -0.28184044785483        0.20174903474046
B           -6.04291461096414       -0.14496839169698        0.12985475840843
B           -4.43928585616760       -0.55990739968103        0.15614821581675
B           -2.74899348953844       -0.65914646144431        0.33111118659410
B           -1.05051145181843       -0.92244004416377        0.62111163569763
B            0.51488529384891       -1.16798860011737        0.70481431166753
B            3.13156524110205       -1.45306964206660       -0.06211917825119
B            4.70903938809951       -1.10876612676084        0.36357996975587
B            6.27459427454981       -0.76570614402814        0.27311884741731
B            7.70782397778702       -0.32137415605075        0.99163285463180
B           -6.94507334886783        1.19564062758322        0.14624432417409
B           -3.43458221935097        0.77555010263249        0.06755093610034
B           -1.66123567472386        0.53717927164977        0.14945774048201
B            1.85640105230501       -0.39012798063986        0.30859230006419
B            3.59061524271190       -0.11846295937397        0.78545259352952
B            6.99335481767942        0.62248100112748       -0.14212089173451
B            8.35448751494142        1.06697248157543        0.51612317025174
B           -7.67146354201431        2.77228352426772        0.23061361901162
B           -6.13201339032189        2.52210327922168       -0.09095614567236
B           -3.61479411638756        2.32817592561841       -0.22272481990184
B           -0.92619090028961        1.84348934581805       -0.36035245694606
B            1.62082474056545        1.05104497676773       -0.39124161430071
B            3.01623795575723        1.34001050908714        0.54093774916956
B            6.36581754513496        1.87334397232145       -0.94154938747568
B           -6.55537872690493        4.03998551380478       -0.12186226433938
B           -4.89117019169613        3.50323339337078       -0.33407197442067
B           -3.43783905056724        3.88650211994567       -0.57348717637210
B           -2.04410370710498        3.23121232563509       -0.63569998835823
B           -0.51585650452719        3.29867623662505       -0.84858424178495
B            0.69953162102543        2.36291234211360       -0.69874685157326
B            2.32352120651258        2.51771164314281       -0.43770214756944
B            3.81412399913298        2.65519590107340       -0.09575168095248
B            5.36923734929388        2.87351681791743       -0.15728140669750
B            6.10751283643998        4.03872621030832        0.65285324751650
H            6.28943821182665        5.12049308919811        0.21134360502092
H            8.28370778009420       -1.07315625349490        1.68398078982789
H            6.60844819370380        2.00641164062527       -2.09524959472899
H           -7.24539541810990       -5.22738647831372       -0.72677569890048
H           -6.82436818202603        5.17728084031475       -0.21193598831097
H            9.23543883270531        1.82761469295057        0.61211037692094
H           -8.83487317701791       -0.43200475497805        0.09910377788928
H            6.84011750807123       -5.90623672152121       -1.13060400825345
H           -8.79733872041359        2.96559004180787        0.49840510800124
H            7.87243444275507       -2.91333508716585       -1.45045397986561
H            6.50019629625614        3.89249206967017        1.75794022094534
H           -7.17044384836316       -5.30347389523328        1.25115989417633
60
 energy: -64.267329781609 gnorm: 0.004972819413 xtb: 6.7.1pre (5071a88)
B           -6.95497824443122       -4.65487192035219        0.27466938624853
B           -5.10181759894730       -2.28345683318975        0.25379441565215
B           -3.58598351568584       -2.18099626779263        0.16574623113494
B            1.00416901511813       -2.85993667637875        0.03843514912948
B            2.48682497916990       -2.98586191472670       -0.27591811841064
B            5.29944343733796       -3.83834618223080       -0.57865528462321
B            6.34019218027694       -4.85643162787000       -0.98795685712413
B           -6.44231005390715       -3.16779712982139        0.28024586595708
B           -6.74510440959991       -1.63734933854145        0.29476413902129
B           -2.04723236995701       -2.31339826962249        0.29899270365474
B           -0.47934769824272       -2.46163096300022        0.23224763652959
B            4.03178431996759       -2.87608045481169       -0.24598054249103
B            5.75975471455105       -2.27416987246183       -0.26537026739620
B            6.83140157465698       -3.24542156050616       -1.03136592843065
B           -7.66997652915423       -0.27851487831748        0.22940650628357
B           -6.04141314569087       -0.14655224419239        0.14418576394346
B           -4.43697344599351       -0.55564978153612        0.17384208655759
B           -2.74592103280258       -0.65736814992700        0.33689330090950
B           -1.04956690995990       -0.91701465201144        0.62802225646251
B            0.51428963891142       -1.16403185701749        0.70908305223363
B            3.12848253058997       -1.45700924392233       -0.06280381943782
B            4.70732562149305       -1.11219714910332        0.35866186914773
B            6.27464521040180       -0.76972133523587        0.26710883200222
B            7.69844077192251       -0.32946598885378        1.00475532535810
B           -6.93978691618770        1.19726628395846        0.16064219045095
B           -3.43311329038385        0.77561809809006        0.07055450749702
B           -1.65941978392363        0.53965077020112        0.14492851336037
B            1.85664961550976       -0.39131138985878        0.30920267608813
B            3.58750353587778       -0.12318525483920        0.78356031249804
B            6.99627777425440        0.61975260338682       -0.13507246081310
B            8.34729061758136        1.06265599555121        0.54427687387969
B           -7.66309918676029        2.77723477912318        0.24340908401834
B           -6.12930054192304        2.52055653164006       -0.10567788958489
B           -3.61210073970160        2.32734893956162       -0.22769068996408
B           -0.92155678156997        1.84103015515344       -0.37406272511782
B            1.62079450367234        1.04689104261699       -0.40003764244709
B            3.01395261813172        1.33515383231884        0.53298963736028
B            6.37203415563230        1.87051567994884       -0.93748010550171
B           -6.55173011349816        4.04002262172688       -0.13020299664970
B           -4.88880479146579        3.50296267570227       -0.34528859409593
B           -3.43428260714090        3.88569668807913       -0.57941071779185
B           -2.04131694051120        3.22870083734876       -0.64412499567332
B           -0.51386854532033        3.29809528923976       -0.86274244875442
B            0.70092947121473        2.36007729773810       -0.71394544943526
B            2.32500596415447        2.51150507383053       -0.45332279557912
B            3.81378186349828        2.65003700508990       -0.10399679502781
B            5.36888332236423        2.87027830149156       -0.16073542380354
B            6.09751980882593        4.04410907523579        0.64601213248421
H            6.28395727535641        5.12012628634409        0.19538621701706
H            8.26575898327063       -1.08348125008311        1.70283708922530
H            6.61605894395510        2.00064964149754       -2.08951997585732
H           -7.20964089255928       -5.23049927589371       -0.73562835094872
H           -6.82035441107588        5.17690314184289       -0.22824041825948
H            9.22343662903717        1.82661182613324        0.65583997280636
H           -8.83505803523012       -0.42433885008906        0.13767024254408
H            6.83232306302602       -5.89786585582713       -1.20922334097185
H           -8.78618050876170        2.96761832011377        0.52517345559962
H            7.87403065597091       -2.91068881970081       -1.46068789817277
H            6.47932246702083        3.90832524275521        1.75627402310568
H           -7.18364722237040       -5.30168804800440        1.24553108420803
60
 energy: -64.267411295473 gnorm: 0.005902857047 xtb: 6.7.1pre (5071a88)
B           -6.94800787636678       -4.65287250394135        0.27035800507740
B           -5.10220799714542       -2.27513614370240        0.26924475186792
B           -3.58618852429976       -2.18282614839102        0.17500116878557
B            1.00352157540980       -2.85980648752945        0.04448941388027
B            2.48445046732478       -2.99260996229396       -0.27387128629594
B            5.29857076956590       -3.83835266045486       -0.59811847819000
B            6.33603315068572       -4.85367637031223       -1.02317264251903
B           -6.44011967267814       -3.16416378380376        0.28216712565919
B           -6.74660874938800       -1.63664125467005        0.29892684517560
B           -2.04731095960798       -2.31173898903673        0.30830303093408
B           -0.47983188163634       -2.45935552655064        0.23634570521264
B            4.02839093380194       -2.88349015882704       -0.25328176620737
B            5.75979773057931       -2.27674064273921       -0.27406927117761
B            6.83192931217058       -3.24303890051183       -1.04591364804603
B           -7.66630507533129       -0.27375426268978        0.25268963119056
B           -6.03921269821195       -0.14605358921758        0.15494431731897
B           -4.43494284833478       -0.55056486781622        0.18533976544969
B           -2.74387831842255       -0.65722398124567        0.33779411186093
B           -1.05022063851783       -0.91460242456065        0.63209607485032
B            0.51359256118292       -1.16314399648323        0.71277642909955
B            3.12715302383491       -1.46372716073983       -0.05915654248964
B            4.70617679206718       -1.11759093192713        0.35551974814429
B            6.27444452409457       -0.77453157950074        0.26032665390525
B            7.69116349591706       -0.33447288327172        1.01121915039796
B           -6.93386930332197        1.20056360152808        0.16833406468175
B           -3.43063528231675        0.77599462776450        0.07061425661805
B           -1.65765414106430        0.53964046768771        0.13850187857795
B            1.85835825058281       -0.39560127011083        0.31350947431585
B            3.58530223123583       -0.13100839256554        0.78709213621967
B            6.99401986585227        0.61748517356520       -0.13045513364517
B            8.33592878968329        1.06318982767469        0.56388572874795
B           -7.65356092035165        2.78342447908523        0.25446613622183
B           -6.12612542560163        2.51938155452505       -0.11862839726097
B           -3.60791390543126        2.32718554878493       -0.23411919224934
B           -0.91673683100359        1.83712467952642       -0.38587995678233
B            1.62158495987134        1.04064126467862       -0.40247626880613
B            3.01195751120424        1.32734873222502        0.53299092689702
B            6.36914716963728        1.86701219909400       -0.93384238700678
B           -6.54635874668304        4.04075240057196       -0.13495020229654
B           -4.88505284385040        3.50257170699521       -0.35270246353682
B           -3.42945874673511        3.88568066525863       -0.58232032071190
B           -2.03756789766844        3.22614395920461       -0.65229440588136
B           -0.51037199612406        3.29583561408663       -0.87271826656866
B            0.70303176896100        2.35497239847433       -0.72279039624371
B            2.32661190300772        2.50332516482348       -0.45909262266341
B            3.81327368650031        2.64241976620023       -0.10066912654387
B            5.36742840933252        2.86813870520663       -0.15811113102450
B            6.08674373823944        4.05238080421727        0.64166351795308
H            6.27070200996742        5.12379543047683        0.18148286831350
H            8.25447022170913       -1.09168526056387        1.70765784972216
H            6.61666654815323        1.99789748148133       -2.08551117697227
H           -7.18467672428814       -5.23295443808226       -0.74093802594997
H           -6.81376250718297        5.17757011557123       -0.23779971206490
H            9.20555005740937        1.83216363054090        0.68462310375877
H           -8.83355068404830       -0.41593652199943        0.17446873199121
H            6.82634813861865       -5.88750774889060       -1.25207602296110
H           -8.77362932540097        2.97196745369062        0.54602593144156
H            7.87921367131903       -2.90821372805881       -1.46229751679137
H            6.46368681328282        3.92940275563363        1.75466584478924
H           -7.19111056019348       -5.29592663808392        1.23973198183257
60
 energy: -64.267499958070 gnorm: 0.005756980378 xtb: 6.7.1pre (5071a88)
B           -6.93876939931766       -4.65168190089901        0.26715069778908
B           -5.10486597154890       -2.26302251276135        0.29712014694533
B           -3.58791149111054       -2.18353695285185        0.19576737739527
B            1.00215449984874       -2.86184520015158        0.05483479587467
B            2.48076799448404       -3.00031999313391       -0.27192213684279
B            5.29853152579990       -3.83576364519091       -0.62699207842810
B            6.32982327740747       -4.84683932267662       -1.07464244245126
B           -6.43844682031172       -3.16108900976544        0.28896123460890
B           -6.75109534350216       -1.63617641893405        0.30818566169023
B           -2.04870812455770       -2.31175871991949        0.32620022469181
B           -0.48143092173835       -2.45793732968575        0.24751944712680
B            4.02413257322971       -2.89101403777861       -0.26660471497876
B            5.75824710444582       -2.27826480843687       -0.28667909210588
B            6.83322086595817       -3.23615531774249       -1.06300000975544
B           -7.66403867701328       -0.26705563818720        0.28695785130995
B           -6.03868168207936       -0.14539412901854        0.17092370662888
B           -4.43368291875493       -0.54558189054405        0.20448409125003
B           -2.74130727020114       -0.65677614059554        0.33972249223454
B           -1.05146955297486       -0.91255003683505        0.64111908882457
B            0.51410816463336       -1.16320692043366        0.71876307795413
B            3.12541809793445       -1.47071261451261       -0.05998325223091
B            4.70391839366683       -1.12277047998011        0.34705861866065
B            6.27269543911887       -0.77973025544648        0.25413292345791
B            7.68181594680881       -0.34323388989288        1.02133130555848
B           -6.92791756983673        1.20463016357040        0.17881703199969
B           -3.42717908959375        0.77667500516355        0.07045888425262
B           -1.65616172333351        0.53878619794970        0.13380194586547
B            1.85994736077195       -0.39932727519170        0.31581890957153
B            3.58450375249449       -0.13764959827856        0.78530187896177
B            6.99476871153100        0.61484557362475       -0.12100026260492
B            8.32479488806035        1.06237697483289        0.59556521963446
B           -7.64225705895600        2.79068343111028        0.27143980683969
B           -6.12404557435013        2.51814773454874       -0.13723116774800
B           -3.60237059942905        2.32666645641251       -0.23456505502834
B           -0.91224428270880        1.83139187762074       -0.40114868953263
B            1.62207035486334        1.03289384111615       -0.40898667297059
B            3.01142401209665        1.32073925603661        0.52684988068417
B            6.37287379046390        1.86287637909498       -0.92822995537488
B           -6.54042120889099        4.04164599710869       -0.14458397199345
B           -4.88137352927133        3.50075186890151       -0.36520165948867
B           -3.42493729028353        3.88369856123163       -0.59195428843834
B           -2.03303452298443        3.22337502681411       -0.66016575623756
B           -0.50669051970570        3.29108611032491       -0.88585533689331
B            0.70510071219260        2.34752074633679       -0.73635671994246
B            2.32934173911243        2.49329790631542       -0.47283565085553
B            3.81379223325280        2.63443025468902       -0.10537486730307
B            5.36765772641156        2.86570165129984       -0.15904218574265
B            6.07511414713798        4.06075860864166        0.63502827882579
H            6.25622383712807        5.12802860825684        0.16429272167237
H            8.23685547414790       -1.10386313115936        1.71960657828860
H            6.63032230393848        1.99412773732699       -2.07895999231275
H           -7.14486941249358       -5.23788684229436       -0.74816689861098
H           -6.80710214720592        5.17805827353839       -0.25699476561672
H            9.18732552128195        1.83797540911581        0.73695850947578
H           -8.83354514099715       -0.40248660106675        0.22681689498537
H            6.80842029150963       -5.88274929047682       -1.34053942717061
H           -8.75795096740037        2.97959502527253        0.58038554631900
H            7.88549739403501       -2.89570223855654       -1.46791957486913
H            6.44293620033461        3.95294097004560        1.75298355401822
H           -7.20291652355389       -5.29256250390221        1.23057824213739
60
 energy: -64.267604410009 gnorm: 0.005023023652 xtb: 6.7.1pre (5071a88)
B           -6.93293980607109       -4.65044843991995        0.26294629553833
B           -5.10705334111410       -2.25653818962637        0.30512437248189
B           -3.58973556044670       -2.18264959504564        0.20047769071698
B            1.00122411111409       -2.86782409106529        0.05811171725329
B            2.47865499907512       -3.00705719945205       -0.27074188064232
B            5.29925112836263       -3.83444532962001       -0.64305835796131
B            6.32565271736096       -4.84257283265961       -1.10728464553950
B           -6.43595912317089       -3.15957244673058        0.28664444669513
B           -6.75181711693093       -1.63511084147780        0.30999133220211
B           -2.05034040957690       -2.31359574283865        0.32896873139167
B           -0.48272024993125       -2.45910509587209        0.25081511038538
B            4.02175486925734       -2.89684079324921       -0.27661066595009
B            5.75638667110746       -2.28004865243080       -0.29381072364890
B            6.83242804482145       -3.23337121557849       -1.07523709057986
B           -7.66041358719777       -0.26076128029068        0.31104270730843
B           -6.03789991347839       -0.14280742436478        0.18013661321913
B           -4.43267261480300       -0.54033774262307        0.21142597968277
B           -2.73999698129230       -0.65849079803214        0.33495301812357
B           -1.05249373565621       -0.91416645170495        0.64297883740911
B            0.51523976611701       -1.16724285356951        0.72217443037568
B            3.12509820285243       -1.47728821067964       -0.05998271912373
B            4.70264498914909       -1.12823094428329        0.34415070739683
B            6.27059982128406       -0.78331688196114        0.25138104735547
B            7.67815683452504       -0.34743866638234        1.02305821226243
B           -6.92288283714341        1.20828610433103        0.18678861162547
B           -3.42316741959213        0.77809228091941        0.07329803939676
B           -1.65519706799139        0.53553618094836        0.12864870221375
B            1.86165390148943       -0.40277260062394        0.32160304060860
B            3.58494270192322       -0.14476798170785        0.78747689296935
B            6.99236547356560        0.61340522086210       -0.11573584572240
B            8.31542462235540        1.06409154589272        0.61034998735808
B           -7.63113741692158        2.79741564154211        0.28198732861818
B           -6.12256264724684        2.51868160567932       -0.15404988337132
B           -3.59567634213015        2.32725012336209       -0.23678653701500
B           -0.90888787253578        1.82550847718600       -0.40956311601745
B            1.62323756106169        1.02572597406761       -0.40850946819606
B            3.01121973615765        1.31391644472102        0.52975552771687
B            6.37230914913743        1.86164599442120       -0.92243286422985
B           -6.53387064565833        4.04388973014396       -0.15094658683063
B           -4.87697475453438        3.49912335380726       -0.37489638723102
B           -3.41966419742331        3.88270612233438       -0.59787665174538
B           -2.02820122159908        3.22142203378803       -0.66854477430290
B           -0.50191732722294        3.28535173576894       -0.89078698827518
B            0.70773119894632        2.33955837678901       -0.73991074350739
B            2.33194788399259        2.48492720669230       -0.47280932641547
B            3.81448948467077        2.62655016635143       -0.09784355693930
B            5.36806368386858        2.86525971280261       -0.15291070044523
B            6.06522368887031        4.07054223003456        0.63355935555569
H            6.23237014039126        5.13705270736973        0.15498616999184
H            8.22914699835644       -1.11190167910470        1.71937366304240
H            6.61952867989443        1.98801627398166       -2.07326934226811
H           -7.12346444733431       -5.24230015968213       -0.74932308688947
H           -6.79912781908626        5.18008869514379       -0.26753010518769
H            9.17034260271729        1.84539483656187        0.75990412793298
H           -8.83092993400138       -0.38956352351129        0.26979628175426
H            6.79756250894581       -5.87749900316975       -1.38410095938117
H           -8.74302672481313        2.98831025025795        0.60469062506491
H            7.88999779210630       -2.89060292373179       -1.46847538654956
H            6.43497498743985        3.97685935617263        1.75138783529794
H           -7.21051483601767       -5.28687779094280        1.22504095502617
