89
 energy: -115.941091515042 gnorm: 0.046097620660 xtb: 6.7.1pre (5071a88)
O           -0.30024400000000        6.14848100000000        6.09390600000000
C           -0.29366100000000        4.78540800000000        6.09127100000000
C           -1.51837200000000        4.13191000000000        6.04943000000000
C           -1.55807600000000        2.73561000000000        6.04391000000000
C           -0.37322200000000        1.98894400000000        6.09233000000000
C           -0.45776900000000        0.52223300000000        6.05492400000000
C            0.34200300000000       -0.29087000000000        6.76407500000000
C            0.25080900000000       -1.75804300000000        6.72750800000000
C            1.43217500000000       -2.51170600000000        6.78162200000000
C            1.37001100000000       -3.90493800000000        6.77402700000000
O            2.50226600000000       -4.66590400000000        6.81529000000000
C            0.15041500000000       -4.56905000000000        6.72528000000000
C           -1.01947300000000       -3.82047000000000        6.68836200000000
O           -2.24440600000000       -4.42046400000000        6.64979100000000
C           -0.97974300000000       -2.42806600000000        6.69409000000000
C            0.85357800000000        2.66778100000000        6.11898400000000
C            0.89548500000000        4.06562200000000        6.12366400000000
H            0.61793700000000        6.46283900000000        6.12556300000000
H           -2.44045700000000        4.70522400000000        6.01981500000000
H           -2.52417900000000        2.23709600000000        6.01067700000000
H           -1.23477600000000        0.11723700000000        5.41038500000000
H            1.11489400000000        0.11464800000000        7.41217500000000
H            2.39239500000000       -2.00583300000000        6.82010600000000
H            3.27409900000000       -4.07629200000000        6.83685100000000
H            0.13305000000000       -5.65339200000000        6.72128500000000
H           -2.11580800000000       -5.38362800000000        6.65578700000000
H           -1.91630600000000       -1.87701000000000        6.68373300000000
H            1.78988100000000        2.11545600000000        6.12388500000000
H            1.85749300000000        4.56717500000000        6.14638600000000
B           -6.35114200000000       -2.85445600000000       -0.33955700000000
B           -3.86324600000000       -3.42757800000000        0.87124800000000
B           -1.05518500000000       -4.16513500000000        1.97935000000000
B            1.68531200000000       -4.23177000000000        1.35494900000000
B            2.97025700000000       -3.69227400000000        0.62187100000000
B            5.90758800000000       -3.84857200000000       -0.38002700000000
B           -4.76120800000000       -2.33072000000000       -0.40780900000000
B           -2.61985700000000       -2.21105900000000        0.84416000000000
B           -1.23265900000000       -2.39107400000000        1.77916200000000
B            0.28142600000000       -3.14460200000000        1.25858500000000
B            3.12800500000000       -2.13534000000000        0.03371700000000
B            5.28242800000000       -2.58067700000000       -1.14274000000000
B           -4.38265200000000       -1.05449800000000       -1.34613200000000
B           -3.19236900000000       -1.26848300000000       -0.23984100000000
B           -0.76674900000000       -0.91506900000000        2.14710700000000
B            0.43407000000000       -1.50985000000000        0.88252300000000
B            4.26033100000000       -1.27188400000000       -0.60571600000000
B            6.84520400000000       -2.47557700000000       -0.80648200000000
B           -5.00720400000000       -0.64365900000000       -2.84964900000000
B           -3.19520900000000        0.15430100000000       -0.92567200000000
B           -0.94694700000000        0.62330600000000        2.21038500000000
B            0.00158100000000       -0.02044200000000        0.90840200000000
B            4.87544400000000        0.22421900000000       -0.54758900000000
B            5.87856800000000       -1.06637800000000       -1.13057500000000
B           -5.76716400000000        0.85353600000000       -2.91756500000000
B           -2.89710200000000        1.62816700000000       -0.70834400000000
B           -1.23986500000000        2.13318400000000        2.08890900000000
B            0.18832000000000        1.54987200000000        1.05403100000000
B            4.25812300000000        1.58410600000000        0.06466300000000
B            6.30753200000000        0.43970400000000       -1.62584500000000
B           -5.73413200000000        1.75540900000000       -1.49381300000000
B           -3.34688600000000        2.97396100000000       -0.17455400000000
B           -1.66463200000000        3.61600500000000        1.79728000000000
B           -0.05897000000000        3.16403900000000        1.32348200000000
B            2.96563200000000        2.25887500000000        0.68436600000000
B            5.79192000000000        1.67251500000000       -0.69850700000000
B           -6.63890700000000        2.79998800000000       -0.84219300000000
B           -4.47457600000000        3.88733800000000        0.58792400000000
B           -1.77707600000000        5.17524700000000        1.21535600000000
B            1.17539300000000        4.40663800000000        1.32897800000000
B            2.59381000000000        3.92287400000000        0.87957500000000
B            5.35092600000000        2.98599700000000       -0.05410100000000
B           -5.31895500000000       -3.63481700000000        0.41646300000000
B           -2.48770900000000       -3.63285400000000        1.60554500000000
B            0.35957900000000       -4.72132700000000        1.90632000000000
B            1.72149800000000       -2.41621500000000        0.73450400000000
B            4.33870500000000       -3.47995000000000       -0.07292900000000
B           -5.09533100000000        2.84723300000000       -0.37349100000000
B           -3.03449500000000        4.31873500000000        0.93261200000000
B           -0.28693000000000        4.89506400000000        1.44259100000000
B            1.46162000000000        2.54819200000000        0.99240700000000
B            4.07838000000000        3.61976300000000        0.51063400000000
B           -4.59573000000000        0.59127600000000       -1.84153400000000
H           -7.36836900000000       -2.50274900000000       -0.81029300000000
H           -4.95906500000000       -1.37603400000000       -3.77389000000000
H           -6.32457900000000        1.26078000000000       -3.87154100000000
H           -7.61339800000000        3.40172800000000       -0.59757200000000
H            6.36123200000000       -4.93538300000000       -0.36023900000000
H            8.01626000000000       -2.46823700000000       -0.90614000000000
H            6.93915600000000        0.61460900000000       -2.61276000000000
89
 energy: -115.943988543751 gnorm: 0.022059555992 xtb: 6.7.1pre (5071a88)
O           -0.29511208709439        6.14449745539468        6.08620730782795
C           -0.29297404963135        4.77790815004199        6.08539188204406
C           -1.51562901608586        4.11949746380813        6.03665074724163
C           -1.55359727355667        2.73686045391200        6.01941516290042
C           -0.37842398212316        1.98126817385495        6.07234493522126
C           -0.46482151397184        0.52219513659164        6.05640913693818
C            0.34486893616058       -0.29622780536796        6.74675155408661
C            0.25315540197251       -1.75454517672570        6.72980384510913
C            1.42838218593652       -2.51191739183244        6.78850765321465
C            1.37270365099850       -3.89716887569146        6.77411660149947
O            2.50442711658439       -4.66051672635638        6.81368221408118
C            0.15062241061710       -4.55553651350709        6.71977088791145
C           -1.01857217476271       -3.80677310505818        6.67628697880394
O           -2.24216228136285       -4.40850559348500        6.63888491522375
C           -0.97304947145428       -2.41898852099305        6.67608648804742
C            0.84160591520156        2.65967959460155        6.11894970913774
C            0.88720904408625        4.04546399692490        6.12076839214767
H            0.61663525275023        6.46185847889184        6.11980700013753
H           -2.42791069853868        4.69620759173294        6.01289889755480
H           -2.51141367144429        2.23823455708490        5.99044468977829
H           -1.26100440636192        0.11383731461576        5.44775865694336
H            1.14227289437757        0.11173561232786        7.35698333382436
H            2.38687242826972       -2.01093598858954        6.82866728819609
H            3.27526656919794       -4.07898371887823        6.84097940319287
H            0.13197171998573       -5.63592189896892        6.72049422878196
H           -2.11956573972278       -5.36732692311908        6.64901783888240
H           -1.90122824839872       -1.86945825954925        6.66560436907777
H            1.76911158448938        2.10490008149236        6.13312370198013
H            1.84486554554055        4.54982115380581        6.14606127358739
B           -6.34992058013257       -2.85436016994368       -0.33949744672670
B           -3.86317784290230       -3.42623902985021        0.87517497012170
B           -1.05500427928699       -4.16584122115361        1.98471968626919
B            1.68533143881465       -4.23189134202869        1.35796815498264
B            2.96895611229079       -3.69283762330222        0.62224540222978
B            5.90682392313999       -3.84835576063761       -0.37927510212296
B           -4.76003247401749       -2.32961402673397       -0.40537190841504
B           -2.61967719608476       -2.21007807809607        0.84980146948165
B           -1.23325751382403       -2.39251463902900        1.78406734985156
B            0.28220095210368       -3.14410912468529        1.26703537381292
B            3.12715468129730       -2.13508729206026        0.03663328722322
B            5.28168718441429       -2.58068909185517       -1.14192569723043
B           -4.38099619019283       -1.05477019115670       -1.34488034713018
B           -3.18994388725578       -1.27023373421749       -0.23917690150823
B           -0.77034854203412       -0.91545085269201        2.15097297351381
B            0.43414083614632       -1.50933759857687        0.89010498492483
B            4.26032303927559       -1.27213491358294       -0.60266457317090
B            6.84458973753309       -2.47550577780255       -0.80632938074162
B           -5.00567889987011       -0.64393556375060       -2.84836474292659
B           -3.19449288383777        0.15383130731566       -0.92310722351956
B           -0.95333117747270        0.62243874771898        2.21501361608269
B            0.00347111300233       -0.01946472667029        0.91736806695769
B            4.87591681719949        0.22419420913219       -0.54627439666427
B            5.87750754068642       -1.06645720848290       -1.13093235827715
B           -5.76507631423092        0.85413833937803       -2.91724306522512
B           -2.89559817011535        1.62696178744156       -0.70445050002144
B           -1.24303396625798        2.13315389421295        2.09651865607621
B            0.18907274940324        1.54993520490232        1.06926284118593
B            4.25726232450530        1.58541657873165        0.06279324228277
B            6.30713458609427        0.43944586097239       -1.62584087904957
B           -5.73266672271728        1.75596488938487       -1.49409795809662
B           -3.34551222445784        2.97175312577678       -0.16882407567442
B           -1.66646036196873        3.61655238545378        1.80458973140893
B           -0.05868271198846        3.16444434296289        1.33877960202325
B            2.96464861382991        2.26049291413075        0.68285378758366
B            5.79120098345783        1.67295021046573       -0.69956154234586
B           -6.63761910314333        2.80225882855099       -0.84472955116116
B           -4.47364031503864        3.89141652348420        0.58458827956455
B           -1.77834938804648        5.17633046111676        1.22476357105242
B            1.17508775315051        4.40667114197058        1.33491314097723
B            2.59423164058931        3.92284145906320        0.88651142136707
B            5.35027739540775        2.98632892157447       -0.05500311917493
B           -5.31695744350938       -3.63621805205595        0.41517198956239
B           -2.48762656707547       -3.63334319537662        1.60983314887442
B            0.35963185530686       -4.72243528875657        1.90945342210678
B            1.72255649898407       -2.41565565129545        0.74272227846149
B            4.33742074903904       -3.48011737422155       -0.07309052062238
B           -5.09396409993068        2.84893083970109       -0.37399180674161
B           -3.03351130164310        4.31957544379244        0.93532175684191
B           -0.28802409581232        4.89485212723728        1.44968604652675
B            1.46231772127057        2.54979775870210        1.00324689150081
B            4.07837007032713        3.61947253106962        0.51349483134852
B           -4.59458877181682        0.59116014697930       -1.83972606305560
H           -7.36606171210888       -2.50350279635362       -0.81147183973871
H           -4.95877902823537       -1.37575352520255       -3.77233744127922
H           -6.32255352589372        1.26068911166158       -3.87074199647249
H           -7.61296066165418        3.40003504303066       -0.59774870549390
H            6.36123828318666       -4.93408648000305       -0.35888834438610
H            8.01522530492064       -2.46720547564103       -0.90505129019304
H            6.93924300552029        0.61402895234070       -2.61176929040443
89
 energy: -115.945832667126 gnorm: 0.012202759926 xtb: 6.7.1pre (5071a88)
O           -0.28779167418166        6.13990090645152        6.06972770555297
C           -0.29203642466630        4.77109368746833        6.06778083332885
C           -1.51585659006175        4.10931564997776        6.00879921012838
C           -1.55590006669077        2.73768307917193        5.98718079299870
C           -0.38902333174811        1.96966389189759        6.05383941574642
C           -0.48254199541916        0.52236199458785        6.06074744051330
C            0.36025792699668       -0.30276187090366        6.70865190020207
C            0.26136345825763       -1.74888162788097        6.71633372070130
C            1.43038746963777       -2.51261502027335        6.79264141550193
C            1.37674029052211       -3.89138056206833        6.77613957298218
O            2.50579872772577       -4.65958474104167        6.81759328176177
C            0.14981142073867       -4.54282368596729        6.71280216387907
C           -1.01755060449725       -3.79131557187224        6.65912791751259
O           -2.24048261437527       -4.39279597573334        6.61667394035143
C           -0.96443656947448       -2.40696777301794        6.64698843859221
C            0.82879982647465        2.64776307074819        6.11702504146918
C            0.87943712686345        4.02414723970226        6.11295893253951
H            0.61846145072359        6.45938828747638        6.11072361328555
H           -2.41795520911183        4.69456425527056        5.98771994111216
H           -2.50744568762130        2.23679998926078        5.94652419549705
H           -1.32034867332691        0.10806025896513        5.51404573567662
H            1.20004351634878        0.11001390339634        7.25964188518767
H            2.38888553861856       -2.01605688273612        6.84420763342260
H            3.27783209484996       -4.08709415573170        6.85125130640257
H            0.12754145629964       -5.62040610247652        6.71729846725959
H           -2.12630720449714       -5.34827802668613        6.63275011211250
H           -1.88565222582513       -1.85584218367761        6.62789467326208
H            1.74833034238861        2.08706711243328        6.14640275117106
H            1.83353866427514        4.53287311571061        6.14868046331226
B           -6.34689786776896       -2.85547155902768       -0.34027827003488
B           -3.86220480403018       -3.42476746556829        0.88093425489974
B           -1.05491925193590       -4.16710878942597        1.99422456969544
B            1.68529571552698       -4.23149115385751        1.36465877491703
B            2.96767861699973       -3.69244719608376        0.62653647997307
B            5.90488682365273       -3.84842882094233       -0.37862434351708
B           -4.75717396521248       -2.32942084483884       -0.40259841843777
B           -2.61702160736951       -2.21028631338098        0.85644471355663
B           -1.23416072865141       -2.39489877510108        1.79384704513132
B            0.28291851664724       -3.14360466684877        1.28086354285124
B            3.12607484250489       -2.13358025319244        0.04429950295153
B            5.27949232374761       -2.58024494083883       -1.13962629525413
B           -4.37768530463724       -1.05489279178486       -1.34196219189814
B           -3.18831110648009       -1.27166198383924       -0.23419967427624
B           -0.77561889865832       -0.91626848090150        2.16019201146333
B            0.43419490791238       -1.50843638581288        0.90442308854254
B            4.25864202089934       -1.27189594769907       -0.59810673279806
B            6.84250719109510       -2.47489226325013       -0.80497710742837
B           -5.00119307435583       -0.64388978796488       -2.84573397406445
B           -3.19245401815745        0.15329775709091       -0.91732980952277
B           -0.96209500314129        0.62140094905115        2.22526265291458
B            0.00617032303903       -0.01825539993610        0.93397586320139
B            4.87481506343502        0.22492792550235       -0.54477576348447
B            5.87451643858680       -1.06604667901533       -1.13080015479759
B           -5.76045960426689        0.85518937110114       -2.91547611707520
B           -2.89155547129577        1.62528988715608       -0.69481481463811
B           -1.24739525857888        2.13317041289995        2.11052522310529
B            0.18969361518281        1.55008893646997        1.09415069602430
B            4.25524129660346        1.58756829413330        0.06251209512745
B            6.30474786868511        0.43956366672480       -1.62581468797095
B           -5.72892320924718        1.75711816620172       -1.49322213558917
B           -3.34306777358422        2.96990172660112       -0.16007530831707
B           -1.66952305872723        3.61737670790423        1.81754260773985
B           -0.05825704754780        3.16502144595582        1.36483318422675
B            2.96350768439200        2.26220353914699        0.68637811369641
B            5.78866941930184        1.67401380641701       -0.70063264569541
B           -6.63573655329089        2.80285510316227       -0.84480459569645
B           -4.47201667725742        3.89727389502989        0.58155693576319
B           -1.77959017274485        5.17762993933356        1.24007238406822
B            1.17479739403120        4.40559294331858        1.34815750142585
B            2.59360188889658        3.92250403998964        0.89665223208182
B            5.34800372446714        2.98710747835280       -0.05549734838445
B           -5.31423859609134       -3.63696181948605        0.41597149698257
B           -2.48713585772258       -3.63448094700334        1.61657996786717
B            0.35964409239632       -4.72398999713694        1.91569987213190
B            1.72318934304929       -2.41504408796291        0.75487263418100
B            4.33564959441427       -3.47897079415163       -0.07059300546772
B           -5.09171732865099        2.85151406466585       -0.37289620801105
B           -3.03215916336051        4.32071726833111        0.94166700443474
B           -0.28918992384047        4.89416841688711        1.46410341986461
B            1.46299532074818        2.55228191925752        1.02141774815449
B            4.07674123697644        3.61893568922184        0.51678711935969
B           -4.59141812086112        0.59134390805030       -1.83585966898433
H           -7.36201552003681       -2.50459954258937       -0.81277393247872
H           -4.95654780930195       -1.37511109667108       -3.76954776577016
H           -6.31804596627978        1.25989531123151       -3.86902652915814
H           -7.61087860597897        3.40127383745445       -0.60236216703108
H            6.35981234416564       -4.93323544510071       -0.35793570970489
H            8.01276760384530       -2.46580534774577       -0.90227713513047
H            6.93945269863793        0.61306690806373       -2.60956172717937
89
 energy: -115.947290449027 gnorm: 0.020526891605 xtb: 6.7.1pre (5071a88)
O           -0.28056976794228        6.13620515270302        6.04476204764605
C           -0.29162033390326        4.76702390313670        6.04380748288016
C           -1.51868469698336        4.10670759524630        5.96852409070494
C           -1.56406855526206        2.73980084795983        5.94501115808955
C           -0.40291095163471        1.95997084442347        6.03604013074736
C           -0.50697699610862        0.52402448554534        6.06777679364486
C            0.38364966922334       -0.30842018273695        6.65575143817521
C            0.27385636656738       -1.74385627154348        6.69032342162540
C            1.43751671409582       -2.51578307723388        6.79259715006833
C            1.38024490798367       -3.89154090763971        6.77850410645752
O            2.50494028821246       -4.66618945189518        6.82946530934327
C            0.14854704616146       -4.53624870394088        6.70367694103016
C           -1.01526199650864       -3.77956056096352        6.63453422797798
O           -2.23956971637640       -4.37731092549657        6.58477447409921
C           -0.95461467950673       -2.39724969463200        6.60920455164782
C            0.81703888888746        2.63682951498070        6.11508848288835
C            0.87343427211110        4.00916633917619        6.10459063705513
H            0.62358379277123        6.45530697003534        6.09933186847256
H           -2.41313210648218        4.70216442630167        5.94050597532117
H           -2.51370968726379        2.23722940207634        5.89030012225271
H           -1.39402021516914        0.10540437197939        5.59597693746339
H            1.27231513813957        0.10741440629493        7.13451182015962
H            2.39732281618365       -2.02277964046620        6.85921088956573
H            3.28010789962317       -4.10065661448270        6.87069357002830
H            0.12069889048283       -5.61285168123195        6.71316221449584
H           -2.13401100655001       -5.33198344665125        6.61052207778681
H           -1.87190154871951       -1.84233282575745        6.57552155109119
H            1.73128559368407        2.06963008740548        6.16180661970733
H            1.82649457792546        4.51998869074227        6.15200010643842
B           -6.34336679827183       -2.85581093837104       -0.33840771637955
B           -3.86015747345599       -3.42463470803977        0.88664292248764
B           -1.05497233122807       -4.16864538021107        2.00624838457103
B            1.68516960545859       -4.23084679861284        1.37456903582575
B            2.96646442349020       -3.69131915098418        0.63454135931742
B            5.90175136023544       -3.84819844423624       -0.37728643638617
B           -4.75367890023679       -2.32888419139734       -0.39779249832102
B           -2.61410874095478       -2.21073271632899        0.86531010249370
B           -1.23544028600433       -2.39762430111260        1.80709283335890
B            0.28364661199955       -3.14314656626690        1.29813029095919
B            3.12416553636049       -2.13158029996869        0.05465038288859
B            5.27573097690590       -2.57922600125954       -1.13580488227883
B           -4.37291419788601       -1.05496163511734       -1.33723886423604
B           -3.18525952165054       -1.27415577484611       -0.22783659604985
B           -0.78165850679985       -0.91754980126065        2.17387590433081
B            0.43468958520162       -1.50727116568360        0.92397868799528
B            4.25558458801615       -1.27102694746358       -0.59134087337760
B            6.83903743780229       -2.47385771427513       -0.80303327928294
B           -4.99438929591602       -0.64379774263729       -2.84135949277132
B           -3.18932368532448        0.15261413234654       -0.90884300136594
B           -0.97134919014764        0.62033285589553        2.24008863001855
B            0.00932449652885       -0.01710521385449        0.95614758424265
B            4.87241266124336        0.22645392521859       -0.54193835062200
B            5.86979597549068       -1.06508872215568       -1.12943356206977
B           -5.75344955862000        0.85632265065550       -2.91244753313418
B           -2.88540728860010        1.62295018451117       -0.67991887964251
B           -1.25218996079337        2.13307081050085        2.12881111585010
B            0.19005022921465        1.55029587383863        1.12455865412826
B            4.25200199753052        1.59036025716354        0.06482600440448
B            6.30043954200771        0.44013490480660       -1.62508963188622
B           -5.72302998939689        1.75953630777666       -1.49199801261138
B           -3.33957064905311        2.96770915212667       -0.14742900043631
B           -1.67331021037359        3.61822286788157        1.83472023283660
B           -0.05791052191340        3.16558868801067        1.39734481059474
B            2.96198489302588        2.26358151334944        0.69526784754746
B            5.78379553041141        1.67599012918617       -0.70181870847663
B           -6.63143272874368        2.80687691125510       -0.84782877168650
B           -4.46967976262028        3.90328365450066        0.58075669277290
B           -1.78028234883315        5.17872628735996        1.25878392236790
B            1.17436259860548        4.40344143707105        1.36758079555067
B            2.59183904532083        3.92190310316241        0.90937633644750
B            5.34376545854312        2.98893219960639       -0.05618442061933
B           -5.31104875539625       -3.63768561025677        0.41819946616192
B           -2.48642469249055       -3.63630537710440        1.62447990553072
B            0.35966537189446       -4.72558997347048        1.92491005625412
B            1.72362964751293       -2.41440103779218        0.77033208619225
B            4.33306347876592       -3.47700597340638       -0.06585625894056
B           -5.08827700327823        2.85550211290838       -0.37136921785632
B           -3.03062842182433        4.32183029458137        0.95182884235464
B           -0.29027156700314        4.89323213731440        1.48420280238805
B            1.46341044258871        2.55502299983892        1.04481511343830
B            4.07356624285632        3.61816006126182        0.52133264998203
B           -4.58666171463538        0.59157637869172       -1.83006512209762
H           -7.35663145404104       -2.50748985270978       -0.81581023543116
H           -4.95193121834083       -1.37446954082613       -3.76521117898862
H           -6.31104059083654        1.25855150129792       -3.86661297580763
H           -7.60806869924012        3.40225598479785       -0.60602665947393
H            6.35662543803553       -4.93257331703663       -0.35713454341523
H            8.00906761785350       -2.46373451316666       -0.89887535236283
H            6.93884166736824        0.61215303960117       -2.60627659414864
89
 energy: -115.948727307239 gnorm: 0.023881289575 xtb: 6.7.1pre (5071a88)
O           -0.27485267761160        6.13444215361812        6.00873243231007
C           -0.29196426558270        4.76609604947010        6.01074759592885
C           -1.52251144121239        4.11073487607744        5.91356629020031
C           -1.57448840519656        2.74341079622874        5.89555009737569
C           -0.41669178892745        1.95461457908812        6.02108778555302
C           -0.53031413687422        0.52851118346725        6.07440119797405
C            0.40847462563164       -0.31445043771676        6.58983321915182
C            0.28782299517959       -1.74114845161150        6.64952588400889
C            1.44678272710613       -2.52174822003303        6.78647973652745
C            1.38190909589626       -3.89743693145576        6.78140114579892
O            2.50143824513893       -4.67901996048582        6.85195355551488
C            0.14698224098574       -4.53688317358149        6.69292689538860
C           -1.01184188712902       -3.77374867449729        6.60167867548714
O           -2.23943952392329       -4.36486045961044        6.54119105736022
C           -0.94450964866963       -2.39285373033114        6.55979917059972
C            0.80735768374106        2.63049047604889        6.11495628435594
C            0.86913697663528        4.00273760035989        6.09557316398757
H            0.63001092629462        6.45049809417643        6.08589561762447
H           -2.41227430427488        4.71512508039499        5.86581142953998
H           -2.52527647577555        2.24076768870528        5.81982372225040
H           -1.45404786605269        0.11189394121319        5.67381496271965
H            1.33239430636593        0.09849865572156        7.00043669790794
H            2.40833963387261       -2.03161310466090        6.87030737868774
H            3.28043172891697       -4.11777853290710        6.90140754630170
H            0.11264102242126       -5.61386117218966        6.70915264900416
H           -2.14167205853938       -5.32058974542408        6.58248322684518
H           -1.86041766447820       -1.83413654241823        6.50612975028780
H            1.71903276438700        2.05890353994103        6.18085019515248
H            1.82322729411876        4.51259399259266        6.15773722052524
B           -6.33800281499987       -2.85889875464692       -0.33935658452998
B           -3.85785536838951       -3.42476227724225        0.89427859731371
B           -1.05524671777069       -4.17048609846216        2.02080980911808
B            1.68485389527095       -4.23008315663060        1.38791821718885
B            2.96504833646284       -3.68962029088769        0.64624950600057
B            5.89720769069689       -3.84756043395213       -0.37511612916267
B           -4.74877660717519       -2.32945556450359       -0.39226101198786
B           -2.61029689762094       -2.21182138324129        0.87590881180599
B           -1.23699605065835       -2.40058795765792        1.82435100551583
B            0.28433710611204       -3.14279837983358        1.31889586348652
B            3.12162278813244       -2.12889821961388        0.06867972584976
B            5.27006473341467       -2.57745980174912       -1.13014508297094
B           -4.36635367256484       -1.05508175933979       -1.33062369629986
B           -3.18217625318557       -1.27649154952803       -0.21800197641165
B           -0.78817136664724       -0.91933924034692        2.19240489490825
B            0.43549871652936       -1.50591738669597        0.94864227547048
B            4.25091810395567       -1.26926271379756       -0.58198381953754
B            6.83387204095876       -2.47233781528137       -0.80027353018801
B           -4.98492737646177       -0.64355724777011       -2.83511984669415
B           -3.18501877965349        0.15216443405568       -0.89724580616687
B           -0.98076936917367        0.61915857374012        2.25982040631827
B            0.01266119823433       -0.01605470049314        0.98393122282622
B            4.86854960034914        0.22896770893412       -0.53723023884350
B            5.86305916042330       -1.06344009436569       -1.12646707869272
B           -5.74347994160257        0.85788652425163       -2.90788854172118
B           -2.87690145491934        1.62033098480913       -0.65991736237892
B           -1.25742600692852        2.13272177210550        2.15138608326229
B            0.19001054655906        1.55050342369672        1.16034590222169
B            4.24746116086724        1.59383934838841        0.07071992019983
B            6.29355864155875        0.44128707232847       -1.62359573415039
B           -5.71473596240053        1.76244632732180       -1.48908875849063
B           -3.33508044120922        2.96547734959881       -0.13127541381669
B           -1.67800372150989        3.61891358344271        1.85627746242007
B           -0.05781956322679        3.16609909701746        1.43611721330176
B            2.95991245449905        2.26450409396554        0.71019004507658
B            5.77619302956842        1.67902662282782       -0.70294926344448
B           -6.62574028464708        2.81028015651329       -0.84897079881327
B           -4.46661766010231        3.90897445463310        0.58295543552255
B           -1.78058468426702        5.17950677983125        1.28113462863660
B            1.17352496681175        4.40016325433365        1.39346899601200
B            2.58890203492043        3.92090475350644        0.92578789697761
B            5.33739374837848        2.99206669637115       -0.05702739390774
B           -5.30769540508539       -3.63827874187512        0.42241319468558
B           -2.48571991198395       -3.63858984160120        1.63422769648779
B            0.35957579549312       -4.72733257871399        1.93729213430508
B            1.72376760588063       -2.41371458405012        0.78939303077789
B            4.32956942821045       -3.47410443967634       -0.05838048793993
B           -5.08380942518281        2.85978186173485       -0.36773453640689
B           -3.02894478697275        4.32268481773625        0.96610430935662
B           -0.29144355843638        4.89217003097493        1.51003286785569
B            1.46344620142091        2.55780003025601        1.07392897296146
B            4.06859385133205        3.61727156965592        0.52727469412709
B           -4.57999758439250        0.59175653165491       -1.82213219235145
H           -7.35059709705305       -2.50911450904838       -0.81668092440947
H           -4.94453040600335       -1.37356273303322       -3.75932829613099
H           -6.30067681643536        1.25712462492088       -3.86336783490122
H           -7.60287512750917        3.40716422150361       -0.61363000529794
H            6.35129293908469       -4.93206767768640       -0.35655956102608
H            8.00376810854494       -2.46092364410860       -0.89504746660474
H            6.93692810805446        0.61143330554250       -2.60168503108299
89
 energy: -115.950157071928 gnorm: 0.019098389961 xtb: 6.7.1pre (5071a88)
O           -0.27382142867599        6.13575051732581        5.96700519870719
C           -0.29310853377071        4.76875198942721        5.97406368629496
C           -1.52418943189222        4.11819681615666        5.85325071472216
C           -1.57980728123229        2.74608260350125        5.84818948445996
C           -0.42208714001339        1.95589976104515        6.00709449612550
C           -0.53889665539130        0.53386543719127        6.07123830665146
C            0.42107144195540       -0.31934410389569        6.53066012712930
C            0.29562523058402       -1.74248562211115        6.60433163220834
C            1.45193497415167       -2.52809524788552        6.77199254962914
C            1.37912838025821       -3.90629854547554        6.78307039430845
O            2.49472108072146       -4.69223514759888        6.88211104233237
C            0.14478189334191       -4.54510925350153        6.68273223220818
C           -1.00927570808550       -3.77750413863474        6.56616925143573
O           -2.24068836951561       -4.36188355919246        6.49361108942486
C           -0.93899211116332       -2.39747268695379        6.50893690874841
C            0.80459425248998        2.63333657984377        6.11380002015570
C            0.86795669384967        4.00875631088078        6.08689832359777
H            0.63331510033777        6.44712284324546        6.07132536794709
H           -2.41414596319704        4.72504015881055        5.77566504130938
H           -2.53331239072518        2.24498252045858        5.75175016471904
H           -1.47887381014202        0.12510720966025        5.72278751933232
H            1.36203740570539        0.08543638789531        6.88879137404350
H            2.41451708316100       -2.03915237909850        6.86939469096323
H            3.27611516791566       -4.13086047252707        6.93729173847004
H            0.10601760995618       -5.62336390852582        6.70746742589952
H           -2.14664007684272       -5.31941413122208        6.55338358169775
H           -1.85631652921779       -1.83791012611049        6.43270797038311
H            1.71755528569663        2.06301000796461        6.19915541554929
H            1.82394430628900        4.51534044660713        6.16441944931999
B           -6.33371182640492       -2.85901621233854       -0.33458440813041
B           -3.85501921814394       -3.42662203820387        0.90077123783122
B           -1.05567569216397       -4.17226132846415        2.03545608718971
B            1.68435549451967       -4.22943970705335        1.40268022402201
B            2.96353059652386       -3.68772198652703        0.65980339183246
B            5.89186549710181       -3.84638046056799       -0.37218056456634
B           -4.74423968151704       -2.32956674707870       -0.38486966895980
B           -2.60708141891850       -2.21319179432018        0.88741389957251
B           -1.23876804456567       -2.40314163569581        1.84291222958018
B            0.28482068002645       -3.14263935932592        1.33949644364277
B            3.11876975959385       -2.12609893930511        0.08394744293940
B            5.26323017439680       -2.57503515449732       -1.12338858032022
B           -4.35904391329963       -1.05513593996844       -1.32266354212738
B           -3.17862765207453       -1.27866026827823       -0.20695901059321
B           -0.79377046354532       -0.92143140663744        2.21293948153083
B            0.43636451580534       -1.50468244195933        0.97396274443452
B            4.24534401215457       -1.26664548641171       -0.57122402723077
B            6.82769101974736       -2.47052352615382       -0.79681789747668
B           -4.97402440023351       -0.64337258135613       -2.82771384967945
B           -3.18005842419793        0.15203468809194       -0.88437862728042
B           -0.98807684288758        0.61792390690032        2.28150463360341
B            0.01516438089276       -0.01538620751670        1.01240814454044
B            4.86377929466474        0.23226892467059       -0.53088567828165
B            5.85536432870088       -1.06122738685151       -1.12180983328775
B           -5.73172562583479        0.85936641061346       -2.90270738444940
B           -2.86715946315983        1.61775236024585       -0.63786953483434
B           -1.26198524479883        2.13195975895839        2.17452732312687
B            0.18945605070309        1.55059748228583        1.19479463137885
B            4.24209614376357        1.59754569302843        0.07977543363029
B            6.28497571794019        0.44295415955030       -1.62117809239056
B           -5.70513280748546        1.76581018479938       -1.48554660517692
B           -3.33005479750908        2.96311783868537       -0.11329855588604
B           -1.68275380098477        3.61902249286353        1.87901569632776
B           -0.05817699628341        3.16634275941010        1.47380769262852
B            2.95743065068770        2.26463602409448        0.72930821877723
B            5.76661929155631        1.68291175964234       -0.70381839773904
B           -6.61806638658146        2.81601576437340       -0.85186228227844
B           -4.46325377755255        3.91260248217959        0.58877786513046
B           -1.78050248423431        5.17960279535583        1.30374024995222
B            1.17221413733371        4.39643805275321        1.42146929235731
B            2.58513471483945        3.91973122174383        0.94354025243368
B            5.32958892772383        2.99647585922626       -0.05816680033605
B           -5.30447861557676       -3.63926781923359        0.42721427569789
B           -2.48516497806734       -3.64126400412571        1.64401549508970
B            0.35944064216669       -4.72883505627465        1.95125825594325
B            1.72343325830881       -2.41309508247521        0.80876997281609
B            4.32552983077566       -3.47088210364736       -0.04937305835415
B           -5.07849406345020        2.86382586070689       -0.36321509051318
B           -3.02752957764472        4.32274323691088        0.98317562369001
B           -0.29257082714816        4.89128504844726        1.53749076162929
B            1.46294490095154        2.55974741873239        1.10407434055391
B            4.06239650028515        3.61659036715116        0.53388983947860
B           -4.57237374538135        0.59177341055919       -1.81325796715014
H           -7.34385487080772       -2.51357454025403       -0.82078067888026
H           -4.93491252658906       -1.37283644230712       -3.75244216969146
H           -6.28790681400891        1.25587339023196       -3.85999980712776
H           -7.59617848653536        3.41353714380232       -0.62124720650228
H            6.34447004070646       -4.93163086315963       -0.35625288439934
H            7.99756989935424       -2.45769686690033       -0.89143451661213
H            6.93363352981307        0.61122262359403       -2.59619865887988
89
 energy: -115.951482078337 gnorm: 0.015149633738 xtb: 6.7.1pre (5071a88)
O           -0.27679511672542        6.14023055876305        5.91706651745723
C           -0.29504499557497        4.77350941106407        5.92987823501889
C           -1.52196238434709        4.12431867418546        5.78653553813261
C           -1.57711457993146        2.74815865246076        5.80102214496807
C           -0.41986997366036        1.96231392846931        5.98472950337444
C           -0.53931444070722        0.53880411425922        6.05768538234047
C            0.42828280635900       -0.32470498850339        6.46842555113952
C            0.29762122920921       -1.74839145599537        6.55435677208533
C            1.45081847820409       -2.53563556906314        6.74339918177381
C            1.37173166489857       -3.91562439687911        6.78076219051360
O            2.48461960027766       -4.70266514535295        6.91864489025547
C            0.14092986931721       -4.55686064435570        6.67130541253378
C           -1.00857596047945       -3.78720616111715        6.52643616042091
O           -2.24294261849263       -4.36689803664862        6.44109292091261
C           -0.93691000857111       -2.40830259814362        6.45583226466012
C            0.80550901509530        2.64342695401441        6.10217203654738
C            0.86705140875159        4.02150640825989        6.07165639720456
H            0.63082309871318        6.44691376910803        6.04592234491265
H           -2.41412739287669        4.72610029121017        5.67580985457283
H           -2.53163786525414        2.24999420741098        5.68989760950939
H           -1.51094822013753        0.14098850281606        5.77778433405037
H            1.40042756748208        0.06880619467170        6.75841547227111
H            2.41334339960572       -2.04805445516345        6.84846068087433
H            3.26576059045197       -4.13863238398395        6.97684890792212
H            0.09996777770158       -5.63577270613177        6.70942069492191
H           -2.14922203870483       -5.32483829355474        6.51779863396622
H           -1.85547899930877       -1.85162070339243        6.35547366235249
H            1.72116459071076        2.07971979095237        6.21076273082961
H            1.82359321106675        4.52442330304749        6.16682362132848
B           -6.32631029494902       -2.86526616854224       -0.33817981777914
B           -3.85283021847755       -3.42801092986685        0.91104460944821
B           -1.05626994626313       -4.17394982740771        2.05249713466004
B            1.68363197699532       -4.22903558538226        1.42064126679123
B            2.96152040703179       -3.68574344578785        0.67638941797736
B            5.88515242691469       -3.84450039806916       -0.36818910393407
B           -4.73772386313461       -2.33158411382615       -0.37717340388908
B           -2.60406392608849       -2.21457109881196        0.90215070665381
B           -1.24079832401981       -2.40522595844467        1.86544407637454
B            0.28523134247068       -3.14239232805188        1.36300497828623
B            3.11546913896513       -2.12297310240449        0.10251755437144
B            5.25437917075293       -2.57163274921785       -1.11476852925711
B           -4.34960491960566       -1.05554510227585       -1.31264171140896
B           -3.17464762333898       -1.28002963178412       -0.19215352661357
B           -0.79869793046467       -0.92377712311132        2.23810182210013
B            0.43716346106630       -1.50339764176344        1.00251649670182
B            4.23853333576565       -1.26281689291616       -0.55738649481682
B            6.81981359588791       -2.46835832732824       -0.79232046475793
B           -4.96018850936238       -0.64319258108954       -2.81847886560392
B           -3.17383497754535        0.15235525129125       -0.86852063538573
B           -0.99387702217721        0.61646135048194        2.30798091147017
B            0.01678802700887       -0.01483228339897        1.04460965377659
B            4.85798261334012        0.23666617769970       -0.52147454644741
B            5.84605246766241       -1.05824885098404       -1.11474240398699
B           -5.71656077230032        0.86107499760734       -2.89626210905667
B           -2.85532545519795        1.61521944089110       -0.61237051793080
B           -1.26626996945739        2.13075706782741        2.20145390113554
B            0.18850026737583        1.55062931442076        1.23199575333870
B            4.23587441497606        1.60184497088873        0.09357949698228
B            6.27385011976879        0.44531151406104       -1.61724686804097
B           -5.69320106708784        1.76916864901246       -1.48006543925749
B           -3.32379501961479        2.96025912148163       -0.09163914109315
B           -1.68784842801043        3.61846093215668        1.90589287781751
B           -0.05893475322061        3.16642952513646        1.51422555818685
B            2.95441505607291        2.26426337360095        0.75397271707299
B            5.75430948484368        1.68811546865839       -0.70418084288205
B           -6.60811600360198        2.82220004993125       -0.85378828945953
B           -4.45920563717889        3.91453942676730        0.59883952555589
B           -1.78037013648164        5.17916813657054        1.33023039287339
B            1.17034838244115        4.39269711965444        1.45374046007713
B            2.58070084295074        3.91855405932875        0.96568107484429
B            5.31986610024404        3.00278608361245       -0.05955092395425
B           -5.30100317772291       -3.64104056069362        0.43317177015804
B           -2.48502330535240       -3.64380131889538        1.65700910379667
B            0.35913995314730       -4.73036330974622        1.96859653997844
B            1.72278610786261       -2.41221984489253        0.83156491557751
B            4.32043007563276       -3.46735739739511       -0.03800831769687
B           -5.07155393442649        2.86704004110335       -0.35621940817165
B           -3.02605312724691        4.32183246730660        1.00507311215809
B           -0.29382859484685        4.89078352674778        1.56931133578058
B            1.46207283839871        2.56085874031492        1.13898492989707
B            4.05480411536513        3.61639987134103        0.54268414881099
B           -4.56284259550056        0.59137952927267       -1.80216774833624
H           -7.33698120311253       -2.51386175168345       -0.81901814726024
H           -4.92138715646675       -1.37182364633201       -3.74397845110272
H           -6.27046336667252        1.25530250380568       -3.85594651343697
H           -7.58598481723255        3.42409375311470       -0.63207911184505
H            6.33556395860065       -4.93090933543430       -0.35628538308794
H            7.98962239222775       -2.45388957138142       -0.88825848425637
H            6.92789528931599        0.61168719042409       -2.58911968875461
89
 energy: -115.952678295272 gnorm: 0.014694837295 xtb: 6.7.1pre (5071a88)
O           -0.28227532787501        6.14846918333850        5.85934013738983
C           -0.29780611681311        4.78050428186057        5.87952837120993
C           -1.51722505988373        4.12901108198291        5.71805876068100
C           -1.56985515477334        2.75051574526182        5.75440001987181
C           -0.41480780422350        1.97226705009680        5.96102456763631
C           -0.53787480756604        0.54411420462577        6.03986958325728
C            0.43414900598107       -0.33270840421982        6.39944872096606
C            0.29743025444489       -1.75896871875074        6.49370592648073
C            1.44655449796627       -2.54491905488111        6.70241173066891
C            1.36220445571221       -3.92484011274517        6.77406918828422
O            2.47294812044335       -4.70925263321005        6.95606626727195
C            0.13599834424499       -4.56982845892092        6.65736728857373
C           -1.00916817779607       -3.80007241442332        6.48151097229782
O           -2.24485933363274       -4.37797997810906        6.38495091114663
C           -0.93612648252560       -2.42213619174851        6.39524677998288
C            0.80678602631385        2.65699961423882        6.08658514971470
C            0.86478845571758        4.03698667802020        6.04973600650128
H            0.62322316980562        6.45162462046930        6.00353165225815
H           -2.41191324891659        4.71999848291457        5.57900645159866
H           -2.52370178781013        2.25582539507443        5.63639531915925
H           -1.51118526514604        0.16319395532105        5.79833811518365
H            1.41190567824274        0.04383606919557        6.64630821821372
H            2.40873356647493       -2.05932660447279        6.80916102633411
H            3.25127775959049       -4.14083448442369        7.01555638498180
H            0.09417663612799       -5.64832416089969        6.71493678993311
H           -2.14914999740780       -5.33468718840157        6.47465195207216
H           -1.85489027281077       -1.87067951579824        6.27330214469750
H            1.72512553198141        2.10279660157243        6.21731000408798
H            1.82011003959915        4.53685074194690        6.16148430062278
B           -6.32028368465402       -2.86560320324556       -0.33115799019102
B           -3.84969206989218       -3.43181245987991        0.92074673575824
B           -1.05701522853180       -4.17553413405050        2.07231720775979
B            1.68269981154667       -4.22888104296175        1.44219349449450
B            2.95888668616561       -3.68387256050062        0.69601914339530
B            5.87712579663585       -3.84194354246684       -0.36303284351681
B           -4.73123749795934       -2.33257367730915       -0.36602439579689
B           -2.60229053631423       -2.21606327481739        0.92065656994059
B           -1.24359516492755       -2.40696937112212        1.89142546921640
B            0.28531822825818       -3.14208800343683        1.38927683286297
B            3.11185463408568       -2.11969659412716        0.12461085300772
B            5.24341129318068       -2.56732645049513       -1.10426980581481
B           -4.33852088106883       -1.05599658669019       -1.30020189282997
B           -3.16923094225895       -1.28116936620020       -0.17491220123331
B           -0.80336108000285       -0.92638785010485        2.26716567591152
B            0.43734785782949       -1.50226229806043        1.03337619964884
B            4.23068726303494       -1.25786713130089       -0.54013219796201
B            6.81022988471172       -2.46605496410824       -0.78685988022068
B           -4.94359748849775       -0.64301274780561       -2.80743301222845
B           -3.16614132723702        0.15291458197039       -0.85015274586676
B           -0.99834936380361        0.61459396247991        2.33873362045252
B            0.01698546234515       -0.01446619581801        1.07964699810806
B            4.85141407743257        0.24198833118625       -0.50843595661276
B            5.83525353319556       -1.05463599607202       -1.10512266093751
B           -5.69809194146280        0.86295125370245       -2.88882022119669
B           -2.84141070984526        1.61255779975854       -0.58372750836597
B           -1.27031180195638        2.12902773823110        2.23174895458622
B            0.18719812908790        1.55049087919577        1.27120417858008
B            4.22902101993472        1.60667731635773        0.11218714424907
B            6.25999672768781        0.44831432626355       -1.61169768006012
B           -5.67918488758473        1.77256875803034       -1.47302956501097
B           -3.31621701368013        2.95664858580473       -0.06626190806874
B           -1.69308825472773        3.61701445481234        1.93652130374193
B           -0.06012244594622        3.16632779353567        1.55589685827107
B            2.95094559192918        2.26347641315995        0.78356679456961
B            5.73946337849854        1.69454473037277       -0.70359905844210
B           -6.59524436774376        2.83060386906611       -0.85667211531832
B           -4.45460806888413        3.91454607877804        0.61310952218831
B           -1.78043780933075        5.17822931111690        1.36092856392605
B            1.16803813768157        4.38963233246166        1.48935392836285
B            2.57602759294548        3.91760678554174        0.99278083190317
B            5.30852034261816        3.01084334387960       -0.06047125387941
B           -5.29643399871552       -3.64475374581379        0.43825594221079
B           -2.48521334150064       -3.64690257590508        1.67259125664590
B            0.35876483678483       -4.73170302213781        1.99009756660798
B            1.72155631367847       -2.41110420385974        0.85749253327187
B            4.31423134091839       -3.46391966822909       -0.02430166972602
B           -5.06262689104097        2.86916145700558       -0.34709158766371
B           -3.02465057052055        4.31985078127605        1.03178736394929
B           -0.29518815522203        4.89083275791336        1.60502481796014
B            1.46086907475449        2.56080966190292        1.17798152181760
B            4.04627342897300        3.61676821295520        0.55459785430099
B           -4.55144108543484        0.59071312539946       -1.78903134441153
H           -7.32727451883155       -2.52078270187238       -0.82531700912493
H           -4.90417409046866       -1.37083293957525       -3.73365542637341
H           -6.24847054101612        1.25563932894267       -3.85123850102360
H           -7.57251441973969        3.43698594337078       -0.64339747042645
H            6.32489298156646       -4.92973869705695       -0.35640379375534
H            7.97984379862465       -2.44980522786295       -0.88620749647830
H            6.91859124922836        0.61300053350004       -2.58082828624131
89
 energy: -115.953798377093 gnorm: 0.014241088249 xtb: 6.7.1pre (5071a88)
O           -0.28491717076180        6.15532089666860        5.79204610111511
C           -0.29923417264844        4.78514976346327        5.82193138942444
C           -1.51207974158489        4.12890268276596        5.64354921911949
C           -1.56277932530424        2.75211064136473        5.69692211808584
C           -0.41228116099814        1.97653923633865        5.92781414762004
C           -0.54266936176334        0.54826017544325        6.01923538741666
C            0.44745023391177       -0.34306723347939        6.31296049308650
C            0.29917074716362       -1.76775213831504        6.42688595511012
C            1.44240551213473       -2.55484385436153        6.66098345607001
C            1.35352422936269       -3.93153255032119        6.76524995573101
O            2.46058805322182       -4.71348018175424        6.98795554125297
C            0.12912740146004       -4.57698679842282        6.63967895759088
C           -1.01108001263594       -3.80654677248878        6.43036512645871
O           -2.24656103608970       -4.38451687704723        6.32220972614633
C           -0.93396818425204       -2.43019638098107        6.32382365494708
C            0.80485236533258        2.66470280473918        6.06738108222559
C            0.86048171269925        4.04360339733530        6.02131369411817
H            0.61623925753026        6.45823028998999        5.94990121981075
H           -2.40554144548143        4.71224728734299        5.48075527017495
H           -2.51434260517162        2.25918940851356        5.57100451241393
H           -1.55315025921270        0.18190859708759        5.85706343111066
H            1.45997569536130        0.01879633149007        6.48262589564577
H            2.40533522630423       -2.07318705256086        6.76892139183742
H            3.23644946369539       -4.14393134598484        7.05342199012022
H            0.08479427598122       -5.65365983193098        6.71953710495602
H           -2.15146825518744       -5.33897206500957        6.42381828085051
H           -1.85028347863866       -1.88296913723348        6.17805533295786
H            1.72272576055980        2.11754392000186        6.22291409165474
H            1.81247478944186        4.54391451481424        6.14965777537165
B           -6.31226388157081       -2.86756778091645       -0.32568003843329
B           -3.84632735381990       -3.43544942591167        0.93371707831958
B           -1.05780758358873       -4.17745106242286        2.09674173975052
B            1.68168361540074       -4.22880813421345        1.46753582499795
B            2.95564782914488       -3.68197220205396        0.71859298017703
B            5.86809139430718       -3.83905314864959       -0.35697014350248
B           -4.72308179929416       -2.33408084568273       -0.35335365678482
B           -2.60049839001346       -2.21750574205058        0.94364813831023
B           -1.24699209652007       -2.40928696500080        1.92197614953119
B            0.28531401371894       -3.14159675753041        1.42115038564441
B            3.10782804269682       -2.11595905028576        0.15095913948868
B            5.23082056951699       -2.56242194041321       -1.09194776072210
B           -4.32555566145631       -1.05667984147905       -1.28555407519049
B           -3.16276277425035       -1.28245720966798       -0.15435562389328
B           -0.80943692850328       -0.92925016408177        2.30080657114341
B            0.43701302617864       -1.50100775059968        1.06942091015968
B            4.22205808109177       -1.25239386494519       -0.51941888024870
B            6.79933233998214       -2.46347129822463       -0.78062140302802
B           -4.92403505432025       -0.64277661554447       -2.79472010901288
B           -3.15701407717877        0.15323766604432       -0.82848576365240
B           -1.00481519010840        0.61222143259855        2.37459894354413
B            0.01715150975641       -0.01386209410359        1.12069255722629
B            4.84431304661791        0.24787519304616       -0.49278578836753
B            5.82297347124392       -1.05056485034904       -1.09412943067515
B           -5.67639752783331        0.86521812017972       -2.88034202403747
B           -2.82559040777685        1.60935876900697       -0.55089246034108
B           -1.27538699264481        2.12706995607949        2.26796557584873
B            0.18604446069209        1.55029249042751        1.31849632377459
B            4.22165746001485        1.61242356104212        0.13316271769594
B            6.24407512408639        0.45178403892299       -1.60519909754519
B           -5.66301097413187        1.77634552140109       -1.46504321350339
B           -3.30722037701617        2.95209415838395       -0.03627665246827
B           -1.69900814640182        3.61531227953573        1.97271356405314
B           -0.06132094874191        3.16635282276877        1.60507595354314
B            2.94718664439841        2.26326996602946        0.81633290455625
B            5.72294595952924        1.70186460868300       -0.70232858057301
B           -6.58007872941894        2.84067245187594       -0.86038677207940
B           -4.44939606621833        3.91536192641720        0.62867336718709
B           -1.78118281188756        5.17749485649737        1.39866607883755
B            1.16562414691603        4.38720377403601        1.53002542166940
B            2.57140665236397        3.91696548366187        1.02563436902567
B            5.29595867917419        3.01974086771340       -0.06034820555873
B           -5.29045478519596       -3.64967465866762        0.44349587722137
B           -2.48552199674769       -3.65029060928216        1.69248739383303
B            0.35827836459139       -4.73350887461197        2.01537120327071
B            1.72022669172598       -2.40966171304156        0.88876364034082
B            4.30715377051601       -3.46030421156234       -0.00846541362424
B           -5.05180032218420        2.87143406394246       -0.33648418354664
B           -3.02296741700325        4.31776283223026        1.06281236478014
B           -0.29690114602182        4.89096066051719        1.64671218864465
B            1.45978806790949        2.56091400134442        1.22355348862085
B            4.03724769215470        3.61733171374049        0.56996475884380
B           -4.53813795009348        0.58991193080350       -1.77335145279328
H           -7.31565461600468       -2.52743576845686       -0.83077143990114
H           -4.88390683067450       -1.36963026975191       -3.72148817235227
H           -6.22238059310247        1.25637259662998       -3.84569861516067
H           -7.55663251035358        3.45093006649616       -0.65554383494800
H            6.31332056149949       -4.92790224874797       -0.35602744794256
H            7.96850468577365       -2.44522530908845       -0.88426738254243
H            6.90665852464493        0.61469086981357       -2.57168129003520
89
 energy: -115.954845389531 gnorm: 0.013062644673 xtb: 6.7.1pre (5071a88)
O           -0.28713060845635        6.15798233322110        5.72973908243694
C           -0.29832355366221        4.78578150343244        5.77199210922665
C           -1.50534742936156        4.12114524814259        5.58698243402789
C           -1.55236019877393        2.74719709459807        5.64645439520283
C           -0.40468502997408        1.97457931410383        5.89025110074990
C           -0.53441363515632        0.54599238825619        5.98368861535540
C            0.44697189234917       -0.34971173513720        6.25200374116987
C            0.29537043076852       -1.77343775467099        6.37668996934626
C            1.43502568461371       -2.55851620112787        6.62897444439809
C            1.34507205911945       -3.93050425341511        6.75334733576054
O            2.44855465846728       -4.70671727987675        6.99990906364692
C            0.12127546604140       -4.57663069599187        6.62192981082222
C           -1.01559473096293       -3.80910667173648        6.38593499312026
O           -2.24756133125194       -4.39200138460148        6.26810983029180
C           -0.93623796411756       -2.43383156834656        6.26178763923251
C            0.80658321422130        2.66720797026412        6.04792814772134
C            0.85819903197989        4.04448703225072        5.99230930385538
H            0.60877710829860        6.46619831683325        5.89241262410644
H           -2.39734742743851        4.69775759305933        5.41193243421707
H           -2.50108471141085        2.25265082693553        5.51675003506014
H           -1.55312422183092        0.18641665852151        5.86124050176357
H            1.46455524371993        0.00569097227165        6.38386284056637
H            2.39911419406571       -2.07926317831112        6.73323411651777
H            3.22162354255403       -4.13664808600141        7.07493588805302
H            0.07556563786859       -5.65053418575553        6.72083832188293
H           -2.15190835115048       -5.34404364642243        6.37541873904944
H           -1.84950713769984       -1.89034089933362        6.09394776179946
H            1.72271675207147        2.12521621204936        6.22441819087870
H            1.80487330762326        4.55007216855140        6.13086132427794
B           -6.30104381530878       -2.87982557046334       -0.33666751032330
B           -3.84533813721860       -3.43704955787883        0.95014713306162
B           -1.05887042267640       -4.17900159350285        2.11905026556393
B            1.68051421883493       -4.22947412755141        1.49074038809810
B            2.95262073576794       -3.68076297049299        0.73982334444271
B            5.86017231523806       -3.83592270115953       -0.35040659201191
B           -4.71403248013871       -2.33861980651172       -0.34419142296203
B           -2.60036618576564       -2.21872940377614        0.96604774646839
B           -1.25033576422759       -2.41076805122655        1.94920439074356
B            0.28454628982724       -3.14117833053667        1.44900649994760
B            3.10448846111788       -2.11301961154768        0.17597384301011
B            5.21883688615353       -2.55764700211300       -1.07975937311533
B           -4.31377102626844       -1.05778092162388       -1.27135365313254
B           -3.15794096940694       -1.28200664276410       -0.13302640665851
B           -0.81391770634822       -0.93149657271728        2.33062181906084
B            0.43567485094883       -1.50040062703401        1.09944232433853
B            4.21437442006987       -1.24723754894906       -0.49914411810095
B            6.78921048813975       -2.46100016233264       -0.77478114397858
B           -4.90580137505299       -0.64246866900730       -2.78285415457426
B           -3.14864668515509        0.15355742255640       -0.80789418079963
B           -1.00894822200146        0.60990970912908        2.40622999023200
B            0.01541614398574       -0.01373038303281        1.15463338147616
B            4.83766718789356        0.25321084468862       -0.47652457236105
B            5.81185926629976       -1.04660970754287       -1.08276592729341
B           -5.65585589234795        0.86722894653963       -2.87241719614115
B           -2.81244052659571        1.60713427055380       -0.52292283928871
B           -1.27922187042179        2.12493252249846        2.29904668986432
B            0.18498123060253        1.54984088138431        1.35620941798468
B            4.21564418410022        1.61733091689291        0.15460332863974
B            6.22839707134240        0.45550124287006       -1.59823344471969
B           -5.64840411190416        1.77897882902006       -1.45663493011779
B           -3.29914308356642        2.94846091150010       -0.00990355485485
B           -1.70334722883097        3.61284686487027        2.00372685024416
B           -0.06268473194413        3.16613690281613        1.64233746982932
B            2.94412114174070        2.26311590833065        0.84661657935658
B            5.70779028431727        1.70868677004430       -0.69903558777691
B           -6.56564564237205        2.84876698961783       -0.86169328358246
B           -4.44513024102859        3.91418930882359        0.64532289525892
B           -1.78241871824157        5.17652721965376        1.43278323793130
B            1.16358175845434        4.38730208076902        1.56442025820022
B            2.56814747958128        3.91722707556802        1.05734226672482
B            5.28464092886938        3.02775459745020       -0.05733089105174
B           -5.28551979871205       -3.65480660477038        0.44894098517190
B           -2.48673849072592       -3.65243474618682        1.71336108362911
B            0.35732421694195       -4.73516893331988        2.03853808728373
B            1.71855332384707       -2.40827735232600        0.91688877981229
B            4.30098609295652       -3.45775032038953        0.00727224856908
B           -5.04120458384728        2.87162510143278       -0.32514798602224
B           -3.02202516809339        4.31542937814743        1.09132734366852
B           -0.29836482642687        4.89152215391158        1.68280129413404
B            1.45866650409945        2.55946854230773        1.26175647952799
B            4.02987938411675        3.61850068068416        0.58725276907547
B           -4.52600176060041        0.58881732229016       -1.75814223176739
H           -7.30728444116748       -2.52385886196657       -0.82248954689146
H           -4.86353666772355       -1.36857216205432       -3.70987492142112
H           -6.19627872211347        1.25841056546131       -3.84065994446867
H           -7.54002072846826        3.46542015929084       -0.66661525041272
H            6.30347961980364       -4.92547632711869       -0.35479712999909
H            7.95778438120510       -2.44133498856833       -0.88468303950894
H            6.89127026592999        0.61748404759947       -2.56429215255183
89
 energy: -115.955848534288 gnorm: 0.010438298898 xtb: 6.7.1pre (5071a88)
O           -0.28592743569084        6.15630681562518        5.65910835962652
C           -0.29657274144459        4.78398660612319        5.71775825765904
C           -1.50180477065624        4.11417399284487        5.52790457538312
C           -1.54807876039336        2.74346936795582        5.59636862787475
C           -0.40386633963968        1.97012979070376        5.85495539728503
C           -0.53773321479973        0.54401837378316        5.95407881657952
C            0.45214282987622       -0.35742006978311        6.18203603515415
C            0.29575789024881       -1.77781954750258        6.31736723753329
C            1.43097315103434       -2.56164849731675        6.58849693713076
C            1.33845631902337       -3.92913156381204        6.73464261244279
O            2.43602964530526       -4.70174966225795        7.00440938234894
C            0.11237709467172       -4.57275947353095        6.60232530068908
C           -1.01956165644096       -3.80772949763950        6.33892706856465
O           -2.24803523035576       -4.39408024296998        6.21045257651107
C           -0.93517576263021       -2.43424956379913        6.19389555279843
C            0.80341735169924        2.66497626337659        6.02674489796064
C            0.85482183513978        4.04001114355746        5.95997576573369
H            0.60580016640866        6.47156827640064        5.83333809690659
H           -2.39066203770200        4.69028373486036        5.33699538683947
H           -2.49364430711911        2.24498056616573        5.45552824852426
H           -1.54324746186652        0.18868189728556        5.84849989914022
H            1.47277518429222       -0.00666010470138        6.27979520300308
H            2.39614920954546       -2.08368832072237        6.69505909589478
H            3.20815879795070       -4.13343392243907        7.08906158738005
H            0.06209344292807       -5.64353878938681        6.72122127687561
H           -2.15546302018814       -5.34490813435406        6.32823465040815
H           -1.84336009526627       -1.89162936892810        5.99902392677063
H            1.71484011257273        2.12367074482730        6.22811860570267
H            1.79670464276887        4.55206908963610        6.11006315744717
B           -6.29282355730436       -2.88035849253251       -0.32781685921328
B           -3.84204620280122       -3.44195457639663        0.96401007169318
B           -1.05998135346439       -4.18097688062803        2.14496436858309
B            1.67920617616165       -4.23030565127134        1.51676246892360
B            2.94906533417928       -3.67952387308059        0.76333455288084
B            5.85148511920244       -3.83254346876808       -0.34267572332065
B           -4.70581133500603       -2.34046663138362       -0.33060221052941
B           -2.60098118453077       -2.22044439927612        0.99160449470496
B           -1.25444759654698       -2.41286216037968        1.97915405268407
B            0.28315462226693       -3.14083280586997        1.48024930338063
B            3.10051248635401       -2.10991369922819        0.20387254184658
B            5.20561891247299       -2.55237714234036       -1.06565581505360
B           -4.30108839067876       -1.05843892058050       -1.25471907464563
B           -3.15161263167182       -1.28210328417863       -0.10984613879080
B           -0.81948502503355       -0.93386918003120        2.36299120949799
B            0.43350117441186       -1.50002088868436        1.13249304757187
B            4.20586792942150       -1.24195221342310       -0.47627625002492
B            6.77804912082523       -2.45812998077066       -0.76798921069741
B           -4.88523694728045       -0.64204106871355       -2.76939498012169
B           -3.13865600314502        0.15353110722754       -0.78460279060180
B           -1.01428957667272        0.60730751498313        2.44039481735656
B            0.01300653393609       -0.01382465744789        1.19131942130307
B            4.82985890661791        0.25882272791440       -0.45834263112551
B            5.79961933452463       -1.04217763123282       -1.06961829147775
B           -5.63203220910428        0.86960501828509       -2.86405844926304
B           -2.79838422694702        1.60470274607384       -0.49169849760170
B           -1.28357992376871        2.12251141609131        2.33257045093216
B            0.18380302108376        1.54916691001523        1.39652545751103
B            4.20931276811518        1.62265314224033        0.17824014543974
B            6.21109855013478        0.45982430854711       -1.58961515856113
B           -5.63181661347757        1.78185100913004       -1.44777780553410
B           -3.29035489184295        2.94512430457931        0.01852711797987
B           -1.70773776407712        3.60999500767917        2.03655983769134
B           -0.06429287639472        3.16582714939764        1.68107761729883
B            2.94083474104946        2.26348827626772        0.87933838307926
B            5.69162122673204        1.71585504714218       -0.69345783600523
B           -6.54932353273151        2.85677281874250       -0.86257583854894
B           -4.44071295744925        3.91281171661327        0.66396941226016
B           -1.78422960683594        5.17557000206394        1.47030673548229
B            1.16147475663224        4.38851797399586        1.60184617477391
B            2.56481471694048        3.91800442995648        1.09286371405140
B            5.27229550214984        3.03558658023358       -0.05096990858654
B           -5.27890833168187       -3.66096765592814        0.45399900301664
B           -2.48772059688398       -3.65555858847598        1.73628467375767
B            0.35644151932725       -4.73676713316641        2.06513344287573
B            1.71627985993278       -2.40689111657176        0.94782992169411
B            4.29420856056939       -3.45523132219943        0.02503500513573
B           -5.02905259791587        2.87150568194868       -0.31243168174797
B           -3.02139151305038        4.31340466821293        1.12200668900494
B           -0.30016621770427        4.89187137220632        1.72214681114640
B            1.45724496091047        2.55758966530479        1.30190002416157
B            4.02215760604392        3.61985655398057        0.60814990150187
B           -4.51167523054614        0.58798945591477       -1.74126734168434
H           -7.29460089522839       -2.53182982302118       -0.82861585902692
H           -4.84047029337352       -1.36811737925366       -3.69608786782521
H           -6.16604814102833        1.26080148403939       -3.83565352804359
H           -7.52093730150482        3.48105821781096       -0.67883260305999
H            6.29305153104504       -4.92269151294038       -0.35296493077447
H            7.94591772521244       -2.43721365326419       -0.88498929096845
H            6.87302899015664        0.62089558043910       -2.55619983255619
89
 energy: -115.956517017177 gnorm: 0.019423980944 xtb: 6.7.1pre (5071a88)
O           -0.28396358463156        6.15043203609463        5.58692747118545
C           -0.29391602838728        4.78011252452322        5.66051181920522
C           -1.49895274718713        4.10715835181858        5.46745466157398
C           -1.54453925665087        2.73778616623294        5.54482076147797
C           -0.40108124304440        1.96514524443320        5.81192500820237
C           -0.53344845151715        0.54169106127773        5.90848253461118
C            0.46348446039703       -0.36367841097759        6.09899047167220
C            0.29969129327482       -1.78070198851157        6.24984009214259
C            1.42989348458610       -2.56432004846036        6.54259236035296
C            1.33214603006712       -3.92885226429343        6.71288353516753
O            2.42231903671534       -4.70046950333737        7.00750895584444
C            0.10251293473597       -4.56813806803021        6.58192084305457
C           -1.02289780586742       -3.80476370405706        6.28835113005746
O           -2.24907036936580       -4.39173389196896        6.14869091184931
C           -0.93169814509596       -2.43363595820815        6.12033276063390
C            0.80232136790954        2.66308471473545        5.99647650668166
C            0.85349188226616        4.03680428980911        5.92231184743707
H            0.60409237254296        6.47330695497037        5.77198777186103
H           -2.38518881739621        4.68461199958485        5.26338588665124
H           -2.48658196461112        2.23367701583935        5.39483144774297
H           -1.55588799333212        0.18807147063189        5.85141742390118
H            1.46484093918346       -0.01631322048034        6.18440465599316
H            2.39557075953888       -2.08650069547292        6.65301062863008
H            3.19511714453372       -4.13442982770163        7.09839043035381
H            0.04508683965496       -5.63614936617492        6.72139860771627
H           -2.16184023660736       -5.34224606591895        6.28238411931378
H           -1.83373274506703       -1.89074486481790        5.89747701066064
H            1.70831248309865        2.12202031965973        6.22145838165598
H            1.79097435773420        4.55541330818713        6.08508112351202
B           -6.28421211822917       -2.87943401573598       -0.31514021829337
B           -3.83789993554781       -3.44799351563244        0.97885553096260
B           -1.06114942413573       -4.18336300569782        2.17350712099445
B            1.67779266613090       -4.23140752693332        1.54487810770076
B            2.94524697001739       -3.67817701805298        0.78898785145863
B            5.84223072353213       -3.82880236464639       -0.33352391534820
B           -4.69701353903374       -2.34219185298397       -0.31522462384527
B           -2.60192895544162       -2.22249317676747        1.01976550302694
B           -1.25877600731621       -2.41536642830775        2.01145375375974
B            0.28129786174519       -3.14074769619353        1.51385161284204
B            3.09598294665804       -2.10662915377518        0.23414781064678
B            5.19149861379436       -2.54666423985157       -1.04962842726387
B           -4.28745778045358       -1.05896811541413       -1.23590805938949
B           -3.14477031276913       -1.28232596365773       -0.08403613784470
B           -0.82546679008355       -0.93630868727105        2.39724855964105
B            0.43099414139624       -1.49995327487144        1.16806844114629
B            4.19660948907770       -1.23656934438948       -0.45123390410293
B            6.76610048181038       -2.45471013220916       -0.76031155294058
B           -4.86234369010449       -0.64166565346959       -2.75434845424371
B           -3.12755611429834        0.15333058354455       -0.75845602431409
B           -1.02045848629028        0.60464543379275        2.47572924418879
B            0.01024026082937       -0.01429852963629        1.22971286250042
B            4.82100897907819        0.26465067627204       -0.43840482250184
B            5.78639333021628       -1.03723558360991       -1.05478013549924
B           -5.60519738252714        0.87197484875443       -2.85520355059966
B           -2.78413909368351        1.60237853509386       -0.45789028803581
B           -1.28844596204071        2.11987939156264        2.36649910461680
B            0.18232274678038        1.54828633230392        1.43744289413289
B            4.20288368996251        1.62824348883506        0.20421648193418
B            6.19242501674464        0.46472986475614       -1.57949326506655
B           -5.61354332210583        1.78510978631375       -1.43883801544033
B           -3.28122582864551        2.94235180827184        0.04863531380209
B           -1.71212879802757        3.60703629661843        2.06951459782983
B           -0.06618950790648        3.16538404782500        1.71987765641835
B            2.93733096115028        2.26412211642883        0.91431999127532
B            5.67467748801487        1.72327614268229       -0.68575284440706
B           -6.53104325449262        2.86620370222753       -0.86493623784872
B           -4.43635019080604        3.91153477780367        0.68417241287553
B           -1.78619279890781        5.17474525868381        1.50897800846971
B            1.15925527478155        4.39016020707695        1.64204062509573
B            2.56129725709197        3.91891077517763        1.13157260939009
B            5.25912560461388        3.04320537986078       -0.04156002669606
B           -5.27148128325436       -3.66744992626568        0.46031504372124
B           -2.48856983626962       -3.65904651616235        1.76139193753845
B            0.35557216301836       -4.73845840731470        2.09404234693490
B            1.71360322700684       -2.40571132806586        0.98086821348440
B            4.28705757180124       -3.45255755341492        0.04482057397896
B           -5.01579826920417        2.87186624392574       -0.29929615189632
B           -3.02122687751257        4.31220595687320        1.15396277320884
B           -0.30224193293766        4.89189638390597        1.76340102550275
B            1.45537447773969        2.55528974201687        1.34271719351806
B            4.01416104600052        3.62112149329179        0.63254089092164
B           -4.49561388315589        0.58715653119369       -1.72264152346302
H           -7.28032671029415       -2.54181560275466       -0.83654714057919
H           -4.81436252717732       -1.36827745366920       -3.68035918412340
H           -6.13172649874783        1.26326334637101       -3.83081720625064
H           -7.50038778996121        3.49634881587208       -0.69055691215439
H            6.28219247902912       -4.91958368121544       -0.35023920061992
H            7.93323374119666       -2.43260652699997       -0.88492407048913
H            6.85226069466506        0.62486272824704       -2.54762235940402
89
 energy: -115.957389383089 gnorm: 0.007566757770 xtb: 6.7.1pre (5071a88)
O           -0.28097734375256        6.14357642559674        5.52595623414280
C           -0.29165914775716        4.77599756693626        5.60989512494834
C           -1.49767248971366        4.10405773877898        5.41343027981416
C           -1.54469168595820        2.73402242310179        5.49813669624269
C           -0.40127333919288        1.96184939742940        5.77488442258907
C           -0.53471216941048        0.53945679602463        5.87549696941692
C            0.46238862323739       -0.36710141567012        6.04107726889168
C            0.29938487043604       -1.78240642075427        6.19639190200707
C            1.42721497694417       -2.56452767910725        6.50234406392761
C            1.32489633330723       -3.92808917601563        6.69232958277951
O            2.40932615635323       -4.69956260489090        7.00982718134352
C            0.09355046545109       -4.56532757332889        6.56223276830831
C           -1.02668608841710       -3.80459975168213        6.24352834282327
O           -2.25168110624303       -4.39089891367406        6.09404457684306
C           -0.93152169821403       -2.43614416011868        6.06131839430590
C            0.80074974481776        2.66097256185580        5.96897271268971
C            0.85308846472380        4.03519293900975        5.88788816680361
H            0.60465501551555        6.47051230000568        5.71703990482916
H           -2.38187412787485        4.68329610413376        5.20192854246614
H           -2.48464780797284        2.22665822229037        5.34640097130658
H           -1.55639373651117        0.18640274268685        5.84590769186236
H            1.48842364549761       -0.02134783374873        6.07327187156365
H            2.39225999953050       -2.08530722658957        6.61592542652236
H            3.18313034492371       -4.13446330166498        7.10373116072348
H            0.03069563917219       -5.63149765341266        6.71774842815696
H           -2.16846447636718       -5.34094735171158        6.24086953950880
H           -1.82885169559484       -1.89428922258316        5.81649139295985
H            1.70227012447857        2.12009542481866        6.20998903215395
H            1.78821870173625        4.55638690332919        6.06038414458441
B           -6.27406456861404       -2.88556221806909       -0.31421664602825
B           -3.83489516127881       -3.45213333157625        0.99474119500121
B           -1.06218310150896       -4.18571332051655        2.19901235449852
B            1.67662890163307       -4.23252818142404        1.56997802382341
B            2.94212689134712       -3.67685723946210        0.81242392436348
B            5.83414119128492       -3.82539692391952       -0.32470642844076
B           -4.68813368944539       -2.34539003335123       -0.30302698613798
B           -2.60240820524903       -2.22440699188423        1.04481868707116
B           -1.26221447349487       -2.41774271592238        2.04029418449633
B            0.27967322061672       -3.14095907419037        1.54383927968259
B            3.09186442129898       -2.10367601203411        0.26134209964202
B            5.17913308909757       -2.54166515444456       -1.03477007018892
B           -4.27525035865983       -1.05950707906497       -1.21882010626228
B           -3.13942246446911       -1.28235610298956       -0.05989320648815
B           -0.83067094109461       -0.93837644000888        2.42703103755390
B            0.42911369842751       -1.50013670261288        1.20008849175830
B            4.18829550934441       -1.23204278816986       -0.42880517386497
B            6.75559926061649       -2.45136795619855       -0.75343986502989
B           -4.84153544166394       -0.64140412521477       -2.74057226453868
B           -3.11783795724895        0.15317883562224       -0.73426040421697
B           -1.02657392238100        0.60253565630627        2.50539170184931
B            0.00817497031324       -0.01499364039198        1.26312165114981
B            4.81293637011839        0.26960480191139       -0.42048879476131
B            5.77452802874202       -1.03275283087095       -1.04138226973352
B           -5.58084073592581        0.87385996038556       -2.84716277107025
B           -2.77243624794382        1.60070152396985       -0.42792646064803
B           -1.29322001266078        2.11765350383752        2.39405604308261
B            0.18084791975297        1.54742299665223        1.47200370767710
B            4.19754938353648        1.63303305115374        0.22772514701928
B            6.17584818459428        0.46918218579679       -1.57019834666289
B           -5.59726892333441        1.78803400591168       -1.43109890861975
B           -3.27358379550573        2.94072220446832        0.07464294909087
B           -1.71594938732650        3.60486189381906        2.09626974515032
B           -0.06792717264506        3.16492804663294        1.75278095581080
B            2.93437814650523        2.26460999968622        0.94559003457416
B            5.66007658454276        1.72958870329826       -0.67801641564257
B           -6.51485721165162        2.87469718043514       -0.86757291401732
B           -4.43281541791442        3.91125832788413        0.70138061299709
B           -1.78757465524550        5.17445242938471        1.54098181200714
B            1.15734372482438        4.39115301906146        1.67811308573884
B            2.55824389631110        3.91932816672630        1.16640811411955
B            5.24770996086625        3.04938276050538       -0.03177211878310
B           -5.26525685293914       -3.67258270953510        0.46757983417578
B           -2.48923197502979       -3.66189340020396        1.78416680928421
B            0.35482973460641       -4.74012935218943        2.11956694346730
B            1.71136294414166       -2.40499248476823        1.01037229835105
B            4.28095762193825       -3.44999225028831        0.06308054645024
B           -5.00440997780504        2.87297520207188       -0.28823720856718
B           -3.02136128827728        4.31238159223695        1.18075730279295
B           -0.30410725106342        4.89158436173018        1.79882060227728
B            1.45358223317054        2.55319931153259        1.37788689408557
B            4.00738038641214        3.62183965287892        0.65544611171991
B           -4.48117470743559        0.58635317348856       -1.70565401143604
H           -7.26906835258385       -2.54472947500888       -0.83520331471876
H           -4.79028935207126       -1.36863946026524       -3.66595420851133
H           -6.10027501563238        1.26522307501493       -3.82668974678618
H           -7.48276135682643        3.50877693513901       -0.70023194420963
H            6.27286254561602       -4.91675768767264       -0.34703515194038
H            7.92210903299114       -2.42823925958001       -0.88458076625099
H            6.83315692913084        0.62843112324123       -2.54032747172234
89
 energy: -115.958035546659 gnorm: 0.008756259275 xtb: 6.7.1pre (5071a88)
O           -0.27548245380570        6.13372219180115        5.46851366284745
C           -0.28858857450464        4.76954130127427        5.56422139427008
C           -1.49778515028516        4.10160669040681        5.37601560058070
C           -1.54832574096318        2.73113592319874        5.46364441978320
C           -0.40385692147467        1.95948974503938        5.73710937237721
C           -0.53566193011672        0.53576663295126        5.83489349618534
C            0.46238931697292       -0.36806161356090        5.98691280666112
C            0.30128892292740       -1.78378031379142        6.14387039356955
C            1.42654821881336       -2.56412690374843        6.46348068953628
C            1.31809296672500       -3.92554102610067        6.66541450688363
O            2.39645870072869       -4.69683585873774        6.99976594723484
C            0.08491959477705       -4.55962207475226        6.53492279594449
C           -1.02990981030596       -3.80274540810444        6.19499833760709
O           -2.25399917778242       -4.38750038929620        6.03786742213897
C           -0.92998776807000       -2.43742027897890        6.00190698951163
C            0.79845982464784        2.65629052757295        5.93290378320818
C            0.85383797387899        4.03128571550503        5.84805539732274
H            0.60873048088394        6.46378985043000        5.65186001803852
H           -2.37958638740544        4.68400634477165        5.16693071359302
H           -2.48712316044794        2.22150126620706        5.31704976788558
H           -1.54677593677033        0.17890627068163        5.81160879130751
H            1.48736965061144       -0.02013849976554        6.00323185124890
H            2.39029376135661       -2.08302345686107        6.57847085288367
H            3.17166172855660       -4.13271851783139        7.09520596683179
H            0.01625155766663       -5.62325055960775        6.70313397653741
H           -2.17559898887628       -5.33604861019978        6.19166259871517
H           -1.82091492125809       -1.89580518421748        5.74154089371616
H            1.69434149588310        2.11314473697530        6.17911017281993
H            1.78760951653338        4.55243380464341        6.01965816579947
B           -6.26121734209642       -2.89805506658368       -0.32123291537570
B           -3.83231839571707       -3.45644966015265        1.01391948432799
B           -1.06325998109897       -4.18858089689722        2.22647889192937
B            1.67581436289518       -4.23442646465222        1.59766569207680
B            2.93953145226477       -3.67579044724325        0.83914806228131
B            5.82627245860044       -3.82145584157869       -0.31320360985531
B           -4.67808097521567       -2.35043743777931       -0.29129640993249
B           -2.60388194169396       -2.22685007553668        1.07192312417737
B           -1.26549917919253       -2.42032679574666        2.06961549551995
B            0.27770469751841       -3.14190063377417        1.57522592708860
B            3.08774017847465       -2.10111823536691        0.29129186672728
B            5.16622374488311       -2.53667197602153       -1.01726938382216
B           -4.26287393405794       -1.06001180856197       -1.19959995611669
B           -3.13481765948564       -1.28180977722731       -0.03257167405172
B           -0.83583768191840       -0.93996307130726        2.45503632113994
B            0.42703031084228       -1.50146623164690        1.23215547794335
B            4.17976275012097       -1.22799248529235       -0.40381007380184
B            6.74475716259184       -2.44737500510836       -0.74637788803308
B           -4.81911472613600       -0.64110584358532       -2.72529785203918
B           -3.10784103396844        0.15299130605299       -0.70711342871859
B           -1.03404752286576        0.60071551337999        2.53036242270034
B            0.00531652646257       -0.01673047145627        1.29306472931181
B            4.80413666613284        0.27392006329331       -0.39960767570476
B            5.76203026411999       -1.02795048523076       -1.02610312534135
B           -5.55410156278927        0.87548869204942       -2.83853641125924
B           -2.76327291264085        1.60022660315441       -0.39893786790304
B           -1.29927528768684        2.11537263503284        2.41391312774349
B            0.17911230700641        1.54594495930314        1.49967246079788
B            4.19361189325862        1.63710190677751        0.25478710451244
B            6.15781082782437        0.47421476192929       -1.55907570855718
B           -5.58075644446263        1.78997938622993       -1.42240362803954
B           -3.26693486578521        2.94154385944515        0.09774816263941
B           -1.71905623796115        3.60312250636559        2.11525765127278
B           -0.07002236515460        3.16400076787013        1.77700736251321
B            2.93242052881521        2.26468502416094        0.97918244409398
B            5.64620995942935        1.73535489888005       -0.66609529413995
B           -6.49870560308643        2.88047328067304       -0.86764991797772
B           -4.43031633103135        3.91208348369079        0.71797110524673
B           -1.78849457577645        5.17540265801898        1.56778138876729
B            1.15574209864603        4.39289926517203        1.71348891253000
B            2.55652920365287        3.91923329780353        1.20548428843212
B            5.23714929265210        3.05404443897239       -0.01570073863724
B           -5.25872878592629       -3.67826654363673        0.47627316344577
B           -2.48994331565683       -3.66480410817581        1.80923367898197
B            0.35418415242416       -4.74197149802010        2.14756400775228
B            1.70923763702553       -2.40496804068922        1.04196463672231
B            4.27538344581610       -3.44781980448701        0.08457904794636
B           -4.99323206253528        2.87383948900841       -0.27659439931354
B           -3.02235823509075        4.31560782313156        1.20321423409479
B           -0.30594514384162        4.89088147379998        1.83013173183257
B            1.45176564959301        2.54938524632272        1.41065585952175
B            4.00225420886188        3.62206126014041        0.68466622393188
B           -4.46556879670406        0.58548643934016       -1.68706989051853
H           -7.25833426319583       -2.54334247128959       -0.82634922490765
H           -4.76271265547767       -1.36964957602832       -3.64947538811372
H           -6.06437147019325        1.26792781100878       -3.82264671521817
H           -7.46431562568584        3.52091534519872       -0.71002811899316
H            6.26454948904849       -4.91301356976479       -0.34096488489367
H            7.91040443532741       -2.42359930947206       -0.88592587763300
H            6.80789542094372        0.63299313020222       -2.53437581414615
89
 energy: -115.958697392070 gnorm: 0.007233594525 xtb: 6.7.1pre (5071a88)
O           -0.27032092800301        6.12717309465083        5.40703184768405
C           -0.28680035688959        4.76468291266440        5.51672109243513
C           -1.49939738428572        4.10150051405484        5.34151078811251
C           -1.55393218015304        2.73104289689349        5.43351156916417
C           -0.40813133284613        1.95961403849950        5.69888828710946
C           -0.53743611471382        0.53358262262752        5.79177713664173
C            0.46656138977452       -0.36977899384265        5.92373241544159
C            0.30538384892289       -1.78620698243392        6.08420374317334
C            1.42649250711541       -2.56641067645672        6.42139642099235
C            1.31038705820974       -3.92492553146868        6.63716248588350
O            2.38308999964323       -4.69633114548497        6.99129221715764
C            0.07685043266354       -4.55634528021530        6.50340944293826
C           -1.03212825567899       -3.80164847386005        6.14002318199830
O           -2.25681156977975       -4.38303104649565        5.97498379002033
C           -0.92668979479995       -2.43891769522180        5.93387607376180
C            0.79603626221443        2.65232430876597        5.89129667100562
C            0.85459675170054        4.02802973875589        5.80453075510156
H            0.61481054729028        6.45717839036503        5.58163494265870
H           -2.37982497717814        4.68590459471490        5.13459709431408
H           -2.49385332284773        2.22263550320286        5.29421737811416
H           -1.55063025519584        0.17538392250413        5.78841689457195
H            1.49060145930878       -0.02210311133289        5.92499109702239
H            2.38934349476417       -2.08543610224348        6.53869441215056
H            3.15936517825320       -4.13295624914696        7.08337294653075
H            0.00312099727432       -5.61745308754669        6.68432180771593
H           -2.18362433838719       -5.32958530676849        6.13732238466355
H           -1.81190334489746       -1.89701183450153        5.65526235139525
H            1.68904106697568        2.10698702331166        6.14251789387646
H            1.78936360402739        4.54546819004431        5.97197758107062
B           -6.25070857642098       -2.90236230634770       -0.31342600236245
B           -3.82790925368313       -3.46367378920222        1.03143881418968
B           -1.06399194420939       -4.19219318804447        2.25707123595226
B            1.67557205732295       -4.23651595082392        1.62930327803369
B            2.93710611980133       -3.67475382605474        0.86914725102128
B            5.81798412242857       -3.81729824628326       -0.29962070054494
B           -4.66882802337474       -2.35326995227320       -0.27574856543185
B           -2.60541746287913       -2.22992575067008        1.10153306556058
B           -1.26880076499779       -2.42377624477059        2.10154405646797
B            0.27621697416016       -3.14355794195057        1.61087331307809
B            3.08332624386237       -2.09850916792682        0.32434608460129
B            5.15265459100797       -2.53168886781546       -0.99739167937797
B           -4.24979780453043       -1.06000168378314       -1.17805602419412
B           -3.12958999861833       -1.28209410552841       -0.00349289545364
B           -0.84226850420672       -0.94159207105018        2.48371718881356
B            0.42530622542654       -1.50342314325691        1.26821024373382
B            4.17065691584932       -1.22404830003251       -0.37623053419429
B            6.73315068053352       -2.44271515746484       -0.73826696895184
B           -4.79426611805137       -0.64099967397686       -2.70828015175085
B           -3.09716337752405        0.15279949983795       -0.67696409022201
B           -1.04473252627265        0.59901922820094        2.55387770389248
B            0.00279035505865       -0.01899735218566        1.32465338644490
B            4.79479074152068        0.27807953969693       -0.37623215618490
B            5.74835348935378       -1.02285815442634       -1.00940462925180
B           -5.52431493431977        0.87697129415179       -2.82967955567040
B           -2.75428642796542        1.60024048778734       -0.36813596675835
B           -1.30775230388122        2.11320653838085        2.43032047661139
B            0.17674364522283        1.54405981222144        1.52824932082188
B            4.19018404689367        1.64108916657953        0.28499652776750
B            6.13840331187507        0.47943734986960       -1.54688040852380
B           -5.56317579021143        1.79184110116969       -1.41385282479543
B           -3.26042413502724        2.94380907636037        0.12049918573408
B           -1.72300108145831        3.60255553209970        2.13146864999706
B           -0.07268542517367        3.16277503754912        1.80218691866601
B            2.93096996535328        2.26406553388653        1.01681496137308
B            5.63206629147792        1.74116150751267       -0.65250964619796
B           -6.48243851961681        2.88599354078374       -0.86891200985060
B           -4.42821411846257        3.91578871883209        0.73194110555928
B           -1.78899371581227        5.17810898267077        1.59339041369797
B            1.15387089822318        4.39320711436797        1.75176065638072
B            2.55518638812208        3.91776516834493        1.24908812428398
B            5.22677965203314        3.05845224736862        0.00281553473877
B           -5.25095630092688       -3.68474709840306        0.48486846279582
B           -2.48995671541911       -3.66918567265743        1.83512630748874
B            0.35414295559978       -4.74425033265563        2.17952132283831
B            1.70750305661008       -2.40562881133488        1.07756214924436
B            4.26975619332934       -3.44536624955253        0.10889350311275
B           -4.98238109252592        2.87583370113068       -0.26554642123415
B           -3.02357762862611        4.32188321019192        1.22345189383601
B           -0.30814951474677        4.88967703536034        1.86105786100491
B            1.44988740494011        2.54504371670078        1.44714210520488
B            3.99765472858896        3.62131497473181        0.71779616574066
B           -4.44810186106435        0.58482505344985       -1.66719389381922
H           -7.24470965984215       -2.55064641097285       -0.82764196199464
H           -4.73194235334987       -1.37133822129881       -3.63074247095747
H           -6.02404397853641        1.27034190327666       -3.81897459592709
H           -7.44621347962618        3.53230197280869       -0.72207990636200
H            6.25636819154941       -4.90870833280797       -0.33250421355993
H            7.89775947916248       -2.41823915062705       -0.88635139880102
H            6.78004922357201        0.63734687481897       -2.52811129902257
