102
 energy: -135.688719096969 gnorm: 0.078649511429 xtb: 6.7.1pre (5071a88)
C            1.63942900000000       -5.50085900000000       12.48831300000000
O            1.52755600000000       -6.27476300000000       11.30297500000000
C            0.72394400000000       -5.79150500000000       10.30384100000000
C           -0.00956500000000       -4.60122300000000       10.36647400000000
C           -0.80107100000000       -4.18197800000000        9.28369900000000
C           -1.57085400000000       -2.93640200000000        9.41520500000000
C           -1.79524900000000       -2.08217900000000        8.40592000000000
C           -2.56840600000000       -0.83036800000000        8.64464400000000
O           -2.94179200000000       -0.50376700000000        9.76966800000000
C           -2.85031000000000        0.03693500000000        7.45152100000000
C           -1.66726900000000        0.88512300000000        7.08244500000000
O           -0.90606100000000        0.55331700000000        6.17567400000000
C           -1.44531000000000        2.12412300000000        7.88082200000000
C           -0.44952500000000        2.96245900000000        7.55784800000000
C           -0.13778700000000        4.19410300000000        8.29757600000000
C           -1.13626400000000        5.01289100000000        8.83985800000000
C           -0.80001100000000        6.18916000000000        9.51220000000000
C            0.53933300000000        6.55472800000000        9.63453500000000
O            0.87051900000000        7.70846900000000       10.29404100000000
C            1.55723100000000        5.76203400000000        9.08843600000000
O            2.83764300000000        6.21834300000000        9.26142900000000
C            3.89334600000000        5.42916600000000        8.73307300000000
C            1.20655000000000        4.58572300000000        8.41609300000000
C           -0.87210800000000       -4.98687700000000        8.13978900000000
C           -0.14608900000000       -6.17683300000000        8.06482800000000
C            0.64660100000000       -6.56997800000000        9.14164100000000
O            1.35946900000000       -7.73716900000000        9.06926500000000
H            2.31875400000000       -6.02509300000000       13.16741200000000
H            2.07278600000000       -4.51727400000000       12.27909100000000
H            0.67185400000000       -5.40860500000000       12.99252600000000
H            0.02655900000000       -3.97482400000000       11.25236900000000
H           -1.94485000000000       -2.71397100000000       10.41397800000000
H           -1.41901800000000       -2.24584200000000        7.40237900000000
H           -3.71746400000000        0.67387600000000        7.65963500000000
H           -3.13521900000000       -0.58497800000000        6.59535900000000
H           -2.10438500000000        2.29157200000000        8.72522200000000
H            0.20546000000000        2.73625300000000        6.71718000000000
H           -2.18709500000000        4.75431200000000        8.73687300000000
H           -1.59067800000000        6.80689800000000        9.92626700000000
H            0.06207700000000        8.13570400000000       10.61533900000000
H            4.83658500000000        5.93239500000000        8.96661000000000
H            3.82016800000000        5.35017600000000        7.64341800000000
H            3.92010500000000        4.43971300000000        9.20134600000000
H            1.96995000000000        3.94894900000000        7.97994100000000
H           -1.50058000000000       -4.70657400000000        7.29826100000000
H           -0.21485900000000       -6.78341500000000        7.16731100000000
H            1.20589900000000       -8.15194300000000        8.20687300000000
B           -4.78060200000000       -2.60451300000000        0.31726600000000
B           -4.56946500000000       -1.35668300000000       -0.64800400000000
B           -4.46386100000000       -0.24738100000000       -1.88294500000000
B           -3.39653100000000       -2.66197900000000       -0.50282700000000
B           -3.03800900000000        0.17760700000000       -1.40477300000000
B           -4.39087200000000        0.34264400000000       -0.19239700000000
B           -5.03101200000000        1.40307800000000        0.81922200000000
B           -4.62009400000000        2.98638800000000        0.99756200000000
B           -2.80885100000000        0.51280300000000        0.19951300000000
B           -3.21855100000000        3.22754000000000        1.79323600000000
B           -2.16113300000000       -3.77582100000000       -0.58434300000000
B           -1.87692800000000       -2.24808400000000       -0.93341400000000
B           -1.69716400000000       -0.61333400000000       -0.83575100000000
B           -0.58444300000000       -3.21898400000000       -0.83504900000000
B           -0.21975100000000       -0.14844800000000       -0.31180300000000
B           -1.39498500000000        0.03581800000000        0.85208700000000
B           -1.77568600000000        1.66211000000000        0.75922400000000
B           -1.89750200000000        3.23698900000000        0.88258400000000
B           -0.21529200000000        1.03720000000000        1.06969500000000
B           -0.75211800000000        4.34800200000000        0.55841700000000
B            0.82650100000000       -4.11287000000000       -0.74004900000000
B            0.92514400000000       -2.50540400000000       -0.74972300000000
B            1.21436400000000       -0.94897900000000       -0.58697200000000
B            2.20066500000000       -3.40258600000000       -0.16816700000000
B            2.62204600000000       -0.19565100000000       -0.29297700000000
B            1.23408100000000        0.55156200000000        0.14260000000000
B            1.12484400000000        2.00092300000000        1.04298600000000
B            0.53660000000000        3.43722900000000        0.61800700000000
B            2.45801500000000        1.67264600000000        0.08749500000000
B            1.21364600000000        3.01707300000000       -0.85296300000000
B            3.22024400000000       -3.85082000000000        1.10442800000000
B            3.62404600000000       -2.65348600000000        0.06373700000000
B            4.02502700000000       -1.12193000000000       -0.23655200000000
B            4.41737600000000       -2.83547400000000        1.42032900000000
B            5.36364000000000       -0.24189800000000       -0.68977800000000
B            4.10411900000000        0.53100900000000       -0.01347700000000
B            4.01809300000000        2.32177500000000       -0.03381000000000
B            2.82183800000000        3.09683300000000       -0.91293000000000
B            5.42200700000000        1.45825400000000       -0.18528800000000
B            4.29611800000000        3.55009000000000       -1.01397900000000
H           -5.16873400000000       -3.09485600000000        1.31067700000000
H           -5.71606300000000       -2.07639200000000       -0.39350900000000
H           -5.26403400000000       -0.12071700000000       -2.74169000000000
H           -5.77109700000000        1.00744300000000        1.66460400000000
H           -5.36451400000000        3.84312500000000        0.67204400000000
H           -3.23430000000000        3.22497400000000        2.97567400000000
H           -2.35929700000000       -4.92623700000000       -0.47322500000000
H           -0.89648200000000        5.47548000000000        0.24425300000000
H            0.82234600000000       -5.24979400000000       -1.02332900000000
H            0.55369500000000        2.69429400000000       -1.78368600000000
H            2.97032300000000       -4.81755600000000        1.71725000000000
H            5.26307400000000       -2.51245400000000        2.15654200000000
H            6.38477800000000       -0.64668600000000       -1.09559000000000
H            6.50319700000000        1.83816900000000        0.06501200000000
H            5.13889000000000        4.25241400000000       -1.41544200000000
102
 energy: -135.695236961050 gnorm: 0.039458611002 xtb: 6.7.1pre (5071a88)
C            1.63371024783883       -5.49896927019058       12.48016116476652
O            1.51938234825190       -6.26139202252744       11.29767306604749
C            0.71623132033332       -5.78226496001129       10.30120663348611
C           -0.02219246163577       -4.60714763486056       10.36207351534580
C           -0.80924712825486       -4.18068353656115        9.28428514646859
C           -1.55787188875855       -2.93139716081885        9.40637123225642
C           -1.79612097810075       -2.06476859889224        8.40715686418589
C           -2.55289481164571       -0.82433102221443        8.65488162537147
O           -2.92385644633536       -0.49746793161587        9.77228672903583
C           -2.85450367845701        0.03751430306648        7.44679212963449
C           -1.65044343017865        0.88014612459227        7.08489461585476
O           -0.89709112717243        0.54939894671721        6.17807140584305
C           -1.44394472237316        2.10559521682674        7.87589479336435
C           -0.44983058246257        2.95801419312955        7.57127561142255
C           -0.14156360011949        4.19296346929252        8.28928756622208
C           -1.13303030185149        4.99790781711653        8.84431562001675
C           -0.79527921293388        6.16923753849348        9.50484387542767
C            0.53381852547598        6.54855696579942        9.63386305628532
O            0.87744256780206        7.69902598865078       10.28752659793465
C            1.55066096430539        5.75292010672053        9.08291341169077
O            2.82878281597479        6.20543152624009        9.25661822382384
C            3.88345291324850        5.42763144993990        8.73259002356901
C            1.19636843915921        4.59239223401279        8.40676839869259
C           -0.86570571939695       -4.97226781439292        8.14013315537739
C           -0.14897864677283       -6.15739869560916        8.07280252010790
C            0.64343868451830       -6.56400110711309        9.13742130732280
O            1.35842773478092       -7.72797103693051        9.07823390357180
H            2.31563588108519       -6.04555982960633       13.13481394653069
H            2.05689456174917       -4.51105122272168       12.27544919293660
H            0.66745396491545       -5.39818869579737       12.98318557700067
H            0.01826963588386       -3.98346004873199       11.24239298250680
H           -1.91469985668982       -2.69245383660292       10.40174870225878
H           -1.43306417990553       -2.22922211859036        7.40344214235853
H           -3.70712453497010        0.68357350310749        7.68041839727869
H           -3.11406950843831       -0.59462347821926        6.59117023962592
H           -2.10944137293890        2.27213677324289        8.70979771636250
H            0.21137928916279        2.71647078509237        6.74701677761668
H           -2.17565015726821        4.73465631689646        8.73961126635158
H           -1.57719115601945        6.79212059116690        9.91875673827848
H            0.07565221063902        8.13037291215210       10.61059267307572
H            4.80747831797828        5.95345438488743        8.98162986725239
H            3.80971305762998        5.34027182576822        7.64451122707240
H            3.90846541149805        4.43414647913060        9.19020623769000
H            1.95769975827097        3.95794381556665        7.97846245095945
H           -1.49213910875321       -4.68775318699722        7.30696158889294
H           -0.21400529579894       -6.76989266405941        7.18316212490636
H            1.20857706648955       -8.14750341802860        8.22105141703228
B           -4.78229267345524       -2.60258472990575        0.31436208489503
B           -4.57147227997758       -1.35565744792803       -0.64884355088923
B           -4.46417806418098       -0.24347865942433       -1.88273620512644
B           -3.39327486516139       -2.65879661530293       -0.50149147267353
B           -3.03735609817280        0.17802524248325       -1.40337748434556
B           -4.38924809412129        0.34168757478564       -0.19092270578708
B           -5.02989150029992        1.40249638807191        0.82068639824958
B           -4.62166721091762        2.98595735905157        1.00248273245415
B           -2.80893943929302        0.51214141660970        0.20215237951379
B           -3.21791608440596        3.22784341845788        1.79312537408680
B           -2.16064403140558       -3.77546761858761       -0.58177078474664
B           -1.87497239843736       -2.24833689969616       -0.92877207361493
B           -1.69643321087952       -0.61194816308424       -0.83285858989587
B           -0.58502116585378       -3.21826460288651       -0.83576157237541
B           -0.22046158787249       -0.14613906611878       -0.31059355362611
B           -1.39427004683676        0.03519223327184        0.85464802159890
B           -1.77655102175733        1.66064303473924        0.76524328208285
B           -1.89502520105605        3.23610128017817        0.88525341041796
B           -0.21596624244797        1.03830530615338        1.07169452962480
B           -0.75245102092330        4.35192864781999        0.56732334733227
B            0.82621991697554       -4.11233157660471       -0.73829660423782
B            0.92807859776183       -2.50714681226146       -0.75531975442117
B            1.21369376554816       -0.94776038419803       -0.58680930721353
B            2.20021827197733       -3.40428963754358       -0.16356956201403
B            2.62073126597406       -0.19576743113210       -0.29092315101462
B            1.23448253865043        0.55082423987125        0.14846784987300
B            1.12403000062150        2.00173579657055        1.04439578497710
B            0.53309471125575        3.43582328758194        0.61537893044802
B            2.45769782013409        1.67273022728766        0.08903231869054
B            1.21286731632776        3.01520401307217       -0.85465184259296
B            3.22300688712625       -3.85491391607562        1.10246245152729
B            3.61885104676701       -2.65137305669038        0.06878122727076
B            4.02465628779225       -1.12071048150476       -0.23415886896078
B            4.42064191251909       -2.83849897798853        1.41949404566708
B            5.36561835118975       -0.24320543535657       -0.68577185492510
B            4.10354167114530        0.53189427471769       -0.01666118104756
B            4.01731044396288        2.32215535131149       -0.03391874400827
B            2.82136282792306        3.09466161285998       -0.91447702217498
B            5.42186450390339        1.45898538879564       -0.18856256914061
B            4.29522452406013        3.55159708840213       -1.01363501773875
H           -5.17021322683441       -3.10549249639999        1.29941485322223
H           -5.71792549872945       -2.07309617446408       -0.39339105432549
H           -5.26189647381319       -0.11728695119825       -2.74209095720865
H           -5.77107355235775        1.00760118652964        1.66295378169228
H           -5.36127710471851        3.84237390606207        0.66916836677360
H           -3.23463219664229        3.22552769668348        2.97321140949859
H           -2.35867424896535       -4.92483106690642       -0.47159656675056
H           -0.89670987422787        5.47494506554029        0.24246587309623
H            0.81974127853954       -5.24955766653061       -1.01732491073773
H            0.55284842204908        2.68938612872944       -1.78307620711204
H            2.97478257933776       -4.81692474361441        1.72022496872565
H            5.26303925633491       -2.51312218583249        2.15584602606540
H            6.38504458822948       -0.64690330861454       -1.09442046425410
H            6.50278824695614        1.83860149821332        0.05880746809365
H            5.13734657092232        4.25186046548361       -1.41681174203122
102
 energy: -135.697700580106 gnorm: 0.010921206335 xtb: 6.7.1pre (5071a88)
C            1.62573436974649       -5.49750391861542       12.47118542194381
O            1.50634542707760       -6.24999263524698       11.29099506537410
C            0.70378800194645       -5.77276934722940       10.29845696218007
C           -0.03293855166580       -4.60568755829366       10.35885218652464
C           -0.81017231977208       -4.16661884953744        9.28003380726472
C           -1.53380185397569       -2.91394003081523        9.39847370863208
C           -1.79547358341682       -2.04137515004473        8.40577506248149
C           -2.54121428502689       -0.81513676593578        8.66550673443892
O           -2.89441155738439       -0.46983363655225        9.77983805701941
C           -2.85800317714832        0.03805776408387        7.44061954644480
C           -1.63632226669982        0.87418249105486        7.07858440339939
O           -0.88167036952513        0.52804577826277        6.18085082929925
C           -1.44326728669384        2.08130479872581        7.86952088148827
C           -0.44263444757599        2.94133792201865        7.59116072057209
C           -0.14531247518283        4.17855101196071        8.28868936535279
C           -1.13490412301521        4.97649313204495        8.85067093996771
C           -0.79657331633263        6.14820483533402        9.49992315401749
C            0.52424500485032        6.54227756503892        9.63048729752651
O            0.88098355153870        7.68771927975391       10.27818828216363
C            1.54153289828541        5.74373422559229        9.07293190707872
O            2.81613301952891        6.19496769023159        9.24817371196926
C            3.87171559567832        5.42677751365547        8.73084825112482
C            1.18853926610039        4.59150938943499        8.39797676173545
C           -0.86023621004496       -4.95207412223319        8.13467637961195
C           -0.15293436735059       -6.13763835563181        8.07433203419817
C            0.63638077740088       -6.55788699485225        9.13101554661845
O            1.35371969995512       -7.71694196545929        9.08607911874743
H            2.30950347558080       -6.06005306550718       13.10576036268392
H            2.04371216765487       -4.50520841149613       12.27457856737821
H            0.66272492010571       -5.38994486647839       12.97972549235962
H            0.00390139519355       -3.98881316738220       11.24104246349711
H           -1.86712624735352       -2.64986515917401       10.39451073832972
H           -1.45575529376229       -2.21525417706479        7.39649700637805
H           -3.69570880344846        0.69178616507100        7.68848650130840
H           -3.10201024957229       -0.60385665505582        6.59268785437884
H           -2.12413213464974        2.25443920864127        8.68807107477831
H            0.23119508157406        2.67698845815639        6.78594120150758
H           -2.17147860837198        4.70184740886438        8.75231683525357
H           -1.57102784221470        6.77545887501762        9.91933380714021
H            0.08643359962338        8.12417755315984       10.60666706297020
H            4.77975561370327        5.96869333457551        8.99248526448978
H            3.80476970803733        5.33228941792944        7.64253441654024
H            3.90056737239831        4.42907198927864        9.18017140214605
H            1.95026491277080        3.96412384695729        7.96634803055800
H           -1.47831414497275       -4.65665549029709        7.30367936587745
H           -0.20988930775091       -6.75545341626789        7.18866749099658
H            1.21025154098155       -8.14288192515635        8.23310747723636
B           -4.78548165728868       -2.60150126158288        0.30826773950684
B           -4.57355248506809       -1.35323619637991       -0.64894861380192
B           -4.46349238237248       -0.23762197086846       -1.88132302697236
B           -3.39066494305034       -2.65570942464945       -0.50280351609317
B           -3.03604534263256        0.17887752058229       -1.39962344773913
B           -4.38766703767072        0.34183110584397       -0.18814836427061
B           -5.02933030275880        1.40344211949603        0.82255836431277
B           -4.61660122012812        2.98652057205231        0.99743166943886
B           -2.80910417402813        0.51125143228069        0.20743743636977
B           -3.21665000883073        3.22709165429422        1.79482806397861
B           -2.16125411282429       -3.77535682198975       -0.57906699295180
B           -1.87379947432544       -2.24858974617871       -0.92473592447999
B           -1.69573949340857       -0.61037125430822       -0.82738562830016
B           -0.58626664962412       -3.21651808432556       -0.83322297295746
B           -0.22074781454697       -0.14429699581947       -0.30701300149108
B           -1.39341566622259        0.03387847517939        0.85951322894749
B           -1.77701418328859        1.65849618031479        0.77311104920354
B           -1.89202636003913        3.23429652008148        0.88953215345731
B           -0.21634094469889        1.03889393370955        1.07586059179661
B           -0.75496862142154        4.35116638420636        0.55790721700735
B            0.82542749552395       -4.11125494577155       -0.73372151505119
B            0.93106675848834       -2.50860511727922       -0.75736815347247
B            1.21318289292322       -0.94655324720453       -0.58584438298001
B            2.20024589386832       -3.40604582127958       -0.15737576014870
B            2.61953005778778       -0.19572750355767       -0.28825479155480
B            1.23552293365099        0.54906612958529        0.15795397668618
B            1.12334855770891        2.00255705833640        1.04689859000745
B            0.52998254690811        3.43531011267457        0.61447494901897
B            2.45750773718181        1.67293549540637        0.09160248805491
B            1.21126865846360        3.01333612818497       -0.85455988808034
B            3.22744983081958       -3.86115965526616        1.09974615938035
B            3.61303264595819       -2.64725529043019        0.07771682879655
B            4.02488425011653       -1.11845017818038       -0.22980690985507
B            4.41957425108519       -2.83753766736570        1.42439948615345
B            5.36590901853408       -0.24319504066563       -0.68556400558204
B            4.10291827197411        0.53358341309244       -0.02065460109449
B            4.01622857923266        2.32306435946837       -0.03426498973199
B            2.81962623002922        3.09205779198088       -0.91586462933744
B            5.42172696092258        1.46024321754083       -0.19256054742677
B            4.29294289813077        3.55215898029567       -1.01554363020772
H           -5.17262253649009       -3.12263007427104        1.28290046078612
H           -5.71958636407599       -2.06916474882531       -0.39711615714049
H           -5.25879302045978       -0.10968885242226       -2.74137125183312
H           -5.76961076172205        1.00890644204475        1.66428130897412
H           -5.35984410946820        3.84168074325653        0.67219659624120
H           -3.23646568675464        3.22544808503981        2.97346073839793
H           -2.35858111595728       -4.92376606185056       -0.46736781951929
H           -0.89813596502529        5.47816826110914        0.25143205450504
H            0.81555875115122       -5.24890439178871       -1.00961773622398
H            0.55108542523771        2.68299900153771       -1.78055552892604
H            2.98297761291250       -4.81793777959450        1.72518870036741
H            5.27090293804082       -2.52234317737773        2.15305783960581
H            6.38563954922212       -0.64994989684897       -1.08871672773273
H            6.50294711648374        1.84126968353626        0.04814513452518
H            5.13377499500022        4.25264341443470       -1.41875586354673
102
 energy: -135.698485212545 gnorm: 0.010152480538 xtb: 6.7.1pre (5071a88)
C            1.61927248258844       -5.49845066550227       12.46792911842388
O            1.49507144856693       -6.24673145894592       11.28765557093403
C            0.69448357712406       -5.76630689758081       10.29697227942482
C           -0.03851284337218       -4.59901889907258       10.35895106043156
C           -0.80598422280327       -4.14982451698677        9.27571476037402
C           -1.51575080266802       -2.89514622587936        9.39532850279369
C           -1.79823981170368       -2.02791605277261        8.40152364346919
C           -2.53018274131963       -0.80133442557089        8.66850131782542
O           -2.86527059599175       -0.43723032150131        9.78349676528507
C           -2.86154477859751        0.03835179175716        7.43382836960129
C           -1.62849456529574        0.86375487335544        7.07373706866425
O           -0.87041604970614        0.50377681174622        6.18321549815819
C           -1.44616676222578        2.06797731393152        7.86052653599486
C           -0.43433335517858        2.92384009889586        7.60177971121137
C           -0.14597697608305        4.16137458558456        8.29152724899306
C           -1.13761444214708        4.95495156656765        8.85935224665442
C           -0.80173098411502        6.13110004509113        9.50192391140074
C            0.51636017617001        6.53455467468771        9.62689554725011
O            0.87765546337314        7.67901692223108       10.26924217166502
C            1.53538167848540        5.73751390716018        9.06467476169000
O            2.80731067699993        6.19259357607387        9.23970034162213
C            3.86589260808346        5.42841976274926        8.72755079232640
C            1.18655425502493        4.58533487561934        8.39115858978577
C           -0.85304693815023       -4.93229849920918        8.12671112128972
C           -0.15312364840294       -6.12243349628035        8.06881174368771
C            0.63014183978335       -6.55072037740891        9.12615305311308
O            1.34557433428407       -7.70878694750804        9.08845982869783
H            2.30418598061643       -6.06455791730492       13.09621425273611
H            2.03714214744139       -4.50463334994854       12.27476736999844
H            0.65852398614126       -5.38887936029295       12.98174564924181
H           -0.00721079221125       -3.98730874765250       11.24548320906100
H           -1.82178211177928       -2.60808749630273       10.39598623339733
H           -1.48037071812111       -2.21248554251740        7.38604791406478
H           -3.69218771882954        0.69746293343178        7.68168854094232
H           -3.10489046588622       -0.61102483020276        6.59418303568606
H           -2.14156430190966        2.24898679555799        8.66608463528903
H            0.25708087475359        2.63890504960447        6.81618036208082
H           -2.17238971240844        4.67002028102950        8.76958500832858
H           -1.57530391287449        6.75832037704703        9.92500357428945
H            0.08676832361450        8.11766138269187       10.60355062261973
H            4.76907443470485        5.97393419242442        8.99402173001011
H            3.80550130774059        5.33147027413427        7.63834894214752
H            3.89725161113966        4.42923626929383        9.17523451877658
H            1.94973959920030        3.96386820832158        7.95249958174871
H           -1.46290908240306       -4.62733941945432        7.29289736451504
H           -0.20681008883486       -6.74120133685958        7.18265760986142
H            1.20743928596153       -8.13829657743754        8.23642843912168
B           -4.78975543583456       -2.60277783489902        0.29982776598366
B           -4.57444550384313       -1.35052140505843       -0.64943422041955
B           -4.46121325221997       -0.23146972539670       -1.87956813445310
B           -3.39026876268479       -2.65415461797831       -0.50598486923386
B           -3.03371004446408        0.18075066420877       -1.39509975618120
B           -4.38591151389415        0.34292214896112       -0.18526854895285
B           -5.02964543253215        1.40385311623433        0.82522794221496
B           -4.62023598856602        2.98671755894998        1.00712278229509
B           -2.80836176075435        0.51129936170695        0.21309232708821
B           -3.21572564651412        3.22641485045159        1.79632667325783
B           -2.16233965348346       -3.77499418731999       -0.57639077364936
B           -1.87351299418748       -2.24811013784850       -0.92172883917453
B           -1.69483197674593       -0.60913792855654       -0.82154469042912
B           -0.58725552319460       -3.21499687043394       -0.82951562064401
B           -0.21991108573994       -0.14414273659313       -0.30178792213438
B           -1.39245483708953        0.03314081215458        0.86491807971391
B           -1.77594019718258        1.65782784092039        0.77945541316867
B           -1.89131564281160        3.23445200134961        0.89049429237728
B           -0.21558566930955        1.03879297999637        1.08080077612201
B           -0.75366714872461        4.35534348016735        0.57624206867423
B            0.82398297631012       -4.11093681154281       -0.72691115557348
B            0.93248619337829       -2.50942830794465       -0.75424112757032
B            1.21341511479422       -0.94643535874976       -0.58306974735257
B            2.19926313391164       -3.40722398277410       -0.15010287155305
B            2.61948679260572       -0.19609125656212       -0.28459763623782
B            1.23698000936418        0.54677047721335        0.16719012349549
B            1.12409130841997        2.00281848723845        1.04968973756920
B            0.52765823235880        3.43343183324273        0.61518578953487
B            2.45745349075147        1.67279141173326        0.09314936567975
B            1.20796759016496        3.01036185871133       -0.85465106760861
B            3.23118425928485       -3.86542693593875        1.10003052356286
B            3.60931263337027       -2.64446911147660        0.08530785194236
B            4.02586025471722       -1.11729984081122       -0.22327260582760
B            4.43851124769740       -2.85429505474860        1.41487189279709
B            5.36746772906289       -0.24437564431491       -0.68084754717373
B            4.10301585779162        0.53515223545519       -0.02244668454365
B            4.01488167899614        2.32414681992064       -0.03602597299761
B            2.81613299557414        3.09029958166727       -0.91724183574344
B            5.42127150648830        1.46201278230293       -0.19815328448764
B            4.28876400234071        3.55283176543826       -1.01865025747842
H           -5.17783489304704       -3.13803911848971        1.26632703044612
H           -5.72105830833848       -2.06535970797737       -0.40417548227726
H           -5.25532623571666       -0.10042249204760       -2.74002536800604
H           -5.77166168114532        1.00918887208357        1.66462087919995
H           -5.35469391775851        3.84342703659888        0.66627567605791
H           -3.23559368775645        3.22769298399854        2.97459567090372
H           -2.35902278598966       -4.92311959434281       -0.46291716901193
H           -0.89989777843419        5.47466465599348        0.24431355329287
H            0.81107129816964       -5.24888101527261       -1.00165724250631
H            0.54760881588154        2.67713443681095       -1.77940409391748
H            2.99133766091505       -4.82027191498002        1.73004138347580
H            5.26699589480206       -2.51829530731622        2.16022935537089
H            6.38673323685222       -0.65145187824361       -1.08464109851017
H            6.50264276095005        1.84604100721468        0.03645962282265
H            5.12834801422795        4.25389151009905       -1.42316610808157
102
 energy: -135.699236802221 gnorm: 0.019475379979 xtb: 6.7.1pre (5071a88)
C            1.60895681674065       -5.50183415386529       12.46589830843544
O            1.47678318923699       -6.24628994012357       11.28501981347543
C            0.68123623225569       -5.75720343100000       10.29572556628062
C           -0.04461534172356       -4.58652210693433       10.36100611314536
C           -0.79607651283810       -4.12149228182424        9.27011184559677
C           -1.48517805722124       -2.86193481162159        9.39260795644128
C           -1.80322369590597       -2.00962870567018        8.39330483299310
C           -2.51571620219146       -0.77816927822130        8.66667421318368
O           -2.81659659462505       -0.38279449925522        9.78420416715587
C           -2.87039550149333        0.03866832808946        7.42039721079967
C           -1.62306735021866        0.84671109516699        7.06425280295475
O           -0.85592937765599        0.46449889593141        6.18804738371582
C           -1.45193864125907        2.05060159777197        7.84514677629743
C           -0.41800532888162        2.89294918262952        7.61753411176430
C           -0.14383428557609        4.13247359475357        8.29715951276939
C           -1.13998536269076        4.91849890222325        8.87446474716753
C           -0.81056653909465        6.10245636101863        9.50843088737458
C            0.50476488579820        6.52013465832224        9.62094734347953
O            0.86809226579969        7.66596340193662       10.25441858249888
C            1.52756462487335        5.72874706731612        9.05205085230804
O            2.79547992566484        6.19361387785864        9.22460128198992
C            3.85956220816422        5.43307624523871        8.72080887927037
C            1.18678508920104        4.57374718245915        8.38093296355740
C           -0.83903966457303       -4.89908451382113        8.11440748056984
C           -0.15080702960035       -6.09741812330176        8.05763290385246
C            0.62057875431771       -6.53760469845078        9.11938794011642
O            1.32978321580215       -7.69695614887342        9.08940093818378
H            2.29571452681423       -6.06924125545447       13.08950224895758
H            2.02825698215468       -4.50717364671466       12.27479707665587
H            0.65138215619773       -5.39051206069233       12.98720771445948
H           -0.02186628953557       -3.98226654858234       11.25443030746588
H           -1.74863030602845       -2.54223280798030       10.39976010570897
H           -1.52436201722002       -2.21361245518299        7.36756486159227
H           -3.69356937459425        0.70535707040480        7.66300676973272
H           -3.11794123650757       -0.62220256842953        6.59371441245020
H           -2.17273340835813        2.24668584972239        8.62716165237837
H            0.30004660753950        2.57943603652913        6.86232436197423
H           -2.17284679225940        4.61759429153180        8.79945751087680
H           -1.58606858294253        6.72597152592125        9.93674805097468
H            0.08115474422576        8.10558369199319       10.59818212930484
H            4.75939229061457        5.97993555967598        8.99241703135151
H            3.80895574389723        5.33375024717470        7.63031338105958
H            3.89274917281452        4.43307962152330        9.16895031903851
H            1.95244781866758        3.96131626419543        7.93083430025530
H           -1.43542101542644       -4.57967651693116        7.27460934949902
H           -0.20163097858881       -6.71433170354615        7.16846659749112
H            1.19948772812959       -8.12983792020912        8.23726308130284
B           -4.79711309006924       -2.60658819651247        0.28478801493786
B           -4.57530594204880       -1.34641404076226       -0.65016321000529
B           -4.45764774995473       -0.22123288572283       -1.87592841765695
B           -3.38978186142595       -2.65220529451297       -0.51122747874333
B           -3.03023588066790        0.18410828931695       -1.38692815989943
B           -4.38384456464707        0.34473906916792       -0.17969108088788
B           -5.02874780973283        1.40551143382008        0.83038856325915
B           -4.61706618229829        2.98805518733555        1.00857416621885
B           -2.80747744879022        0.51011156310961        0.22317731875584
B           -3.21452178855433        3.22727749664392        1.80135061844529
B           -2.16344862955444       -3.77422855799470       -0.57164321373256
B           -1.87233051687612       -2.24713084568031       -0.91659795145298
B           -1.69350614333185       -0.60730228439918       -0.81218842602505
B           -0.58722908310301       -3.21268458824155       -0.82116750720095
B           -0.21848467638648       -0.14411116612799       -0.29268291144812
B           -1.39116719707442        0.03091517635811        0.87413363705000
B           -1.77491569759500        1.65568400536096        0.79109970965559
B           -1.88968121298115        3.23292801500759        0.89643806123609
B           -0.21456397232121        1.03775249892871        1.08990488274817
B           -0.75536305377356        4.35380431827824        0.57345114886619
B            0.82361601603822       -4.11064361106307       -0.71566069807126
B            0.93603209403880       -2.51054136846250       -0.74650447993036
B            1.21348227950408       -0.94598410514990       -0.57786642218893
B            2.20090252399240       -3.40942127375566       -0.13995794815365
B            2.61884172782791       -0.19509696541958       -0.28069218887410
B            1.23884452530417        0.54367536255947        0.18250887362969
B            1.12470425333873        2.00369202048758        1.05467352040788
B            0.52545174942793        3.43255359923084        0.61767923752003
B            2.45732763083055        1.67323822337954        0.09639042664303
B            1.20323760043833        3.00686831498119       -0.85263553248236
B            3.23877623577965       -3.87453283696854        1.09985035711687
B            3.60666155934078       -2.63921006199821        0.10117596064100
B            4.02581454326582       -1.11476046476901       -0.21765479821726
B            4.41995130829812       -2.83713302919704        1.43972179062285
B            5.36878844770792       -0.24527503674593       -0.67622841847790
B            4.10289057937381        0.53801577430512       -0.02633700571219
B            4.01300422983079        2.32630879859622       -0.03878834692129
B            2.81066711579114        3.08785774800917       -0.91939911991001
B            5.42051509490409        1.46501121018466       -0.20707243900226
B            4.28202468718279        3.55408504716962       -1.02378644693021
H           -5.18839921569926       -3.16238705766740        1.23864456091231
H           -5.72320424269546       -2.05985227876366       -0.41757141220640
H           -5.25015983694935       -0.08447449329843       -2.73696028858078
H           -5.77398251180434        1.01200106158302        1.66739297787916
H           -5.35060167646551        3.84511017247767        0.66683655844217
H           -3.23696458915857        3.22834290465943        2.97966009528057
H           -2.35917857413456       -4.92215371874983       -0.45570728635711
H           -0.90281354601106        5.47503143157682        0.24938296065630
H            0.80493799597238       -5.24894487898222       -0.98943212872926
H            0.54145536189855        2.66824416744402       -1.77453964807555
H            3.00604146514598       -4.82604588900940        1.73793349488902
H            5.30136598877821       -2.55620788813584        2.14801332298790
H            6.38884037107153       -0.65475669399263       -1.07585278768717
H            6.50232632340634        1.85411630604856        0.01715590005414
H            5.11945049371165        4.25590694336202       -1.43154208320147
102
 energy: -135.699913997151 gnorm: 0.018893124181 xtb: 6.7.1pre (5071a88)
C            1.60039610426231       -5.50645725778365       12.46825789880633
O            1.46198432194666       -6.25145703277178       11.28706908990016
C            0.67374086965242       -5.75139480589903       10.29627101931484
C           -0.04433690649801       -4.57485872156867       10.36381432507926
C           -0.78383750304465       -4.09861440806427        9.26785245967846
C           -1.46007367146256       -2.83354157496486        9.39238368716624
C           -1.80587700506394       -1.99839003862096        8.38647949515343
C           -2.51055338929508       -0.76110433499543        8.65650396396651
O           -2.78335000704721       -0.34480995407540        9.77559320661979
C           -2.88109488085378        0.03880038435509        7.40668367468617
C           -1.62866507288267        0.83542014373804        7.05343029112390
O           -0.85141792706898        0.43843243143006        6.19111399769549
C           -1.45625143217660        2.04156983241222        7.83248735388292
C           -0.40279704143583        2.86683361828646        7.62776704815607
C           -0.13748403193408        4.10944061730176        8.30277945115317
C           -1.13766792385423        4.88859567124809        8.88649756315627
C           -0.81619917505022        6.07787519190450        9.51654217253196
C            0.49785092031136        6.50633324114063        9.61638843075495
O            0.85571562251881        7.65713258774276       10.24307044992256
C            1.52456097743817        5.72313172236005        9.04354085036219
O            2.78968841712227        6.19993597539355        9.21039711806685
C            3.85813033544967        5.43898733038591        8.71322789173218
C            1.19102335171381        4.56302992497101        8.37556101004490
C           -0.82483425750309       -4.87197581494578        8.10725201039808
C           -0.14544819406720       -6.07630075087909        8.04809319413268
C            0.61433423783716       -6.52540432032408        9.11588030618162
O            1.31467571179737       -7.68972331035212        9.08651422105703
H            2.28838043151252       -6.07191556962236       13.09304097324372
H            2.02235718283903       -4.51324192187707       12.27449478744696
H            0.64472976111207       -5.39449009147922       12.99330811685195
H           -0.02684909013146       -3.97542434357799       11.26146357097899
H           -1.69762891125744       -2.49850439435392       10.40061698847229
H           -1.55824575839740       -2.21805257684257        7.35489293458550
H           -3.70341424222159        0.70928674857170        7.64098665265438
H           -3.13559536494581       -0.62988354569376        6.58834147851823
H           -2.19608935331904        2.25073032055966        8.59431625834007
H            0.32926447508652        2.54088208565610        6.89189779321106
H           -2.16925870287186        4.57697504577041        8.82290755954766
H           -1.59650427372557        6.69353859804172        9.94879910355696
H            0.06896044549290        8.09323886047056       10.59317508457288
H            4.75913169188045        5.98395987206522        8.98650330977027
H            3.81339289659963        5.33888203387125        7.62233970005761
H            3.88985816085099        4.44037340655290        9.16504222901903
H            1.95838426415117        3.95713385386823        7.91773299254212
H           -1.41081393132440       -4.54336688752542        7.26234235865113
H           -0.19606922177082       -6.68720460308967        7.15420896676383
H            1.18871915403707       -8.12102310228461        8.23233793567114
B           -4.80445997157102       -2.61092758870778        0.27153116634756
B           -4.57574424820282       -1.34316537895867       -0.65101076720624
B           -4.45439310728576       -0.21269780894603       -1.87246921884179
B           -3.39104471286693       -2.65120880863731       -0.51512936116252
B           -3.02720419243773        0.18728170838719       -1.37959608267499
B           -4.38262038367652        0.34650575417857       -0.17460340087624
B           -5.02839778999191        1.40769133186357        0.83421565433732
B           -4.61021555842757        2.98963295709765        1.00291341278031
B           -2.80665452418996        0.50858904336240        0.23200152725710
B           -3.21418979095331        3.22851047792485        1.80771638698504
B           -2.16514987222788       -3.77322041599224       -0.56794458606358
B           -1.87217856306801       -2.24587429773212       -0.91248593088005
B           -1.69221060384992       -0.60612413495947       -0.80459294987464
B           -0.58754487462923       -3.21108470913357       -0.81312763138463
B           -0.21677446183227       -0.14452909924335       -0.28415006726959
B           -1.39020288028970        0.02887126157133        0.88214009462739
B           -1.77395949994876        1.65377127975176        0.80114369608362
B           -1.88854912350708        3.23095059087997        0.90472884849336
B           -0.21339686366216        1.03630311833859        1.09840714491451
B           -0.75808152273663        4.34863305934688        0.55871823854104
B            0.82243980833572       -4.11072226295519       -0.70408164756357
B            0.93716714720644       -2.51084771622962       -0.73654571579507
B            1.21392542466246       -0.94586833754392       -0.57116715490855
B            2.19965125652829       -3.40994901168783       -0.12823517527497
B            2.61931582801127       -0.19471739959816       -0.27477358953022
B            1.24045371986669        0.54133726062857        0.19566878678908
B            1.12544842623059        2.00454185706713        1.05946447139500
B            0.52509073069690        3.43283224609479        0.62138836372584
B            2.45738375414170        1.67351785287309        0.09941086611914
B            1.19929737855305        3.00429841215473       -0.84931129888257
B            3.24420367226925       -3.87935245814458        1.10293908540395
B            3.60536159882639       -2.63662023412700        0.11183353883126
B            4.02721265551690       -1.11354875338987       -0.20839990691189
B            4.45245716970133       -2.86582228995464        1.42443766039880
B            5.36892018752338       -0.24565760891106       -0.67286626991678
B            4.10340856787944        0.54030711726199       -0.02654113217902
B            4.01166463406411        2.32825645829217       -0.04129357190340
B            2.80586211235356        3.08577235523410       -0.92134007916883
B            5.41985535131272        1.46753261245817       -0.21366896981155
B            4.27610802597631        3.55462674768000       -1.02908598886630
H           -5.20087018214634       -3.17867337196676        1.21624187133870
H           -5.72538103099969       -2.05568124019558       -0.43071746761615
H           -5.24584452120689       -0.07098944290635       -2.73388438571286
H           -5.77484163809307        1.01544839669917        1.67137181687724
H           -5.34960081356422        3.84616338914533        0.67310537531373
H           -3.23985836609486        3.22886090392614        2.98644203277831
H           -2.35951716067646       -4.92130867515579       -0.45064182090957
H           -0.90506351910474        5.47676885115631        0.25872375657009
H            0.80033872578508       -5.24916374756118       -0.97764248058756
H            0.53515818567912        2.66206465081709       -1.76840478842394
H            3.01725784459246       -4.83090517959521        1.74336962080580
H            5.29446194903396       -2.55030161570240        2.16165463456208
H            6.39032003003400       -0.65779051354647       -1.06690005596048
H            6.50239307078740        1.86110982854223        0.00000809699575
H            5.11121545725810        4.25764944224507       -1.43996062729197
102
 energy: -135.700567367645 gnorm: 0.009443380193 xtb: 6.7.1pre (5071a88)
C            1.59116352755366       -5.51171085136723       12.47381723367470
O            1.44748930776138       -6.25993870449422       11.29313997350260
C            0.67015193816430       -5.74683593227267       10.29785870048376
C           -0.03860438093677       -4.56281772322297       10.36553939351358
C           -0.76928251917216       -4.07884959934100        9.26722114237218
C           -1.44235337592129       -2.81036613934428        9.39159281350495
C           -1.80779224693726       -1.99171584413375        8.38094919716263
C           -2.51108479777633       -0.74806452397916        8.64090325532710
O           -2.76770408111193       -0.32286715444948        9.75811726578366
C           -2.89221733431101        0.03873750385372        7.39219346716746
C           -1.63988383509196        0.82787585590407        7.04127058110110
O           -0.85618925817752        0.42539414616837        6.18844671632193
C           -1.45988095440640        2.03878703613620        7.81867542382151
C           -0.39202006661382        2.84647253514479        7.63050503972965
C           -0.12828744492482        4.09005371731199        8.30818075336508
C           -1.13106115421645        4.86205772290392        8.89679082266551
C           -0.81807622319776        6.05392613856044        9.52585984549376
C            0.49450522851890        6.49185477439587        9.61332707375550
O            0.84122355455645        7.65040592318223       10.23481669668212
C            1.52476380318728        5.71860284440674        9.03770160521522
O            2.78771036403347        6.20933065918783        9.19472606461695
C            3.85943966690315        5.44575345769183        8.70347588330625
C            1.19733425520352        4.55216075857658        8.37450204381271
C           -0.80885991244657       -4.84799509916504        8.10375239785784
C           -0.13677318375963       -6.05604651562560        8.04070078200694
C            0.61102073864726       -6.51311676934967        9.11460364898691
O            1.30014847974434       -7.68550622528274        9.08085036223086
H            2.27957686080071       -6.07538074156087       13.10190650864406
H            2.01657467692862       -4.52163366664616       12.27447776683247
H            0.63674625473318       -5.39850703776176       12.99975226001230
H           -0.02363914276984       -3.96661766189323       11.26509047518224
H           -1.66215759576267       -2.47027214573040       10.39736061518849
H           -1.58031629085338       -2.22202341090213        7.34984928782938
H           -3.71815223554902        0.70985209404199        7.61807005329363
H           -3.15308857469283       -0.63467977483856        6.57803789473425
H           -2.20938694658782        2.25721820184348        8.56546710912046
H            0.34738962676481        2.51754978008096        6.90910316941280
H           -2.16101324073802        4.54429516919938        8.84109681300478
H           -1.60414402127131        6.65873240334251        9.96208708115146
H            0.05146307510024        8.07850467544024       10.58845366344699
H            4.76283259193169        5.98906781924126        8.97705387942612
H            3.81787250563603        5.34495344384680        7.61310812051675
H            3.88771227484159        4.45004757341987        9.16069776716114
H            1.96573486865707        3.95148532124297        7.91208708392124
H           -1.38682940011735       -4.51462675765811        7.25535256824756
H           -0.18784133759095       -6.65814967029268        7.14139222778784
H            1.17554149962328       -8.11039578370841        8.22309224494855
B           -4.81165918008778       -2.61563603037408        0.25810499292732
B           -4.57444041284419       -1.34039666872992       -0.65290335115005
B           -4.44972100312817       -0.20465456390348       -1.86959064622664
B           -3.39266026337275       -2.65107419866056       -0.51785951558434
B           -3.02293472403142        0.19086888024698       -1.37267984764435
B           -4.38067229174374        0.34834479635499       -0.17017683055617
B           -5.03020835872429        1.40891770533414        0.83684515298499
B           -4.61372069989990        2.99003653327943        1.01404709558234
B           -2.80491500274603        0.50781086825602        0.24027334634495
B           -3.21482570661868        3.22810850361770        1.81403536110867
B           -2.16605947773070       -3.77213411711336       -0.56419817491501
B           -1.87146434805438       -2.24475516154713       -0.90789261633381
B           -1.69030727472936       -0.60570598718414       -0.79727987282296
B           -0.58657258075623       -3.21036235011510       -0.80415670438330
B           -0.21458068259377       -0.14532599295578       -0.27525620639349
B           -1.38897283357937        0.02776990621957        0.89005025556324
B           -1.77162235261655        1.65316808724356        0.81015693037817
B           -1.88948893523188        3.23071377214406        0.91113435967810
B           -0.21133095386877        1.03470473466330        1.10712477842720
B           -0.75666096006025        4.35077639956230        0.58018608814527
B            0.82275352410138       -4.11145542794831       -0.69249518166952
B            0.93866260942697       -2.51138530837853       -0.72485841520891
B            1.21464065794346       -0.94613702929855       -0.56317133302598
B            2.20006229805489       -3.41032463330923       -0.11726249255153
B            2.62007703115429       -0.19409965445886       -0.26927645470603
B            1.24203065950657        0.53922742990782        0.20820802233755
B            1.12745796697627        2.00491859181479        1.06499882598838
B            0.52449981532724        3.43102247255049        0.62623095527751
B            2.45747653124325        1.67339054982716        0.10166160996479
B            1.19368959570762        3.00055873984811       -0.84668329992886
B            3.24932956245689       -3.88418456969870        1.10723100327653
B            3.60710559559295       -2.63489462109810        0.12355099735486
B            4.02813024424973       -1.11277622519134       -0.20211680801917
B            4.46118868463764       -2.87383929742096        1.42883462769311
B            5.36928010719194       -0.24599708048991       -0.66983648142969
B            4.10420469347025        0.54233534997778       -0.02668534502506
B            4.01012948277942        2.33036899850929       -0.04516006406953
B            2.79965446898633        3.08410332192597       -0.92346813694481
B            5.41891653188676        1.47026978968253       -0.22078151827644
B            4.26887184455839        3.55536653146323       -1.03580452496512
H           -5.21642182276833       -3.18871206299476        1.19543832995828
H           -5.72672311059916       -2.05148954595681       -0.44535663584651
H           -5.24056527384340       -0.05854895557865       -2.73101813100754
H           -5.77755711921764        1.01669312856899        1.67324066247229
H           -5.34474190037623        3.84884669479661        0.67037579749607
H           -3.24081229713735        3.23456825989078        2.99288141181541
H           -2.35913482168348       -4.92053014342151       -0.44689181050833
H           -0.90734731702903        5.46950782230945        0.24716184972578
H            0.79824776676584       -5.24987659630456       -0.96595529855324
H            0.52710290801157        2.65681954056323       -1.76345051855794
H            3.02692792052934       -4.83718216386449        1.74712482675791
H            5.30832563605367       -2.56643320263936        2.16419888700804
H            6.39217214250793       -0.65972278242049       -1.05867849991507
H            6.50164675634392        1.86796391772592       -0.01574423952665
H            5.10112612524422        4.25990822267249       -1.45025698584252
102
 energy: -135.701047788939 gnorm: 0.006463975539 xtb: 6.7.1pre (5071a88)
C            1.57689353020903       -5.51718876281703       12.47953862449894
O            1.42699938017801       -6.26644681236770       11.29984261927262
C            0.66510684238759       -5.73895199811695       10.29853265891493
C           -0.03173600053758       -4.54760687937971       10.36462465787836
C           -0.75239869789874       -4.05405334263308        9.26480240787050
C           -1.42399963492145       -2.78395756977273        9.38724605747809
C           -1.81417229479892       -1.98212508615507        8.37345161915315
C           -2.51108580893292       -0.73184191516779        8.62657817102863
O           -2.74706517738093       -0.29238056550828        9.74170142709479
C           -2.90449071041839        0.03827130556486        7.37345943061076
C           -1.64796596178743        0.81798230660076        7.02318684141231
O           -0.86124189740015        0.41065889941508        6.17716604913375
C           -1.46545715664879        2.03306220388421        7.79611570859106
C           -0.38324877017528        2.82442915108832        7.62978386380503
C           -0.11885367786592        4.06603423362681        8.31277360196972
C           -1.12330033483832        4.82794185096668        8.90932645146733
C           -0.81838632215175        6.02168468916138        9.53595281664823
C            0.49012263697300        6.47330918569604        9.61091113806677
O            0.82553791450918        7.63994585132632       10.22626761816339
C            1.52362076293692        5.71065225892284        9.03003181590112
O            2.78328624388294        6.21683543940831        9.17362147957450
C            3.85889523353352        5.45338144667139        8.68961346325694
C            1.20248831590926        4.53887962803883        8.37285037977697
C           -0.78839562279232       -4.81722814387171        8.09846501642721
C           -0.12576763834695       -6.02896461638730        8.03367211580647
C            0.60793973772347       -6.49791794620834        9.11200322293165
O            1.28397404940114       -7.67934025113995        9.07525966050684
H            2.26445798173837       -6.08435190438971       13.10662850688366
H            2.00614153840991       -4.53020518521336       12.27658326808903
H            0.62415919721916       -5.39943122604401       13.00638503800419
H           -0.01825442915907       -3.95568699270018       11.26608556857393
H           -1.60965359553919       -2.42729253966284       10.39482898840265
H           -1.61321087688905       -2.22842576905379        7.34172989935095
H           -3.73086055614548        0.71180450051121        7.59578318231267
H           -3.16824837384570       -0.64106052442971        6.56403938511716
H           -2.22650311702047        2.26289940901171        8.52535275219147
H            0.37395235652287        2.48354705103929        6.93274320719039
H           -2.15015569631682        4.50246605750679        8.86196108357338
H           -1.60818963023899        6.61556224278716        9.97838600813473
H            0.03215966531740        8.05776026156972       10.58332078554550
H            4.76013927612065        6.00041747206598        8.96570736852668
H            3.82141052731081        5.34930478137793        7.59999355903031
H            3.88548971133977        4.46024460939506        9.15094242086252
H            1.97277758228605        3.94508492422615        7.90649900057774
H           -1.35660750713183       -4.47754149084143        7.24716014708569
H           -0.17481677070571       -6.62298369777709        7.12990448657778
H            1.16043463812570       -8.09591935781063        8.21361547338481
B           -4.82081597561701       -2.62053356363845        0.24119525585758
B           -4.57270719701842       -1.33672861932608       -0.65567706761815
B           -4.44356031101113       -0.19361430291831       -1.86564916496206
B           -3.39421518880087       -2.65029797669735       -0.52020253219902
B           -3.01716664035934        0.19545318487458       -1.36331509354904
B           -4.37774935079697        0.35029237165090       -0.16345706407449
B           -5.02901857985132        1.40988123419664        0.84353210727186
B           -4.61294406782997        2.99094084102543        1.02143697154921
B           -2.80281450922907        0.50570594915876        0.25185766146889
B           -3.21589705030794        3.23102349927279        1.82413634722104
B           -2.16688705452351       -3.77050020637659       -0.55893548099267
B           -1.87013956347838       -2.24333820920157       -0.90049320835057
B           -1.68747564465020       -0.60508243452324       -0.78733423400571
B           -0.58527945281885       -3.20920166434341       -0.79233523849237
B           -0.21207589094091       -0.14546712678929       -0.26331573883742
B           -1.38722315010846        0.02595831014473        0.90127907400945
B           -1.76978165363484        1.65126219839942        0.82453110517520
B           -1.89028686245228        3.22882536902025        0.92230022391367
B           -0.20908960633598        1.03298436334458        1.11929854741323
B           -0.75869598678581        4.34725081912261        0.58007376018056
B            0.82340051195850       -4.11193367318526       -0.67679983089040
B            0.94110699137268       -2.51220096472440       -0.71027488541688
B            1.21551498744214       -0.94592157240050       -0.55184746291144
B            2.20097869228627       -3.41058600244708       -0.10202823736760
B            2.62070729358031       -0.19301624114403       -0.26084209900221
B            1.24385942688182        0.53707016982231        0.22572787849958
B            1.12945653300539        2.00607198452051        1.07309655865311
B            0.52387227364393        3.43008015128766        0.63275760314335
B            2.45763898859925        1.67329849119100        0.10584180213303
B            1.18705370220297        2.99634231871941       -0.84190389080795
B            3.25638008928516       -3.89140795363153        1.11272799186608
B            3.60922987411557       -2.63273189772492        0.13980679010044
B            4.02872830391792       -1.11171376196301       -0.19418309701706
B            4.46793897544982       -2.88094442159792        1.43876576671446
B            5.37076801334244       -0.24736518604068       -0.66314952407985
B            4.10528386086640        0.54488266863872       -0.02667996038938
B            4.00834945437900        2.33318847625937       -0.04983694193237
B            2.79206265102220        3.08135209193422       -0.92586381731039
B            5.41772647920751        1.47375354865280       -0.23033640333218
B            4.25969864684695        3.55650658635073       -1.04426967677979
H           -5.23802403601949       -3.20131500228321        1.16811495647933
H           -5.72819388281737       -2.04545498947695       -0.46428108862022
H           -5.23285139926086       -0.04206482028813       -2.72741221277312
H           -5.78303635326016        1.01909573316052        1.67459077343560
H           -5.34105358034123        3.85024504076088        0.67281446452703
H           -3.24396964873989        3.23893301560643        3.00269543074184
H           -2.35854514041513       -4.91912997716838       -0.44272571465538
H           -0.91018402137016        5.46600999064725        0.24817792671402
H            0.79636724999365       -5.25058405379246       -0.94859790155392
H            0.51672504073341        2.64841463336397       -1.75425160710022
H            3.03914426594183       -4.84597625832983        1.75170650253484
H            5.33036605863993       -2.59184997605772        2.16519385773165
H            6.39430020226167       -0.66083175027201       -1.05010812463200
H            6.50045680278058        1.87619205994535       -0.03587923735870
H            5.08799056686049        4.26197732286151       -1.46489686697362
102
 energy: -135.701394550336 gnorm: 0.005941674631 xtb: 6.7.1pre (5071a88)
C            1.55939248665412       -5.52261509737934       12.48593516755539
O            1.40385154678844       -6.27047817798872       11.30663544508907
C            0.65967382558631       -5.72994656621376       10.29869366964458
C           -0.02417232264804       -4.53157060063200       10.36263715731490
C           -0.73346813317983       -4.02708449305416        9.26143473744732
C           -1.40064508331979       -2.75389992780227        9.38169362281243
C           -1.81943285073328       -1.96917405479638        8.36600699454009
C           -2.51350325671598       -0.71620068236965        8.61246293539274
O           -2.72935456423126       -0.25961937729734        9.72458142848819
C           -2.91692635153425        0.03787147035533        7.35171551402196
C           -1.65710957854209        0.81129655361268        6.99590054642593
O           -0.86848649068285        0.39683655627768        6.15568313116480
C           -1.46896908992372        2.02434944191958        7.76986240214661
C           -0.37186140817244        2.79976581829796        7.62932152873225
C           -0.10887621781019        4.04067584545823        8.31566039260181
C           -1.11534850772514        4.79152094386130        8.92119616812414
C           -0.81735059187722        5.98645456229965        9.54613151485253
C            0.48572436407143        6.45375522723157        9.60957943398230
O            0.81038396228108        7.62687961660710       10.22030439243937
C            1.52192209808364        5.70150077154463        9.02139248237643
O            2.77758030158283        6.22180454854714        9.15040993287695
C            3.85770045474486        5.46156398171484        8.67275428621624
C            1.20737728836031        4.52551651189465        8.36962071554425
C           -0.76559043119262       -4.78416113445703        8.09180278503783
C           -0.11286443738944       -5.99989603601531        8.02704734185518
C            0.60590669201520       -6.48271568580557        9.10874681494218
O            1.26881874883762       -7.67257832239336        9.06983112551621
H            2.24321158623583       -6.09696514193428       13.11034572446755
H            1.99446925619024       -4.53874933067910       12.28279614142730
H            0.60789180472040       -5.39752341345497       13.01285293814461
H           -0.01017543776242       -3.94382356750753       11.26615682951223
H           -1.56296177133118       -2.38586027900216       10.38646190145019
H           -1.64926052673131       -2.23577331829661        7.33303710833764
H           -3.74178337698882        0.71396134095742        7.57267494921175
H           -3.18038205951638       -0.64865735429385        6.54816332740320
H           -2.24497256683882        2.26918772060028        8.47871081546096
H            0.39521843907575        2.45200236176326        6.95017990275886
H           -2.13866621578014        4.45630541532107        8.88340653305950
H           -1.60884512073028        6.57016663086063        9.99739062949897
H            0.01258637964497        8.03290948896751       10.58014447576292
H            4.75366008708025        6.01596066231985        8.95090607153178
H            3.82403985536546        5.35258188528156        7.58376270255683
H            3.88651869769419        4.47046904155189        9.13710680506940
H            1.98094638856087        3.93921063304591        7.90044154066742
H           -1.32239633752957       -4.43645145046187        7.23712501909807
H           -0.15729619237781       -6.58744309894243        7.11960214639061
H            1.14570807304759       -8.07951365833421        8.20394068384286
B           -4.83059661922323       -2.62465794840789        0.22300197245079
B           -4.57003754364639       -1.33240901169905       -0.65918236359966
B           -4.43508321045163       -0.18141585939198       -1.86148510632826
B           -3.39584962889983       -2.64915324841770       -0.52164699936353
B           -3.00961615728650        0.20072346821040       -1.35206497710336
B           -4.37408131783034        0.35252839896784       -0.15586277172830
B           -5.03044936354962        1.41140087169358        0.84857214079472
B           -4.61039200337173        2.99145334797675        1.02537897100268
B           -2.80040495237602        0.50361397647487        0.26585724842450
B           -3.21817522432222        3.23338801850499        1.83610295677175
B           -2.16745797108821       -3.76845108406417       -0.55292528847735
B           -1.86846213219791       -2.24156651812283       -0.89081736767102
B           -1.68359236743382       -0.60429980796030       -0.77507031940530
B           -0.58374922646180       -3.20775546979956       -0.77836007063137
B           -0.20917203816244       -0.14537176943068       -0.24849186505877
B           -1.38519154650965        0.02443030804697        0.91535088211091
B           -1.76719658127163        1.64925384043910        0.84190258399402
B           -1.89140215493543        3.22673955790952        0.93681636954838
B           -0.20631052545439        1.03119428869893        1.13446291055843
B           -0.76070521464740        4.34451883846865        0.58710271570936
B            0.82432534365565       -4.11204172231832       -0.65797009562735
B            0.94392072327203       -2.51312951775623       -0.69328422295923
B            1.21695282015310       -0.94566938183953       -0.53744088618888
B            2.20253427757251       -3.41014552520769       -0.08396571543676
B            2.62172103378312       -0.19200763682535       -0.24943111833180
B            1.24609826300837        0.53469439899356        0.24684936916114
B            1.13191290699686        2.00746326499910        1.08379409887263
B            0.52262033156020        3.42838622695724        0.64110254916407
B            2.45787748042905        1.67267761159264        0.11192614756420
B            1.17870375602364        2.99058460983024       -0.83592059597156
B            3.26433249742614       -3.89957052294929        1.11975030674301
B            3.61231252155736       -2.63047177521863        0.15878819265540
B            4.02988070206568       -1.11039048480422       -0.18436980753370
B            4.47782580404584       -2.89191879509543        1.44968661967864
B            5.37095067415356       -0.24779970909709       -0.65905087148312
B            4.10665403022575        0.54761345982849       -0.02564651645677
B            4.00610647564620        2.33653795584711       -0.05496171982372
B            2.78271938261991        3.07712237899907       -0.92824765995508
B            5.41605256983551        1.47771558376655       -0.24017134238653
B            4.24834031651870        3.55728020463074       -1.05469423115372
H           -5.26296681216237       -3.21245652447223        1.13861566660028
H           -5.72910604277616       -2.03721786199123       -0.48505091908826
H           -5.22190488188896       -0.02372708057941       -2.72412173469630
H           -5.78600532492925        1.02042530852419        1.67783137814170
H           -5.33899670319259        3.85081892048912        0.67937375945724
H           -3.24989100408076        3.24543812600903        3.01429345233522
H           -2.35801270811407       -4.91731446318568       -0.43893725285970
H           -0.91385563502424        5.46037890232440        0.24667638905650
H            0.79539429928047       -5.25130225260777       -0.92636478877685
H            0.50409071919453        2.63778149497099       -1.74297243213012
H            3.05190045252862       -4.85686989012663        1.75584496813801
H            5.35393435177837       -2.61983214992734        2.16732798302198
H            6.39615578700663       -0.66280474505045       -1.03964124298677
H            6.49918013511166        1.88440961503217       -0.05829883245784
H            5.07162882046746        4.26378851698816       -1.48300342907342
102
 energy: -135.701629596603 gnorm: 0.005734265472 xtb: 6.7.1pre (5071a88)
C            1.54129081322662       -5.52703086048104       12.49268212102223
O            1.38194544220022       -6.27112761387477       11.31213346080821
C            0.65453288566443       -5.72077423833819       10.29795412051451
C           -0.01767554296419       -4.51583582402637       10.35878214397605
C           -0.71717066157153       -4.00350698070761        9.25573602757867
C           -1.38394298444544       -2.72998104710062        9.37396509611880
C           -1.82636357039199       -1.95961713949574        8.35802907313739
C           -2.51615154394938       -0.70399529883194        8.59819219427600
O           -2.72482568819192       -0.23570375996974        9.70476752884031
C           -2.92559084730250        0.03778794064393        7.33044861357276
C           -1.66359725998589        0.80742381596974        6.96732255888230
O           -0.88023400492325        0.39006936831075        6.12448568416784
C           -1.47253915828768        2.01929141343744        7.74059663711408
C           -0.36484077403512        2.78195016714423        7.62200003376071
C           -0.10195904959296        4.01927590885785        8.31517966955082
C           -1.10971426244498        4.76036708475712        8.93066802870426
C           -0.81612254738140        5.95523139030909        9.55623587484770
C            0.48208920527069        6.43600372952037        9.60924048813113
O            0.79848344348618        7.61241566454606       10.21837086830315
C            1.51970466205724        5.69239780082199        9.01270041786807
O            2.77148418648429        6.22346950842731        9.12910846873729
C            3.85672301252320        5.46922252233698        8.65507728622309
C            1.21033191500448        4.51328549504438        8.36436751222763
C           -0.74446600932150       -4.75636971466637        8.08316985797654
C           -0.09926360570334       -5.97536121057924        8.02002387297028
C            0.60508851174013       -6.46981452673053        9.10547374216230
O            1.25726363075445       -7.66586118167110        9.06578451726476
H            2.21803439536991       -6.11009506343549       13.11586367008577
H            1.98524419469206       -4.54647484364855       12.29303456790550
H            0.58981239846767       -5.39344148668272       13.01790042536176
H           -0.00323720690139       -3.93127613093977       11.26447655006604
H           -1.52045782568044       -2.34673926558889       10.37840689265744
H           -1.67389789888723       -2.24025550337380        7.32869860023149
H           -3.74878098218620        0.71576893330920        7.54948504095132
H           -3.18816615363774       -0.65530311027336        6.53292833222319
H           -2.25432624019780        2.27357483836436        8.43699515595080
H            0.41413153306885        2.42483464792491        6.96009323011138
H           -2.13001475048170        4.41637794003659        8.90192560483214
H           -1.60763690494529        6.53082520003903       10.01757193706899
H           -0.00341799829688        8.00783140305883       10.58067118948827
H            4.74684583583195        6.03217026395006        8.93270834382461
H            3.82525943953561        5.35540175500330        7.56641284009320
H            3.89221379661182        4.47970530400442        9.12209870325968
H            1.98732829396240        3.93405191557782        7.89177808094879
H           -1.28987533046164       -4.40150107749568        7.22452538500825
H           -0.13746430318704       -6.55897284032070        7.10983750987466
H            1.13447407712763       -8.06454875777625        8.19612261466331
B           -4.83922387399691       -2.62716406175378        0.20616207087586
B           -4.56668940994263       -1.32784389009549       -0.66310388361824
B           -4.42494854044378       -0.16944686975466       -1.85757664892117
B           -3.39740182105326       -2.64776238026395       -0.52240257170953
B           -3.00084726338474        0.20601194379685       -1.34034488877755
B           -4.36947377223480        0.35474587004519       -0.14800544084698
B           -5.03014656384991        1.41140227599063        0.85615969703194
B           -4.61200040509949        2.99127124769714        1.03749879236274
B           -2.79761137680501        0.50130177267932        0.28056579200281
B           -3.22104774944290        3.23600239751321        1.84946472529422
B           -2.16778286197794       -3.76638217602625       -0.54718722255798
B           -1.86664156242994       -2.23966731588040       -0.88039714220610
B           -1.67887611784720       -0.60353882103184       -0.76202868922244
B           -0.58217885409630       -3.20635712414230       -0.76347773580042
B           -0.20600529281628       -0.14534008831567       -0.23224120968528
B           -1.38295614134046        0.02300017713323        0.93086871877803
B           -1.76459122036637        1.64695347557488        0.86047363158115
B           -1.89363984407429        3.22417180818164        0.95149703621028
B           -0.20340506574279        1.02949358529335        1.15101024552432
B           -0.76421514672861        4.34006807753201        0.58915781877654
B            0.82530697468582       -4.11185435438968       -0.63820934723154
B            0.94645055952509       -2.51398445981851       -0.67520561456858
B            1.21907616081953       -0.94565838071829       -0.52123474180347
B            2.20463799765953       -3.40907806768301       -0.06559746295584
B            2.62313677466287       -0.19123160693653       -0.23580021964110
B            1.24852616219471        0.53239949673840        0.26890614505328
B            1.13427023985984        2.00912502798226        1.09569336133139
B            0.52080369996709        3.42669614153477        0.65017201756429
B            2.45826894789244        1.67158492656238        0.11958105099023
B            1.17002509414657        2.98432295265519       -0.82889612545318
B            3.27210467905959       -3.90749952953941        1.12761482299348
B            3.61633719580681       -2.62894690398391        0.17753841545844
B            4.03128128135586       -1.10945999512911       -0.17349689344288
B            4.49224887512207       -2.90802352036728        1.45798615057729
B            5.37123951603494       -0.24858903771869       -0.65381426824149
B            4.10836794901882        0.54981439169507       -0.02263815568920
B            4.00381798044086        2.33976775063155       -0.05975167499090
B            2.77300932290222        3.07183079488302       -0.92985764125722
B            5.41414362033831        1.48145763204498       -0.24921332039417
B            4.23634247720589        3.55716088350252       -1.06562898309982
H           -5.28635024923487       -3.21937572093062        1.11182348690180
H           -5.72899930300043       -2.02747719382949       -0.50439760570668
H           -5.20881194248852       -0.00513593284320       -2.72151287446519
H           -5.79271467975950        1.01990571372300        1.67847964042948
H           -5.33566093783864        3.85109865278986        0.68158238030024
H           -3.25564160968974        3.25516602261735        3.02717878391346
H           -2.35813159414152       -4.91547613160127       -0.43612692012777
H           -0.91828581521754        5.45549947413230        0.24904074774357
H            0.79534270691368       -5.25205880304013       -0.90201707938236
H            0.49108556342526        2.62581852078653       -1.73027929135085
H            3.06311357934965       -4.86861498161848        1.75892893151612
H            5.37317118737036       -2.64391898801830        2.17167347756500
H            6.39717484420069       -0.66340243811482       -1.03208483177969
H            6.49752766081915        1.89192945776544       -0.07892732514219
H            5.05426439652360        4.26459876668554       -1.50242770404260
102
 energy: -135.701802181834 gnorm: 0.003918692509 xtb: 6.7.1pre (5071a88)
C            1.52354427534569       -5.53060153870497       12.49943705965168
O            1.36321594241437       -6.26970322906692       11.31628237352196
C            0.65006486669983       -5.71191045520156       10.29710384039926
C           -0.01255968853463       -4.50134224211052       10.35491684293940
C           -0.70192904084209       -3.98224258981160        9.24856471341309
C           -1.36530149378815       -2.70716720642473        9.36585855908683
C           -1.83033689690816       -1.95021141547403        8.34923594460339
C           -2.51965742104996       -0.69428664574874        8.58335192985865
O           -2.72030202095488       -0.21201762855140        9.68660305776013
C           -2.93201698447421        0.03764221073313        7.30912392570983
C           -1.66951717377164        0.80533543385232        6.93753379266824
O           -0.89318557907473        0.38618610015219        6.08877390155687
C           -1.47440024212447        2.01430000012711        7.71250913253275
C           -0.35762653873098        2.76668416269663        7.61357344135722
C           -0.09707797763942        4.00077346274507        8.31265479057043
C           -1.10582742411296        4.73376181325201        8.93793510823578
C           -0.81524587310803        5.92803060555577        9.56586356342024
C            0.47929571035550        6.41952301104417        9.60974229543272
O            0.79039273920273        7.59651454762999       10.21946927416908
C            1.51764143633989        5.68363467622777        9.00421225531187
O            2.76583014497547        6.22300094917744        9.11149020250743
C            3.85596024983538        5.47638046589391        8.63758301674311
C            1.21239228842148        4.50286062339577        8.35647412267935
C           -0.72488074970550       -4.73291052459304        8.07353525404227
C           -0.08580722100360       -5.95513335781282        8.01268118465241
C            0.60528960940425       -6.45857187157062        9.10255496245076
O            1.24893624273604       -7.65879866448899        9.06399695657743
H            2.19052121613176       -6.12239021162997       13.12428267345482
H            1.97878499213147       -4.55360723382316       12.30576450007018
H            0.57060092130888       -5.38827938995392       13.02046403928924
H            0.00110319208820       -3.91931198982835       11.26277665300640
H           -1.48802781142526       -2.31465606312321       10.36739025650628
H           -1.70009751753511       -2.24752979779562        7.31982670269861
H           -3.75323390666279        0.71802923476040        7.52527049125801
H           -3.19594965487608       -0.66168885165267        6.51830228660689
H           -2.26311787355343        2.27730502470590        8.39800629000812
H            0.42681382433239        2.40526868391130        6.96126938337729
H           -2.12377874381810        4.38261814733059        8.91685686046807
H           -1.60629347641414        6.49717883720798       10.03680927506773
H           -0.01407080158699        7.98421081877124       10.58477671146838
H            4.74133649123239        6.04746926002001        8.91193196743271
H            3.82419059568877        5.35874607795722        7.54904661687652
H            3.90108513829564        4.48803883543211        9.10704770201394
H            1.99211917001049        3.93048044781701        7.87894941304019
H           -1.25989888215058       -4.37229820189603        7.21080868226301
H           -0.11802815633834       -6.53671136512898        7.10046613961117
H            1.12732114967768       -8.05250866650914        8.19175700198767
B           -4.84608746643889       -2.62817227169396        0.19163018743961
B           -4.56312159675991       -1.32308013305520       -0.66663789018845
B           -4.41386359572184       -0.15816796455990       -1.85361495221743
B           -3.39846436861075       -2.64599998050594       -0.52277265515364
B           -2.99157317186629        0.21127551994785       -1.32800721149546
B           -4.36462395135386        0.35696821838321       -0.14003528332038
B           -5.03063904973218        1.41141362300699        0.86285525391987
B           -4.61109074091525        2.99093849002409        1.04240706043447
B           -2.79483521968222        0.49967597109538        0.29582353268878
B           -3.22501876810591        3.24018622960456        1.86143400178316
B           -2.16784213399651       -3.76444688755157       -0.54195157255098
B           -1.86462545400691       -2.23753323794972       -0.86966179358054
B           -1.67385429197900       -0.60244248826043       -0.74808854379599
B           -0.58060435013722       -3.20504186746650       -0.74859235866780
B           -0.20283091979031       -0.14554027866329       -0.21458622286654
B           -1.38095020686139        0.02203015217093        0.94758094773698
B           -1.76197430468204        1.64515351264948        0.87994103294327
B           -1.89575316218294        3.22234296558228        0.96680813231742
B           -0.20064684875500        1.02809327717968        1.16865682635984
B           -0.76676455565226        4.33755686308819        0.59947745763420
B            0.82625396013626       -4.11158579837634       -0.61848381296005
B            0.94876138603593       -2.51484769133122       -0.65681287104017
B            1.22153315578199       -0.94605313388786       -0.50393585769035
B            2.20745395601107       -3.40794164224801       -0.04821844770423
B            2.62467807286706       -0.19074148399101       -0.22075542650128
B            1.25100196885408        0.52987834527881        0.29146677404897
B            1.13655570876944        2.01071462371362        1.10844880031417
B            0.51851886465202        3.42455716056448        0.65984024005204
B            2.45858584793884        1.67009361012717        0.12846024978227
B            1.16086121532195        2.97742757431132       -0.82143695717571
B            3.27954016286099       -3.91516433953384        1.13556602001347
B            3.62096176597079       -2.62799076487902        0.19557970961909
B            4.03283741791548       -1.10886956440168       -0.16211557176753
B            4.50581843187054       -2.92412158142286        1.46639117436604
B            5.37121814899001       -0.24938577455208       -0.64854241760268
B            4.11012901739127        0.55141864609710       -0.01808099630938
B            4.00119622595372        2.34267251062292       -0.06387713621659
B            2.76290601772878        3.06562342495652       -0.93067320917311
B            5.41186127433902        1.48486842110603       -0.25714165194865
B            4.22380148241450        3.55604931097776       -1.07642274379717
H           -5.30601647419238       -3.22371906040384        1.08864818353107
H           -5.72773429417260       -2.01717686065764       -0.52117670274919
H           -5.19413715072762        0.01310966626818       -2.71947447075595
H           -5.79790003383793        1.01879376566087        1.68025274560965
H           -5.33546341599254        3.85010600666502        0.68706254847177
H           -3.26368001054866        3.26330006441127        3.03894757293661
H           -2.35899473209802       -4.91372623949218       -0.43406475789821
H           -0.92308500941188        5.44938029159191        0.24794180760547
H            0.79543688821969       -5.25295292821462       -0.87704100995364
H            0.47794941283502        2.61299705506967       -1.71732234714441
H            3.07286568702013       -4.88044743896137        1.76147100410845
H            5.39139242537762       -2.66670795463273        2.17589470377565
H            6.39728259699518       -0.66321985995947       -1.02716449361423
H            6.49544268122309        1.89877584686170       -0.09730038020235
H            5.03640545826905        4.26403879015182       -1.52225636979911
102
 energy: -135.701953713149 gnorm: 0.006429197658 xtb: 6.7.1pre (5071a88)
C            1.50520933443799       -5.53194050754487       12.50684109563381
O            1.34944118326037       -6.26500111319240       11.31955692617409
C            0.64852780886490       -5.70276987968403       10.29562150963351
C           -0.00811961362278       -4.48842977594422       10.34900126999615
C           -0.68999170130442       -3.96741319276557        9.23893228781011
C           -1.35459898294122       -2.69295595780892        9.35404156243423
C           -1.83194324211211       -1.94436340496700        8.33873130411593
C           -2.52313300949240       -0.68898692119389        8.56618900186320
O           -2.73195001650089       -0.20357653544742        9.66494387063708
C           -2.93449324269389        0.03755602315202        7.28775919547613
C           -1.67669606972837        0.80897721062492        6.90514461602626
O           -0.91030413906979        0.39375684933465        6.04471453230518
C           -1.47478107868195        2.01266200931440        7.68567783561909
C           -0.35447079278141        2.75943421879474        7.59927468301230
C           -0.09491924248634        3.98928215316679        8.30612507151964
C           -1.10311000074283        4.71642071251533        8.94024839111353
C           -0.81295158875581        5.90776560228686        9.57410918379314
C            0.47932977181537        6.40469269805505        9.61273226101951
O            0.78805578470441        7.57956166807898       10.22646388912424
C            1.51687871081356        5.67506912784828        8.99807789617335
O            2.76226620504229        6.21971609918225        9.09927810763255
C            3.85573995829380        5.48245696260547        8.61911165304167
C            1.21310997717531        4.49517489933361        8.34722824092885
C           -0.70766341782682       -4.71861358909795        8.06330003322775
C           -0.07137086161331       -5.94238215756694        8.00622172939941
C            0.60900053702354       -6.44955583679398        9.10072960553298
O            1.24659795270907       -7.65240990520652        9.06544441323850
H            2.15798904769247       -6.13338944611604       13.13745369072271
H            1.97476847088917       -4.55939499913271       12.32220659815589
H            0.54829528016306       -5.38014066503392       13.01848132026024
H            0.00401788264590       -3.90680742462386       11.25753504674689
H           -1.47181231185257       -2.29524590997086       10.35230914850051
H           -1.70865026626804       -2.24985402675546        7.31367218682153
H           -3.75638875084836        0.71766918861785        7.50009783009069
H           -3.19896574591760       -0.66677805271989        6.50208735572721
H           -2.26495474835397        2.27903236437603        8.36741790998016
H            0.42870031625966        2.40037443240930        6.94720263118576
H           -2.11961917266865        4.36177950334255        8.92394785790121
H           -1.60254599604069        6.47226767439521       10.05362743761717
H           -0.01767294852017        7.96260141621782       10.59401845786769
H            4.73770096142770        6.06194309392097        8.88589306930031
H            3.81832012361311        5.36243681069227        7.53086465425036
H            3.91409498554247        4.49510131581011        9.09031056679972
H            1.99395931993561        3.92826499456996        7.86445400925732
H           -1.23459491776166       -4.35629735897256        7.19676231262700
H           -0.09802070924966       -6.52441430134624        7.09365509090829
H            1.12603822059662       -8.04489750591460        8.19236929761584
B           -4.85009204376953       -2.62666904437331        0.18097907219275
B           -4.55880037312061       -1.31814126138601       -0.66991733930698
B           -4.40109796105582       -0.14821200802321       -1.84992904550564
B           -3.39859695532262       -2.64370236161119       -0.52174573554325
B           -2.98131105062991        0.21657113032744       -1.31509755593757
B           -4.35940501880732        0.35936370072290       -0.13245891866830
B           -5.03265930193250        1.41123408193376        0.86823876367797
B           -4.61278553114118        2.99006064996358        1.05073284515131
B           -2.79206827741663        0.49820986499482        0.31167600683118
B           -3.23002224265935        3.24333830066454        1.87412667427464
B           -2.16722319170999       -3.76262725680883       -0.53749740296300
B           -1.86197879737242       -2.23515813338417       -0.85834178453477
B           -1.66815228458821       -0.60118876605739       -0.73327695033101
B           -0.57860884495577       -3.20422217907236       -0.73361077678284
B           -0.19953686637947       -0.14612523677182       -0.19483094279558
B           -1.37925325011089        0.02115600025543        0.96594474015464
B           -1.75954441159140        1.64324075483831        0.90026167875599
B           -1.89886182130422        3.22016248507215        0.98281398272951
B           -0.19821821897902        1.02674214439331        1.18821706979056
B           -0.77061324098855        4.33390300793458        0.60628900796244
B            0.82763994009746       -4.11141286546675       -0.59892743767686
B            0.95078433805148       -2.51574443121506       -0.63763268331248
B            1.22456015077643       -0.94704539033455       -0.48419949209746
B            2.21135619327769       -3.40655842359875       -0.03199293384073
B            2.62652958849883       -0.19050580025598       -0.20317506895594
B            1.25340128931297        0.52733748373843        0.31478041417476
B            1.13824337436998        2.01241977347931        1.12261320751608
B            0.51547480810327        3.42243188395722        0.67027940577244
B            2.45876638888836        1.66815941262341        0.13974180428396
B            1.15147814559794        2.97002933492214       -0.81259210557813
B            3.28640711929945       -3.92201207521222        1.14429432256135
B            3.62720174099258       -2.62827383068383        0.21233246161816
B            4.03476050518272       -1.10882167264633       -0.15026307568464
B            4.51851532772018       -2.94032650650243        1.47503908127812
B            5.36967369860963       -0.24928908915923       -0.64588877693412
B            4.11203803643302        0.55207017112938       -0.01067684914006
B            3.99825856566401        2.34509937945246       -0.06641128061915
B            2.75262069809090        3.05802165867863       -0.92997570271991
B            5.40905616146608        1.48763483983608       -0.26238177223975
B            4.21089532880710        3.55320318736702       -1.08678619758830
H           -5.32138396886532       -3.22210195513336        1.07172206047405
H           -5.72445409238402       -2.00641278829727       -0.53455644780795
H           -5.17705832451501        0.03028248644899       -2.71828170242014
H           -5.80204971387943        1.01584987729250        1.68200396195333
H           -5.33537292101845        3.84876265177071        0.69019027067034
H           -3.27285901219190        3.27574734471674        3.05139979939009
H           -2.36076505148584       -4.91199863733199       -0.43391983053196
H           -0.92865557697508        5.44399904265495        0.25018517033892
H            0.79686376714777       -5.25417076296605       -0.85118837566556
H            0.46473349729574        2.59955469267850       -1.70291873527037
H            3.07978544524903       -4.89235310788209        1.76271123441672
H            5.40838983721472       -2.68758132754683        2.18037381326515
H            6.39594913499290       -0.66270885401224       -1.02461536789177
H            6.49299469987197        1.90379704533843       -0.11184684271461
H            5.01807629903708        4.26105981771764       -1.54267135698418
102
 energy: -135.702120490462 gnorm: 0.005149638351 xtb: 6.7.1pre (5071a88)
C            1.48339963841261       -5.53168195017002       12.51460735803513
O            1.33669322873931       -6.25845495483424       11.32236518551793
C            0.64725857873199       -5.69161015699567       10.29385357324590
C           -0.00433958385539       -4.47400449458544       10.34195776553380
C           -0.67784324864199       -3.95156882988796        9.22647262717702
C           -1.34008982828319       -2.67624964582463        9.33875775470298
C           -1.83445461534669       -1.93858070699522        8.32152261716473
C           -2.52514748725944       -0.68252843268922        8.54389173389293
O           -2.73585225187717       -0.19037118693953        9.64149899760454
C           -2.93730726761296        0.03724011264938        7.26116209498496
C           -1.68435645345982        0.81208596962595        6.86921440457695
O           -0.92701652612835        0.40252989175686        5.99654661313569
C           -1.47850944207627        2.01140362642340        7.65459430735314
C           -0.35234774044756        2.75289751393087        7.58179804876513
C           -0.09447877314170        3.97759059227005        8.29674955517965
C           -1.10156800343348        4.69867675242892        8.94102514725429
C           -0.81141458260289        5.88644274932888        9.58235346947661
C            0.47967996337376        6.38720660035818        9.61639790897290
O            0.78910726627137        7.55830548925915       10.23537072160373
C            1.51620072828460        5.66448338351666        8.99111431893241
O            2.75898658915489        6.21474717922324        9.08854330795277
C            3.85469351448140        5.48822388102053        8.59733413192884
C            1.21306693603587        4.48717001511862        8.33452023714885
C           -0.68989876257759       -4.70459450884969        8.05098109489074
C           -0.05615778593300       -5.93019375840826        7.99849642707482
C            0.61354418690178       -6.43928336675770        9.09890425869254
O            1.24572457693841       -7.64430792227622        9.07043539455141
H            2.11857807609049       -6.14287647364963       13.15442937993526
H            1.96924548391251       -4.56444113849645       12.34100313497978
H            0.52065770865279       -5.36956485229132       13.01268319721050
H            0.00350000698012       -3.89248107249910       11.25096005675965
H           -1.44264236393817       -2.26615080120448       10.33775588331593
H           -1.72628561350184       -2.25610469746735        7.29638368903931
H           -3.76011462832118        0.71753783420003        7.46905437345804
H           -3.20391328819184       -0.67272671015189        6.48140654326486
H           -2.27127446671516        2.27864703687055        8.33399256416726
H            0.43716982665120        2.39164793448179        6.93395577251104
H           -2.11723935361607        4.34076614437432        8.92958279683975
H           -1.59993211069888        6.44598526377075       10.07026251163388
H           -0.01544661941131        7.93957126100593       10.60773964732309
H            4.73447172799402        6.07579791979278        8.85395479740670
H            3.80788916793708        5.36724715285834        7.50938855174540
H            3.92842582830309        4.50160493629730        9.06922000237307
H            1.99360083926357        3.92656234846975        7.84324652330567
H           -1.20783036922823       -4.34070411845612        7.17937653283022
H           -0.07774136467695       -6.51324160632185        7.08592789450722
H            1.12845068873412       -8.03989680799220        8.19810547167040
B           -4.85352720198999       -2.62411275172503        0.17025131331424
B           -4.55414267683136       -1.31187075630786       -0.67279827404868
B           -4.38612902817910       -0.13626526927575       -1.84491228466675
B           -3.39752549324226       -2.64041041805863       -0.52065110600487
B           -2.96923531108550        0.22297899937386       -1.29915121811289
B           -4.35306002899539        0.36237719743806       -0.12309290698682
B           -5.03378778163981        1.41097094608058        0.87588859666234
B           -4.61591409259564        2.98957251256390        1.06126136020954
B           -2.78878937202931        0.49686051729604        0.33093783001871
B           -3.23601492587170        3.24767807157906        1.88774317499375
B           -2.16626714807105       -3.76080533066952       -0.53258700553177
B           -1.85831442603594       -2.23234449035753       -0.84515712585683
B           -1.66153861150760       -0.59935359127100       -0.71476961706016
B           -0.57618362320959       -3.20349122644287       -0.71655953005870
B           -0.19571235499884       -0.14720019435718       -0.17005783514716
B           -1.37751269421404        0.01994009428101        0.98864478489911
B           -1.75706627561128        1.64110833527109        0.92504598314647
B           -1.90229705231798        3.21801494987546        1.00086554065049
B           -0.19590476481993        1.02534721474771        1.21242092602741
B           -0.77478124286015        4.33068943436017        0.61677814150857
B            0.82925927878066       -4.11161049259241       -0.57673592471155
B            0.95333080789971       -2.51708708774038       -0.61548908256539
B            1.22802525586407       -0.94864065341475       -0.46019721785197
B            2.21608683514283       -3.40586406851614       -0.01373857834589
B            2.62854065049608       -0.19046251108817       -0.18143080720277
B            1.25620405215577        0.52371716332753        0.34347453811631
B            1.13968010023578        2.01427551365525        1.13976308417435
B            0.51120167641359        3.41971607327327        0.68240792062635
B            2.45866781948983        1.66595673196460        0.15420823774168
B            1.14034310574138        2.96107272534642       -0.80192973612520
B            3.29492086017221       -3.93035271372666        1.15393682777072
B            3.63397449912729       -2.62877905729588        0.23126554773166
B            4.03712798118167       -1.10901162785030       -0.13602645118660
B            4.53289587825990       -2.95816545872724        1.48459714738322
B            5.36773843568174       -0.24920471768058       -0.64269457446392
B            4.11419391627257        0.55234662933852       -0.00109112965000
B            3.99437772717177        2.34741329757379       -0.06812489821482
B            2.74051401992714        3.04842122657974       -0.92838565285143
B            5.40558788689150        1.49051481296927       -0.26761401946163
B            4.19580844670008        3.54863814910211       -1.09823027177855
H           -5.33574308837674       -3.22195576092891        1.05364955416995
H           -5.71999567224904       -1.99424122688892       -0.54851141584004
H           -5.15659002767284        0.05086755198538       -2.71651699393036
H           -5.80858335473593        1.01313875175995        1.68328373903645
H           -5.33502207229610        3.84771877652952        0.69116334101337
H           -3.28384215382683        3.29087851468588        3.06463553885760
H           -2.36328724995352       -4.91011431869175       -0.43387765610647
H           -0.93535300085741        5.43779941103411        0.25205562417077
H            0.79785627486093       -5.25589541535931       -0.82192396498937
H            0.44955255375925        2.58311335074836       -1.68593606491438
H            3.08829350928257       -4.90552761851637        1.76517014055340
H            5.42781614249490       -2.71036214802916        2.18545818822221
H            6.39363245591464       -0.66211869262860       -1.02339703449879
H            6.48980619469921        1.90981576660762       -0.12728323396391
H            4.99688733055234        4.25600848352417       -1.56572884848632
102
 energy: -135.702333601597 gnorm: 0.006043789537 xtb: 6.7.1pre (5071a88)
C            1.45945893840017       -5.52688569066377       12.52295693573756
O            1.33123212220479       -6.24852022307400       11.32526227087947
C            0.64977048586367       -5.68098501630510       10.29210284205389
C           -0.00079486769299       -4.46248165899871       10.33269441736938
C           -0.66818480144524       -3.94336636032928        9.21107141467220
C           -1.33165410303601       -2.66829508348877        9.31749716222303
C           -1.83023588658832       -1.93553664560426        8.29921521135779
C           -2.52822828394295       -0.68266222791404        8.51650604072002
O           -2.75251591233469       -0.19532129292915        9.61446531935542
C           -2.93606562611261        0.03674172212278        7.23319362458112
C           -1.69093602456778        0.81953224249943        6.83521990389943
O           -0.94510798072782        0.42607177338874        5.94450087077023
C           -1.48193010518725        2.01408524017897        7.62770551779044
C           -0.35847367988941        2.75805219313581        7.55603900625101
C           -0.09751661819550        3.97533717216741        8.28233709909436
C           -1.10132445472066        4.69213435851317        8.93625034970441
C           -0.80796025162442        5.87388483253621        9.58802295438486
C            0.48413321366345        6.37183954143291        9.62272283663119
O            0.79870197814375        7.53615023113619       10.25152002466111
C            1.51778664155110        5.65441308101929        8.98668156441857
O            2.75982618811504        6.20617341958866        9.08486472221083
C            3.85368379316910        5.49099086295584        8.57269313706183
C            1.21137282822198        4.48324925515060        8.32022119771127
C           -0.67388926607351       -4.70067422131421        8.03814735744342
C           -0.04024271315450       -5.92704111593236        7.99264718212240
C            0.62241189935981       -6.43221169820415        9.09911456702476
O            1.25278514978104       -7.63797879148453        9.08046911752291
H            2.07276163527266       -6.14682460387825       13.17671948678507
H            1.96156617536052       -4.56556016928808       12.36274615190394
H            0.48763782572875       -5.35480870361220       12.99993566354525
H            0.00192956943001       -3.87783855359754       11.23959711021824
H           -1.44033058626282       -2.25820206492811       10.31322893572422
H           -1.72343174415192       -2.25685046027804        7.27584126984141
H           -3.76279298980912        0.71413224453953        7.43830729959372
H           -3.20250828197101       -0.67493910952145        6.45481023759223
H           -2.26843151595346        2.27273063209884        8.31631517497769
H            0.42866284527886        2.40410456731179        6.90022335813699
H           -2.11766294371533        4.33648073700569        8.92412309838734
H           -1.59473098749501        6.43010935275831       10.08216262207227
H           -0.00251445084773        7.91901672740820       10.62967848079076
H            4.73346416523767        6.08547538851800        8.81490694855916
H            3.78934040151551        5.37240003971409        7.48536319135654
H            3.94466601784063        4.50434920221491        9.04189173725325
H            1.98895239276650        3.92635729545109        7.82067204945493
H           -1.18702006708938       -4.34032379945582        7.16233217047994
H           -0.05816199888608       -6.51323254979321        7.08205148418447
H            1.14001663718699       -8.04103872530603        8.21078123602958
B           -4.85344999125931       -2.61911551527234        0.16524965728723
B           -4.54916375225189       -1.30555127217135       -0.67410396161034
B           -4.37043494146573       -0.12538371001584       -1.83865831944404
B           -3.39465333829035       -2.63666203937533       -0.51753583921854
B           -2.95673800292922        0.22940621784062       -1.28178454821566
B           -4.34643794230997        0.36525184731794       -0.11273785460710
B           -5.03333083954229        1.41052056939467        0.88511068382448
B           -4.61789856999267        2.98979725672873        1.06672841880847
B           -2.78552166291360        0.49603413351254        0.35125473938880
B           -3.24360188229834        3.25550062852551        1.90003986466473
B           -2.16429553439705       -3.75940456076505       -0.52852156333814
B           -1.85356176884384       -2.22953675693162       -0.83121511859209
B           -1.65470165814030       -0.59748821814777       -0.69439727156001
B           -0.57308012914604       -3.20372581151327       -0.70017665250749
B           -0.19210112232315       -0.14880195963836       -0.14188809947589
B           -1.37642692738759        0.01905804583359        1.01379375377168
B           -1.75556643563479        1.63947247419675        0.95203857448168
B           -1.90601407521780        3.21652631628164        1.01983734449617
B           -0.19457391745336        1.02457537614059        1.23941658959605
B           -0.77897324004153        4.32773065365813        0.62744074683709
B            0.83157621177729       -4.11252167576013       -0.55592442481963
B            0.95566515267639       -2.51878409676341       -0.59283563588759
B            1.23155455613589       -0.95103504247010       -0.43264194723961
B            2.22156549759539       -3.40594193361646        0.00302807679213
B            2.63051984234906       -0.19091707830653       -0.15594653498200
B            1.25861610330195        0.51982093059470        0.37397515625125
B            1.14025381790733        2.01597289788924        1.15907710582796
B            0.50640395943449        3.41688414163733        0.69570220987038
B            2.45802312849038        1.66348159386653        0.17183730953748
B            1.12906227496973        2.95178030264695       -0.78950143170377
B            3.30324843533053       -3.93790602104670        1.16419910825928
B            3.64191956602246       -2.63127582492944        0.24759623772088
B            4.03945457364747       -1.11045471641047       -0.12196636744173
B            4.54558840363191       -2.97401473683933        1.49405329800432
B            5.36574119485754       -0.24954609758820       -0.63830065141651
B            4.11653340797261        0.55094470951047        0.01225827708172
B            3.98988077000554        2.34845164836404       -0.06718425462832
B            2.72841492649464        3.03727980134438       -0.92443898743306
B            5.40158817046303        1.49223591352624       -0.26978885126770
B            4.18084243864087        3.54125392518242       -1.10824212154817
H           -5.34385760806049       -3.21633967477486        1.04426200550701
H           -5.71356879356094       -1.98321740701336       -0.55795660262752
H           -5.13435493397459        0.06981808262327       -2.71426035579079
H           -5.81678369556008        1.01136542767923        1.68389783478978
H           -5.33760916119319        3.84583593691390        0.69327935411837
H           -3.29755925667624        3.30553492284406        3.07628162919325
H           -2.36629939011384       -4.90848329389314       -0.43632828902686
H           -0.94188040766323        5.43200633728371        0.25512180529640
H            0.80046864630039       -5.25819931417303       -0.79403003668572
H            0.43468624902078        2.56571995632146       -1.66710295562912
H            3.09446755788235       -4.91772049688197        1.76748140795837
H            5.44550780561437       -2.72952317614761        2.19032192599619
H            6.38926075682492       -0.65959240071168       -1.02829121433715
H            6.48542956635226        1.91414957853685       -0.13596864430358
H            4.97599620227948        4.24695685804063       -1.58815993454881
102
 energy: -135.702601617491 gnorm: 0.006397136573 xtb: 6.7.1pre (5071a88)
C            1.43215168069591       -5.51613010383274       12.53068667734831
O            1.33013006525490       -6.23480418358420       11.32817667159149
C            0.65300652451864       -5.66981326464666       10.29011679546463
C            0.00111120115305       -4.45205626616360       10.32106651979662
C           -0.66152842836931       -3.93943432616914        9.19253059442693
C           -1.32733629082378       -2.66508873777447        9.28949513189918
C           -1.82196489079326       -1.93412147816566        8.26799626865014
C           -2.52701032252389       -0.68436856333610        8.48304042455468
O           -2.76744770901651       -0.20831149337381        9.58344816732996
C           -2.93390565514927        0.03582029808310        7.20093075323081
C           -1.69819600301179        0.82973815603313        6.80166432175638
O           -0.95731691214969        0.45393960412679        5.89885327147906
C           -1.48579542471976        2.01601219514253        7.60666654838177
C           -0.36638965821904        2.76665435454112        7.52962696467735
C           -0.10172749987409        3.97787374407049        8.26460383336381
C           -1.10180391184581        4.69057419020167        8.92746296681049
C           -0.80422774508123        5.86530260268593        9.59078331226971
C            0.49047287071025        6.35690710877796        9.62977379671260
O            0.81390513870186        7.51231353138317       10.27137092717103
C            1.52081372190088        5.64462175626430        8.98249441024000
O            2.76395353558229        6.19468606654587        9.08569763591790
C            3.85158948086296        5.49028496255472        8.54455626953446
C            1.20932759600188        4.48241596026018        8.30351783706225
C           -0.65981938731365       -4.70248478985151        8.02392575350728
C           -0.02525779270461       -5.92912315852722        7.98744174123721
C            0.63270370044592       -6.42656676078605        9.10032684751586
O            1.26465828746140       -7.63182907855681        9.09492346637858
H            2.02288774581147       -6.14172152819274       13.20010068120669
H            1.94631369291380       -4.55990203680965       12.38474332841982
H            0.44960627318573       -5.33674003169502       12.98177536640416
H           -0.00284938887293       -3.86188098825919       11.22399400423185
H           -1.43928049241537       -2.25124563422289       10.28518330316100
H           -1.70935386620647       -2.25452397256912        7.24551601934410
H           -3.76698679319869        0.70710805565661        7.40507733450983
H           -3.19634707672732       -0.67630462465672        6.42075050382662
H           -2.26808362404383        2.26217613130297        8.30772152316226
H            0.40984035221380        2.42840401997571        6.85554687539780
H           -2.11997678139233        4.33917411714813        8.91150636254010
H           -1.58969222021704        6.41813884847269       10.09003697841308
H            0.01828544592330        7.89851259524865       10.65835896245158
H            4.73322840029699        6.08871485687574        8.77165784486695
H            3.76400670054299        5.37873207964214        7.45803709624328
H            3.95846370400376        4.50188597182637        9.00553289476884
H            1.98212506592978        3.92774573086319        7.79516985207082
H           -1.17011454212718       -4.34798873164508        7.14377628713362
H           -0.04033078182907       -6.51937339135075        7.07988656809728
H            1.15922772456271       -8.04570190649828        8.22919067515046
B           -4.85148538156924       -2.61293257669002        0.16417855054315
B           -4.54450389054225       -1.29866656645423       -0.67279140257823
B           -4.35435939062565       -0.11467693232734       -1.83041051297329
B           -3.38977941645793       -2.63257352749302       -0.51289380703564
B           -2.94414070594584        0.23610309980092       -1.26178988373304
B           -4.34044852456746        0.36868216158375       -0.10144927637074
B           -5.03630279585479        1.41236575244877        0.89163383720615
B           -4.62101359447270        2.99125393206806        1.07309069589219
B           -2.78286208511694        0.49554280955523        0.37389949331186
B           -3.25143809280820        3.26252363045857        1.91213933215889
B           -2.16163253720364       -3.75848724825802       -0.52429865655102
B           -1.84758013606446       -2.22689465719406       -0.81592951509693
B           -1.64813041268138       -0.59555082302460       -0.67060806654045
B           -0.56930535790852       -3.20469178862187       -0.68384128635235
B           -0.18876750208695       -0.15120042649102       -0.10905964087062
B           -1.37628493223777        0.01794494768209        1.04222842582528
B           -1.75491147787554        1.63789153181372        0.98127473461871
B           -1.90968481839575        3.21510679055705        1.03944121255496
B           -0.19447247089477        1.02406407082562        1.27027633215310
B           -0.78344168952917        4.32481811587085        0.63718494771112
B            0.83464865238810       -4.11443850339639       -0.53616997233284
B            0.95840483480925       -2.52114464577845       -0.56913709362576
B            1.23463546953572       -0.95414554556938       -0.40104701928443
B            2.22731325558833       -3.40784787102891        0.01968293366170
B            2.63224526630429       -0.19186658049426       -0.12667561784626
B            1.26083723944947        0.51490449879954        0.40886869232345
B            1.13955912451977        2.01732487139307        1.18111295492890
B            0.50067901742100        3.41369019817314        0.70997274360000
B            2.45645754340381        1.66115898388195        0.19318154850283
B            1.11741644810887        2.94184232504821       -0.77531659153100
B            3.31290362496341       -3.94577237118985        1.17448904304132
B            3.64940214613287       -2.63445827786483        0.26291051137985
B            4.04204724728890       -1.11246586782870       -0.10729104863226
B            4.55772543069266       -2.98690241405116        1.50344760422077
B            5.36251265716888       -0.24904418390224       -0.63573325952494
B            4.11882026722749        0.54847149751970        0.02834049015942
B            3.98436644638437        2.34827385161845       -0.06265684868173
B            2.71606345902469        3.02461932908376       -0.91811067683278
B            5.39711726849965        1.49315211846228       -0.26895588561786
B            4.16591337649691        3.53103281026122       -1.11618989541100
H           -5.34767054773055       -3.21113522479930        1.03933990277761
H           -5.70639768890638       -1.97426847473684       -0.56523330349907
H           -5.11108407465752        0.08843513238816       -2.71027928583413
H           -5.82155782368734        1.01150923749331        1.68702596163959
H           -5.33867054753476        3.84577841905708        0.69231325652624
H           -3.31249931922795        3.32433070756063        3.08741384413717
H           -2.36904437600515       -4.90717554707820       -0.43985358458511
H           -0.94828918519001        5.42692002951136        0.26026802191691
H            0.80358812603002       -5.26097551597382       -0.76897448949938
H            0.41999373765348        2.54717158915820       -1.64650250330120
H            3.10259966976443       -4.92871100931109        1.77192355881972
H            5.46340501174620       -2.74646034312157        2.19473779500336
H            6.38331875786098       -0.65778171426008       -1.03435399505925
H            6.48065896036064        1.91779570644912       -0.14101573141579
H            4.95540502685046        4.23379560142931       -1.60934294368930
102
 energy: -135.702895939227 gnorm: 0.007108451699 xtb: 6.7.1pre (5071a88)
C            1.40041934666509       -5.49936564256258       12.53856993130935
O            1.32942500859235       -6.21712620281668       11.33255131185059
C            0.65570756466214       -5.65791206673847       10.28786330339692
C            0.00246450498342       -4.44136936050384       10.30728772845164
C           -0.65458858259676       -3.93642179658050        9.17142577416512
C           -1.32176866008652       -2.66192789497987        9.25620532989331
C           -1.80777187554241       -1.93168193336988        8.22898477662000
C           -2.52513219945204       -0.68834587364358        8.44298758117668
O           -2.77842613880917       -0.22456585504457        9.54654704365009
C           -2.93154071087503        0.03490898759406        7.16369839754192
C           -1.70298857136518        0.84036393265847        6.76989687398392
O           -0.96302737529416        0.48232823864140        5.85982121916330
C           -1.49106353563507        2.01861913831668        7.58775438698500
C           -0.38072905933702        2.78127543353242        7.49630171825854
C           -0.10819517909838        3.98444968150067        8.24224875255216
C           -1.10345008371284        4.69259455354705        8.91544631669599
C           -0.80027624813982        5.85817516065289        9.59231330544653
C            0.49752010190352        6.34107785952782        9.63723707839103
O            0.83139657755032        7.48588843276735       10.29413888191939
C            1.52360390731210        5.63372750938127        8.97748521298106
O            2.76967371500285        6.17858244924383        9.08670204268984
C            3.84816480772673        5.48555810884636        8.51137815224898
C            1.20537257552283        4.48262767230674        8.28430465879945
C           -0.64536922791119       -4.70619764699351        8.00831114740336
C           -0.01013082245565       -5.93299080798006        7.98267606474351
C            0.64347157038329       -6.42148841030582        9.10208450812712
O            1.27902878746818       -7.62553671363166        9.11089495527622
H            1.96986329490431       -6.12809112741417       13.22259747672286
H            1.92137068202470       -4.54606691906358       12.40733384301926
H            0.40660339025615       -5.31639033371863       12.96129162146193
H           -0.00827877373797       -3.84392522038634       11.20500266496399
H           -1.44777137482004       -2.24941635941446       10.24868970271818
H           -1.68524636271465       -2.24915369879985        7.20610661544421
H           -3.77147213447785        0.69830463504925        7.36944403687043
H           -3.18585104316142       -0.67531303724121        6.37825503802554
H           -2.26129963124719        2.24419422264951        8.30934165534464
H            0.38952098796228        2.45527088455749        6.80588126743832
H           -2.12389086498721        4.34675986946066        8.89403586865425
H           -1.58381750299326        6.40738660136409       10.09788032178371
H            0.04180100805449        7.87366603051264       10.69190025203125
H            4.73186908425059        6.08560409374224        8.72598940656421
H            3.73487692769016        5.38711787210547        7.42593732097556
H            3.96886768693638        4.49255714154492        8.95716780004627
H            1.97264312998019        3.92928298991140        7.76682967157207
H           -1.15334200153621       -4.35830916956446        7.12370593363587
H           -0.02160880366839       -6.52774514626370        7.07862934756005
H            1.18276356644089       -8.04890260365478        8.24875033076182
B           -4.84911091168558       -2.60687364708055        0.16524741180048
B           -4.54017560906425       -1.29140457484808       -0.66844628999786
B           -4.33843699879221       -0.10305452995992       -1.81891592025248
B           -3.38386735621558       -2.62902996881148       -0.50675763206107
B           -2.93158649613646        0.24290575460596       -1.23849108244806
B           -4.33491522082799        0.37225261152563       -0.08743036184895
B           -5.03846908139031        1.41575033176770        0.90038797565221
B           -4.62393819604059        2.99476899846541        1.07899598086075
B           -2.78051785094610        0.49489820229531        0.39949180904291
B           -3.25945134706158        3.27094753058208        1.92437213793816
B           -2.15874006034586       -3.75805450882803       -0.51920375830721
B           -1.84068842063575       -2.22466482368088       -0.79848974857249
B           -1.64192241247063       -0.59404543412941       -0.64276999753407
B           -0.56483966884880       -3.20621920699334       -0.66625626153157
B           -0.18564259800359       -0.15436742056422       -0.07121809750857
B           -1.37682724006194        0.01663504044457        1.07427788428032
B           -1.75492706861295        1.63636979422675        1.01347621474315
B           -1.91309057557067        3.21385456198089        1.06020946897098
B           -0.19523347940716        1.02368856332911        1.30526570371883
B           -0.78764138612698        4.32187223198671        0.64762977327953
B            0.83869022707621       -4.11728839635459       -0.51678157329103
B            0.96162702553072       -2.52412149789196       -0.54289762715500
B            1.23706486462900       -0.95771644629108       -0.36484903280156
B            2.23315356493317       -3.41166233900457        0.03755060591308
B            2.63378668058565       -0.19336915379299       -0.09354045258241
B            1.26315442162435        0.50899258462201        0.44924655124592
B            1.13799025211579        2.01819976874378        1.20656109281121
B            0.49464568737719        3.40993119745321        0.72601515664730
B            2.45396900912711        1.65903237760696        0.21814019755836
B            1.10526023331036        2.93112357634778       -0.75911131060283
B            3.32459969741792       -3.95427794639320        1.18498705794261
B            3.65629201537948       -2.63798746502020        0.27816830997310
B            4.04484485807265       -1.11488801312050       -0.09156223881250
B            4.57105868773866       -2.99749327022928        1.51255205508736
B            5.35846220424464       -0.24792738852932       -0.63372388481993
B            4.12116873782191        0.54524707785376        0.04676999831567
B            3.97792004058479        2.34689775431428       -0.05480783708203
B            2.70322835725591        3.01075234586830       -0.90951986386635
B            5.39239280649944        1.49350817815943       -0.26580745506822
B            4.15096006367014        3.51807681466987       -1.12243418379016
H           -5.35007852083710       -3.20714043841598        1.03642363909482
H           -5.69961620473604       -1.96800131984529       -0.57233383751864
H           -5.08763484973086        0.10756913927581       -2.70317111010221
H           -5.82962295616821        1.01580195016422        1.69004939660590
H           -5.33827647122866        3.84793969054980        0.68888436915784
H           -3.32869382001208        3.34568489484429        3.09831275745353
H           -2.37067871602972       -4.90644314887643       -0.44412917553781
H           -0.95404478974246        5.42163973018357        0.26547387750603
H            0.80739351633273       -5.26392770067997       -0.74764732470730
H            0.40499747126778        2.52724054553514       -1.62360542628919
H            3.11520173327701       -4.93912470093262        1.77906340876136
H            5.48209730702165       -2.76190696284280        2.19893383423937
H            6.37628739489493       -0.65671163613574       -1.03984863909999
H            6.47555590943253        1.92149521749440       -0.14379857627572
H            4.93481907682407        4.21700479564908       -1.62961959843181
102
 energy: -135.703214466526 gnorm: 0.007185998297 xtb: 6.7.1pre (5071a88)
C            1.36412652523128       -5.47916459138160       12.54703952681237
O            1.32263501357950       -6.19608570665710       11.33861725263676
C            0.65578331487060       -5.64348931990280       10.28461761403198
C            0.00307647212181       -4.42713411002182       10.29127397852775
C           -0.64669344638452       -3.92986889081643        9.14799976200757
C           -1.31752797432763       -2.65674816398589        9.21972730261268
C           -1.79426421564325       -1.92869726763138        8.18574636184613
C           -2.52184745558838       -0.69082905447684        8.39909170694533
O           -2.78116580393210       -0.23306538228961        9.50389588547870
C           -2.93012895680682        0.03379306580260        7.12160568301085
C           -1.70434848408520        0.84778490198925        6.73680295466180
O           -0.96374529583587        0.50276689858522        5.82329062342912
C           -1.49351125571339        2.01694343267936        7.56842827066780
C           -0.39281076292188        2.79221414881966        7.46260122571666
C           -0.11337041107742        3.98748116818888        8.21945088330699
C           -1.10445751046324        4.68903384012562        8.90493872557301
C           -0.79613390482970        5.84499999971939        9.59570504501700
C            0.50351680961536        6.32241249946083        9.64353397160150
O            0.84491882422773        7.45695274182008       10.31551724131301
C            1.52532300464506        5.62165961933845        8.96942012691825
O            2.77454305864523        6.16056048064729        9.08127089176308
C            3.84390483228086        5.47989428181005        8.47358424538952
C            1.20139664260467        4.48154684031391        8.26222181667632
C           -0.62867550758919       -4.70634771219296        7.99011842466860
C            0.00676131893404       -5.93303913982374        7.97649206487063
C            0.65301494705836       -6.41425068070688        9.10314209667590
O            1.29110063623819       -7.61749279867292        9.12491411415859
H            1.91465192918395       -6.11082719677192       13.24288777189399
H            1.88920897454667       -4.52657375783745       12.43034535956705
H            0.36002571073585       -5.29510990353608       12.94300574335111
H           -0.01409513273240       -3.82272992775956       11.18417337106115
H           -1.44853326325112       -2.23798037428683       10.21103202071298
H           -1.65911967302857       -2.24325147895374        7.16360328932614
H           -3.77506440907191        0.69022087249480        7.32996469580355
H           -3.17538941666236       -0.67387718442565        6.33064369848289
H           -2.25260696155889        2.22307024652210        8.30813202301294
H            0.36378893507211        2.48323613281560        6.75157880677315
H           -2.12628656493865        4.34702705535519        8.87940526535517
H           -1.57707454719816        6.38940573053497       10.11043558040065
H            0.05937393483205        7.84062243993639       10.72486477237605
H            4.72850276449677        6.08027268880291        8.68108511008481
H            3.70826466381327        5.39877173495390        7.38940043696959
H            3.97582214963110        4.47995444539153        8.89982629460075
H            1.96450006897419        3.93088755820578        7.73552980794568
H           -1.13213728322790       -4.36407445257643        7.10051067272576
H            0.00120754486072       -6.53258363470375        7.07586004138459
H            1.20427464617825       -8.04551189604949        8.26450656646315
B           -4.84850537858653       -2.60233583202000        0.16466241455134
B           -4.53577884101077       -1.28375259626073       -0.66187330532552
B           -4.32223376244704       -0.08971807267987       -1.80435235172462
B           -3.37838208646838       -2.62649061232368       -0.49955958026683
B           -2.91873615158068        0.24976860960105       -1.21176384396066
B           -4.32976510593761        0.37585430453091       -0.07023318960590
B           -5.04027863537282        1.42065387009300        0.91139074524663
B           -4.62476386680891        2.99994508682608        1.08271497405724
B           -2.77842782389676        0.49375560868121        0.42849430818506
B           -3.26751883541748        3.28228847439174        1.93776332615827
B           -2.15634740565901       -3.75775099498726       -0.51250175924979
B           -1.83360159898075       -2.22265294498271       -0.77816884899179
B           -1.63593404916648       -0.59308225761893       -0.61081894021946
B           -0.56000339666041       -3.20759599825010       -0.64582841224436
B           -0.18252523162287       -0.15796391487245       -0.02906693520519
B           -1.37766557376052        0.01536163200192        1.10977050151502
B           -1.75514266625555        1.63488499428974        1.04905618265181
B           -1.91624497259334        3.21273053542630        1.08293364952934
B           -0.19603671203278        1.02326928802648        1.34366448836349
B           -0.79134994785650        4.31871995269560        0.66089270719588
B            0.84332811248150       -4.12049846920835       -0.49567101652852
B            0.96534216721812       -2.52740497057567       -0.51255479616061
B            1.23887127418569       -0.96126863806795       -0.32468201392789
B            2.23907210473071       -3.41675937552867        0.05839191963676
B            2.63515825736760       -0.19523524473438       -0.05752372149908
B            1.26598598561576        0.50240791893136        0.49517033768876
B            1.13644000063658        2.01886842871682        1.23507234478900
B            0.48885959872750        3.40558211266283        0.74426423855014
B            2.45091690278015        1.65694496493548        0.24514983875736
B            1.09223218487748        2.91955344437819       -0.74121660535636
B            3.33869107963677       -3.96410507795462        1.19581711172245
B            3.66294341056203       -2.64140106049865        0.29543251117068
B            4.04739534210202       -1.11741548536208       -0.07400582997834
B            4.58694089481755       -3.00787783927709        1.52166049722435
B            5.35537493834167       -0.24773362191911       -0.62735484191728
B            4.12363548748283        0.54204115695301        0.06611422985120
B            3.97080821251235        2.34487790599539       -0.04588686418298
B            2.68930805130936        2.99636257523882       -0.89986990767994
B            5.38755771931019        1.49398822036967       -0.26326955801203
B            4.13517053768066        3.50369197562847       -1.12845643669302
H           -5.35588903579895       -3.20585733166301        1.03005267597427
H           -5.69406249856086       -1.96299417057882       -0.58201590139677
H           -5.06395471304008        0.12847297134144       -2.69293432608943
H           -5.84093872263354        1.02409468885166        1.69345385914723
H           -5.33629937733053        3.85169416212299        0.68525055876910
H           -3.34581484095774        3.36714218461100        3.11012503132807
H           -2.37089353001620       -4.90620573850024       -0.44816087363183
H           -0.95926107379976        5.41493903607671        0.26887414582481
H            0.81116570803660       -5.26665557986907       -0.72811034256736
H            0.38876577132531        2.50551148317258       -1.59827640476541
H            3.13384845232910       -4.95046613709053        1.78862966669490
H            5.50316153264972       -2.77869625555249        2.20301710500085
H            6.36929617134327       -0.65519788832821       -1.04399585823359
H            6.46969956672202        1.92679924651939       -0.14785468394812
H            4.91299688388184        4.19858807682494       -1.65044634480810
102
 energy: -135.703582813757 gnorm: 0.006438527252 xtb: 6.7.1pre (5071a88)
C            1.32252263766977       -5.45567823864483       12.55572089370795
O            1.30843320368748       -6.17195941421751       11.34647838303129
C            0.65285503691429       -5.62664416661204       10.28073571056607
C            0.00231163401117       -4.40951643911052       10.27402683556415
C           -0.63609144648949       -3.91801778511452        9.12232980948489
C           -1.31036071473588       -2.64648532385511        9.18148227458686
C           -1.77905426549969       -1.92244801930682        8.14039048232865
C           -2.51554332727411       -0.68965716324198        8.35202322328172
O           -2.77378432439865       -0.22958861976163        9.45530841267152
C           -2.92942655869679        0.03242629246598        7.07402277430384
C           -1.70314594617493        0.85226159446116        6.69952141835060
O           -0.95981574377233        0.51370135060723        5.78681360316329
C           -1.49413484954567        2.01172482204288        7.54471360336431
C           -0.40298818497783        2.79977423925804        7.42621682644857
C           -0.11804957983958        3.98611995735882        8.19560388870326
C           -1.10526614469462        4.67890787114915        8.89555881167745
C           -0.79166342107049        5.82435184158627        9.60109693027038
C            0.50842314504625        6.30020690764470        9.64793583075304
O            0.85362928946047        7.42498533727247       10.33435608067440
C            1.52553010266965        5.60788126717986        8.95775889578854
O            2.77763385166696        6.14104633924892        9.06739062071245
C            3.83842173578402        5.47420965644818        8.43078498011893
C            1.19659774352151        4.47824131029946        8.23690349271538
C           -0.60776487226484       -4.70069777568573        7.96866546207640
C            0.02700693128085       -5.92746710401244        7.96831904430306
C            0.66171237347542       -6.40401237902734        9.10349912125365
O            1.29998867011200       -7.60729993299083        9.13633453515073
H            1.85756323115223       -6.08855297057394       13.26092939953056
H            1.84829033264195       -4.50151575924580       12.45256711228438
H            0.30980975963290       -5.27316688837494       12.92805167763442
H           -0.02094417422522       -3.79920335522806       11.16294943107998
H           -1.45351911863237       -2.22467232500260       10.16767540956367
H           -1.63400655695513       -2.23710096150140        7.11831012282896
H           -3.77754828184515        0.68314998663656        7.28412090184991
H           -3.16559222323776       -0.67350924588590        6.27885282154286
H           -2.24321781825681        2.19969052481696        8.29934177064559
H            0.34244798580318        2.50577764209905        6.69773145095737
H           -2.12742714310605        4.33784193890987        8.86941029953331
H           -1.56883231630615        6.36262347694402       10.12848927244950
H            0.06973979431164        7.79802606995062       10.75609383791117
H            4.72318446121742        6.07289953299068        8.63790731190252
H            3.68586447813176        5.41474198345929        7.34790543996767
H            3.97808528864661        4.46526643439272        8.83336203053241
H            1.95690090873836        3.93262851736910        7.70013885463320
H           -1.10362550372436       -4.36255032486056        7.07317980355222
H            0.03015295702345       -6.53218112836867        7.07094536567949
H            1.22296422993797       -8.03435292214305        8.27512344981148
B           -4.84950653293715       -2.59918399503645        0.16268784981718
B           -4.53068071888168       -1.27559604915108       -0.65232007816048
B           -4.30500454854889       -0.07559626750261       -1.78665899054381
B           -3.37331975337445       -2.62504841418139       -0.49017522459500
B           -2.90536620948793        0.25627062587631       -1.18123807555390
B           -4.32534850178373        0.37973602608563       -0.05016021813456
B           -5.04571965957074        1.42812349272278        0.92132831132785
B           -4.62714638349905        3.00623646304137        1.09252112841433
B           -2.77700233017235        0.49175835232252        0.46134310725362
B           -3.27514857689480        3.29257106668833        1.95417682312412
B           -2.15450820726225       -3.75756767762809       -0.50365141358721
B           -1.82634592388590       -2.22085226243482       -0.75399581987362
B           -1.63010967625971       -0.59281252048925       -0.57415569196378
B           -0.55475088883298       -3.20871920941440       -0.62179775312443
B           -0.17936473833794       -0.16221396845772        0.01790784716479
B           -1.37898784753886        0.01397471579239        1.14911150964717
B           -1.75534856313403        1.63299387849809        1.08738318348054
B           -1.91995719145533        3.21077369949053        1.10753766527058
B           -0.19675209562227        1.02242583620185        1.38564148996350
B           -0.79608862358868        4.31358357138532        0.67179766799528
B            0.84862796544106       -4.12396130494876       -0.47254923275591
B            0.96957172701192       -2.53094929854411       -0.47728738195012
B            1.24007356919764       -0.96490201314045       -0.27995179369617
B            2.24547740444641       -3.42319262308938        0.08230378154140
B            2.63639132322752       -0.19749384983259       -0.01858121949040
B            1.26959789337451        0.49530342564564        0.54693718716991
B            1.13461642047604        2.01947225711631        1.26673486629857
B            0.48289739290615        3.40068543527588        0.76475122596836
B            2.44723071793621        1.65473380668495        0.27464150306807
B            1.07866615958802        2.90706464717487       -0.72114976701684
B            3.35523058601946       -3.97503428578698        1.20685871738810
B            3.66972847691767       -2.64451119246981        0.31504719299211
B            4.04984476480594       -1.11960190975940       -0.05381379194701
B            4.60518225269970       -3.01780881477651        1.53065812280181
B            5.35168450520286       -0.24715337853828       -0.61968751350000
B            4.12592706995154        0.53911269457293        0.08658676246920
B            3.96282512299729        2.34209723624847       -0.03491327173228
B            2.67445719022692        2.98135450509752       -0.88846391905935
B            5.38228756181542        1.49451331663531       -0.25988777279237
B            4.11856318674355        3.48753723177760       -1.13305277377580
H           -5.36540710606637       -3.20688136279863        1.02016458706874
H           -5.68926483058552       -1.95856690340325       -0.59319206768684
H           -5.03961409295545        0.15014284616789       -2.67917851593362
H           -5.85203910864738        1.03535673508668        1.69863131511652
H           -5.32871056444041        3.85840478443145        0.67621793112397
H           -3.36245528644338        3.39468750940784        3.12474635468056
H           -2.36935605810094       -4.90656208249990       -0.45180476646064
H           -0.96449186965185        5.40733037165287        0.27441847587764
H            0.81485990459568       -5.26900400755346       -0.71063350119174
H            0.37173224567429        2.48279018018163       -1.57019380499808
H            3.15906176386200       -4.96280619804018        1.80029154161001
H            5.52641762444707       -2.79642074735008        2.20696218033688
H            6.36250287105331       -0.65504200498180       -1.04272491195804
H            6.46340221021026        1.93275851354700       -0.15363144344192
H            4.89001571022428        4.17793946522477       -1.67041032296320
102
 energy: -135.703956574286 gnorm: 0.005682406688 xtb: 6.7.1pre (5071a88)
C            1.27627135385811       -5.43082167570127       12.56421575115958
O            1.28789584203521       -6.14583218461848       11.35462807232194
C            0.64846586609076       -5.60702393408164       10.27582590449225
C            0.00018365008902       -4.38865384741165       10.25530399469672
C           -0.62509866792200       -3.90291098172911        9.09481522878436
C           -1.30480289101253       -2.63420573533323        9.14247091165937
C           -1.76807406881304       -1.91592561347649        8.09520887403592
C           -2.50924620583407       -0.68580918512894        8.30270592219050
O           -2.76357710158681       -0.21653433545142        9.40208926470863
C           -2.92810568081512        0.03090950552911        7.02234169673341
C           -1.70058661817206        0.85451339017842        6.65489188008451
O           -0.95633860661139        0.51901920545660        5.74127286750031
C           -1.49234077858627        2.00455178719172        7.51202794258978
C           -0.41039197494906        2.80400214666900        7.38580819137125
C           -0.12221192133367        3.98015536407617        8.16991011961512
C           -1.10547839994217        4.66178551904698        8.88728743667037
C           -0.78630063653188        5.79620131471654        9.60815608465172
C            0.51300290186329        6.27433193187226        9.65069463545884
O            0.85870541976609        7.38975381167837       10.35144578714693
C            1.52488805752135        5.59266203060341        8.94271009445245
O            2.77851050678866        6.12209451522278        9.04674074948297
C            3.83232833580852        5.47091646811452        8.38437732286424
C            1.19135248467143        4.47289759241591        8.20784392282722
C           -0.58389863933152       -4.69133916553692        7.94450977430412
C            0.05147548437087       -5.91724357498561        7.95791592674426
C            0.67117699460196       -6.39030284481706        9.10288802149491
O            1.30672781272658       -7.59471085916831        9.14565680841357
H            1.79678214742363       -6.06423978807437       13.27960037519291
H            1.80305805955167       -4.47481220894924       12.47379377103374
H            0.25545031667482       -5.24952146506398       12.91513020333132
H           -0.03022802081252       -3.77406174757610       11.14142495348371
H           -1.45452001738297       -2.20487964451264       10.12528101189208
H           -1.61153926967697       -2.23038269491870        7.07586939900099
H           -3.77798462244396        0.67816782325617        7.23140368134335
H           -3.15783648637274       -0.67497547243618        6.22601981127891
H           -2.23193141291864        2.17653947736737        8.27841070592038
H            0.32618553240927        2.52404295971358        6.64262956555929
H           -2.12697380041511        4.31902516881088        8.86448626905147
H           -1.55856739243383        6.32703063922804       10.15098261294266
H            0.07470969623021        7.74794880081726       10.78572683739159
H            4.71775126619972        6.06655408138345        8.59490183306789
H            3.66769273524396        5.43485207317539        7.30230087005967
H            3.97845894193484        4.45266448089893        8.76250753576482
H            1.94979593515711        3.93520073563910        7.65976350389402
H           -1.06846800771899       -4.35631687407869        7.04177200606843
H            0.06631834223712       -6.52744081713141        7.06370762070268
H            1.23924890296620       -8.01829562469190        8.28206878328317
B           -4.85150639997968       -2.59685691143680        0.15968693665914
B           -4.52418421243694       -1.26701167195539       -0.64044763459331
B           -4.28627033123569       -0.06078985215399       -1.76602353999383
B           -3.36878867686138       -2.62418211276264       -0.47802964890592
B           -2.89091390863769        0.26216175378443       -1.14743976240408
B           -4.32024949125244        0.38320480151646       -0.02615920791642
B           -5.04931800110790        1.43588308103346        0.93478230277410
B           -4.62539181382166        3.01343244522160        1.09507596665893
B           -2.77529681383954        0.48940483442203        0.49752028496063
B           -3.28394384526364        3.30656572422315        1.97168656278964
B           -2.15298937666379       -3.75735735669749       -0.49263843162954
B           -1.81915122728677       -2.21906463313213       -0.72575988595125
B           -1.62380095270126       -0.59304409933139       -0.53357378172616
B           -0.54936024334805       -3.20955452911108       -0.59417801168726
B           -0.17588402780756       -0.16669999601267        0.06877974118024
B           -1.38020692389174        0.01305566343501        1.19202960130311
B           -1.75502924717707        1.63131857915658        1.12933350641538
B           -1.92360194985685        3.20894284715159        1.13548161701997
B           -0.19668413950200        1.02136387359147        1.43043537228491
B           -0.80026319876658        4.30876141656723        0.69041334001811
B            0.85410796795223       -4.12723152152117       -0.44696702318867
B            0.97392442155981       -2.53453626321174       -0.43774929460709
B            1.24125129130761       -0.96867946040225       -0.23137215995365
B            2.25264087477129       -3.42999244842929        0.10868561290828
B            2.63763922276492       -0.20000352446323        0.02312048628353
B            1.27408066634682        0.48835456425426        0.60254310948981
B            1.13328793729970        2.02020699756077        1.30111170584015
B            0.47707774728538        3.39513450387021        0.78814779880691
B            2.44340216920810        1.65189605573539        0.30588741418638
B            1.06423128484528        2.89331681871957       -0.69887406193925
B            3.37298129763157       -3.98677527156535        1.21832228398460
B            3.67737290944102       -2.64758353259260        0.33705594765122
B            4.05205845992304       -1.12136242107434       -0.03055065044432
B            4.62560495416954       -3.02963133199907        1.53935455012456
B            5.34761456294618       -0.24660367995838       -0.60977541182354
B            4.12801720425202        0.53657880621308        0.10854271061227
B            3.95415087426451        2.33892424600598       -0.02304811536996
B            2.65840659392247        2.96560313199511       -0.87562277596537
B            5.37634759556681        1.49517814598882       -0.25590121072453
B            4.10050185599690        3.47025024673673       -1.13691556111110
H           -5.37820657445096       -3.20820626984116        1.00770519880344
H           -5.68395162842529       -1.95228730285332       -0.60352179513455
H           -5.01363248748829        0.17222015674637       -2.66263065185131
H           -5.86819591461580        1.04936000936548        1.70279530188868
H           -5.32228289215877        3.86451534896843        0.67127252387156
H           -3.38132082816735        3.42205287113735        3.14014620928341
H           -2.36670629089908       -4.90724676148403       -0.45478763002855
H           -0.97009924818057        5.39680531071524        0.27599542050637
H            0.81859846706839       -5.27095898691374       -0.69230835423612
H            0.35344551563003        2.45887951372798       -1.53930911336036
H            3.18765166166563       -4.97703245484233        1.81161084653652
H            5.55103592185239       -2.81536041554997        2.21106362766644
H            6.35598828954329       -0.65559008518508       -1.03723353716885
H            6.45613394912639        1.93902869232312       -0.16034709396398
H            4.86508658476981        4.15611890618537       -1.68974117151796
102
 energy: -135.704323735690 gnorm: 0.005629490305 xtb: 6.7.1pre (5071a88)
C            1.22769662588058       -5.40578198119974       12.57163889923534
O            1.26420887287240       -6.12046823637719       11.36264595938145
C            0.64310120240232       -5.58681541133019       10.27135761336832
C           -0.00361655217639       -4.36729348670497       10.23718305120421
C           -0.61370720575775       -3.88596106978120        9.06712949936819
C           -1.29732455448680       -2.61925943835643        9.10481492272012
C           -1.75900586389475       -1.90802426168716        8.05206199881178
C           -2.50397957729125       -0.67974724330703        8.25247952480255
O           -2.75348892679427       -0.19775230914984        9.34759646798909
C           -2.92572330431497        0.02916488847745        6.96822729036608
C           -1.69823403929886        0.85547679830529        6.60361991363767
O           -0.95575736737255        0.52323511853365        5.68591314130524
C           -1.48934176476985        1.99725348737198        7.47028142412973
C           -0.41418873552328        2.80560785483917        7.34307683938676
C           -0.12517350797734        3.97099717181241        8.14268066405714
C           -1.10445637910864        4.63938664954330        8.87923260452784
C           -0.78010922626555        5.76301045129622        9.61488968917910
C            0.51794424156575        6.24586579918322        9.65180815732044
O            0.86288623129687        7.35184814804234       10.36750454519796
C            1.52465343921615        5.57738170914756        8.92461148549450
O            2.77836408044858        6.10583103593259        9.02292024710360
C            3.82616837581123        5.47060589971049        8.33694749845629
C            1.18684516231533        4.46712230893906        8.17567451296107
C           -0.55763865009636       -4.67893498471437        7.91935929662802
C            0.07887648521225       -5.90389134827182        7.94635471214323
C            0.68154171769769       -6.37431584018413        9.10206363172045
O            1.31296685641270       -7.58030196029366        9.15449062021875
H            1.73498294536763       -6.03765567856863       13.29845072266490
H            1.75519048479616       -4.44845078528007       12.49214772122355
H            0.19955482809411       -5.22563940597421       12.90334596090376
H           -0.04311997783754       -3.74987668705556       11.12131051962299
H           -1.45753726218241       -2.18590852691405       10.08354140348433
H           -1.59928222776373       -2.22713348270049        7.03348576571157
H           -3.77711963373604        0.67485462216372        7.17331458164804
H           -3.15192335714148       -0.67912228339843        6.17378269637548
H           -2.22157600210456        2.15552023711483        8.24571544750953
H            0.31323575891714        2.54202263678173        6.58542538270563
H           -2.12478456447461        4.29346175479336        8.86184601514423
H           -1.54740064000107        6.28483945111815       10.17408055703665
H            0.07883984995965        7.69481125405668       10.81426934697480
H            4.71372037711350        6.06169564676260        8.55201543505597
H            3.65220000851529        5.45787703277079        7.25529988020521
H            3.97766236470036        4.44407397049392        8.69165223998946
H            1.94344457566019        3.93986636302381        7.61444226559613
H           -1.02929197878332       -4.34686276205194        7.00887797232892
H            0.10711773403443       -6.51879103333722        7.05495284317685
H            1.25521437094141       -8.00143289764352        8.28855743375578
B           -4.85350144618540       -2.59432847576056        0.15741258869802
B           -4.51621742460497       -1.25795035495436       -0.62687558316405
B           -4.26571394488988       -0.04683344331721       -1.74432445645015
B           -3.36437780856761       -2.62315485305823       -0.46305758911222
B           -2.87531915171957        0.26739851612596       -1.11197273031988
B           -4.31436082856292        0.38670027328546       -0.00050149838744
B           -5.05403572548318        1.44345992006444        0.94875810649710
B           -4.62759169512314        3.01992253932055        1.10722712044689
B           -2.77341508677572        0.48663831255024        0.53561907766776
B           -3.29299459389326        3.32010400178366        1.99148875258706
B           -2.15137947490152       -3.75711460880263       -0.47981714043154
B           -1.81208605701824       -2.21730142357413       -0.69452742004961
B           -1.61685583746351       -0.59350947445413       -0.49075817575355
B           -0.54408341186269       -3.21036580333869       -0.56439238404831
B           -0.17213860118468       -0.17116439132405        0.12178143580131
B           -1.38125316092953        0.01229423100487        1.23720537367378
B           -1.75459627693351        1.62936176619595        1.17303371889155
B           -1.92859325718600        3.20636048665388        1.16413966045520
B           -0.19614254762087        1.02028656731667        1.47649633539396
B           -0.80637046476963        4.30193521583562        0.70381291338925
B            0.85935963451087       -4.13019801712307       -0.42041689314265
B            0.97803108968378       -2.53802751788237       -0.39627790796925
B            1.24270898171599       -0.97267204027812       -0.18052832128026
B            2.26023550219630       -3.43666467339885        0.13575556083258
B            2.63881232382650       -0.20245236011916        0.06687855347492
B            1.27896393344361        0.48220868826587        0.65920924583567
B            1.13194012927856        2.02163685496956        1.33654268060820
B            0.47075586461854        3.38986992986592        0.81276413663278
B            2.43973704524694        1.64855117171010        0.33830702935033
B            1.04987876742015        2.87894763077495       -0.67479463701942
B            3.39080495382057       -3.99921596455436        1.22957170403156
B            3.68553787952360       -2.65086528822391        0.36004618020607
B            4.05365683138524       -1.12283795352413       -0.00516065899366
B            4.64637991219010       -3.04330986119534        1.54767781741050
B            5.34405211876260       -0.24689342059653       -0.59549415035840
B            4.12988558148628        0.53431440644066        0.13237867592713
B            3.94532021931223        2.33551479771182       -0.01028732852988
B            2.64218752433454        2.94942835425741       -0.86122629255424
B            5.36999271805116        1.49579598116271       -0.25096649206354
B            4.08188446335401        3.45256986049450       -1.13935413489144
H           -5.39229654807689       -3.20899931982832        0.99524410679784
H           -5.67712985381937       -1.94327556993255       -0.61070972734310
H           -4.98591614306652        0.19334924057251       -2.64490279540195
H           -5.88505630911285        1.06205074220286        1.70643192644773
H           -5.31151508821776        3.87115870901400        0.65914598607242
H           -3.39890740566489        3.45398221283106        3.15736564319921
H           -2.36392583213469       -4.90781920138603       -0.45651869757059
H           -0.97672753665737        5.38641859285385        0.28228730516503
H            0.82255301779873       -5.27258493727594       -0.67278650938039
H            0.33509039564466        2.43414131510053       -1.50626944047068
H            3.21631809354962       -4.99309239943616        1.82063839421614
H            5.57638534835060       -2.83541943218546        2.21473166607912
H            6.34934857438714       -0.65551568616434       -1.03088805363725
H            6.44789344189040        1.94544483616079       -0.16566022616887
H            4.83949687643732        4.13378914129996       -1.70735585309170
102
 energy: -135.704718238706 gnorm: 0.006123622437 xtb: 6.7.1pre (5071a88)
C            1.17906925158072       -5.38002456547576       12.57621152987724
O            1.23765835539771       -6.09664652153519       11.37011051555343
C            0.63594251726053       -5.56697098134165       10.26737953947686
C           -0.01127279502858       -4.34747116552440       10.22022787015603
C           -0.60517498924163       -3.86975749373755        9.04055667659954
C           -1.29338119205320       -2.60562608030589        9.06925062043480
C           -1.75387075567817       -1.90066044904563        8.01222094306644
C           -2.49843272713273       -0.67152184644942        8.20353211929160
O           -2.74673899085601       -0.17789075991422        9.29338266144778
C           -2.92152710216530        0.02718496155925        6.91398621314386
C           -1.69618886204583        0.85591433448817        6.54770395492150
O           -0.95693429217762        0.52676590077740        5.62491483056136
C           -1.48581135448835        1.99141469850512        7.42036476274062
C           -0.41508245895320        2.80637641522421        7.29801557642085
C           -0.12672428940525        3.96035946241624        8.11347155594413
C           -1.10180566318805        4.61350486430003        8.86975768357915
C           -0.77316350798353        5.72654601150276        9.61912432388425
C            0.52312814952905        6.21595091218629        9.65010013194139
O            0.86670376303719        7.31248592058033       10.38064990067349
C            1.52491481559540        5.56319886138556        8.90316949573416
O            2.77748209224413        6.09386709801590        8.99566883894427
C            3.82001672281268        5.47318482662471        8.29107980916920
C            1.18320982900563        4.46206325437028        8.14125349083099
C           -0.53126566720815       -4.66523473743677        7.89456550260907
C            0.10767561244540       -5.88846722922289        7.93435378219757
C            0.69248367140867       -6.35650976504001        9.10075656952596
O            1.32024044121957       -7.56357735751247        9.16225888614161
H            1.67815926345338       -6.00642839689257       13.31296089036622
H            1.70314771085089       -4.42065733503883       12.50375678819953
H            0.14607989604626       -5.20385464264811       12.89363380722658
H           -0.06279293456878       -3.72888849565503       11.10308160733003
H           -1.46384826252212       -2.16969908833137       10.04532503797308
H           -1.59049064535602       -2.22379960665302        6.99567527839973
H           -3.77488628955296        0.67238740562614        7.11211444212418
H           -3.14578225058779       -0.68636212734218        6.12396102481252
H           -2.21257422396374        2.13789308730532        8.20263793751579
H            0.30901914541921        2.55723263583520        6.53126625142338
H           -2.12047390757442        4.26266479314153        8.85980813578933
H           -1.53573848635574        6.23753716767203       10.19480359024038
H            0.08326818208207        7.64104856381999       10.83893351094766
H            4.71106644815544        6.05737086821375        8.51350582337811
H            3.64125763456119        5.48338524751934        7.21004686847977
H            3.97279678636681        4.43967102229834        8.62334895049003
H            1.93752207663333        3.94771081385277        7.56502241297572
H           -0.98877460115283       -4.33590804527105        6.97611714884005
H            0.15119495162210       -6.50644020000693        7.04521331163683
H            1.27204023724954       -7.98427616437217        8.29497699103774
B           -4.85519203459912       -2.59220342191706        0.15817585335112
B           -4.50730678605534       -1.24925839481142       -0.61003779896841
B           -4.24511003993145       -0.03559016948287       -1.72119748164058
B           -3.36016659103292       -2.62226884979833       -0.44430723078482
B           -2.86012008094634        0.27101759549155       -1.07584112007215
B           -4.30836840061826        0.38957076743517        0.02678898683822
B           -5.06032035578483        1.45174437327565        0.96118324831551
B           -4.62681186911724        3.02640406110528        1.11280781122617
B           -2.77163673319837        0.48431085637870        0.57402581519448
B           -3.30243761713432        3.33391118582113        2.01015196257283
B           -2.14953610142664       -3.75706865045163       -0.46483869470944
B           -1.80559999858717       -2.21597960057579       -0.66060252330378
B           -1.61010014760062       -0.59436099881420       -0.44692843957568
B           -0.53923764627848       -3.21141037224256       -0.53399307769879
B           -0.16865891926580       -0.17547076284229        0.17487664362895
B           -1.38240150306554        0.01224620713576        1.28274067644059
B           -1.75392113437658        1.62802650003832        1.21634954059746
B           -1.93316836043825        3.20398358884949        1.19348835827051
B           -0.19528500342623        1.01955203381950        1.52160773535145
B           -0.81187056035427        4.29591065417730        0.72166512212665
B            0.86424654242948       -4.13281085685458       -0.39549653580577
B            0.98157273089727       -2.54131914867169       -0.35523403642919
B            1.24399012345201       -0.97688188722004       -0.12964095960287
B            2.26782901921054       -3.44317368153206        0.16126332836413
B            2.63968852223554       -0.20487578799611        0.11059222298828
B            1.28385264080552        0.47744061843906        0.71371307077764
B            1.13065482043320        2.02335325993230        1.37180090542318
B            0.46475673431651        3.38483831117850        0.83840593409831
B            2.43623205301184        1.64479087941570        0.37079722604411
B            1.03656186962182        2.86433474418852       -0.64938267709105
B            3.40798393539412       -4.01181674635156        1.23908612392117
B            3.69334149130660       -2.65406329387339        0.38194352994010
B            4.05463010680512       -1.12359136706460        0.02109051373172
B            4.66593439040883       -3.05714113447002        1.55451476824306
B            5.33945176656370       -0.24637633152429       -0.58109336449789
B            4.13102071282174        0.53254161100426        0.15757236576906
B            3.93655703055582        2.33169573524478        0.00461555262873
B            2.62701318532430        2.93362427696955       -0.84481235656748
B            5.36341867504140        1.49604793308919       -0.24251818743773
B            4.06417369950280        3.43493330664125       -1.13815872731730
H           -5.40565374058241       -3.20973770651556        0.98601068436259
H           -5.66907735726346       -1.93306906679741       -0.61174773307895
H           -4.95862430782403        0.21033369262027       -2.62539531857755
H           -5.89932844511454        1.07536508030346        1.71129836446431
H           -5.30204949956105        3.87638886712631        0.65147293962117
H           -3.41725529971532        3.48636087131284        3.17296734493122
H           -2.36080149854851       -4.90823903301735       -0.45576806825332
H           -0.98360462297492        5.37488653807842        0.28632780941564
H            0.82687331525949       -5.27359521105043       -0.65545153846470
H            0.31825309941345        2.41076872450062       -1.47255433434475
H            3.24387539121463       -5.01011467244932        1.82587320404866
H            5.60009757865214       -2.85406529585053        2.21737633619313
H            6.34251508614704       -0.65668301369635       -1.02016015526357
H            6.43965531463532        1.95067431643894       -0.16728552693230
H            4.81546851447844        4.11151979347276       -1.71919068647801
102
 energy: -135.704841395902 gnorm: 0.003112444350 xtb: 6.7.1pre (5071a88)
C            1.17715736716054       -5.37836047683726       12.57447335010047
O            1.23563632230187       -6.09701852526989       11.36951272462927
C            0.63412390086796       -5.56641237846564       10.26718020329054
C           -0.01593841234718       -4.34866075075315       10.21989093248806
C           -0.60844612482325       -3.87048905334771        9.03989137047165
C           -1.29612235271796       -2.60611768218638        9.06784591883381
C           -1.75417023877738       -1.89941745876859        8.01052668426460
C           -2.49857795941644       -0.66985850926152        8.20019812460026
O           -2.75282041269994       -0.18095710382712        9.29155022896055
C           -2.91934138187475        0.02768871049460        6.90995507647941
C           -1.69609086433712        0.85704729559602        6.54104180340365
O           -0.95793748229178        0.53033192471316        5.61719337376462
C           -1.48519080780223        1.99385130702371        7.41223418106246
C           -0.41372609849601        2.80755212197488        7.29256890145677
C           -0.12566697273324        3.96132593593055        8.10777970824579
C           -1.09955352031335        4.60993471950238        8.86762699708875
C           -0.77229588860753        5.72247899521035        9.61757639494127
C            0.52363214856627        6.21275823937873        9.64911908376556
O            0.86842143052077        7.30872135028029       10.38014785219016
C            1.52520173204890        5.56403494687600        8.89961216419935
O            2.77702141468858        6.09729589025329        8.99392144922174
C            3.81991159023450        5.47627597953020        8.28964501442372
C            1.18363990301878        4.46520479329523        8.13538873292459
C           -0.52935175412442       -4.66348405589453        7.89380423050036
C            0.11021124787424       -5.88639567600421        7.93347441164362
C            0.69368236736577       -6.35452610298831        9.10011262929712
O            1.32325310252135       -7.56078910917013        9.16326118972014
H            1.67919874851087       -6.00278902659535       13.31179102810162
H            1.69913655469696       -4.41813595223938       12.49896153654085
H            0.14377248226908       -5.20412237116242       12.89231902640938
H           -0.07237093299076       -3.73118599478206       11.10254991774203
H           -1.46881408594651       -2.17268599227922       10.04534341294237
H           -1.59016728687194       -2.22225869954336        6.99444375542130
H           -3.77399237115519        0.67247992806378        7.10689748835208
H           -3.14322819284609       -0.68756786768472        6.12101983090566
H           -2.21326070007436        2.14121318015304        8.19382904756213
H            0.31273899198811        2.55802934533114        6.52885818199512
H           -2.11780221323203        4.25805549756028        8.85777607946903
H           -1.53523813636996        6.23003255930006       10.19449760251808
H            0.08677408431680        7.63869856589983       10.83992828636242
H            4.71187863096062        6.05911150446368        8.51344077137070
H            3.64202137776488        5.48815496382937        7.20873976767041
H            3.97103980486783        4.44257270019506        8.62052219310930
H            1.93612639806175        3.95453754384217        7.55522758523297
H           -0.98535054648417       -4.33393048774891        6.97491643978257
H            0.15587012152333       -6.50249168884939        7.04402757850018
H            1.27741533057202       -7.98418984777816        8.29740911167627
B           -4.85548285991790       -2.59255830947077        0.16098799139470
B           -4.50658153321177       -1.24937205424410       -0.60691886860951
B           -4.24401212410209       -0.03656023103516       -1.71878795961818
B           -3.36009400069773       -2.62223390227771       -0.44085332826924
B           -2.85933518095657        0.27040625343085       -1.07291341460109
B           -4.30736350299147        0.38899985417068        0.02995339596023
B           -5.05890887258552        1.45072096282449        0.96462482057387
B           -4.62742394229839        3.02602597424970        1.11441799289826
B           -2.77109257445450        0.48428121289411        0.57705638177596
B           -3.30309688612109        3.33450949282039        2.01088439371292
B           -2.14933401499243       -3.75774448584854       -0.46258489445498
B           -1.80554500021348       -2.21671626337772       -0.65617641073218
B           -1.60976574872491       -0.59482408663696       -0.44325472092182
B           -0.53944214691952       -3.21252868684601       -0.53127633179093
B           -0.16863505462410       -0.17589047743446        0.17853427872668
B           -1.38222800500733        0.01207872782104        1.28641512579198
B           -1.75409055744233        1.62789731465249        1.21995651114740
B           -1.93327612471662        3.20361747539941        1.19566540169135
B           -0.19524808815424        1.01972553559179        1.52453894780343
B           -0.81228505773350        4.29538753050119        0.72257605259221
B            0.86420206331351       -4.13332950336703       -0.39483563044200
B            0.98131551843378       -2.54192477812094       -0.35331078153570
B            1.24403250938282       -0.97791362300871       -0.12609085058790
B            2.26810054521607       -3.44375076166247        0.16162104166911
B            2.63957971943078       -0.20533910537520        0.11386791544608
B            1.28370781575564        0.47777897341217        0.71556358777871
B            1.13050093675660        2.02362790533313        1.37429750400816
B            0.46445651404617        3.38479284071845        0.84052245945180
B            2.43635773564819        1.64425323522784        0.37353489425867
B            1.03640467778930        2.86226538519011       -0.64633284458279
B            3.40841081527837       -4.01305736144267        1.23907120990697
B            3.69312150171928       -2.65473245924063        0.38246560257385
B            4.05421540717173       -1.12369986264613        0.02294521524992
B            4.66462583395688       -3.05716708410963        1.55610086109058
B            5.33892856795073       -0.24638502390804       -0.57901773943487
B            4.13075633392203        0.53248331157628        0.16067321496674
B            3.93651390234234        2.33126259653869        0.00711712107267
B            2.62689287852264        2.93240109672682       -0.84227295464754
B            5.36334661147813        1.49573944187734       -0.23951728728184
B            4.06371183879523        3.43424413449167       -1.13587714849502
H           -5.40565544102757       -3.21044808143163        0.98889822699154
H           -5.66795158101926       -1.93262508493349       -0.60796918945868
H           -4.95707369995443        0.20906199095297       -2.62333470025693
H           -5.90248317860572        1.07532198362375        1.70997652621291
H           -5.30046025116550        3.87499353865480        0.64882286685987
H           -3.41855130897622        3.48973856935745        3.17261686384933
H           -2.36172371821418       -4.90842327574740       -0.45415352514053
H           -0.98435813962693        5.37414174424854        0.28745862736633
H            0.82748488766786       -5.27387581418860       -0.65496921499971
H            0.31802496881429        2.40854875080459       -1.46934482467663
H            3.24375692773850       -5.01268391058954        1.82281344093947
H            5.60160137952671       -2.85537157778637        2.21605914900029
H            6.34151552446490       -0.65708694558208       -1.01872353496980
H            6.43966630689089        1.95040600239091       -0.16326104702219
H            4.81520155692639        4.11044472765092       -1.71708679382785
102
 energy: -135.705030904129 gnorm: 0.005443628750 xtb: 6.7.1pre (5071a88)
C            1.17005481765996       -5.37190104292593       12.56986396185134
O            1.22677769132233       -6.09688425027229       11.36830261144025
C            0.62633228118676       -5.56414045154107       10.26664668943649
C           -0.03219738266770       -4.35152102884541       10.21919515868465
C           -0.61788287886830       -3.87129747573221        9.03652890123781
C           -1.30564874097096       -2.60688871399475        9.06260086112274
C           -1.75583814641699       -1.89608851840586        8.00411980033268
C           -2.50353760002581       -0.66716248442292        8.18753006597663
O           -2.77306079320305       -0.18839557564185        9.28123219794113
C           -2.91279567386096        0.02938669408097        6.89482954511254
C           -1.69469874136954        0.85971992268826        6.51817362915052
O           -0.96034740674958        0.53929084769087        5.59002587161976
C           -1.48204745208237        2.00014452367790        7.38549737905205
C           -0.40742493175949        2.80978736091864        7.27402862847623
C           -0.12131100408529        3.96313914711717        8.08927712446171
C           -1.09273286769921        4.59915945613332        8.86001655259349
C           -0.76961306787179        5.70945248090212        9.61413915656396
C            0.52464256247789        6.20356541279430        9.64505273878273
O            0.87302873890491        7.29604685266087       10.37976163840918
C            1.52581992555166        5.56727490593475        8.88586189058035
O            2.77508876474375        6.10829676843024        8.98498128632034
C            3.82007698316679        5.48704079972160        8.28275956614434
C            1.18580789588369        4.47489577563784        8.11393195960566
C           -0.52345827720451       -4.65797512792758        7.88942768561907
C            0.11962193029869       -5.87943470393706        7.92881218588347
C            0.69749933734563       -6.34756134245933        9.09728437677454
O            1.33379127675751       -7.55042765906657        9.16571363420683
H            1.68215232710066       -5.98872073041058       13.30832795751166
H            1.68417977675595       -4.40842738067133       12.48429444345394
H            0.13640579540350       -5.20459820636391       12.89134223439872
H           -0.10430845748771       -3.73760331567749       11.10227911196392
H           -1.48542636820901       -2.18002959816003       10.04309862098432
H           -1.58623575537663       -2.21791431691530        6.98933856037615
H           -3.76994714586819        0.67445099275130        7.08655128497106
H           -3.13653962008077       -0.69081454281014        6.10957090630064
H           -2.21562781219440        2.15259906879094        8.16249749497699
H            0.32553167130325        2.55966071744079        6.51772142410323
H           -2.10923119609838        4.24230341153880        8.85286128525693
H           -1.53348582972035        6.20593783807363       10.19702332491944
H            0.09667758913089        7.62873260764400       10.84547083242215
H            4.71398444505384        6.06560074582406        8.51292536888085
H            3.64665399058851        5.50536996170544        7.20170399820378
H            3.96540562136790        4.45216738880575        8.60945979626404
H            1.93388291632815        3.97535771842083        7.52100845143033
H           -0.97314200169220       -4.32730880742071        6.96809686731010
H            0.17378118346306       -6.48992255137596        7.03763881233182
H            1.29636068668284       -7.98146537757109        8.30366666017009
B           -4.85650181121710       -2.59401363041593        0.17161389038279
B           -4.50458942025790       -1.25019405207666       -0.59539735899806
B           -4.23985635624746       -0.04106770360830       -1.71032612916991
B           -3.36016175751296       -2.62239763343416       -0.42836632983379
B           -2.85691389689935        0.26802686666083       -1.06176340712639
B           -4.30534976868559        0.38723663120264        0.04012984223186
B           -5.06139853813349        1.45021979750125        0.96829664798575
B           -4.62579785489714        3.02477388427269        1.11270785520346
B           -2.77033028573946        0.48412912285853        0.58847059317386
B           -3.30572801425924        3.33707492661454        2.01311095028293
B           -2.14881135696342       -3.76002136464500       -0.45467330147521
B           -1.80575455564135       -2.21885009712225       -0.64087700233514
B           -1.60887254740149       -0.59639624618334       -0.42924759852378
B           -0.54031236129584       -3.21590593172019       -0.52233761661487
B           -0.16880015248220       -0.17754416742303        0.19264885483521
B           -1.38222210128507        0.01173756465240        1.30018099125176
B           -1.75468245475283        1.62756510539855        1.23188505381473
B           -1.93375501188986        3.20274240122889        1.20298309049857
B           -0.19540951345511        1.02031326780705        1.53585622623059
B           -0.81291578557963        4.29456263003283        0.72875596657544
B            0.86384923824719       -4.13489805831959       -0.39181894956018
B            0.98015294251106       -2.54369504165840       -0.34562034798114
B            1.24386575450815       -0.98112988724742       -0.11315472569748
B            2.26884028747300       -3.44558994666045        0.16369544687977
B            2.63920924314591       -0.20741096946510        0.12625489550349
B            1.28310871630840        0.47844057626617        0.72322697564330
B            1.12999872794279        2.02423578991385        1.38372187883769
B            0.46347785322174        3.38421117673835        0.84857957734821
B            2.43634444973242        1.64223538046576        0.38325285306192
B            1.03586271248448        2.85565056260481       -0.63560251733693
B            3.41067420433070       -4.01769348887992        1.23902152940127
B            3.69300450759194       -2.65789703991911        0.38348038499339
B            4.05316191264360       -1.12449716146278        0.03054061433052
B            4.67231079859277       -3.06797433658851        1.54807683763919
B            5.33696444768901       -0.24635755838424       -0.57136233087587
B            4.12981165857837        0.53190743809014        0.17241402244641
B            3.93622275793141        2.32948593572613        0.01628595295009
B            2.62645662327430        2.92847060794201       -0.83305649317907
B            5.36308747611532        1.49438508478495       -0.22814682306046
B            4.06233862209584        3.43137902894656       -1.12788714482014
H           -5.40609756755720       -3.21325684315380        0.99915320095744
H           -5.66516891727581       -1.93172958805679       -0.59398730659005
H           -4.95140270152687        0.20373331968334       -2.61605195621606
H           -5.90479507753339        1.07561456338984        1.71409768113997
H           -5.29810671175890        3.87148331642893        0.64399463690183
H           -3.42457508638559        3.49905118349729        3.17249495990320
H           -2.36513105696969       -4.90942349117738       -0.44777053977953
H           -0.98643757573681        5.37110008296145        0.28997207788685
H            0.82958024825843       -5.27472973473362       -0.65371791460380
H            0.31765862713955        2.40000726919097       -1.45768905086951
H            3.24453261501896       -5.02175876715019        1.81350811486485
H            5.59763620494298       -2.85141317134093        2.22121651633826
H            6.33801454173176       -0.65783028042866       -1.01372341051688
H            6.43966962082588        1.94878823969063       -0.14890360207873
H            4.81436938993921        4.10667323995145       -1.70941379582955
102
 energy: -135.705101294678 gnorm: 0.008578018217 xtb: 6.7.1pre (5071a88)
C            1.16185056945508       -5.36435533131078       12.56654459119161
O            1.21546333274429       -6.09500438662098       11.36795623557417
C            0.61701515634315       -5.56111140778764       10.26598332732950
C           -0.04916188950148       -4.35307640665103       10.21837212044050
C           -0.62631965935553       -3.87062318110284        9.03183187997081
C           -1.31647122197304       -2.60723091159494        9.05639116832534
C           -1.75818960179433       -1.89350318137298        7.99635862019655
C           -2.50959083804726       -0.66526618700584        8.17296298238869
O           -2.79193585423559       -0.19195811767573        9.26627485531230
C           -2.90695592431035        0.03090200723506        6.87729616247371
C           -1.69236113515979        0.86173927997238        6.49423831227705
O           -0.96199448950138        0.54551428923139        5.56157294046859
C           -1.47833694156184        2.00497439897380        7.35858238314702
C           -0.40036746853949        2.81108804135964        7.25425683037291
C           -0.11660417084834        3.96375012475931        8.07095169564418
C           -1.08653643657132        4.58896525646114        8.85212061415258
C           -0.76686756651831        5.69639034999983        9.61218107825889
C            0.52519686486017        6.19547051574977        9.64020147049590
O            0.87633820791742        7.28317834913048       10.38046338630127
C            1.52600397643170        5.57069608957980        8.87039702857112
O            2.77262528402601        6.11867746119179        8.97235534763340
C            3.82072894012644        5.49837172767112        8.27317123459935
C            1.18820212533050        4.48368418165375        8.09088173022930
C           -0.51758899144868       -4.65232526278962        7.88309740856961
C            0.13012671637096       -5.87190971504215        7.92264430613707
C            0.70117554402826       -6.34002384569850        9.09389924931627
O            1.34462361192605       -7.53889289644474        9.16709047744296
H            1.68428019271937       -5.97304091388978       13.30507998283583
H            1.66758327575836       -4.39740084437236       12.47120884488883
H            0.12893260016965       -5.20410740383712       12.89388219292815
H           -0.13605114954661       -3.74279996328220       11.10275959273232
H           -1.50354290445017       -2.18520676706431       10.03809971842305
H           -1.57954502406744       -2.21411400569114        6.98270188647176
H           -3.76515661193888        0.67732962393264        7.06305880282950
H           -3.13097315005418       -0.69338915220540        6.09536289284918
H           -2.21721550887143        2.16300406036219        8.13013915995321
H            0.33822432376171        2.56005334502140        6.50376845423978
H           -2.10101073692083        4.22612138620268        8.84940543338100
H           -1.53123301928719        6.18244408370891       10.20255412787245
H            0.10426102532504        7.61585361153050       10.85289124483760
H            4.71531985788236        6.07305622543194        8.51161742054952
H            3.65351806992645        5.52366752138048        7.19141672270784
H            3.96032321311625        4.46177354421045        8.59574319261436
H            1.93346153273673        3.99442519343353        7.48592772025904
H           -0.96000960655924       -4.32035415938459        6.95860649089563
H            0.19410322326402       -6.47755807716185        7.02927545803566
H            1.31600403830397       -7.97535699688779        8.30754358727878
B           -4.85721707512324       -2.59615576065977        0.18296119359246
B           -4.50274881445795       -1.25166041197589       -0.58298400948286
B           -4.23565593663827       -0.04580043063349       -1.70057347407638
B           -3.36021136298773       -2.62323670563875       -0.41549869099122
B           -2.85456236067995        0.26543274118759       -1.04926055862463
B           -4.30379669726839        0.38498565685895        0.05139875699324
B           -5.06298003173641        1.44966378560211        0.97472817282593
B           -4.62688618131371        3.02449743426192        1.11440444398712
B           -2.76987720005729        0.48300852644713        0.60118033396636
B           -3.30882191315881        3.34044059493500        2.01604891346515
B           -2.14802721071825       -3.76258379263432       -0.44588536657021
B           -1.80577635747273       -2.22103205623260       -0.62498745478899
B           -1.60801123987592       -0.59835716964721       -0.41386809018152
B           -0.54065199078730       -3.21923537317458       -0.51237145707417
B           -0.16898518703310       -0.17966418634227        0.20847622900530
B           -1.38233008271326        0.01095278508126        1.31539582750979
B           -1.75546445012815        1.62665161020038        1.24454616653898
B           -1.93499740303124        3.20146470875694        1.20993399873791
B           -0.19577968718803        1.02052464412493        1.54883141630053
B           -0.81403255945354        4.29251176448201        0.73310562720467
B            0.86445841678394       -4.13664834260529       -0.38922394222324
B            0.97979630379078       -2.54563537663014       -0.33698428955715
B            1.24352256026921       -0.98431373982134       -0.09911688134904
B            2.27170119696530       -3.44826315731823        0.16370160979190
B            2.63861949564153       -0.20962240541466        0.13918245899780
B            1.28248843470390        0.47848049057738        0.73258667885027
B            1.12930559043923        2.02441942593208        1.39441642483094
B            0.46228613025406        3.38306648821192        0.85726867653461
B            2.43607187360294        1.64018962015416        0.39418225102951
B            1.03560084978250        2.84900777275223       -0.62429841963739
B            3.41492951475058       -4.02448970692073        1.23669889527524
B            3.69494052875341       -2.66172194365812        0.38457882596548
B            4.05159145051946       -1.12560999203559        0.03705807613352
B            4.65558546447964       -3.05698439779401        1.57023993982175
B            5.33491731146374       -0.24612289889943       -0.56341639174218
B            4.12879644737480        0.53084929766692        0.18488003593382
B            3.93600651186792        2.32743968988941        0.02667636987398
B            2.62623996161384        2.92459641405296       -0.82291776961956
B            5.36298389285925        1.49275860833490       -0.21529425951722
B            4.06136187464161        3.42805425872863       -1.11906184124689
H           -5.40645567562416       -3.21646969036336        1.01002152461580
H           -5.66337088346042       -1.93159522592878       -0.57900549711181
H           -4.94570511108565        0.19810439992072       -2.60757961667349
H           -5.90968239411458        1.07740839996677        1.71781466781039
H           -5.29518275727926        3.86897601030355        0.63634387504350
H           -3.43060780041143        3.50965164893949        3.17376040241396
H           -2.36834784064023       -4.91107038597978       -0.44015941774254
H           -0.98813801596967        5.36841518291645        0.29340857236725
H            0.83217485102827       -5.27574303920990       -0.65420179759378
H            0.31780509114764        2.39108142036870       -1.44549011466106
H            3.24696589583975       -5.03153374238376        1.80505888515097
H            5.61398559878710       -2.86815841243227        2.20550418877457
H            6.33466265030235       -0.65806962631070       -1.00829343390510
H            6.43970632304064        1.94664334241617       -0.13273765767064
H            4.81380321808960        4.10243669434798       -1.70109837067774
102
 energy: -135.705277331482 gnorm: 0.006084510105 xtb: 6.7.1pre (5071a88)
C            1.15727442203777       -5.36045028075995       12.56656563249993
O            1.20882915252621       -6.09237355233879       11.36865910714794
C            0.61247165612360       -5.55897092696190       10.26535399244674
C           -0.05592710036825       -4.35222884386012       10.21734017065581
C           -0.62878509583454       -3.86906991892145        9.02863044189762
C           -1.32174996897614       -2.60698971602659        9.05257646154515
C           -1.75924356275351       -1.89289864709590        7.99140207899183
C           -2.51077642900891       -0.66412945504227        8.16524002981905
O           -2.79646550690723       -0.18896937330158        9.25599461081137
C           -2.90541200011017        0.03111904922785        6.86777661837633
C           -1.69050003641702        0.86206169519478        6.48419175542076
O           -0.96142704548806        0.54515623864717        5.55036616110040
C           -1.47665318521935        2.00535874666184        7.34829820866068
C           -0.39774249785685        2.81106006884426        7.24544832052603
C           -0.11487121201981        3.96289039879017        8.06418116696505
C           -1.08470331319727        4.58513207484143        8.84904921351217
C           -0.76549235865972        5.69091506636151        9.61241683631845
C            0.52527753305172        6.19300289113683        9.63770527378289
O            0.87626616533278        7.27809198093426       10.38148705840944
C            1.52568178454619        5.57178555853271        8.86335239510763
O            2.77122067125935        6.12167493155967        8.96394846279348
C            3.82136182317744        5.50304756538880        8.26657386626151
C            1.18891334437246        4.48587400254056        8.08136820158430
C           -0.51501819042099       -4.64970644580568        7.87891552926917
C            0.13517960533851       -5.86814243734517        7.91925495576391
C            0.70256612972749       -6.33648680112652        9.09227855252471
O            1.34878287212382       -7.53348887530186        9.16646076534430
H            1.68365234432952       -5.96616740361334       13.30394036382116
H            1.65971476259674       -4.39215615470443       12.46825262664419
H            0.12540770307241       -5.20261567743200       12.89784773027653
H           -0.14718425582700       -3.74353428599702       11.10276139702238
H           -1.51260059416035       -2.18539990699257       10.03314241280017
H           -1.57467292273586       -2.21289973211337        6.97812136890597
H           -3.76302099738697        0.67852482209160        7.05115182741313
H           -3.12923694502013       -0.69374601949469        6.08637062166590
H           -2.21642918388002        2.16462604076280        8.11808216628207
H            0.34216051660376        2.55917942769123        6.49607556318330
H           -2.09823038075789        4.21956979080329        8.84901686461721
H           -1.52946621221179        6.17384003630072       10.20667917991096
H            0.10450088117442        7.60759629420214       10.85695110554327
H            4.71497029526029        6.07685285633222        8.50971619517548
H            3.65798512745872        5.53111827182474        7.18414354302078
H            3.95936386888655        4.46533705277995        8.58725706227778
H            1.93451869037227        3.99983282706210        7.47319432461303
H           -0.95411528805646       -4.31720476930802        6.95283400075450
H            0.20397345824383       -6.47277483626575        7.02492461213651
H            1.32371049664143       -7.96913556914523        8.30632364350856
B           -4.85757636923097       -2.59756705346832        0.18788750375260
B           -4.50258501154106       -1.25273733608220       -0.57741215225786
B           -4.23438934197008       -0.04729452936519       -1.69521978310594
B           -3.36070211858202       -2.62425853213227       -0.41045834569348
B           -2.85384867794677        0.26436370793660       -1.04311875223678
B           -4.30360779817270        0.38366135669582        0.05713281470521
B           -5.06125904230689        1.44907576210225        0.98163982876719
B           -4.62997974536720        3.02551268373960        1.11860169687376
B           -2.76990970440340        0.48172510016262        0.60728251012369
B           -3.31046509336794        3.34270084777245        2.01789126790661
B           -2.14813610532625       -3.76377590898278       -0.44162125020469
B           -1.80609350660167       -2.22184573120853       -0.61851392537755
B           -1.60778494723868       -0.59948864556598       -0.40666956558762
B           -0.54097073910158       -3.22038355742902       -0.50760163509869
B           -0.16898093677815       -0.18088867376184        0.21627659125274
B           -1.38246474416704        0.01041709069147        1.32258017365847
B           -1.75591761915870        1.62593356940993        1.25023736638995
B           -1.93604632365926        3.20076434505954        1.21267964785908
B           -0.19610180314677        1.02040361493405        1.55541459713263
B           -0.81480293205987        4.29070449397299        0.73344559370648
B            0.86465729895481       -4.13742940229181       -0.38748451948853
B            0.97935113922627       -2.54636388713617       -0.33175377748349
B            1.24342406057447       -0.98550665555049       -0.09192281201211
B            2.27230395173513       -3.44955812767618        0.16534431717252
B            2.63872649437832       -0.21091190080799        0.14577462981904
B            1.28245848594268        0.47773689725040        0.73842333914179
B            1.12894584690911        2.02409053850416        1.39981044936766
B            0.46168708470258        3.38207075508310        0.86113036713314
B            2.43578283858198        1.63934502825489        0.39970722956439
B            1.03576789097949        2.84636408410430       -0.61954366967690
B            3.41707170656878       -4.02697271868610        1.23686441908784
B            3.69565193286723       -2.66361723481513        0.38508064549195
B            4.05170493717645       -1.12652387514552        0.04129511340409
B            4.66633050253399       -3.06760943506143        1.55973396281417
B            5.33427529323899       -0.24603309084390       -0.55961136517297
B            4.12875556595121        0.52993878908656        0.19097674537733
B            3.93598666182370        2.32634566032738        0.03191284860481
B            2.62635151505711        2.92303482331982       -0.81820934456551
B            5.36310845548970        1.49186736350031       -0.20916035662640
B            4.06137730095562        3.42628426880627       -1.11474921659148
H           -5.40673287329498       -3.21790630486906        1.01489398574743
H           -5.66411774418653       -1.93235013252883       -0.57283927765631
H           -4.94377467086870        0.19605396938309       -2.60294159935396
H           -5.91574108458488        1.07998734438086        1.71747158029476
H           -5.29356510477006        3.86902126058955        0.63087130099183
H           -3.43292981075674        3.51537287116405        3.17540682229513
H           -2.36942087656888       -4.91230416133321       -0.43610786773007
H           -0.98828714186619        5.36749484511659        0.29519324034376
H            0.83308647731756       -5.27610484507834       -0.65518116430492
H            0.31824079165981        2.38787064262502       -1.44067494135245
H            3.24967304524915       -5.03562068869476        1.80299513090101
H            5.60771809707897       -2.86280343043570        2.21313236777997
H            6.33348243984506       -0.65769697059973       -1.00603493300025
H            6.43972812233405        1.94551470747376       -0.12540225024625
H            4.81382990875262        4.10024534862846       -1.69727305972039
102
 energy: -135.705501286241 gnorm: 0.003314615436 xtb: 6.7.1pre (5071a88)
C            1.14634192925404       -5.35101282544105       12.56701609265792
O            1.19352729223584       -6.08529293661961       11.37051483424852
C            0.60296960123951       -5.55309355819538       10.26348655187214
C           -0.07002555821122       -4.34893306682368       10.21387813305313
C           -0.63420045135025       -3.86479013315984        9.02099345339486
C           -1.33216068116645       -2.60504368842125        9.04253381438607
C           -1.75990740795295       -1.89009887113292        7.97827454378298
C           -2.51256538255092       -0.66101618384616        8.14662073917653
O           -2.80381576661949       -0.17994051119783        9.23172524099643
C           -2.90258812329889        0.03142105990046        6.84480278310303
C           -1.68564023011714        0.86247552659142        6.46248666419239
O           -0.95782143544067        0.54269081598703        5.52793834888644
C           -1.47285649059638        2.00457798768753        7.32716982029947
C           -0.39270114494456        2.81043799792691        7.22692093701179
C           -0.11155501986086        3.96018504681408        8.05006865361811
C           -1.08084145188508        4.57584890700423        8.84270457954622
C           -0.76197086955765        5.67806506742004        9.61231917811565
C            0.52597516786061        6.18706105139502        9.63210093171536
O            0.87540332218741        7.26709817776885       10.38327176063257
C            1.52499857859545        5.57342142446861        8.84830492591620
O            2.76817467662060        6.12752456199214        8.94387375047921
C            3.82259287404267        5.51296937801567        8.25011043258163
C            1.18987821005204        4.48943037467524        8.06196141964613
C           -0.50948593169693       -4.64315650265770        7.86962048383062
C            0.14598993253378       -5.85880869631850        7.91238890761481
C            0.70564541654197       -6.32797561755901        9.08905175944338
O            1.35722094486688       -7.52133537958564        9.16439344162166
H            1.68136133500303       -5.95117392684971       13.30125630609082
H            1.64197149983471       -4.37989647601327       12.46298620566166
H            0.11672996517004       -5.19807081921887       12.90702544622188
H           -0.16938212319098       -3.74370916375441       11.10127725898213
H           -1.53391186148787       -2.18486445975248       10.02044997876078
H           -1.56371113414445       -2.20910768128608        6.96610547438775
H           -3.75922539078900        0.68024565580719        7.02376845826569
H           -3.12461734856975       -0.69403541255365        6.06367217125521
H           -2.21381484800576        2.16478067919636        8.09413847973911
H            0.34845529295016        2.55793111383909        6.47843750629707
H           -2.09239993050712        4.20501253558321        8.84795964622074
H           -1.52456232711722        6.15485267181926       10.21476895189673
H            0.10322575700468        7.58743086330318       10.86508367656745
H            4.71371687783746        6.08535480220811        8.50336220892354
H            3.66753243914090        5.54668377958346        7.16628044904855
H            3.95822453551324        4.47284685588625        8.56603719481137
H            1.93675363799199        4.00999461516493        7.44863313579613
H           -0.94167633701048       -4.30974831023409        6.94039028151786
H            0.22516591848277       -6.46174486444592        7.01658907524637
H            1.33956123110093       -7.95279184316483        8.30178829867211
B           -4.85827116223038       -2.60109126649660        0.19949751398364
B           -4.50238137032956       -1.25558381145680       -0.56445219559066
B           -4.23187450074104       -0.05119508069127       -1.68298129459490
B           -3.36167810917442       -2.62703418116289       -0.39856691983541
B           -2.85281804810594        0.26217810559580       -1.02867901421216
B           -4.30481346790193        0.38110148515181        0.06897380405491
B           -5.06628107179972        1.45149122152958        0.98573761435905
B           -4.62832748013898        3.02689745999508        1.11401351045830
B           -2.77121966217256        0.47964693540142        0.62143453228963
B           -3.31436812616182        3.34788625710881        2.02108280952021
B           -2.14826815867610       -3.76640511176845       -0.43145849193010
B           -1.80665579853425       -2.22356821439957       -0.60362062703620
B           -1.60802399506057       -0.60196508654907       -0.38975266629187
B           -0.54134022946159       -3.22273083396473       -0.49707099096394
B           -0.16950091011944       -0.18380346234928        0.23459049056116
B           -1.38375987750636        0.00995860420101        1.33902530453808
B           -1.75695240710109        1.62511161503805        1.26285289828836
B           -1.93728365814150        3.20018287458776        1.22092970878541
B           -0.19729854222617        1.02030054212096        1.57073831507030
B           -0.81465187404532        4.28930706537226        0.74192094861050
B            0.86552837713017       -4.13933857355787       -0.38407768958251
B            0.97884747457016       -2.54827165323312       -0.31972453103526
B            1.24270754723414       -0.98817732962190       -0.07501592620169
B            2.27424196065897       -3.45329580689478        0.16852775927104
B            2.63860547235480       -0.21378770309393        0.16047893971377
B            1.28227304627472        0.47541795313863        0.75292684654521
B            1.12808631184867        2.02289571652055        1.41257486357604
B            0.46066456047435        3.37936718429001        0.87026834837605
B            2.43464933895983        1.63754987029967        0.41257280661308
B            1.03569302290667        2.84068843719135       -0.60925259208440
B            3.42238861369285       -4.03323169342577        1.23649758028254
B            3.69730290917649       -2.66759477308880        0.38696562891468
B            4.05160753229490       -1.12871465770935        0.04994199349892
B            4.67900389391902       -3.08083006646786        1.55010018815331
B            5.33288814488433       -0.24586279678336       -0.55132030516479
B            4.12850152670372        0.52746961028288        0.20410048124094
B            3.93548989095136        2.32372492560057        0.04399189510200
B            2.62619184295330        2.91957789272807       -0.80758815174176
B            5.36308676311891        1.48982616159725       -0.19546260734145
B            4.06124428942688        3.42199399934796       -1.10475282638120
H           -5.40762890711193       -3.22147492463723        1.02617906072541
H           -5.66613276015501       -1.93543551007814       -0.55996771158040
H           -4.93966566586186        0.19087438386128       -2.59239465296359
H           -5.91780603265994        1.08576385655832        1.72656914384065
H           -5.29496537856435        3.86959227888671        0.62881695665408
H           -3.44096050704392        3.52538878465496        3.17843781779918
H           -2.37053654333910       -4.91518499471593       -0.42668947983717
H           -0.98805157059282        5.36311176288782        0.29520053788655
H            0.83471232895238       -5.27679116520940       -0.65858392245702
H            0.31905669031808        2.38055781704057       -1.43027327436785
H            3.25701450446572       -5.04471777957469        1.79900677820844
H            5.60488133456059       -2.86103715836742        2.22008696327739
H            6.33101392761428       -0.65697561617474       -1.00084456238894
H            6.43941259964321        1.94310203717688       -0.10840351961976
H            4.81378771972036        4.09489139158570       -1.68844547316104
102
 energy: -135.705744188766 gnorm: 0.005316322653 xtb: 6.7.1pre (5071a88)
C            1.12957196516508       -5.33588340553646       12.56645116131846
O            1.17129265520097       -6.07469369306776       11.37268571795388
C            0.58921919177460       -5.54356722083333       10.26054107669302
C           -0.09126300592693       -4.34353677213346       10.20810241211102
C           -0.64323450597788       -3.85816628647882        9.00963197853461
C           -1.34701699792125       -2.60118302323945        9.02645439615410
C           -1.75997706598169       -1.88439068899606        7.95750573143996
C           -2.51676564360291       -0.65652163234925        8.11723975828222
O           -2.81658042563630       -0.16877598259431        9.19604476177808
C           -2.89760007359589        0.03221692913015        6.80919678773862
C           -1.67784023265570        0.86285290280692        6.42930958860995
O           -0.95043089923084        0.54012959895568        5.49478135366428
C           -1.46666964649259        2.00324205049533        7.29501734790077
C           -0.38500912753760        2.80922908771996        7.19961418507581
C           -0.10634674754392        3.95590631087645        8.02829208455481
C           -1.07433821623130        4.56029176747142        8.83292303517445
C           -0.75646872991237        5.65755155530900        9.61056636870435
C            0.52760903636610        6.17635440668800        9.62370303121359
O            0.87479818626388        7.24994805079909       10.38467578430114
C            1.52451273089317        5.57541026845854        8.82596696969746
O            2.76410347644580        6.13715389428834        8.91470497020104
C            3.82379734182802        5.52778718299904        8.22513375534944
C            1.19143801269091        4.49479351963471        8.03325763809090
C           -0.50134856522081       -4.63260356359067        7.85649455413982
C            0.16161113927058       -5.84414139392430        7.90289168083583
C            0.71052878531866       -6.31428473753890        9.08448564868846
O            1.37004501485748       -7.50267177218989        9.16179944920295
H            1.67797449940936       -5.92757887850286       13.29699610396305
H            1.61464359097397       -4.36029016408728       12.45335503737249
H            0.10257790738997       -5.19098805909429       12.91805068869648
H           -0.20390410937519       -3.74340793191789       11.09795533768548
H           -1.56535372018289       -2.18412386916304       10.00159128100112
H           -1.54757023548335       -2.20138522437398        6.94735097068419
H           -3.75401458200260        0.68245337895427        6.98129579622203
H           -3.11593088825498       -0.69493217693387        6.02885552660391
H           -2.21031635254774        2.16435909616075        8.05813840731121
H            0.35747746129621        2.55793137836416        6.45174015145829
H           -2.08306250413698        4.18193908101570        8.84517024329197
H           -1.51714268946908        6.12425562041235       10.22465163617460
H            0.10264244573613        7.55744541779731       10.87581637328308
H            4.71228131743266        6.09768283137058        8.49188744643893
H            3.67941713513626        5.57021551000907        7.13971899247711
H            3.95607567560676        4.48446501842629        8.53363274429548
H            1.93916674460978        4.02619306463614        7.41121254621767
H           -0.92371602415880       -4.29819529797315        6.92290902678263
H            0.25581814826875       -6.44402310865050        7.00544465722352
H            1.36391661492812       -7.92881231807926        8.29603619733268
B           -4.85920058548583       -2.60593128167645        0.21751845330786
B           -4.50153116433896       -1.25944965312510       -0.54449972484894
B           -4.22780089565299       -0.05667210350879       -1.66420277844902
B           -3.36252056793815       -2.63078390758070       -0.37950456171320
B           -2.85071194538899        0.25904997378555       -1.00683784189694
B           -4.30562784632477        0.37760195843895        0.08731713358058
B           -5.07078225701256        1.45355428483856        0.99591081942667
B           -4.63249906158598        3.02915299766664        1.11931829873035
B           -2.77268921868876        0.47632461831009        0.64301913269046
B           -3.31986021747427        3.35517488038451        2.02709983494911
B           -2.14820479414355       -3.77032799718301       -0.41566082151831
B           -1.80687709816843       -2.22646779751528       -0.58026182237821
B           -1.60813128204923       -0.60569817122914       -0.36412136064220
B           -0.54156371418318       -3.22662672492496       -0.48058985863240
B           -0.17032758099095       -0.18809830262297        0.26252070348951
B           -1.38558623577880        0.00895580678694        1.36422981450620
B           -1.75901973433611        1.62348623575733        1.28319981707567
B           -1.94019296900775        3.19841471988365        1.23228290313191
B           -0.19923525033326        1.02019786558347        1.59413958114218
B           -0.81648393125229        4.28414833753681        0.74660026058492
B            0.86722613054243       -4.14235749727768       -0.37914652637789
B            0.97838705009552       -2.55145404612745       -0.30131796829932
B            1.24152738858929       -0.99249081253586       -0.04887298522016
B            2.27761595622469       -3.45929851242519        0.17309097999338
B            2.63816719796899       -0.21794276643917        0.18294394319147
B            1.28196695058163        0.47210724912166        0.77522226198949
B            1.12632944656612        2.02138359718669        1.43192642078593
B            0.45878388068361        3.37576077485812        0.88388642240714
B            2.43288723877115        1.63490012953451        0.43262354909050
B            1.03560463113509        2.83217619442537       -0.59323592343512
B            3.43084556800330       -4.04352108069165        1.23490714030822
B            3.69996569947311       -2.67353997819191        0.39015539898830
B            4.05097170172119       -1.13191752706120        0.06230053746055
B            4.68714492969449       -3.09120234176897        1.54800487746208
B            5.33073028494419       -0.24563358028086       -0.53865901657130
B            4.12794535029000        0.52362008207058        0.22401857047856
B            3.93452176342415        2.31967252572599        0.06285109661363
B            2.62594464212790        2.91390878729643       -0.79114851352517
B            5.36286067782831        1.48673313452048       -0.17430545129860
B            4.06103454983513        3.41504362067848       -1.08915314865140
H           -5.40892954003238       -3.22681861254697        1.04350505088864
H           -5.66798142883349       -1.94003717993653       -0.54073178982446
H           -4.93343482838474        0.18371576524190       -2.57583747303966
H           -5.92564722797374        1.09312702093869        1.73539943438209
H           -5.29129403463365        3.86975372561062        0.61796352639560
H           -3.45061102943201        3.54377576659598        3.18289912079313
H           -2.37175084712291       -4.91919955480527       -0.41259594059263
H           -0.98826007070380        5.35827072049289        0.29946491236650
H            0.83718146572339       -5.27768408106037       -0.66379940062312
H            0.32025682413376        2.36863592839502       -1.41350975564399
H            3.26817325294304       -5.05887488779195        1.79192759361636
H            5.60955498604771       -2.86724926965091        2.22069577780928
H            6.32709798932879       -0.65641186432483       -0.99257492889671
H            6.43888485618229        1.93954529487197       -0.08203112699169
H            4.81387185644226        4.08630381430185       -1.67442004047748
102
 energy: -135.706071822942 gnorm: 0.006960614356 xtb: 6.7.1pre (5071a88)
C            1.10652222260219       -5.31494822498075       12.56485532091680
O            1.14369871944301       -6.05958576073686       11.37482935627375
C            0.57308540192130       -5.52951899585890       10.25596093442866
C           -0.11640278294919       -4.33442604984084       10.19874826466486
C           -0.65432137814399       -3.84831408241173        8.99425423615608
C           -1.36477232325989       -2.59476859399784        9.00342784759142
C           -1.75852228010583       -1.87553951912500        7.92834365219249
C           -2.52044694174853       -0.64969897088621        8.07675766174971
O           -2.83142679504729       -0.15494816469913        9.14911932204747
C           -2.89097162233252        0.03305669687169        6.76123837992444
C           -1.66682490865759        0.86252147191983        6.38751624126622
O           -0.93700363715820        0.53644921942540        5.45553251925470
C           -1.45841231200014        1.99990272053465        7.25572033497779
C           -0.37632971601547        2.80725559008025        7.16604981608694
C           -0.10002846898111        3.94926763913256        8.00161494645139
C           -1.06587883954789        4.53894399914785        8.82075861693801
C           -0.74904405162818        5.63042616272423        9.60654540846294
C            0.53049435254263        6.16104802468267        9.61286765122932
O            0.87394766676758        7.22822268637259       10.38446546924616
C            1.52434673428780        5.57636821853609        8.79895024955142
O            2.75949981233111        6.14863290187077        8.87803652581000
C            3.82415144242454        5.54554912878878        8.19137283625562
C            1.19302069761283        4.49963716216060        7.99957701032131
C           -0.49119837959347       -4.61804010269723        7.84015144462019
C            0.18035402735958       -5.82437643539517        7.89185684275674
C            0.71688370275727       -6.29534516149593        9.07911273222557
O            1.38561409712189       -7.47828123371180        9.15849602893601
H            1.67061272976219       -5.89654228004335       13.29163808281986
H            1.57853656034155       -4.33395198924590       12.44173250307459
H            0.08212372846298       -5.18025515322735       12.92863634068311
H           -0.24514925870606       -3.74025551327485       11.09076730888115
H           -1.60413006471694       -2.18147775789926        9.97525263734862
H           -1.52608244837048       -2.18897621544764        6.92126393091827
H           -3.74838068324224        0.68393029347464        6.92447521093455
H           -3.10255915117337       -0.69661725941234        5.98165389058704
H           -2.20441959420640        2.15892541345767        8.01643160786040
H            0.36667989484615        2.55969777755003        6.41750649119021
H           -2.07120472379063        4.15209700531513        8.84029376422759
H           -1.50704045768817        6.08490727819460       10.23378930784835
H            0.10161755951582        7.51886980422023       10.88647043736116
H            4.71001393608192        6.11265027229440        8.47203796886188
H            3.69009462309744        5.59858166980696        7.10481858278583
H            3.95397343277752        4.49881773582600        8.49013261611952
H            1.94116104030514        4.04455074003834        7.36733103042456
H           -0.90260707570693       -4.28321564870841        6.90184831588462
H            0.29228846546294       -6.42078889160773        6.99356710027987
H            1.39404739717827       -7.89667996659636        8.28850477988698
B           -4.86032940170798       -2.61196249297132        0.24111408951648
B           -4.50036697963388       -1.26427347996122       -0.51829346821903
B           -4.22323457938846       -0.06290225438405       -1.63894796016194
B           -3.36301968230676       -2.63555573892357       -0.35413849256304
B           -2.84806829251050        0.25518660057575       -0.97838572764781
B           -4.30656923488069        0.37342795957510        0.11158596370213
B           -5.07544749382927        1.45612744631189        1.00995751561172
B           -4.63357971591297        3.03172740067688        1.11968743607873
B           -2.77454404050209        0.47255535604765        0.67107671811884
B           -3.32698886961500        3.36558970217610        2.03375581689594
B           -2.14808829689117       -3.77511718205003       -0.39446429404164
B           -1.80660413315126       -2.23029772817842       -0.54982831814676
B           -1.60838182609010       -0.61036977071716       -0.33095470502824
B           -0.54146812074169       -3.23144379690222       -0.45886378497620
B           -0.17159962292968       -0.19361230810249        0.29919515549252
B           -1.38833093847367        0.00809872384111        1.39695846732295
B           -1.76167871533999        1.62197660250922        1.31017491161792
B           -1.94350578209820        3.19670991540015        1.24767146458686
B           -0.20196059336542        1.02022028720722        1.62486227673111
B           -0.81772282316254        4.27947666492544        0.75865371980151
B            0.86968841003289       -4.14624739491275       -0.37261857097410
B            0.97818283757408       -2.55587462608240       -0.27674444135242
B            1.23972604016184       -0.99824204646248       -0.01410123888130
B            2.28194091162028       -3.46766706822378        0.17978346642524
B            2.63737709037503       -0.22327361331664        0.21237515109471
B            1.28178758068791        0.46726766984892        0.80581197345577
B            1.12386865088088        2.01915343096117        1.45757183137483
B            0.45618930102827        3.37063571074996        0.90185039840297
B            2.43020541649247        1.63147676643472        0.45928705519848
B            1.03470298063065        2.82126890325136       -0.57266589623742
B            3.44208195522554       -4.05726998264821        1.23236116868770
B            3.70309058963479       -2.68079785334614        0.39531314754181
B            4.05000691661509       -1.13612969612195        0.07795780533190
B            4.69299511630081       -3.10006069961490        1.55077457913404
B            5.32809787415749       -0.24548397191811       -0.52230461630116
B            4.12717165387152        0.51809500175575        0.24938746604379
B            3.93248479216218        2.31417605899112        0.08778966797538
B            2.62492527916295        2.90615560892151       -0.76964193963690
B            5.36202377178947        1.48276026558816       -0.14711348589552
B            4.06034259827329        3.40533194678485       -1.06849457667981
H           -5.41044876547116       -3.23376231308561        1.06618870594515
H           -5.66980198170130       -1.94673233321072       -0.51699767180435
H           -4.92606792397544        0.17529641174737       -2.55338917918446
H           -5.93652015075532        1.10326442340864        1.74622872728114
H           -5.28941212686817        3.86950739574526        0.60948027930989
H           -3.46399582895747        3.56548921888247        3.18727127508315
H           -2.37179721590130       -4.92409942725728       -0.39416657208008
H           -0.98851728446611        5.34971105426628        0.30140279955556
H            0.83960207215109       -5.27836442126428       -0.67066363234828
H            0.32111114517081        2.35349890240577       -1.39207871122201
H            3.28376824455448       -5.07693996671680        1.78307035028181
H            5.62099308988658       -2.88060647709082        2.21619739405776
H            6.32214794355134       -0.65614932298731       -0.98150885311817
H            6.43760830023223        1.93535821365317       -0.04779885188320
H            4.81366450799595        4.07439168277179       -1.65573834758478
102
 energy: -135.706473429721 gnorm: 0.006464768919 xtb: 6.7.1pre (5071a88)
C            1.07766845721659       -5.28909335789586       12.56140182720205
O            1.11414354832944       -6.04023749278232       11.37577280336825
C            0.55674726844225       -5.51111912008643       10.24942298975104
C           -0.14212150123191       -4.32131196768150       10.18541612864730
C           -0.66555715854521       -3.83523985381674        8.97516208469759
C           -1.38219433484528       -2.58526463912561        8.97383230502237
C           -1.75515743133088       -1.86403322301727        7.89214830191260
C           -2.52384829423828       -0.64159550853635        8.02700379807640
O           -2.84738099833685       -0.14145369665512        9.09395654174893
C           -2.88259159168643        0.03375771388050        6.70398732888113
C           -1.65309863445839        0.86098929061742        6.34040130506903
O           -0.91737598923575        0.53270923336241        5.41366909909131
C           -1.44807245890815        1.99426652239045        7.21301338267718
C           -0.36740933035616        2.80451040487180        7.12923194745053
C           -0.09301021235762        3.94060233435193        7.97230599432448
C           -1.05592137245089        4.51321753171734        8.80686782531177
C           -0.74034768746321        5.59884807380664        9.59982504340141
C            0.53452846559482        6.14169042407331        9.60028155798527
O            0.87339273554132        7.20369362645709       10.38132880859796
C            1.52465033175296        5.57554510890250        8.77010547266756
O            2.75497184837770        6.16032173354558        8.83858286695199
C            3.82261842619233        5.56417194939520        8.15105087104621
C            1.19455119551505        4.50306558988593        7.96436218714558
C           -0.47970855573226       -4.60031586915929        7.82168458280759
C            0.20024579412424       -5.80103376307756        7.88010408622758
C            0.72433958314095       -6.27187629722780        9.07315922982458
O            1.40248322534749       -7.44957911465090        9.15533333360326
H            1.65615432441492       -5.85989727489656       13.28602319173584
H            1.53577497111787       -4.30272044509801       12.42937735084286
H            0.05496080573041       -5.16560467932469       12.93408261331253
H           -0.28853025989254       -3.73282120728387       11.07834857680482
H           -1.64481705780382       -2.17621828033818        9.94200980632895
H           -1.50143625169049       -2.17300116508490        6.88927584249593
H           -3.74229196858075        0.68452210815922        6.85632127838960
H           -3.08486330472555       -0.69939273557443        5.92529329512740
H           -2.19562700392839        2.14730488891090        7.97380246490358
H            0.37514924378532        2.56395160572308        6.37832626036219
H           -2.05755324631096        4.11767157082432        8.83268617812573
H           -1.49530369938781        6.03997436351155       10.23976846616628
H            0.10145118347291        7.47645928220774       10.89400432675401
H            4.70681000179728        6.12857696508633        8.44211458261513
H            3.69464689164325        5.62856335188253        7.06451835503376
H            3.95201463101387        4.51454138712472        8.43875648920445
H            1.94174143337085        4.06277408198714        7.32102690350333
H           -0.88048646340894       -4.26599820338157        6.87891585342758
H            0.33037115844410       -6.39390157812446        6.98229075616714
H            1.42722572729529       -7.85972063279788        8.28143307320287
B           -4.86144112477524       -2.61797529318161        0.26886953076357
B           -4.49867120172967       -1.26920994462734       -0.48777486806411
B           -4.21796233588770       -0.06961469567632       -1.60961722083021
B           -3.36277921128084       -2.64063151760456       -0.32388750699726
B           -2.84471774859347        0.25093726758115       -0.94556568203850
B           -4.30746887993106        0.36983895731320        0.13894207310961
B           -5.08325196621751        1.45979027255895        1.02302575467526
B           -4.63640372275267        3.03407626846551        1.12513445645629
B           -2.77687193827629        0.46859767697034        0.70361008247825
B           -3.33451145626763        3.37495170138096        2.04315894628744
B           -2.14798606687496       -3.78012867295202       -0.36904182430576
B           -1.80563873880899       -2.23470532719449       -0.51461211925465
B           -1.60852881359226       -0.61538277370029       -0.29290599872336
B           -0.54098742623310       -3.23654676739555       -0.43312670010480
B           -0.17321751938356       -0.19994283159327        0.34216429161268
B           -1.39204341709502        0.00711447711774        1.43485849464417
B           -1.76502826115034        1.62021247571452        1.34197116996481
B           -1.94754736931678        3.19412725018551        1.26618327509613
B           -0.20553948024392        1.02021472132438        1.66081329645981
B           -0.82067014650587        4.27225390750818        0.76799483350230
B            0.87244498073948       -4.15047864642177       -0.36418510867284
B            0.97825622083004       -2.56120342349086       -0.24718454443668
B            1.23749887748350       -1.00511375412072        0.02734488715058
B            2.28643544205575       -3.47768535926795        0.18916645160911
B            2.63619747561458       -0.22924496551286        0.24735753377305
B            1.28178049792039        0.46138309931035        0.84319836293848
B            1.12021028897119        2.01667529566097        1.48764975214396
B            0.45267476161556        3.36494496790634        0.92254051968915
B            2.42670740214527        1.62757169422758        0.49122730762805
B            1.03302988651115        2.80901455053989       -0.54868762251375
B            3.45492141819126       -4.07332712250304        1.22940110599402
B            3.70598828522815       -2.68852337797839        0.40290052932372
B            4.04867421798609       -1.14092365193392        0.09642873842714
B            4.69839555961620       -3.10883768229098        1.55575386052075
B            5.32511672519731       -0.24557345517442       -0.50296972394310
B            4.12624222761849        0.51116598198807        0.27873588487181
B            3.92922826842822        2.30756293572896        0.11752612556885
B            2.62312356353549        2.89640280469203       -0.74437424891896
B            5.36037036796179        1.47820357166186       -0.11579979256229
B            4.05915169962595        3.39322148815928       -1.04383399441675
H           -5.41174776344209       -3.24118130972777        1.09290322344210
H           -5.67063365039913       -1.95448524381491       -0.49037734730212
H           -4.91785252714146        0.16654764041140       -2.52681184789092
H           -5.94580986411941        1.11284473053206        1.75999043077649
H           -5.28437228200388        3.86867258429665        0.59972540381457
H           -3.47781091707425        3.59234050911311        3.19256348944422
H           -2.37053887526425       -4.92917562592355       -0.37258351192055
H           -0.98957131606104        5.34072108990097        0.30665399275176
H            0.84132520260573       -5.27841964711722       -0.67745367623500
H            0.32132551553913        2.33619071125214       -1.36680710806333
H            3.30266206299686       -5.09747364737931        1.77320370120566
H            5.63841316590155       -2.89976566446841        2.20817901742025
H            6.31637736352433       -0.65638083041139       -0.96800681494018
H            6.43537040356781        1.93100188509332       -0.00866257464178
H            4.81309069407251        4.05950867790123       -1.63348905477017
102
 energy: -135.706913263509 gnorm: 0.004879259480 xtb: 6.7.1pre (5071a88)
C            1.04430713991770       -5.25948538720336       12.55587021438732
O            1.08548716745821       -6.01715650308556       11.37471403642804
C            0.54112035399815       -5.48943123549989       10.24109562941544
C           -0.16687116155383       -4.30506975337973       10.16887765228056
C           -0.67562841865236       -3.81986653797169        8.95277165440126
C           -1.39818461454398       -2.57363744562935        8.93940941868491
C           -1.75127458962528       -1.85169033820924        7.85143692489559
C           -2.52786416980913       -0.63343407752666        7.97116031843150
O           -2.86552305978099       -0.13096426659843        9.03388296335727
C           -2.87249319915521        0.03434123961203        6.64133439594273
C           -1.63766896311469        0.85830246766634        6.29020444879495
O           -0.89401707526589        0.53014062943438        5.36974182788493
C           -1.43567671396462        1.98693316804111        7.16888369073333
C           -0.35810965917201        2.80134182493561        7.09045019654361
C           -0.08542030068459        3.93099836736589        7.94131305438462
C           -1.04493744623192        4.48512687086239        8.79166991885980
C           -0.73122607460355        5.56506668002388        9.59156751921012
C            0.53908303194986        6.11968280527000        9.58664882662140
O            0.87378206007380        7.17759673044084       10.37556433926968
C            1.52527494544692        5.57321994619603        8.74067290636965
O            2.75081239789401        6.17053561347511        8.80060139828260
C            3.81896408713424        5.58224921765202        8.10697437125704
C            1.19631701281442        4.50569648282773        7.92805479749502
C           -0.46690008145842       -4.58090535984530        7.80121801483414
C            0.22072274671923       -5.77622430861224        7.86725312573166
C            0.73254994387021       -6.24537086754050        9.06641766565876
O            1.41978525206011       -7.41812636319026        9.15338478946203
H            1.63310226760223       -5.81939716839899       13.28125735204200
H            1.48926762874614       -4.26841302387422       12.41691890085078
H            0.02167866626186       -5.14703065142276       12.93179935548867
H           -0.33209788478212       -3.72108249513219       11.06118213452003
H           -1.68272674589751       -2.16831144674511        9.90345989519289
H           -1.47579482062472       -2.15617200494392        6.85356011644253
H           -3.73491299613990        0.68512747776331        6.78063609276335
H           -3.06462244508425       -0.70301629170827        5.86392019440667
H           -2.18396049399959        2.13125287182484        7.93172208195882
H            0.38346493480996        2.57047672308279        6.33583802964633
H           -2.04267174872288        4.08047817452012        8.82284600980791
H           -1.48327923084442        5.99187167923505       10.24361662434441
H            0.10370936373509        7.43449469229838       10.89829381344395
H            4.70292942603944        6.14435695742205        8.40345271117542
H            3.69092785692736        5.65831842084844        7.02156771984800
H            3.94995462636833        4.53028028020087        8.38315957589239
H            1.94077489009256        4.08054048990993        7.27234687064103
H           -0.85757488684270       -4.24790322799492        6.85405734873667
H            0.36869732030369       -6.36563682845719        6.97081144783646
H            1.46165340775758       -7.82220783386640        8.27741169734098
B           -4.86241429626984       -2.62333277779115        0.29888033865439
B           -4.49655696139017       -1.27370878697278       -0.45489565141188
B           -4.21254598793070       -0.07560278409935       -1.57740206645967
B           -3.36180668689092       -2.64537528475706       -0.29093753230186
B           -2.84072960439306        0.24632192120244       -0.91032698427303
B           -4.30729230292119        0.36647264203254        0.16932901344334
B           -5.08712198457799        1.46178084237863        1.04263880024368
B           -4.63763422607034        3.03608599973513        1.12951251200337
B           -2.77870281919229        0.46484999717755        0.73879224546883
B           -3.34233462088017        3.38654988391153        2.05265584375889
B           -2.14801803769455       -3.78494539382877       -0.34087840507566
B           -1.80406824439939       -2.23932691706694       -0.47683204396899
B           -1.60812197949232       -0.62027446336339       -0.25240760250931
B           -0.54024943878258       -3.24148660903624       -0.40458506675170
B           -0.17480681950646       -0.20659178822053        0.38895532072321
B           -1.39604724136089        0.00615000315029        1.47583583196524
B           -1.76859608838923        1.61866744270736        1.37734290501738
B           -1.95168901292400        3.19162065393872        1.28624782504636
B           -0.20944108726970        1.02026600439688        1.69995749822746
B           -0.82312540322490        4.26653008410285        0.78428510327828
B            0.87496500812419       -4.15454177970816       -0.35338127164668
B            0.97852740922560       -2.56697360989473       -0.21408385024937
B            1.23519559058330       -1.01266929384680        0.07288581107300
B            2.29063097314282       -3.48824855181853        0.20133413639743
B            2.63478800174721       -0.23558943106062        0.28641416630336
B            1.28206377970049        0.45501138514535        0.88519017434193
B            1.11591902873477        2.01412015605857        1.52076288235165
B            0.44827913625617        3.35851649588035        0.94554720771930
B            2.42263727710367        1.62314067414536        0.52638648352384
B            1.03000886685828        2.79585605161168       -0.52237944512409
B            3.46843525623206       -4.09062521971921        1.22651792742321
B            3.70862308641302       -2.69630867707788        0.41287303102651
B            4.04717160259976       -1.14587964981999        0.11757655554410
B            4.70650299370602       -3.12047957906075        1.55912673202766
B            5.32176629191166       -0.24585917840517       -0.48142098189889
B            4.12524170268180        0.50341010222821        0.31088997025218
B            3.92467681265316        2.30028164247702        0.15008778063724
B            2.62008713882497        2.88505732505727       -0.71670473804675
B            5.35781531783729        1.47348011417925       -0.08233286766887
B            4.05689367598696        3.37931636768795       -1.01705052150515
H           -5.41230421243504       -3.24843216075622        1.12192940455441
H           -5.67022846632683       -1.96176379218815       -0.46134447514523
H           -4.90922920641858        0.15860762332008       -2.49744309719492
H           -5.96027838793938        1.12275909568538        1.77116831086696
H           -5.28025590082431        3.86636741930026        0.59207498073808
H           -3.49209014128879        3.61791333578995        3.19762229304152
H           -2.36862929580453       -4.93403353797728       -0.34894970989081
H           -0.99150149827248        5.32904280770224        0.30940540678415
H            0.84213482042880       -5.27774920384345       -0.68226625466201
H            0.32030060373909        2.31737996812656       -1.33888003436152
H            3.32353484631711       -5.11946345456055        1.76279846065520
H            5.65870036733882       -2.92241526876657        2.19919561770315
H            6.30996742739527       -0.65693157877310       -0.95250716586187
H            6.43202982179681        1.92696094824726        0.03235031540575
H            4.81133836791109        4.04265239105844       -1.60938819221018
102
 energy: -135.707395190488 gnorm: 0.004635090333 xtb: 6.7.1pre (5071a88)
C            1.00677327979629       -5.22672246605188       12.54864489068162
O            1.05924488341448       -5.99000935493558       11.37141005728318
C            0.52688651410285       -5.46488645509659       10.23089159044711
C           -0.18955971506043       -4.28601567870996       10.14923675112859
C           -0.68350229263934       -3.80279887853257        8.92685615376683
C           -1.41225286829429       -2.56069993657764        8.90092596639265
C           -1.74768271849754       -1.83971829199788        7.80709289408164
C           -2.53234560616529       -0.62569320185795        7.91100989015621
O           -2.88635302462156       -0.12395499720908        8.97001891185978
C           -2.86105723008915        0.03484697041831        6.57518220347771
C           -1.62109335747247        0.85485468218627        6.23804611190226
O           -0.86897644913395        0.52911494929608        5.32357683744154
C           -1.42153918579336        1.97825739796141        7.12427896503940
C           -0.34866911728377        2.79831901921880        7.04991778081312
C           -0.07763220572709        3.92116325736474        7.90926546255476
C           -1.03333475364007        4.45600712251009        8.77557408783381
C           -0.72194431914362        5.53034659719172        9.58280541412708
C            0.54378515179929        6.09618102105406        9.57234448115193
O            0.87536316415149        7.15060460144421       10.36782993478689
C            1.52603395569062        5.56944493477163        8.71132372374533
O            2.74718083594341        6.17755770335902        8.76606334377844
C            3.81329056519369        5.59914307693413        8.06014719714301
C            1.19824082881022        4.50781748469131        7.89082984504988
C           -0.45222633909401       -4.56075793607957        7.77829095014967
C            0.24219723499077       -5.75115338449523        7.85291674332041
C            0.74146921761942       -6.21692011720401        9.05875485168445
O            1.43680068451533       -7.38502673207029        9.15334599427366
H            1.60007717052375       -5.77648118167256       13.27825406025437
H            1.44062658777895       -4.23192682387623       12.40569977494401
H           -0.01792602567294       -5.12420515579833       12.92096215817816
H           -0.37396689645385       -3.70485385113789       11.03921024180163
H           -1.71641882973671       -2.15808674620475        9.86024692681398
H           -1.45098388563068       -2.14076501250208        6.81484133711349
H           -3.72574663711935        0.68632878092604        6.69986575694863
H           -3.04326449074337       -0.70677844319157        5.79917945703055
H           -2.16924479760053        2.11174445472524        7.89079357508018
H            0.39147296043639        2.57907917087972        6.29054617290260
H           -2.02694299583336        4.04178300787501        8.81150906584542
H           -1.47124388611395        5.94225202738852       10.24651552314588
H            0.10870372835762        7.39421286332962       10.90056023361459
H            4.69815079141704        6.16010793939955        8.35670512360697
H            3.67827060848808        5.68686676192526        6.97680033779125
H            3.94853920518832        4.54521919967276        8.32438824422937
H            1.93837371143124        4.09747155441692        7.22191515494097
H           -0.83302576152953       -4.22980898241510        6.82656651017332
H            0.40746844610386       -6.33768522369930        6.95857570458199
H            1.49618718653793       -7.78610303434393        8.27744344808841
B           -4.86300165510025       -2.62746193937047        0.33040089088321
B           -4.49401020560643       -1.27755405278610       -0.42103749492616
B           -4.20635043329937       -0.08142784664808       -1.54433258000762
B           -3.36018728785787       -2.64952451639769       -0.25635659462347
B           -2.83613560338980        0.24154753228054       -0.87363189639248
B           -4.30679435283717        0.36397227052883        0.20028627213489
B           -5.09371357520815        1.46454425064446        1.06010368535691
B           -4.63917502578973        3.03748195943947        1.13700658921026
B           -2.78074035300452        0.46117713110852        0.77583236065514
B           -3.34997470179398        3.39520421696624        2.06522247179489
B           -2.14821642879589       -3.78930913054733       -0.31080719082279
B           -1.80198851492474       -2.24375696146673       -0.43770809056390
B           -1.60714185903058       -0.62474825797762       -0.21052511567758
B           -0.53925825710774       -3.24591331394376       -0.37373716849737
B           -0.17630142236161       -0.21345967002049        0.43847758828633
B           -1.40055429425227        0.00479197988877        1.51882708882079
B           -1.77237017726429        1.61669634632147        1.41476219056161
B           -1.95590505850297        3.18816746262134        1.30918916642193
B           -0.21378335798509        1.02001570911494        1.74149690341977
B           -0.82755090718512        4.25857272574954        0.79631452637429
B            0.87705705977907       -4.15815146693661       -0.33967898655834
B            0.97907903274548       -2.57286470769926       -0.17772617507102
B            1.23305147895262       -1.02051954825388        0.12164402039679
B            2.29453301107162       -3.49873734757938        0.21652268398863
B            2.63321775785041       -0.24198122005547        0.32911597074467
B            1.28247327197043        0.44857490279878        0.93096925972657
B            1.11060141091325        2.01183241345959        1.55606126426908
B            0.44298727439675        3.35216834487311        0.96997693821401
B            2.41821638293469        1.61835277708104        0.56427464728591
B            1.02601020283406        2.78215076198601       -0.49410397118028
B            3.48245552780133       -4.10879210302940        1.22403400080946
B            3.71137124198987       -2.70405044448398        0.42546416259468
B            4.04547872675696       -1.15079724672122        0.14147262736026
B            4.71961607685229       -3.13712919707578        1.55877127878980
B            5.31796367355228       -0.24632832034583       -0.45787425116902
B            4.12432562587966        0.49519545419098        0.34554967521130
B            3.91913102611495        2.29266280761117        0.18470193030251
B            2.61604401410089        2.87216678154924       -0.68735528243710
B            5.35447769303563        1.46877361838000       -0.04774210127386
B            4.05358180504497        3.36402919281897       -0.98900152276815
H           -5.41212753388356       -3.25483171800729        1.15235687030404
H           -5.66860834266780       -1.96785296350072       -0.43045173074021
H           -4.89974788411593        0.15153744934268       -2.46703765422638
H           -5.97128493588489        1.13093170841433        1.78516661355630
H           -5.27445306449663        3.86348269234794        0.58548333447279
H           -3.50623020206516        3.64649864856599        3.20467419973804
H           -2.36647962806815       -4.93849442028304       -0.32380310249236
H           -0.99477649873108        5.31840874543989        0.31653851296730
H            0.84215028967974       -5.27636945833964       -0.68394667198740
H            0.31801587698375        2.29780020607696       -1.30853551986173
H            3.34607515571062       -5.14259673979273        1.75228675768031
H            5.67935058817928       -2.94730019522649        2.19118970748316
H            6.30293120833227       -0.65756599420185       -0.93527936614869
H            6.42767674243500        1.92343364646377        0.07332772843680
H            4.80813108190800        4.02413135144274       -1.58478429201542
102
 energy: -135.707941255131 gnorm: 0.005878851509 xtb: 6.7.1pre (5071a88)
C            0.96475007768103       -5.19102414927083       12.54015626396261
O            1.03627450313920       -5.95815975703441       11.36584870933857
C            0.51460769380143       -5.43757727462519       10.21859777044716
C           -0.20940384591938       -4.26417872272824       10.12625356623029
C           -0.68827218845588       -3.78440361406368        8.89677781384601
C           -1.42368151164996       -2.54682700077931        8.85836195188775
C           -1.74487995595086       -1.82895405197679        7.75897928584474
C           -2.53899738491053       -0.61990853329665        7.84724530465135
O           -2.91065706545143       -0.12050983039004        8.90196816079439
C           -2.84868924027500        0.03544812830487        6.50618462740287
C           -1.60352356191713        0.85106945563882        6.18402986512370
O           -0.84361049222298        0.52949089451255        5.27436821235677
C           -1.40579665827509        1.96832293677902        7.07933600148980
C           -0.33889580352354        2.79555818993473        7.00762870827614
C           -0.06985523523487        3.91136408551848        7.87645254697914
C           -1.02141248418777        4.42672748897741        8.75855119616829
C           -0.71251760581358        5.49533744218470        9.57413999994350
C            0.54842869637540        6.07188938166357        9.55760230675260
O            0.87831709674194        7.12276087839613       10.35895260575403
C            1.52693252075420        5.56406110822200        8.68234751374672
O            2.74435019005641        6.18014253800115        8.73556252287431
C            3.80590521680991        5.61492018878416        8.01058427695862
C            1.20034384274705        4.50945107924366        7.85260453992438
C           -0.43510533482006       -4.54072763908529        7.75219906360608
C            0.26549906246433       -5.72669458818371        7.83670191076664
C            0.75133615450684       -6.18738241341982        9.04999356308240
O            1.45325925110406       -7.35107424239191        9.15571903143889
H            1.55564094760261       -5.73205529162927       13.27785815133749
H            1.39026482757538       -4.19332612005703       12.39708982143887
H           -0.06467802684994       -5.09705556173537       12.90104047794398
H           -0.41284608789984       -3.68388275392762       11.01225094427287
H           -1.74577806676341       -2.14601076134532        9.81235321837639
H           -1.42862495052531       -2.12866454338398        6.77283768438848
H           -3.71422886658523        0.68896633653301        6.61524616203604
H           -3.02206461054340       -0.70962327051277        5.73129051842833
H           -2.15197539729268        2.09019774701782        7.84996581610547
H            0.39894890466590        2.58973422465959        6.24212693484753
H           -2.01057134767402        4.00228822125659        8.79925215847190
H           -1.45909708523480        5.89210129015093       10.24933885605779
H            0.11642266454263        7.35540841979204       10.90229790327433
H            4.69205798888749        6.17694814762470        8.30178934162531
H            3.65648186149156        5.71391244701001        6.93017568302937
H            3.94907780042207        4.55931808868744        8.26241953373272
H            1.93502914483129        4.11332463075357        7.17000310448954
H           -0.80548553581557       -4.21251975358454        6.79534431750424
H            0.44764032026697       -6.31146952304627        6.94513547816400
H            1.53056264168546       -7.75247060659211        8.28191221112021
B           -4.86308348269285       -2.63024743898619        0.36265518511125
B           -4.49109852157686       -1.28058808196428       -0.38699954365490
B           -4.19939353672537       -0.08618087782085       -1.51042387374420
B           -3.35811185981252       -2.65290804476504       -0.22112333181235
B           -2.83083965344785        0.23689557311187       -0.83563277670949
B           -4.30547706098271        0.36187432154159        0.23252825048505
B           -5.09882591412408        1.46634528638041        1.08096189697325
B           -4.64171091007303        3.03858789441885        1.14779305046389
B           -2.78249625037473        0.45775718139023        0.81459395537779
B           -3.35769231199093        3.40532649938314        2.07898782294065
B           -2.14859736358293       -3.79311186029442       -0.27915208096933
B           -1.79941072167321       -2.24774512692874       -0.39766290147817
B           -1.60541921586777       -0.62873144139852       -0.16748518628895
B           -0.53798557520012       -3.24980393467107       -0.34053404180578
B           -0.17748482439308       -0.22043149421210        0.49042234151520
B           -1.40520340889515        0.00331058914217        1.56362127723901
B           -1.77625150131487        1.61477365944347        1.45450187256363
B           -1.96050152403169        3.18472214013316        1.33304850329524
B           -0.21829955303042        1.01962237700318        1.78524700774902
B           -0.83165681601518        4.25216364246229        0.81525340257498
B            0.87874924326818       -4.16127927230293       -0.32257736166325
B            0.98007158583490       -2.57880249751983       -0.13791626047620
B            1.23125067674599       -1.02848419182485        0.17338252511727
B            2.29846849194023       -3.50881992930701        0.23486191127374
B            2.63163967040548       -0.24841608189146        0.37547453066269
B            1.28300327362150        0.44214521178109        0.98037936055524
B            1.10485201494132        2.00970583621384        1.59367366941647
B            0.43668079327303        3.34517899970850        0.99647513867370
B            2.41349512197537        1.61305761599835        0.60428370799866
B            1.02041573418485        2.76793507355867       -0.46407125748300
B            3.49709126841189       -4.12797029313993        1.22207367137781
B            3.71477061854453       -2.71173581661210        0.44124787753050
B            4.04366910298029       -1.15557865542615        0.16842378828064
B            4.73760502844392       -3.15894681157659        1.55563602006359
B            5.31355138546311       -0.24681230259135       -0.43245810974299
B            4.12358738457759        0.48686176533694        0.38270788411181
B            3.91254856823434        2.28498531963829        0.22051766398014
B            2.61044154626189        2.85799144045036       -0.65666307862370
B            5.35032513125035        1.46436038997766       -0.01275984934690
B            4.04853274912130        3.34753993855958       -0.96078025008199
H           -5.41124631124935       -3.25998992148993        1.18347144944481
H           -5.66610860932674       -1.97211716434578       -0.39810451157590
H           -4.88922595389134        0.14620457427059       -2.43585803367938
H           -5.98415679601821        1.13815539213396        1.79868147907581
H           -5.26811154443280        3.85976386624080        0.57914451337983
H           -3.51962919394727        3.67298612718626        3.21314572470442
H           -2.36442245033295       -4.94253088000680       -0.29717661966852
H           -0.99903946016644        5.30590670454234        0.32213706738832
H            0.84179407555203       -5.27450671712567       -0.68160186714162
H            0.31401439629172        2.27712920128767       -1.27593582075462
H            3.37013073423200       -5.16731075135529        1.74144826257209
H            5.70066099253931       -2.97503933330820        2.18445864611852
H            6.29524288207064       -0.65808650640933       -0.91624250749798
H            6.42229255242425        1.92070288671150        0.11313041213440
H            4.80245723800543        4.00439957277969       -1.56088124228672
102
 energy: -135.708549324181 gnorm: 0.007019921232 xtb: 6.7.1pre (5071a88)
C            0.91804210341595       -5.15295841982938       12.53088512884426
O            1.01744449590675       -5.92128317449557       11.35832703766212
C            0.50532314529224       -5.40762078413561       10.20409876225677
C           -0.22522428776312       -4.23958886254242       10.09965092553536
C           -0.68953592479883       -3.76540620926795        8.86231803547553
C           -1.43309972665342       -2.53325432701469        8.81191946864273
C           -1.74353052483592       -1.82019816314070        7.70696061155516
C           -2.54715071577299       -0.61624331925573        7.78057041640621
O           -2.93953877324516       -0.12071647488809        8.82975010707585
C           -2.83593069935554        0.03624331757861        6.43490449348058
C           -1.58543287682052        0.84782032150097        6.12833128391557
O           -0.81922146685042        0.53143896981429        5.22179570466601
C           -1.38940793213858        1.95771844280297        7.03397068600712
C           -0.32920741707570        2.79336756317844        6.96395588429872
C           -0.06251163476756        3.90169779582909        7.84352811231824
C           -1.00965594196006        4.39819489644189        8.74065013178267
C           -0.70292070960555        5.46090170100442        9.56546135924501
C            0.55303247339314        6.04747379551459        9.54267483887439
O            0.88276113645668        7.09428912712421       10.34964112218407
C            1.52820596436006        5.55671093917238        8.65439391977025
O            2.74277144953038        6.17771902405535        8.70877972627593
C            3.79735646446621        5.62995568325069        7.95837481010522
C            1.20260177349082        4.51001991201552        7.81447871846636
C           -0.41523391036438       -4.52185564585349        7.72275797666199
C            0.29106952805901       -5.70381449779964        7.81884933739192
C            0.76253446897388       -6.15782333744428        9.04023717344162
O            1.46918924932569       -7.31732484545419        9.16062708186433
H            1.49858391871259       -5.68770765727219       13.28077278182628
H            1.33865111085291       -4.15289361596761       12.39290139673539
H           -0.11913964279490       -5.06601616245228       12.87144061822654
H           -0.44666401542294       -3.65797260140903       10.98015154274057
H           -1.77071677481579       -2.13285084210852        9.76003515723453
H           -1.40928882831076       -2.12031727423704        6.72694228011667
H           -3.70077669301543        0.69293411110698        6.52835489950200
H           -3.00143129441822       -0.71082552656126        5.66014179646858
H           -2.13314524346749        2.06777584348072        7.80865483200169
H            0.40561131520565        2.60190022523607        6.19156026029614
H           -1.99415577069212        3.96343592224357        8.78620572635131
H           -1.44670821109837        5.84312074591245       10.25165580899166
H            0.12640735695835        7.31789092525173       10.90400778967582
H            4.68417782866862        6.19666186205070        8.23866475520387
H            3.62607876896352        5.73872052617871        6.88191019947828
H            3.95341488717365        4.57319236852244        8.19772090710290
H            1.93147135677113        4.12703950794187        7.11876939808848
H           -0.77450683213668       -4.19740150556633        6.76015308633991
H            0.48920962311193       -6.28867794033544        6.93095485791518
H            1.56435086308490       -7.72208934037848        8.29057297358202
B           -4.86259090513018       -2.63171075428755        0.39496660568479
B           -4.48790788416020       -1.28283614800784       -0.35371266323050
B           -4.19155259490788       -0.08970025935696       -1.47642897455978
B           -3.35577618357877       -2.65547452904707       -0.18601588161519
B           -2.82499178658494        0.23271125451038       -0.79668654093644
B           -4.30380007350148        0.36007724338660        0.26543113014224
B           -5.10335057959868        1.46806986552683        1.10342021767128
B           -4.64227115971245        3.03951046457831        1.15778933125101
B           -2.78424320196770        0.45419942902650        0.85467358273666
B           -3.36564928420410        3.41444083020505        2.09585227553088
B           -2.14902946441527       -3.79624929237288       -0.24635645448882
B           -1.79637201800115       -2.25105453742989       -0.35724743138665
B           -1.60297638984315       -0.63218286155242       -0.12385505846763
B           -0.53633878761692       -3.25315622345527       -0.30500019085202
B           -0.17828930707385       -0.22737155188818        0.54405606162950
B           -1.40994241911244        0.00138081659857        1.60959046888523
B           -1.78019094679685        1.61236959038929        1.49599545487530
B           -1.96497123875714        3.18063132634226        1.36062501964707
B           -0.22295419477285        1.01884631791453        1.83089219229626
B           -0.83752224342792        4.24348314012312        0.82982757077366
B            0.88023041544237       -4.16392269729532       -0.30180769720408
B            0.98173625720348       -2.58468676990667       -0.09457260761016
B            1.22996910529848       -1.03627192864799        0.22787854743491
B            2.30274962363599       -3.51819009271512        0.25661315900852
B            2.63018578199578       -0.25455756127383        0.42520223353039
B            1.28346805077044        0.43604431468380        1.03294022248750
B            1.09863260786018        2.00796730258507        1.63318460158646
B            0.42978562273189        3.33837070650300        1.02472256546899
B            2.40877517573109        1.60743332100210        0.64621264379850
B            1.01366113472211        2.75355698453086       -0.43228899890130
B            3.51230537067233       -4.14821569539828        1.22101868394908
B            3.71917139991497       -2.71920326310121        0.46112002042475
B            4.04163159687262       -1.16006544118472        0.19866576653539
B            4.75951801895420       -3.18544153890492        1.55142380768911
B            5.30840165036941       -0.24727059787834       -0.40525299342650
B            4.12315807036475        0.47886934039225        0.42225175935261
B            3.90538048512247        2.27763821314210        0.25680422278891
B            2.60350055995992        2.84260089814014       -0.62521265539512
B            5.34557387451204        1.46041430204044        0.02185661885925
B            4.04169426943502        3.33021872645060       -0.93326731047939
H           -5.41014120109656       -3.26350238777896        1.21454003114590
H           -5.66305782229951       -1.97444449008129       -0.36547744515402
H           -4.87742070536347        0.14310729329072       -2.40467978711332
H           -5.99680345220713        1.14503439746860        1.81322993724311
H           -5.26326567151010        3.85585000622843        0.57792466643311
H           -3.53393680733397        3.69960330735496        3.22477520003237
H           -2.36257322374749       -4.94604115132370       -0.26921456893855
H           -1.00418821466136        5.29513934541992        0.33340661542768
H            0.84166265456161       -5.27244657299023       -0.67441913966586
H            0.30820185855585        2.25586463218787       -1.24069883842364
H            3.39532734123528       -5.19388341132551        1.73019618357460
H            5.72363368702079       -3.00656107478887        2.17882956255143
H            6.28676489227106       -0.65854375639580       -0.89550687582415
H            6.41621216695664        1.91887998703085        0.15055179777446
H            4.79396765499532        3.98374523163704       -1.53902556668447
102
 energy: -135.709189392698 gnorm: 0.007262867497 xtb: 6.7.1pre (5071a88)
C            0.86776520218535       -5.11407634420755       12.52136294330883
O            1.00281618839812       -5.88051333128021       11.34972611136039
C            0.49967977563067       -5.37584423203772       10.18794391721993
C           -0.23620872845397       -4.21289645306962       10.07002646127139
C           -0.68733919965256       -3.74664800363219        8.82440749930718
C           -1.43997949000276       -2.52053219242364        8.76242635965908
C           -1.74355028358179       -1.81369659641860        7.65177286914270
C           -2.55696781014194       -0.61538690362002        7.71254709456849
O           -2.97241576191740       -0.12449568885466        8.75465510806865
C           -2.82368007148695        0.03727751683065        6.36293884986863
C           -1.56767337372855        0.84573702992866        6.07206982786185
O           -0.79682377904656        0.53459819684362        5.16718384715883
C           -1.37380052353519        1.94725015470102        6.98851837370675
C           -0.32001135298336        2.79147230878349        6.92049094880775
C           -0.05589601844682        3.89202291719317        7.81145968708525
C           -0.99861063212015        4.37126553029549        8.72208878661056
C           -0.69319510927408        5.42803213191290        9.55624851005274
C            0.55777781620524        6.02370181491998        9.52775722130709
O            0.88857536271078        7.06569074443500       10.34053027556730
C            1.53018564391102        5.54745985826504        8.62792054860364
O            2.74271897620815        6.17130234587116        8.68412269141859
C            3.78859657699283        5.64486188393467        7.90472417846924
C            1.20510847730917        4.50881093210576        7.77814842858004
C           -0.39340411966204       -4.50523805146939        7.69100245395719
C            0.31822370961608       -5.68342998691243        7.80043707980635
C            0.77508113295234       -6.12953656621156        9.03005003713465
O            1.48483206445676       -7.28500106268282        9.16752103126491
H            1.42996475216322       -5.64605028234721       13.28680942344575
H            1.28735333813068       -4.11208752000020       12.39442305341387
H           -0.17958242414124       -5.03229984027652       12.83313772580497
H           -0.47344899401129       -3.62788792802829       10.94394952562016
H           -1.79182169028532       -2.11981900553068        9.70468401082567
H           -1.39434553129448       -2.11574417962511        6.67745746036451
H           -3.68664909951029        0.69774896432312        6.44207017822965
H           -2.98191105496370       -0.70992107993674        5.58676787288290
H           -2.11492905135263        2.04622432479194        7.76641218111050
H            0.41148388879763        2.61407507940223        6.14145231197087
H           -1.97859938042345        3.92703904211623        8.77237631513721
H           -1.43415049734710        5.79721077807994       10.25250192713424
H            0.13761657801062        7.28168412414260       10.90528752672713
H            4.67434010340733        6.22076527889829        8.16962759193346
H            3.59018442775052        5.76042679612425        6.83321889868232
H            3.96279288293123        4.58791216526691        8.13240531564159
H            1.92883742820500        4.13734717379350        7.07124930825179
H           -0.74117726743280       -4.18580452645930        6.72223803470604
H            0.53095299114377       -6.27054940690872        6.91716724781051
H            1.59665945403645       -7.69537805583183        8.30229960509343
B           -4.86156946894687       -2.63189113491156        0.42611962569595
B           -4.48419275934067       -1.28411610064418       -0.32237747989206
B           -4.18226067935015       -0.09179752987139       -1.44363542186638
B           -3.35333776566223       -2.65717606435536       -0.15201042560138
B           -2.81832469854997        0.22966237032861       -0.75764582411712
B           -4.30181863196192        0.35889832394789        0.29763251031387
B           -5.10964080958299        1.47015449569394        1.12446687222890
B           -4.64647188429033        3.04033812441447        1.17503573733830
B           -2.78589234685872        0.45124303060308        0.89501435940011
B           -3.37360216345372        3.42240617507491        2.11502642898070
B           -2.14916256751404       -3.79864472503178       -0.21322003293279
B           -1.79292648216082       -2.25351018568225       -0.31719326953833
B           -1.59991178436588       -0.63508468015919       -0.08022823167295
B           -0.53422603809285       -3.25610033168040       -0.26804044524810
B           -0.17866235938995       -0.23404153499847        0.59803298587351
B           -1.41458519134876       -0.00031596543704        1.65559745383794
B           -1.78381333515191        1.61028714746197        1.53794651556822
B           -1.97024755545697        3.17691802419744        1.38858219901524
B           -0.22740570304059        1.01801888398296        1.87723876706809
B           -0.84253018620303        4.23735689917811        0.85401081441044
B            0.88180964705895       -4.16620576387884       -0.27785612854948
B            0.98422346696811       -2.59047093013474       -0.04871770395725
B            1.22924161917257       -1.04366824340620        0.28391921403812
B            2.30768297323030       -3.52656640754879        0.28126642275590
B            2.62900590971411       -0.26027561368034        0.47694415386533
B            1.28375170096323        0.43030961628507        1.08727856357245
B            1.09280354745105        2.00648504328307        1.67372888930893
B            0.42203281946435        3.33094238861100        1.05466011084177
B            2.40419461511664        1.60147569546807        0.68857078332432
B            1.00509989105857        2.73900083314831       -0.39977693552736
B            3.52789215658986       -4.16927075848321        1.22104360888517
B            3.72487572430916       -2.72632743622729        0.48509660777027
B            4.03940758986136       -1.16410094716697        0.23158245735775
B            4.78299804374452       -3.21471536797775        1.54856311246494
B            5.30249028824282       -0.24754181531482       -0.37707830706871
B            4.12291646093053        0.47181075945575        0.46305259196241
B            3.89773582474535        2.27107610925160        0.29182162645056
B            2.59468566181823        2.82668865821956       -0.59395997334697
B            5.34024460120869        1.45726795449964        0.05477956144680
B            4.03237441690616        3.31285993064972       -0.90793343523876
H           -5.40958520752920       -3.26483204274843        1.24434648385962
H           -5.65960714505864       -1.97459943838514       -0.33454570668746
H           -4.86386494958454        0.14252148835957       -2.37469398289420
H           -6.00687355743322        1.14988006187718        1.82958560343138
H           -5.25655718610941        3.85262978424532        0.57602702166674
H           -3.54661123185002        3.72447478537345        3.23906281275127
H           -2.36097937569138       -4.94883769966111       -0.24039190831506
H           -1.00988020875949        5.28266464116531        0.34312301976277
H            0.84241476127265       -5.27060386488520       -0.66234035857650
H            0.30009954127336        2.23443203751788       -1.20421879623647
H            3.42061259775990       -5.22195878179322        1.71844502902879
H            5.74888861763953       -3.04203161679532        2.17380489806542
H            6.27750659136705       -0.65900830780095       -0.87367993273575
H            6.40962477922983        1.91819196003426        0.18438498765223
H            4.78189689905204        3.96307521123777       -1.52065918601031
102
 energy: -135.709829505704 gnorm: 0.006738665554 xtb: 6.7.1pre (5071a88)
C            0.81636164312504       -5.07620603795590       12.51197457521489
O            0.99062144718047       -5.83821847688833       11.34143097969314
C            0.49691943538074       -5.34353534312991       10.17139745891164
C           -0.24304725835517       -4.18520677640526       10.03896472660961
C           -0.68292427982459       -3.72883617232776        8.78507957394140
C           -1.44478731445693       -2.50899840858314        8.71145568975519
C           -1.74491252791433       -1.80929334878034        7.59502750027970
C           -2.56833995626045       -0.61730513412949        7.64486331479649
O           -3.00759780078567       -0.13115318580894        8.67871189680890
C           -2.81283610017030        0.03850629581227        6.29203178507534
C           -1.55130989810422        0.84503676931739        6.01653534498667
O           -0.77667954984011        0.53802757618733        5.11290114268247
C           -1.36046396622274        1.93785708571987        6.94309581059629
C           -0.31138350420981        2.78907446928494        6.87907597846298
C           -0.04988761763427        3.88202766636241        7.78075944509942
C           -0.98854414665326        4.34637914965154        8.70298433688009
C           -0.68336373477817        5.39731350188508        9.54585416250713
C            0.56294982906508        6.00121975849481        9.51271476852863
O            0.89526398301340        7.03755308059994       10.33193719658891
C            1.53304203178698        5.53713609165766        8.60249554028560
O            2.74386026214874        6.16367690662323        8.65874739819006
C            3.78069169923389        5.66054021763230        7.85162268143211
C            1.20807311407385        4.50559693147097        7.74450013951995
C           -0.37124980855742       -4.49138946239533        7.65879666652055
C            0.34556970358697       -5.66571348494575        7.78287909834956
C            0.78841966860466       -6.10329183264273        9.02036794142981
O            1.50050995953072       -7.25467601598012        9.17538644756533
H            1.35403349691839       -5.60943811544414       13.29422899296301
H            1.23864061089905       -4.07294680348475       12.40113143520126
H           -0.24157920782873       -4.99713770735665       12.78969708632454
H           -0.49319189054556       -3.59533853374240       10.90600346006105
H           -1.80931593366737       -2.10734927984529        9.64820513169414
H           -1.38383192056328       -2.11374620605461        6.62553215529458
H           -3.67363724835545        0.70252207064848        6.35906757409042
H           -2.96381003135712       -0.70713154807888        5.51287168769106
H           -2.10018129897369        2.02765180068563        7.72238742201760
H            0.41731668610499        2.62398637415772        6.09487272607722
H           -1.96460807574460        3.89429918257670        8.75771611006535
H           -1.42157091464750        5.75536679171701       10.25114819378919
H            0.14854035791664        7.24652048790694       10.90535535798386
H            4.66276107636659        6.24966267404099        8.09971179837748
H            3.55467798132975        5.77915259553962        6.78571215589736
H            3.97678315716648        4.60469420557672        8.06925037001412
H            1.92834200439155        4.14383425426814        7.02909739180994
H           -0.70777221994858       -4.17832289202599        6.68381114847222
H            0.57131877394990       -6.25692638672312        6.90496094753576
H            1.62672017512794       -7.67156763706375        8.31526262963897
B           -4.86037852964618       -2.63158593253012        0.45514872549101
B           -4.48027526386945       -1.28473687485293       -0.29345693506475
B           -4.17222085442313       -0.09234529516966       -1.41225443673390
B           -3.35103883427709       -2.65818579358794       -0.11972905997697
B           -2.81126403827645        0.22780680205435       -0.71942077873028
B           -4.29962869113961        0.35768831544318        0.32931827066345
B           -5.11319843833957        1.47161807571220        1.14784239456718
B           -4.64765857050299        3.04134419392170        1.18898295689027
B           -2.78724205850122        0.44850523899151        0.93437001196546
B           -3.38172345096012        3.43189523508725        2.13546700819743
B           -2.14867563035736       -3.80043928193693       -0.18053316333346
B           -1.78929069693507       -2.25528059346839       -0.27809090684618
B           -1.59646679048222       -0.63764194999891       -0.03766551609755
B           -0.53175536611562       -3.25889045916305       -0.23051011918384
B           -0.17870377859500       -0.24006265885943        0.65050758994070
B           -1.41881012975205       -0.00177187664591        1.70029059912494
B           -1.78734372841257        1.60838501719327        1.57980967116772
B           -1.97524349372307        3.17363687053970        1.41863761700294
B           -0.23152900646560        1.01742584105961        1.92278155286318
B           -0.84822062407222        4.22976088888894        0.87324522967542
B            0.88380943917941       -4.16823172144009       -0.25197916970225
B            0.98736523724378       -2.59603276113358       -0.00187154033271
B            1.22897058321631       -1.05043539707584        0.33990184739573
B            2.31337336469958       -3.53383855847863        0.30760407634732
B            2.62815502019994       -0.26528886179812        0.52883673124862
B            1.28363211912542        0.42529309574759        1.14117737657424
B            1.08771415966921        2.00552029228739        1.71373301075843
B            0.41486717578534        3.32430379912364        1.08505076922616
B            2.40020254853080        1.59554349191495        0.73012325800618
B            0.99595546607282        2.72487601579479       -0.36724745122058
B            3.54360968343600       -4.19070490489919        1.22189627470964
B            3.73182883455098       -2.73310939886712        0.51210513537621
B            4.03689071063955       -1.16759188835771        0.26594979995372
B            4.80529601019557       -3.24425519793603        1.54906338699668
B            5.29595726048597       -0.24766866373143       -0.34875108105078
B            4.12269525775065        0.46611069233297        0.50388715352364
B            3.89043200412473        2.26558335999086        0.32446167649959
B            2.58498883433986        2.81074710851343       -0.56403633688800
B            5.33482464558328        1.45480008903099        0.08559209160626
B            4.02142153473950        3.29624735313392       -0.88541217326825
H           -5.41039120039232       -3.26444115830880        1.27194481246941
H           -5.65622279536926       -1.97340588394025       -0.30681361604446
H           -4.84913005931910        0.14416937211714       -2.34627129233100
H           -6.01842636895503        1.15524197971603        1.84496002878378
H           -5.25339757599791        3.84975646438165        0.58167107598120
H           -3.56003790191386        3.74390008987327        3.25561718335240
H           -2.35968973902198       -4.95089674761246       -0.21126756214257
H           -1.01503287415165        5.27294079203363        0.35856289640415
H            0.84457460897446       -5.26920600724206       -0.64658412766780
H            0.29040960687426        2.21323616578684       -1.16667237698402
H            3.44480735249759       -5.25080388220652        1.70594113487827
H            5.77595211839181       -3.08048249511989        2.16890781333773
H            6.26749657415473       -0.65977346378168       -0.85163235562805
H            6.40320477470223        1.91821379856209        0.21453426221547
H            4.76731567306065        3.94310712098498       -1.50613379975115
102
 energy: -135.710463291761 gnorm: 0.005811025472 xtb: 6.7.1pre (5071a88)
C            0.76524884185535       -5.04036454796582       12.50257481722381
O            0.97822965861082       -5.79616625879636       11.33433675815984
C            0.49562671646165       -5.31137947047116       10.15533119242432
C           -0.24707911027106       -4.15710306979458       10.00747131127299
C           -0.67760384309943       -3.71208219439118        8.74568788345260
C           -1.44883944051541       -2.49888623575806        8.65973766843207
C           -1.74764026364752       -1.80677704947591        7.53738619828931
C           -2.57970210509271       -0.62082099852750        7.57757295673536
O           -3.04376939226407       -0.14006427308491        8.60259853404075
C           -2.80383902635136        0.03963789832075        6.22231372963012
C           -1.53705357754885        0.84545940898847        5.96207672392459
O           -0.75794119703641        0.54032931441314        5.06106051975135
C           -1.35068834256969        1.93033063944309        6.89684955073119
C           -0.30335975626191        2.78537733818643        6.84032475224614
C           -0.04410423949126        3.87111340013149        7.75121488186670
C           -0.97922931145592        4.32327659697224        8.68300460391503
C           -0.67314522926277        5.36847446633234        9.53348263503305
C            0.56903063052960        5.97983397202528        9.49713119736928
O            0.90252201678375        7.00978765150095       10.32362773715431
C            1.53682330151798        5.52616141775829        8.57743467752485
O            2.74554548021543        6.15708180380253        8.63045354645586
C            3.77412656911212        5.67800412715784        7.79993063079822
C            1.21166082120655        4.50016523278542        7.71342707861878
C           -0.34972654468574       -4.47996688765868        7.62734211368347
C            0.37226333689651       -5.64996534067620        7.76705309193810
C            0.80196765760640       -6.07881568910856        9.01191073134425
O            1.51641826702712       -7.22586731368164        9.18350308223389
H            1.27459381430427       -5.57892950942500       13.30052509237843
H            1.19332823166269       -4.03673877174393       12.41156809169273
H           -0.30170297952027       -4.96103290834203       12.74454047788238
H           -0.50703900721305       -3.56147246969656       10.86781389966912
H           -1.82338698267473       -2.09508660576176        9.59130812116133
H           -1.37676938882010       -2.11297288628198        6.57161198675487
H           -3.66315022560464        0.70606362364811        6.27978546445704
H           -2.94679947461948       -0.70326598186906        5.43887889498816
H           -2.09142808352427        2.01366018468997        7.67496865657479
H            0.42431607836608        2.62926965212043        6.05386937546954
H           -1.95228138463525        3.86551123648630        8.74149612993063
H           -1.40873050231266        5.71749729739475       10.24653615534928
H            0.15813557832017        7.21146325186636       10.90324767716339
H            4.64954142088581        6.28305226539836        8.03302885957297
H            3.52417241303463        5.79668721020846        6.73968017421975
H            3.99438735159846        4.62447280302101        8.00850825773503
H            1.93063212787720        4.14637409687409        6.99245679431967
H           -0.67586701241428       -4.17470041412915        6.64638597162012
H            0.60965174560023       -6.24656690968992        6.89511532832671
H            1.65435448808730       -7.64892592448559        8.32802272546059
B           -4.85920304522899       -2.63115236880010        0.48200042054170
B           -4.47587136874159       -1.28481174472415       -0.26666858387795
B           -4.16095839342292       -0.09213891993894       -1.38275227347269
B           -3.34886843112573       -2.65875419768818       -0.08871983268924
B           -2.80360093553009        0.22718251072575       -0.68225435977338
B           -4.29748534841610        0.35680844263091        0.35952207162091
B           -5.11788686067747        1.47351829873032        1.16885771586701
B           -4.65054864106761        3.04233986716352        1.20635476426721
B           -2.78836045593264        0.44647376993491        0.97218026107724
B           -3.38980622596310        3.43719023985451        2.15810650259764
B           -2.14715941623247       -3.80184436584257       -0.14814050625935
B           -1.78557388958215       -2.25659661546849       -0.23954256904372
B           -1.59274070444697       -0.64002450573774        0.00394270466804
B           -0.52897465629577       -3.26177109116708       -0.19268911850197
B           -0.17837292153715       -0.24554924382009        0.70099335517269
B           -1.42258987284281       -0.00258113079792        1.74314690607549
B           -1.79009500359298        1.60707337062020        1.62006250585182
B           -1.98054636337216        3.17100014642006        1.44964382103173
B           -0.23505958421788        1.01719781981246        1.96686563475572
B           -0.85315676586790        4.22378368620185        0.89736756900773
B            0.88640713915923       -4.17017435614076       -0.22485016582739
B            0.99104569618014       -2.60154136930495        0.04511978592835
B            1.22918195728056       -1.05685540817441        0.39534199365332
B            2.31976691910319       -3.54020583163971        0.33498966011057
B            2.62775584274143       -0.26980223556561        0.58017454781408
B            1.28313822609581        0.42067266626189        1.19383066462708
B            1.08383494279202        2.00487216180004        1.75251653679353
B            0.40789813446463        3.31786568374970        1.11579769163846
B            2.39685824933729        1.58952171285767        0.77012372348194
B            0.98596909888999        2.71094698198921       -0.33512485509683
B            3.55922245416577       -4.21207780909976        1.22359207053944
B            3.73958544534590       -2.73945547414757        0.54171463802426
B            4.03418724973668       -1.17055060001027        0.30141295996034
B            4.82539801235757       -3.27293239463124        1.55359244928225
B            5.28890905685145       -0.24766079554569       -0.32046611315163
B            4.12217088550384        0.46195217483448        0.54411263541606
B            3.88350625121156        2.26118146379991        0.35416758584607
B            2.57427234504799        2.79508230388826       -0.53565401945300
B            5.32934245789102        1.45291804398252        0.11440642959913
B            4.00868583819791        3.28079686777432       -0.86578223675087
H           -5.41322191965443       -3.26246365982243        1.29719052343393
H           -5.65275379604818       -1.97129843471378       -0.28282348185158
H           -4.83286864439475        0.14695657938214       -2.31978875033836
H           -6.02726448788300        1.15938236957598        1.86130910390033
H           -5.24940282655636        3.84849567250821        0.58834124447693
H           -3.57343290572407        3.76432059493871        3.27441961009614
H           -2.35868633763894       -4.95227403887766       -0.18156597124208
H           -1.01992621506364        5.26312236299678        0.37431667838470
H            0.84817063433622       -5.26831782120601       -0.62805208677374
H            0.27909115768432        2.19262917200116       -1.12893557672597
H            3.46731343593533       -5.27994971178199        1.69232058706644
H            5.80428914697102       -3.12119864509333        2.16390943142745
H            6.25671952093762       -0.66099179085673       -0.82960975175886
H            6.39701871080958        1.91871763939840        0.24178667831307
H            4.75032208111458        3.92429577815200       -1.49509294881723
102
 energy: -135.711075103455 gnorm: 0.005605514109 xtb: 6.7.1pre (5071a88)
C            0.71530984602096       -5.00674843351650       12.49261918851194
O            0.96355547789881       -5.75577238801696       11.32846333474427
C            0.49430080153306       -5.27984444018299       10.14008642204169
C           -0.25001097879375       -4.12902940279332        9.97622849675970
C           -0.67216109644526       -3.69574718805146        8.70712268528350
C           -1.45121284165580       -2.48877971915032        8.60734017769943
C           -1.75044512740215       -1.80519704712994        7.47900565467958
C           -2.59141430908187       -0.62579671632094        7.51009407163965
O           -3.07771672542366       -0.15012771865465        8.52645232525474
C           -2.79676799850278        0.04032673877888        6.15332838694829
C           -1.52447544366418        0.84550758309995        5.90944561350655
O           -0.73783384197431        0.53881576469396        5.01477950920574
C           -1.34478059866621        1.92479982895999        6.84927493275823
C           -0.29549835062105        2.77944114468298        6.80426645047266
C           -0.03789510403120        3.85879160665192        7.72208166456113
C           -0.97024356449262        4.30139548849641        8.66142736833921
C           -0.66251630378360        5.34088439399771        9.51833600663154
C            0.57627448381949        5.95879869959105        9.48066492416674
O            0.90984087259880        6.98205499909217       10.31509821755686
C            1.54139058096254        5.51474017323762        8.55233148862933
O            2.74701203497493        6.15275388796021        8.59921519981276
C            3.76888742516178        5.69792954580382        7.74995948189862
C            1.21605918034997        4.49262827871425        7.68416489086762
C           -0.32977232025186       -4.46999497286840        7.59751153573448
C            0.39720617330217       -5.63507521635910        7.75334530067676
C            0.81501559006336       -6.05521987307047        9.00496496240006
O            1.53232394090900       -7.19772849625011        9.19119687135979
H            1.19626586398064       -5.55314964349258       13.30327943483870
H            1.15036193703098       -4.00344351288240       12.42322701257387
H           -0.35797615119778       -4.92486885882684       12.70071449013107
H           -0.51715288500780       -3.52734145542456       10.83039669658315
H           -1.83551832731354       -2.08242360300485        9.53436480663849
H           -1.37313496250931       -2.11315073990861        6.51629569427589
H           -3.65563502033441        0.70793720223863        6.20338999671323
H           -2.93087222703480       -0.69911853673802        5.36493039058016
H           -2.09055577147720        2.00561507992226        7.62250732364138
H            0.43412161625863        2.62777103156183        6.01940350195050
H           -1.94135939872368        3.84013956716377        8.72249923801857
H           -1.39571391366885        5.68260358697126       10.23785509940385
H            0.16556793293793        7.17575681027019       10.89795235812442
H            4.63541795199039        6.31917346898054        7.97257404203232
H            3.50064985243313        5.81647295782583        6.69468672420099
H            4.01389335087407        4.64734616625349        7.94852043703625
H            1.93582903496143        4.14542704614169        6.96027949433734
H           -0.64669763028597       -4.17359954868715        6.61102078278320
H            0.64545967278549       -6.23746687311210        6.88784455454394
H            1.67923622562638       -7.62572302416906        8.33945491836718
B           -4.85839170505162       -2.63101307301254        0.50686002382223
B           -4.47114271377013       -1.28443870287176       -0.24113654418281
B           -4.14884028742835       -0.09152940040028       -1.35451344424405
B           -3.34680103434882       -2.65902338282974       -0.05817809272459
B           -2.79545108166778        0.22748213410865       -0.64610570376679
B           -4.29530211375514        0.35618207229864        0.38876953122480
B           -5.12149087575508        1.47522820752187        1.18977257886458
B           -4.65270692321450        3.04346833052802        1.22405453991386
B           -2.78916019848120        0.44548284126834        1.00830430663375
B           -3.39767537445307        3.44560685161057        2.18076014499770
B           -2.14450882528089       -3.80298821932966       -0.11553358303927
B           -1.78195652777871       -2.25767699342810       -0.20085506042484
B           -1.58891216699671       -0.64224409471842        0.04492962257235
B           -0.52610792636835       -3.26474258617582       -0.15439721241125
B           -0.17789088212448       -0.25020986958869        0.74955311732424
B           -1.42607756185857       -0.00219387729587        1.78420583911111
B           -1.79279637548310        1.60693061060930        1.65961477561978
B           -1.98592748647353        3.16989961754058        1.48053628327596
B           -0.23827628171031        1.01809769105358        2.00917322038818
B           -0.85727855965565        4.21826483790257        0.92076032033018
B            0.88950341302940       -4.17190825548995       -0.19656843036938
B            0.99485505156427       -2.60692752743337        0.09210366437286
B            1.22955857205263       -1.06294956984403        0.45026189954874
B            2.32640809484420       -3.54579300327905        0.36342459116269
B            2.62761385850375       -0.27392583262502        0.63095843201125
B            1.28216399280429        0.41645706714133        1.24511270285109
B            1.08129392877417        2.00472440451636        1.78982263807172
B            0.40213475927194        3.31234136909413        1.14649377400271
B            2.39427722419424        1.58348141377827        0.80867598947427
B            0.97572022492116        2.69711033874998       -0.30334369622550
B            3.57453511776544       -4.23290195948204        1.22623724970266
B            3.74744558027247       -2.74531783748237        0.57349738147105
B            4.03115284662678       -1.17306757726031        0.33772826645159
B            4.84331079149967       -3.30016640790865        1.56191048001633
B            5.28139633364706       -0.24775434804630       -0.29201162333807
B            4.12094811496858        0.45919146953771        0.58347063855925
B            3.87713291618732        2.25765975025875        0.38128304876036
B            2.56305409137093        2.77954707080549       -0.50872881617664
B            5.32388954248019        1.45117819957407        0.14198857454090
B            3.99472311941985        3.26657597778413       -0.84832407602651
H           -5.41835059571972       -3.25954998701656        1.32015658991267
H           -5.64913582204697       -1.96892896421919       -0.26236808307065
H           -4.81549204485914        0.15001270000153       -2.29466919596130
H           -6.03491628509638        1.16304440848318        1.87784963784612
H           -5.24715709839291        3.84756129077403        0.59920087585075
H           -3.58598700248943        3.77441565702817        3.29434943960778
H           -2.35787539370910       -4.95304131971884       -0.15076874934097
H           -1.02335223119339        5.25514484397426        0.39311035570786
H            0.85256083192805       -5.26749886955792       -0.60748365097606
H            0.26653170576318        2.17252396479177       -1.09078350312848
H            3.48802211139555       -5.30861022517630        1.67790087497141
H            5.83344606420090       -3.16335868202197        2.15863792914914
H            6.24513776002184       -0.66295259457817       -0.80741390121236
H            6.39111900790247        1.91913547605408        0.26736751033333
H            4.73175236536798        3.90665792162021       -1.48645064083777
102
 energy: -135.711646376810 gnorm: 0.005976457696 xtb: 6.7.1pre (5071a88)
C            0.66621395390065       -4.97368111646327       12.48175220349018
O            0.94509266666021       -5.71748462938500       11.32304123424161
C            0.49073987013177       -5.24887383636624       10.12556428183908
C           -0.25598223274018       -4.10173496745793        9.94607936410415
C           -0.66923850845409       -3.67929029001597        8.67024669126386
C           -1.45566888028362       -2.47855667986639        8.55528036452505
C           -1.75296440197384       -1.80329549701747        7.42069170495435
C           -2.60212055330001       -0.62969705870420        7.44121728098707
O           -3.11002360389176       -0.15971932421250        8.45029811586238
C           -2.78994685368052        0.04024978160813        6.08295705662508
C           -1.51177907278892        0.84346423376305        5.85756087848186
O           -0.71260066371467        0.53133767218633        4.97495550777989
C           -1.34101300781196        1.92091119477517        6.79892782577726
C           -0.28665909137654        2.77112567183109        6.76849845670825
C           -0.03027690554800        3.84513836339851        7.69128277215641
C           -0.96053354504545        4.27866942690087        8.63788693123250
C           -0.65159816211097        5.31207745654615        9.50109923666374
C            0.58438232716093        5.93637026348422        9.46304349346263
O            0.91661864455989        6.95307634130303       10.30588846861669
C            1.54613976727939        5.50372929390876        8.52542414713517
O            2.74723896934744        6.15175357169464        8.56554396352894
C            3.76430096382120        5.72059108177764        7.70036086606870
C            1.22130094081621        4.48467732597598        7.65342673197300
C           -0.31132191249091       -4.45919436814197        7.56918039481213
C            0.42102092188559       -5.61861710934173        7.74054269576953
C            0.82761263650045       -6.03022919430797        8.99877842337398
O            1.54896939789391       -7.16801151167820        9.19778761857701
H            1.12429932230295       -5.52593619283104       13.30188243939551
H            1.10502354512117       -3.97021505995898       12.43153926913807
H           -0.41136896932869       -4.89037627308399       12.66117190814771
H           -0.53097766425349       -3.49499165264562       10.79486339386249
H           -1.84784465405778       -2.06827605755283        9.47760354454893
H           -1.36712180170553       -2.11167390524931        6.46085309063575
H           -3.64961662260866        0.70816352757887        6.12535526232721
H           -2.91407614606649       -0.69651819753606        5.29026543338218
H           -2.09624321511628        2.00345193702764        7.56335534210496
H            0.44854375355814        2.61925069464338        5.98915383986187
H           -1.93030868963380        3.81459695073392        8.70053773850164
H           -1.38269341723878        5.64615418219135       10.22700120003870
H            0.17137938674473        7.13746431555279       10.89105275128660
H            4.62216169181213        6.35492217066499        7.91801299723338
H            3.48258827653428        5.84261496688341        6.64898055233404
H            4.03134666729653        4.67266275770716        7.88602213347357
H            1.94250577839618        4.14467255502188        6.92654850173076
H           -0.61987900893676       -4.17177358514549        6.57752280563345
H            0.68103275497538       -6.22566914527282        6.88143489395107
H            1.70404166165128       -7.59946768638932        8.34880817677703
B           -4.85819031161346       -2.63172127129524        0.53136113495695
B           -4.46610592905666       -1.28423042537735       -0.21471241245994
B           -4.13624487184364       -0.09190403763049       -1.32617136103713
B           -3.34468969051275       -2.65970976677464       -0.02634469534172
B           -2.78688687093849        0.22740913028262       -0.61016585337879
B           -4.29296321449757        0.35543178180288        0.41796292629534
B           -5.12452083822700        1.47660930132101        1.21056788755601
B           -4.65472902332205        3.04429132304968        1.24166506401295
B           -2.78955097993631        0.44492305013825        1.04364746748032
B           -3.40543937928988        3.44717965809206        2.20517738907319
B           -2.14109629677049       -3.80455054527126       -0.08163394491183
B           -1.77859573037682       -2.25925382653631       -0.16059899956868
B           -1.58487490919766       -0.64469899670030        0.08627173313433
B           -0.52342247084841       -3.26807004943616       -0.11488723264031
B           -0.17716528815015       -0.25473906528499        0.79775490672871
B           -1.42931673384817       -0.00133364167528        1.82463350065754
B           -1.79457122004209        1.60715998684510        1.69795096567962
B           -1.99094824367366        3.16898693197398        1.51293826050137
B           -0.24108306088522        1.01943413741301        2.05090547508595
B           -0.86077321299323        4.21373935170916        0.94715207519379
B            0.89288113658075       -4.17369524741838       -0.16777706192285
B            0.99829461924522       -2.61248134820596        0.13933559369620
B            1.23006084763009       -1.06942989464163        0.50542782169306
B            2.33279902590721       -3.55154004082201        0.39241305546918
B            2.62767939876655       -0.27836706240547        0.68197660454896
B            1.28122745444024        0.41195501461295        1.29595261703531
B            1.07949893961774        2.00468585875217        1.82631866610292
B            0.39693782545500        3.30721697997980        1.17731116625959
B            2.39213379304949        1.57725487646956        0.84680915978372
B            0.96556601527387        2.68307886297638       -0.27127368983372
B            3.58973678759980       -4.25315507501313        1.22940050127747
B            3.75461198229857       -2.75117970092057        0.60586123387987
B            4.02818175135013       -1.17567203847370        0.37476090584909
B            4.86019873304322       -3.32601667972677        1.57188770151943
B            5.27383424522733       -0.24814635587799       -0.26282813077285
B            4.11891550708416        0.45683720237991        0.62252897945461
B            3.87103824136934        2.25414992476520        0.40782980605577
B            2.55188429845078        2.76376813410874       -0.48198064365546
B            5.31857569504459        1.44892939693959        0.17050590876523
B            3.98053438772578        3.25276184230512       -0.83087883254071
H           -5.42497150003966       -3.25717604501053        1.34242548584267
H           -5.64511101852278       -1.96722537534847       -0.24268305325309
H           -4.79751075696268        0.15125983743649       -2.26962890975021
H           -6.04289060348012        1.16685165540496        1.89368964708808
H           -5.24426360862491        3.84759649673962        0.61098345204268
H           -3.60078552124557        3.79339799174702        3.31497071525313
H           -2.35710142608553       -4.95395719916290       -0.11819179230895
H           -1.02660859984823        5.24679358668084        0.41155254458182
H            0.85662499054247       -5.26634584314323       -0.58712306655410
H            0.25375629155113        2.15228539030800       -1.05201669342019
H            3.50814909338214       -5.33649425904151        1.66321370346708
H            5.86229168486140       -3.20501498901391        2.15310693919775
H            6.23315691060470       -0.66563510701814       -0.78462632819387
H            6.38537513721548        1.91888014260061        0.29454315640550
H            4.71311520306234        3.88949064195301       -1.47734843454953
102
 energy: -135.712188428527 gnorm: 0.006543742227 xtb: 6.7.1pre (5071a88)
C            0.61677171929622       -4.94134390203869       12.46929147329910
O            0.92678104460391       -5.67963578971837       11.31616255488230
C            0.48762425356865       -5.21788908669082       10.11022536664926
C           -0.26058395386821       -4.07407177371729        9.91506347920164
C           -0.66530235947950       -3.66224122751059        8.63350024086948
C           -1.45754828243955       -2.46739952528279        8.50241973905371
C           -1.75519248500220       -1.80242590147433        7.36205865307269
C           -2.61144739150320       -0.63423339732906        7.37224923258407
O           -3.13284087279806       -0.16840359538409        8.37500097434782
C           -2.78362842965725        0.03940978433161        6.01404933328598
C           -1.49820521428817        0.83775568524301        5.81057355902827
O           -0.68097244230574        0.51494697908471        4.94703380611980
C           -1.33924739300933        1.91788663143299        6.74934350362697
C           -0.27725757310814        2.75986822784346        6.73535400780655
C           -0.02189665878396        3.83017178052509        7.66095262416528
C           -0.95104159313333        4.25724110709768        8.61139942677898
C           -0.64120902520627        5.28466307526298        9.48017694161203
C            0.59279570221222        5.91367598884854        9.44358493383991
O            0.92288375698950        6.92454619368688       10.29415771158096
C            1.55089099191531        5.49203008572041        8.49878402551881
O            2.74665054359595        6.15075590533333        8.53316582785954
C            3.75915730246063        5.74353984879787        7.65234280026185
C            1.22712949989287        4.47464115840374        7.62446310193457
C           -0.29450681020758       -4.44854996700932        7.54193673262716
C            0.44236608019807       -5.60211266723684        7.72853589633940
C            0.83953269895624       -6.00448459441999        8.99276546732028
O            1.56428220870148       -7.13803901193315        9.20359645909642
H            1.05260339464662       -5.49870725696848       13.29836773148853
H            1.05776617918516       -3.93770590225643       12.43830487730636
H           -0.46501439025349       -4.85736216338185       12.61996226407712
H           -0.54176747437483       -3.46207134559885       10.75794734355253
H           -1.85611125957402       -2.05192336013455        9.41986900757297
H           -1.36511361089694       -2.11285518418040        6.40550275903564
H           -3.64322268581826        0.70824162472831        6.04933111154146
H           -2.89856411194187       -0.69452576186323        5.21758214373900
H           -2.10793643748330        2.00715004533303        7.50053607440636
H            0.46700426887701        2.60221775111076        5.96570350069401
H           -1.92007452801019        3.79165764324001        8.67343027617301
H           -1.37053143810887        5.61251443096441       10.21014542992225
H            0.17592811601830        7.10035472845963       10.87937359132328
H            4.60885216847347        6.38978169240651        7.86624034264159
H            3.46397308225185        5.87052218713926        6.60487911430919
H            4.04688029547278        4.69893259938645        7.82376363244248
H            1.94999894905829        4.14038031813644        6.89682117138434
H           -0.59642043157919       -4.17042158199743        6.54596079576120
H            0.71307638594712       -6.21375863028607        6.87655153270815
H            1.72468555076306       -7.57277142081179        8.35748063051134
B           -4.85826490707758       -2.63212091494304        0.55397974566363
B           -4.46095786332186       -1.28330867606922       -0.18928296812320
B           -4.12345150955299       -0.09229628646475       -1.29935873444380
B           -3.34234115449067       -2.66010179205023        0.00518947221595
B           -2.77811864588947        0.22750953861245       -0.57608346907373
B           -4.29057357883769        0.35557515965520        0.44534989560192
B           -5.12713481403111        1.47797191509099        1.23040110918697
B           -4.65680267618950        3.04507886091570        1.26217388127752
B           -2.78983819775084        0.44599497937191        1.07680371691353
B           -3.41224381993607        3.45424795631081        2.22911535659495
B           -2.13712429712524       -3.80569289775794       -0.04691458530556
B           -1.77531594491056       -2.26051899268135       -0.12053451162025
B           -1.58067371411670       -0.64646973195168        0.12619340477664
B           -0.52067514857213       -3.27079714302799       -0.07440723158460
B           -0.17634133782411       -0.25836010636756        0.84419753652640
B           -1.43285399886713        0.00096393205856        1.86269016108516
B           -1.79674852666528        1.60896017907696        1.73523871526597
B           -1.99600081854412        3.16994305392229        1.54380567404916
B           -0.24407126923201        1.02215996866751        2.09056010952852
B           -0.86336995181709        4.20993908894020        0.97241925052008
B            0.89624153700983       -4.17483235637343       -0.13661771709640
B            1.00165190451900       -2.61776915597247        0.18727639808177
B            1.23058894275154       -1.07559737936312        0.56016963021952
B            2.33859749495141       -3.55662163380970        0.42369586732789
B            2.62774907935706       -0.28269585085114        0.73309162088811
B            1.28017157752449        0.40770418114021        1.34651559291355
B            1.07842140504334        2.00523849324729        1.86130765904977
B            0.39294011040321        3.30311571593380        1.20742682933374
B            2.39057917135560        1.57097841557225        0.88397569861984
B            0.95527692340754        2.66948658293077       -0.23979094145602
B            3.60382521027147       -4.27150824630746        1.23450943499679
B            3.76140910433767       -2.75665977096917        0.64033779117888
B            4.02510676260593       -1.17828002035130        0.41284526037397
B            4.87692676574446       -3.35079096135044        1.58320264195204
B            5.26619886304708       -0.24922204973928       -0.23283785488869
B            4.11608551513791        0.45496451058076        0.66037150821178
B            3.86506203864279        2.25087016179869        0.43273861841075
B            2.54044554999022        2.74750651700644       -0.45638112339681
B            5.31317086119367        1.44626517167207        0.19814253283291
B            3.96571239000443        3.23943742959497       -0.81453863797681
H           -5.43264418960940       -3.25424415146012        1.36238739126799
H           -5.64038366332553       -1.96507872574452       -0.22532955464502
H           -4.77943845864348        0.15203237514913       -2.24603050371243
H           -6.04684628313091        1.16853809805817        1.91107245470055
H           -5.24241741147687        3.84704340258137        0.62616014550960
H           -3.61198444359187        3.79517575363693        3.33655831666270
H           -2.35601067426965       -4.95438130526431       -0.08409231183466
H           -1.02825315718959        5.24064696287884        0.43306078115204
H            0.85957339305974       -5.26419259055749       -0.56408369758594
H            0.24005449388023        2.13332799115203       -1.01341493577342
H            3.52684068188487       -5.36147410368841        1.65079780598947
H            5.88960481947492       -3.24530077677585        2.14899464088628
H            6.22100714617349       -0.66926572877135       -0.76063557948202
H            6.37945391920999        1.91837655045660        0.32009565977442
H            4.69353245448750        3.87303297745134       -1.46925415499405
102
 energy: -135.712729720689 gnorm: 0.006406937706 xtb: 6.7.1pre (5071a88)
C            0.56847840313627       -4.90762235011217       12.45611264109639
O            0.90193234698752       -5.64469019476108       11.30971914299450
C            0.47751741006954       -5.18834719217044       10.09654599804524
C           -0.27527765426821       -4.04933258554376        9.88759793445798
C           -0.66710075887350       -3.64509468948525        8.59966482223891
C           -1.46502423814464       -2.45592215426724        8.45286722249672
C           -1.75502747853593       -1.79887362237017        7.30593600384071
C           -2.61917065314099       -0.63517277875983        7.30269690712704
O           -3.15890214958455       -0.17452558112727        8.30097932550525
C           -2.77395030949357        0.03788377286788        5.94257422110991
C           -1.48102783270621        0.82828417863307        5.76262240541960
O           -0.64259909913873        0.49156909712020        4.92321564648524
C           -1.33547842983461        1.91617750666691        6.69442542722346
C           -0.26448019487204        2.74721207521083        6.69809951388875
C           -0.01139211209316        3.81579602660433        7.62516684231454
C           -0.93983935564322        4.23232179281107        8.58337608257036
C           -0.63140059568535        5.25312239141414        9.45955886279755
C            0.60027773908170        5.88869632342657        9.42245442336068
O            0.92778412291718        6.89351312936889       10.28177893527926
C            1.55444083450934        5.48370845164927        8.46617656926586
O            2.74348662107450        6.15538021885824        8.49689009075581
C            3.75341289965863        5.76853318803907        7.60406442572037
C            1.23354120092856        4.46877682077350        7.58731933980162
C           -0.27777079241173       -4.43410505357577        7.51528488261863
C            0.46494565560128       -5.58124965774850        7.71502916857981
C            0.85041548444970       -5.97546697046907        8.98633356826422
O            1.58121026004310       -7.10397302301626        9.20823840708460
H            0.99289197282443       -5.46335701812405       13.29119480511193
H            1.00402212600602       -3.90212545705392       12.43429683526067
H           -0.51534755772846       -4.82817260722869       12.58758931294063
H           -0.56930547585477       -3.43520793286197       10.72581803053143
H           -1.87505335751568       -2.03732376501541        9.36573966088007
H           -1.35336824923792       -2.11015903387917        6.35336574367407
H           -3.63363408195724        0.70842753915609        5.96701744025053
H           -2.87913429154817       -0.69587258327582        5.14456708240398
H           -2.12085709971009        2.01679161537286        7.42839328954145
H            0.49261488124163        2.57904615461341        5.94249311514983
H           -1.90735730814668        3.76233303591577        8.64590888024956
H           -1.35922486806555        5.57022835145177       10.19707935923997
H            0.18093362029754        7.05887194519625       10.87116960592327
H            4.59753947818266        6.42093524350488        7.81985150173704
H            3.44951267965718        5.90530999222136        6.56006258561582
H            4.05370938451418        4.72617318100193        7.75946694674289
H            1.95631609672768        4.14476162684568        6.85318901512553
H           -0.57141715524394       -4.16320868953193        6.51447971948093
H            0.75087491390387       -6.19412295629453        6.86858847090772
H            1.75128222016714       -7.54111606617072        8.36418482112540
B           -4.85906322333501       -2.63375711440472        0.57837787967890
B           -4.45580634711866       -1.28325406873432       -0.16074776563737
B           -4.11073123146245       -0.09535792345747       -1.27120477438573
B           -3.34003142819424       -2.66153421788965        0.03956759162933
B           -2.76925268641073        0.22546693440345       -0.54125235139470
B           -4.28780982734672        0.35492278201943        0.47380397564595
B           -5.12862982427184        1.47865791196509        1.25165797079277
B           -4.65829155595936        3.04573201330636        1.28015512648097
B           -2.78982648856540        0.44693567978708        1.11072993556704
B           -3.41917694396985        3.45784628636426        2.25261963870060
B           -2.13343113985175       -3.80808219769202       -0.01050571743969
B           -1.77253848754703       -2.26290804521495       -0.07749442265017
B           -1.57632118480121       -0.64887712896919        0.16796847862477
B           -0.51848009011868       -3.27428483609020       -0.03251526181995
B           -0.17551109367052       -0.26246530996068        0.89272936857611
B           -1.43652073328616        0.00306717140943        1.90220048302290
B           -1.79858349746241        1.61056427056566        1.77278746120933
B           -2.00042056139262        3.17058549188728        1.57470408419698
B           -0.24706036161976        1.02488200091607        2.13158721142103
B           -0.86563329444368        4.20639044794922        0.99784612201856
B            0.89954831294962       -4.17650442974216       -0.10677106453374
B            1.00392405136223       -2.62341099160574        0.23565337326280
B            1.23086878405133       -1.08264724349437        0.61619509776429
B            2.34376732733299       -3.56302098574971        0.45395934674040
B            2.62766075532652       -0.28797454636391        0.78543353406222
B            1.27951000045375        0.40317637914037        1.39755553688170
B            1.07702713272502        2.00573221983255        1.89674419480139
B            0.38941382378511        3.29919339265902        1.23724836947533
B            2.38909659695397        1.56450427776391        0.92229935556939
B            0.94616395303268        2.65491284597313       -0.20742786799682
B            3.61760502190213       -4.28906737056042        1.23975873873553
B            3.76699647976910       -2.76309373879951        0.67246521636331
B            4.02238129379957       -1.18170734803257        0.45112450552648
B            4.89325006696088       -3.37372355008259        1.59280917420652
B            5.25893484189648       -0.25081635300722       -0.20175427583564
B            4.11259960420272        0.45214799406201        0.69891897816461
B            3.85937132127717        2.24647138041374        0.45994435166164
B            2.53034176436295        2.73050598375836       -0.42928293071548
B            5.30833011426770        1.44228973694366        0.22928585702129
B            3.95251111256685        3.22543560461072       -0.79534599778833
H           -5.43998231281553       -3.25387073996893        1.38374402205466
H           -5.63526451176697       -1.96418050246694       -0.20425546628245
H           -4.76154565819009        0.14858926967411       -2.22140634475309
H           -6.05323558741013        1.17134024256013        1.92715096429898
H           -5.24000706243761        3.84626271565292        0.63863047691430
H           -3.62597708568620        3.80756576535714        3.35671298393946
H           -2.35527186447399       -4.95600997959847       -0.04838466153709
H           -1.02990866836934        5.23398996099547        0.45258783211006
H            0.86165307657646       -5.26159950199529       -0.54519779806335
H            0.22808316552316        2.11333129229239       -0.97441792275187
H            3.54617445925771       -5.38581653985265        1.63867406524406
H            5.91310517346876       -3.27975816121751        2.14619792977469
H            6.20912889950490       -0.67355399959882       -0.73562304068689
H            6.37390017431109        1.91642661012302        0.35105595330135
H            4.67631119153869        3.85599546637497       -1.45727755350958
102
 energy: -135.713264060985 gnorm: 0.006772235786 xtb: 6.7.1pre (5071a88)
C            0.51830418492238       -4.87465000924081       12.44015097741051
O            0.88096992278423       -5.60849259621506       11.29951484615179
C            0.47056812761292       -5.15821983073376       10.07989704336423
C           -0.28493961926071       -4.02353352260618        9.85706931259752
C           -0.66597710290155       -3.62774847069563        8.56450263305431
C           -1.46863949156000       -2.44437839125261        8.40247444683801
C           -1.75636520619201       -1.79844255046355        7.25012307888238
C           -2.62421129892001       -0.63756188108571        7.23524062708910
O           -3.16776594561725       -0.17729513102019        8.22917410216494
C           -2.76359799092637        0.03565913410469        5.87553262644720
C           -1.46074392909372        0.81288671850142        5.72353223123537
O           -0.59713439233972        0.45550069504816        4.91637873710282
C           -1.33147862089162        1.91373413741642        6.64324329660085
C           -0.24977521801504        2.73029294884631        6.66572777264959
C           -0.00079651730528        3.80060534533492        7.59129483241781
C           -0.93016396282300        4.21104115660630        8.55030231200536
C           -0.62382860835469        5.22629631205016        9.43245148085242
C            0.60631942971471        5.86520645065956        9.39801832249733
O            0.93145372462803        6.86534365775728       10.26383131335719
C            1.55720441580029        5.47369670329773        8.43621041139539
O            2.73943163830035        6.15628473682035        8.46621041239356
C            3.74509269129859        5.79115753776400        7.55845495640404
C            1.24011105041853        4.45987708569723        7.55446853117131
C           -0.26343772490430       -4.42079374138741        7.48900031561955
C            0.48387707995855       -5.56167314820447        7.70167164746093
C            0.86039385997698       -5.94623387085013        8.97866905839075
O            1.59466726492259       -7.07059378493297        9.21184535906969
H            0.92724981058739       -5.42870554326650       13.28402883609111
H            0.94798015525865       -3.86714494596144       12.42902401971221
H           -0.56942343178215       -4.80159637894979       12.54734851365735
H           -0.58938466014157       -3.40653396353580       10.68872607442068
H           -1.88229893690975       -2.01891198026305        9.30917476565225
H           -1.34956131149384       -2.11371694027573        6.30229381831765
H           -3.61926387126104        0.71102010245554        5.89004155566378
H           -2.86229272112391       -0.69706711246495        5.07650552672751
H           -2.13649858067969        2.03193866391364        7.35433739741232
H            0.52296980708424        2.54492769088555        5.92872591977114
H           -1.89618457384807        3.73762875103147        8.61030043064969
H           -1.35061453288994        5.53587797542094       10.17244060385434
H            0.18488227516894        7.02375560767396       10.85391310282161
H            4.58456507887314        6.45032537990193        7.77324010454724
H            3.42784725833338        5.93836991573880        6.51924869225673
H            4.05864381644488        4.75145870051951        7.69712671745981
H            1.96221198019371        4.14284851233477        6.81807035754030
H           -0.55081972104482       -4.15707876069765        6.48470128806711
H            0.78193564332515       -6.17670874813895        6.86233594389955
H            1.76938162989963       -7.51158473450252        8.37158224021904
B           -4.85954939494667       -2.63404150736786        0.59934747889365
B           -4.45057525358530       -1.28206807596926       -0.13540935429472
B           -4.09815576738582       -0.09786104181626       -1.24657418527670
B           -3.33712679028409       -2.66247429810152        0.07184507770465
B           -2.76028134097093        0.22310904662144       -0.51053898715023
B           -4.28470433398621        0.35532703175891        0.49847600436872
B           -5.12830059793578        1.47873827844543        1.27236985516185
B           -4.65919658536624        3.04580624833439        1.30086693118620
B           -2.78949596068457        0.44935982038457        1.14061072184009
B           -3.42439688838294        3.45567983512829        2.27897709000454
B           -2.12960169344741       -3.80968427065600        0.02630103543916
B           -1.76948469831482       -2.26465201003407       -0.03700681418770
B           -1.57116826929359       -0.65032079850283        0.20554771069214
B           -0.51580185700557       -3.27658841662855        0.00992710947285
B           -0.17402045764513       -0.26589422903917        0.93779925488651
B           -1.44043474803623        0.00569562960870        1.93687467664079
B           -1.79955701426085        1.61292624445083        1.80655044277908
B           -2.00392068286774        3.17185936752406        1.60608718367109
B           -0.24984456659960        1.02754761330739        2.17000586962149
B           -0.86725259513053        4.20423783582903        1.02553368055425
B            0.90260393123836       -4.17726915439801       -0.07276232800898
B            1.00655363995271       -2.62878290017945        0.28505920640226
B            1.23178637216665       -1.08916929466380        0.67073857248801
B            2.34774820027610       -3.56831010569544        0.48880898157716
B            2.62783896984010       -0.29294598675572        0.83760997266919
B            1.27921285055083        0.39889658718061        1.44846487034429
B            1.07586585961813        2.00652444801325        1.92987829509308
B            0.38654106159756        3.29600389248003        1.26598534661979
B            2.38816998456365        1.55796337373898        0.95880007229983
B            0.93644876719518        2.64226113268936       -0.17656178777436
B            3.62882349489021       -4.30308339873621        1.24955420695042
B            3.77186344851483       -2.76826115758860        0.70943755028230
B            4.02010392971689       -1.18510082045898        0.49214487991745
B            4.90930741933717       -3.39462384371769        1.60447475306893
B            5.25201792966695       -0.25353276329032       -0.16919453677874
B            4.10859122913098        0.44982165961034        0.73553615347921
B            3.85349763378072        2.24244518047898        0.48470877929814
B            2.51957694839223        2.71299894560565       -0.40401126560633
B            5.30333783125250        1.43809374363852        0.25794642947626
B            3.93839651151891        3.21178529376474       -0.77814800499678
H           -5.44753648459221       -3.25234440503829        1.40094729004093
H           -5.62908446392289       -1.96174217823064       -0.18654763659939
H           -4.74414295128518        0.14542247636312       -2.20006008490834
H           -6.05594253128438        1.17139591130038        1.94359487690869
H           -5.23881047410547        3.84617712881248        0.65907559411784
H           -3.63785993355477        3.81761429568626        3.38005425403071
H           -2.35358522776588       -4.95711780046249       -0.01097113093701
H           -1.03099883902927        5.22901170556210        0.47475024911344
H            0.86210225639333       -5.25777990054820       -0.52066995087562
H            0.21482139439519        2.09589377337919       -0.93643621111929
H            3.56399887812636       -5.40512217938069        1.63267099652387
H            5.93491452379127       -3.31187391192547        2.14665769026955
H            6.19783917760771       -0.67924631106293       -0.70800320948009
H            6.36796700248971        1.91483530470156        0.37734509000221
H            4.65738328015936        3.83984807290290       -1.44742033937382
102
 energy: -135.713782686940 gnorm: 0.006913384233 xtb: 6.7.1pre (5071a88)
C            0.46976581246007       -4.84003658321895       12.42522601418788
O            0.85527297673736       -5.57458331177253       11.29080659648078
C            0.45741520869495       -5.13004995215623       10.06516249220478
C           -0.30385878595601       -4.00123002974596        9.83026310525293
C           -0.66994096790783       -3.61118701814131        8.53162617396440
C           -1.47845013232332       -2.43344706856481        8.35662061716186
C           -1.75615683721477       -1.79496127475223        7.19818331797778
C           -2.62755162937615       -0.63579855565728        7.16949096121925
O           -3.18385245788234       -0.17560426458721        8.15871382280833
C           -2.74876300593011        0.03372162789478        5.80695555132272
C           -1.43746310049906        0.79783763566291        5.67969840446453
O           -0.55671377133902        0.42511374114421        4.89877722811887
C           -1.32029527136796        1.90901172834018        6.58949757920223
C           -0.23132501025227        2.71459313198682        6.62881443712513
C            0.01062030293916        3.78742949770670        7.55401772712595
C           -0.91929574370623        4.18592643306876        8.51872312186217
C           -0.61737530578645        5.19606344343111        9.40834104277309
C            0.60953268344520        5.84177410801489        9.37317619580639
O            0.93312812716338        6.83692429552498       10.24593978550601
C            1.55805957396881        5.46769247847292        8.40201286437209
O            2.73384713142707        6.16070355397101        8.43274639041405
C            3.73582075834058        5.81337101832665        7.51193601083849
C            1.24610326209627        4.45683017264994        7.51466649990579
C           -0.24792751363322       -4.40405578592557        7.46229841179161
C            0.50550463748566       -5.53888476315670        7.68638437911806
C            0.86915771613175       -5.91586666768424        8.97013608820401
O            1.60915518131780       -7.03479669018188        9.21542571293500
H            0.87200387629555       -5.38663361828798       13.27708547018065
H            0.88879093579362       -3.82865714842035       12.41508696747607
H           -0.62071057145712       -4.77822779518880       12.51635287125666
H           -0.62570473569764       -3.38432947741321       10.65596936610551
H           -1.90294558206313       -2.00499511902711        9.25721511216072
H           -1.33649897114507       -2.11318558953562        6.25610637187705
H           -3.59968235579889        0.71514950269353        5.80820125199864
H           -2.84126740554168       -0.70048607775292        5.00852939769443
H           -2.14072500146906        2.04190127707924        7.27997088023936
H            0.55464968077028        2.51533759118126        5.90870392781445
H           -1.88172155801309        3.70450142213330        8.57913494211472
H           -1.34317868134487        5.49346295638943       10.15464736432412
H            0.19000583792031        6.98636665418346       10.84337493912502
H            4.57330102807502        6.47536796294896        7.72753595548571
H            3.40761476057638        5.97267841607199        6.47764788202859
H            4.05695213433800        4.77415028795468        7.63485765523038
H            1.96518428649141        4.15128311690984        6.77017523275574
H           -0.52578389541666       -4.14471590154976        6.45362182421299
H            0.81982038100604       -6.15337431754329        6.85223798679827
H            1.79544952403139       -7.47920809202789        8.37879527970364
B           -4.86017816228635       -2.63472586190303        0.62319967123331
B           -4.44573298599643       -1.28173237698926       -0.10743854433557
B           -4.08619590908688       -0.10227364877636       -1.22057580813438
B           -3.33460515223957       -2.66423599374988        0.10568490722836
B           -2.75191155155454        0.21903913256142       -0.47830342110318
B           -4.28183521118034        0.35538116110963        0.52405519813128
B           -5.12962164002177        1.47980401764790        1.29242310816072
B           -4.66136062302385        3.04695003603341        1.32068481194065
B           -2.78985844683328        0.45135824835339        1.17280254648586
B           -3.43013231019827        3.46364457162080        2.30086504525973
B           -2.12744578773117       -3.81217498979188        0.06299017017326
B           -1.76675388954743       -2.26700772872706        0.00490404871054
B           -1.56666743211463       -0.65239557436010        0.24566567439824
B           -0.51366910830579       -3.27942475666545        0.05148103650796
B           -0.17339686416219       -0.27008954809477        0.98648229300232
B           -1.44532113601789        0.00782269681805        1.97492153064867
B           -1.80214056240189        1.61496041798357        1.84308010388083
B           -2.00780922762315        3.17310180317403        1.63372543428100
B           -0.25362809771315        1.02963502572757        2.21174077405516
B           -0.86933687396958        4.20108482016192        1.04806231397058
B            0.90514152258232       -4.17872691527229       -0.04257436480433
B            1.00806843444290       -2.63419401234749        0.33419355141338
B            1.23166162387661       -1.09593022651294        0.72659261032527
B            2.35101319385408       -3.57518743256656        0.52104181826822
B            2.62714619437071       -0.29833593570998        0.89061755499457
B            1.27891393097233        0.39491205842562        1.50054543126187
B            1.07282629630296        2.00702180335209        1.96504404392476
B            0.38320033226744        3.29232913700236        1.29370073632075
B            2.38620639870590        1.55179843714778        0.99739117197904
B            0.92810226275701        2.62855838056835       -0.14554819950596
B            3.64058497556781       -4.31811902108558        1.25786556724658
B            3.77541132511917       -2.77404399617278        0.74253228912960
B            4.01793214086342       -1.18901281537714        0.53248622474963
B            4.92572375774625       -3.41474609583719        1.61200018311562
B            5.24564566781118       -0.25621209685779       -0.13617154650508
B            4.10486387332876        0.44595511726962        0.77375776275552
B            3.84749814566238        2.23719620391382        0.51349257172925
B            2.51048312213384        2.69542747931276       -0.37653479570603
B            5.29873046197874        1.43328617301424        0.28989050319963
B            3.92690145890479        3.19681894185630       -0.75716094560049
H           -5.45296187997849       -3.25311435111416        1.42113970189608
H           -5.62332887723429       -1.96029756005157       -0.16398063018774
H           -4.72759192345393        0.13928941732332       -2.17762072990306
H           -6.05788693554823        1.17203510442376        1.96148866195352
H           -5.23702357166143        3.84492051674904        0.67094089882795
H           -3.64694790155890        3.81840019468031        3.40021813371679
H           -2.35211068712347       -4.95948963139190        0.02543955187659
H           -1.03182734168023        5.22416048731156        0.49419755187115
H            0.86256961675798       -5.25403691678222       -0.50303459209149
H            0.20438658823283        2.07734316997606       -0.89977902012579
H            3.58496986738962       -5.42597978134076        1.62681375487711
H            5.95498726734350       -3.33926104391988        2.14747338906707
H            6.18738455603902       -0.68462875892901       -0.68009181881549
H            6.36228197012559        1.91248033895192        0.40860692948266
H            4.64202257843978        3.82224222649355       -1.43311105607923
102
 energy: -135.714258790036 gnorm: 0.006172203114 xtb: 6.7.1pre (5071a88)
C            0.42379792326268       -4.80710123779407       12.40867511372215
O            0.82611116821615       -5.54335693139801       11.28190782462730
C            0.44100315069083       -5.10414616986831       10.05048000338093
C           -0.32483339524494       -3.98116145095422        9.80427588519087
C           -0.67523289515068       -3.59559523932000        8.49999076039433
C           -1.48819430434859       -2.42278032954572        8.31344979356231
C           -1.75660297217040       -1.79178978189787        7.14911701572978
C           -2.62894839834323       -0.63323140014334        7.10720236822260
O           -3.19150782681625       -0.16654214177247        8.08955746545538
C           -2.73125390587867        0.03175524179280        5.74096475622789
C           -1.41069358389103        0.78110692256093        5.63754671240021
O           -0.51411801877249        0.39063926832847        4.88470973224235
C           -1.30482639003537        1.90201658510518        6.53667873777243
C           -0.20893520309838        2.69650309125160        6.59431136409626
C            0.02262765316933        3.77413374091888        7.51774157911809
C           -0.90892301054473        4.16109481842842        8.48553381770398
C           -0.61295376289372        5.16848620490725        9.38050710717956
C            0.60954615326743        5.82249064265013        9.34432529098539
O            0.93147366892685        6.81303696624310       10.22329764353993
C            1.55718338524454        5.46457411609340        8.36589195097691
O            2.72679030386593        6.16766095818217        8.39593513711308
C            3.72506467601069        5.83416311667190        7.46764933202045
C            1.25194391798347        4.45486042384185        7.47521677921605
C           -0.23464904877659       -4.38680451532713        7.43674994997082
C            0.52439698511226       -5.51577603496666        7.67179775392057
C            0.87409916375321       -5.88691502814422        8.96126828683957
O            1.62014665598960       -6.99935295280085        9.21805293272042
H            0.82376078723541       -5.34447846056163       13.26616031259143
H            0.83070762181726       -3.79131345454906       12.39424108649519
H           -0.66637011413724       -4.75795908343355       12.49035225686279
H           -0.66436975953862       -3.36590801970577       10.62353169113901
H           -1.92664286648888       -1.99315656104290        9.20764830968934
H           -1.32706200821156       -2.11505108180684        6.21360612572439
H           -3.57504727202257        0.72120531133002        5.72803913202015
H           -2.81878165894307       -0.70481140300911        4.94399970650396
H           -2.14009385256327        2.05115642197758        7.20394863968573
H            0.58932938205261        2.48326623891683        5.89220906686260
H           -1.86636829960724        3.66969087515049        8.54701149655126
H           -1.33823328332175        5.45390655124356       10.13206127105165
H            0.19248920696194        6.95299564341158       10.82882385129277
H            4.56103625315123        6.49723090194170        7.68557133401728
H            3.38958124070317        6.00181243799287        6.43886522053581
H            4.04929241101677        4.79568961693190        7.57890949876338
H            1.96801881508573        4.16088866433917        6.72345742344932
H           -0.50168392394022       -4.13014723775890        6.42419645791451
H            0.85489246214194       -6.12882891108573        6.84259584201901
H            1.81903749864884       -7.44592661968851        8.38521106165788
B           -4.86021112194806       -2.63494895247972        0.64609099453821
B           -4.44080531884884       -1.28149489531515       -0.08121086335807
B           -4.07479165417696       -0.10695538028076       -1.19684889463360
B           -3.33179111564167       -2.66624041494026        0.13821976768610
B           -2.74414182777399        0.21427541218237       -0.44866878024200
B           -4.27915882324086        0.35543571940608        0.54708553828847
B           -5.12950852348094        1.48076703004885        1.31221818029776
B           -4.66268147180305        3.04823109534737        1.33906903888512
B           -2.79046067648092        0.45338929627291        1.20249096875280
B           -3.43513967615890        3.46686939916908        2.32332409031871
B           -2.12569439900212       -3.81459248733432        0.09929524771780
B           -1.76346732579643       -2.26935519988012        0.04477395376473
B           -1.56214715479447       -0.65466121828335        0.28304016531265
B           -0.51086260604380       -3.28230278360942        0.09196174751308
B           -0.17273210917221       -0.27484977278458        1.03306351682640
B           -1.45063761649937        0.00931913268382        2.00990038962529
B           -1.80443731928799        1.61654167997884        1.87683675026950
B           -2.01068821492221        3.17374487166089        1.66130070591942
B           -0.25753604500270        1.03024063735019        2.25277222311708
B           -0.87110355021824        4.19812249272250        1.07109457865930
B            0.90788291249347       -4.18041144982630       -0.01195048870479
B            1.01018562069607       -2.63995583312098        0.38230520123595
B            1.23152126290173       -1.10266265626254        0.78060963920983
B            2.35447745227972       -3.58227090552677        0.55365560512261
B            2.62638176172250       -0.30395801877498        0.94228949621685
B            1.27862394900058        0.39096418302280        1.55142663311973
B            1.06895998643424        2.00661452759832        1.99919719608993
B            0.37988159237911        3.28819235464742        1.32036079531025
B            2.38384173330560        1.54542869444329        1.03487083810726
B            0.92013234701949        2.61586898364058       -0.11587777239103
B            3.65104053689399       -4.33108230556613        1.26885916049385
B            3.77985813464397       -2.78045917685259        0.77537432416561
B            4.01627127558463       -1.19355988115509        0.57334448827895
B            4.93996903689871       -3.43101876561954        1.62086655763532
B            5.24016710108363       -0.25947743465155       -0.10198020114407
B            4.10129064282046        0.44150317761401        0.81161245091043
B            3.84151633684918        2.23145959930441        0.54258306158703
B            2.50194167403469        2.67822576467298       -0.34901612044301
B            5.29435386606904        1.42826678944335        0.32196240163695
B            3.91634715533133        3.18161310846984       -0.73531331549921
H           -5.45773855729758       -3.25357160636012        1.44028113543660
H           -5.61761676754622       -1.95868223305662       -0.14254852284570
H           -4.71189396398230        0.13212329437914       -2.15740855428421
H           -6.05962792012704        1.17272368067788        1.97859513026210
H           -5.23690048760343        3.84498887619972        0.68716585357611
H           -3.65606693051695        3.82537312502957        3.42121770389797
H           -2.34985228646210       -4.96215069199877        0.06216392375411
H           -1.03244403875071        5.21948495931588        0.51335332047052
H            0.86332620079278       -5.25035861255682       -0.48446729476816
H            0.19476120324240        2.06048290615342       -0.86518912842303
H            3.60427933879067       -5.44240831966131        1.62718360913175
H            5.97173105478734       -3.36056585856158        2.15199424590044
H            6.17834149252800       -0.69084357540527       -0.64968582011497
H            6.35668758828224        1.91028015222254        0.43977062753927
H            4.62770651585354        3.80453377265416       -1.41748537901433
102
 energy: -135.714350517013 gnorm: 0.002992631023 xtb: 6.7.1pre (5071a88)
C            0.42061436690612       -4.80570911240957       12.40676682803236
O            0.82389211728085       -5.54238183641149       11.28075974350129
C            0.43876439542683       -5.10414884253891       10.04888361715816
C           -0.32856749006694       -3.98266937870399        9.80191823959039
C           -0.67863577484026       -3.59737454933288        8.49758020491045
C           -1.49196686981269       -2.42473163288794        8.31113744422871
C           -1.75836594770828       -1.79196774241524        7.14700337530144
C           -2.62767199496535       -0.63189690462434        7.10406421742222
O           -3.19479856678386       -0.16360327728767        8.08245516695826
C           -2.72674180990614        0.03160772612160        5.73668494066381
C           -1.40565317228104        0.78147848546520        5.63298938926438
O           -0.50835828118085        0.38931917475785        4.88212146563529
C           -1.30074396444983        1.90065436899603        6.53282785172841
C           -0.20573704208881        2.69612264413156        6.59255457726971
C            0.02329047073649        3.77393814933650        7.51584833676564
C           -0.90777291082249        4.15898907903462        8.48387997542172
C           -0.61334457378662        5.16877984270527        9.37720495174296
C            0.60650908188408        5.82623321218771        9.34018822710432
O            0.92796442732161        6.81671301774336       10.21909608754327
C            1.55613091377537        5.46569410423924        8.36423409206215
O            2.72625124796789        6.16814559856229        8.39391652330740
C            3.72427172873591        5.83495527002609        7.46521149419810
C            1.25179089196676        4.45562858218973        7.47382773111649
C           -0.23398051026204       -4.38622974003080        7.43523233502554
C            0.52569193298940       -5.51462206959038        7.67147647071484
C            0.87200153607993       -5.88768174680673        8.96045369333113
O            1.61928926486402       -6.99801363269715        9.21910567147976
H            0.82309814644085       -5.34076496036072       13.26531532554850
H            0.82686472523932       -3.78895849175783       12.39066025542673
H           -0.67024287854869       -4.75859746972690       12.48944512624065
H           -0.67114323859983       -3.36907490133196       10.62032328735257
H           -1.93103442537225       -1.99596188833207        9.20415631688640
H           -1.32619701044349       -2.11406677202016        6.21256358718587
H           -3.56991125788867        0.72102185949334        5.72088074455828
H           -2.81278644823862       -0.70606713403384        4.94046505380450
H           -2.13705626094488        2.05042909603899        7.19710512193074
H            0.59298861699724        2.48457697235182        5.89218121486346
H           -1.86268549912202        3.66437139717661        8.54735809394970
H           -1.33865544284358        5.45395837272101       10.12837137661270
H            0.19004566937360        6.95416941700188       10.82551481721348
H            4.56007959894038        6.49818558288327        7.68311326173526
H            3.38924903318178        6.00222401092727        6.43577127160269
H            4.04912677502249        4.79540713428791        7.57772026343669
H            1.96834903715017        4.16201524886790        6.72287448417176
H           -0.49757191243477       -4.12853273741184        6.42262736892901
H            0.85773097001854       -6.12698022289608        6.84281109322136
H            1.82310768127281       -7.44269842154131        8.38731414555161
B           -4.85973861294208       -2.63427515293704        0.64825374530459
B           -4.44046970636360       -1.28154559201909       -0.08051689830708
B           -4.07448494823568       -0.10696481932347       -1.19641261450954
B           -3.33161120762601       -2.66624530465972        0.13992976833072
B           -2.74425101029048        0.21409692581470       -0.44776897907874
B           -4.27942197782179        0.35571745655477        0.54714972618778
B           -5.12962451850731        1.48127392448308        1.31260704719763
B           -4.66278977576162        3.04865519848932        1.34039969695163
B           -2.79100438164901        0.45325919696540        1.20326495653221
B           -3.43524479537374        3.46585585554000        2.32521286839280
B           -2.12610605463618       -3.81457841680244        0.10158393238699
B           -1.76285291912463       -2.26947875486981        0.04558787087082
B           -1.56215856934458       -0.65510173076386        0.28393283292940
B           -0.51045592322028       -3.28283954276088        0.09404159320625
B           -0.17290875525476       -0.27578819356374        1.03476346434990
B           -1.45137448729071        0.00876678983944        2.01049844194336
B           -1.80502511636003        1.61611202842627        1.87804112557058
B           -2.01083160779333        3.17323167417289        1.66302823553468
B           -0.25826260242837        1.02905019490365        2.25530912539933
B           -0.87136571532837        4.19783163846771        1.07329761395680
B            0.90797605035871       -4.18091062853758       -0.00992349699465
B            1.01052795893353       -2.64088542704415        0.38553988819361
B            1.23142277070788       -1.10328467437987        0.78328723554894
B            2.35494386343301       -3.58284748292461        0.55572325964334
B            2.62613753870290       -0.30429034807467        0.94469175756191
B            1.27820706661566        0.39068593393995        1.55386310768413
B            1.06768778429557        2.00569052239478        2.00157718144378
B            0.37904457001351        3.28730197085743        1.32240953554741
B            2.38280844427622        1.54493848218989        1.03702891346094
B            0.91953619043750        2.61574682689707       -0.11424420074816
B            3.65156416964238       -4.33166647388485        1.27108703507159
B            3.77975592312411       -2.78024860223499        0.77863049183359
B            4.01643619556721       -1.19371229174722        0.57691297511430
B            4.94069012287461       -3.43109682020348        1.62180993307714
B            5.24029554062649       -0.25948595643369       -0.09862180526190
B            4.10158305832494        0.44113217945067        0.81513946120110
B            3.84088180117949        2.23101978964814        0.54549218051048
B            2.50148461898494        2.67788190148290       -0.34656606226844
B            5.29398284390992        1.42853612680521        0.32478109542523
B            3.91617198539949        3.18032813545999       -0.73292527010882
H           -5.45764004982601       -3.25229604167075        1.44267816275599
H           -5.61776266676190       -1.95842743264597       -0.14147249999678
H           -4.71135071257131        0.13178238098835       -2.15715521708505
H           -6.05848470725895        1.17252445478656        1.98081860966436
H           -5.23827594764266        3.84643502010948        0.69057577681521
H           -3.65514011275175        3.82525818931811        3.42368960559964
H           -2.34957121674733       -4.96232414878572        0.06510282526553
H           -1.03252368469374        5.21904967672181        0.51515158153167
H            0.86438379349254       -5.25057444318832       -0.48283921322024
H            0.19442909360655        2.06012481610097       -0.86368260182221
H            3.60503078889183       -5.44295200476543        1.63035351802149
H            5.97326855437961       -3.36068101202396        2.15307678356707
H            6.17856339509348       -0.69105663247702       -0.64611677371717
H            6.35626359232982        1.91084783092100        0.44238586095535
H            4.62751972193117        3.80299492497961       -1.41525304924790
102
 energy: -135.714491170899 gnorm: 0.003927630013 xtb: 6.7.1pre (5071a88)
C            0.41063218510816       -4.80112518437485       12.40151786277899
O            0.81573538220190       -5.53956944479286       11.27783513494045
C            0.42987424800861       -5.10456420384398       10.04481744712597
C           -0.34205262621866       -3.98736708156564        9.79578072743656
C           -0.68762689497036       -3.60118175447184        8.49036936994672
C           -1.50161765091823       -2.42880833371785        8.30377221178700
C           -1.76195864088991       -1.79239830870091        7.13963523282476
C           -2.62773566742314       -0.63149951366759        7.09146716354068
O           -3.20406240618686       -0.15732873840902        8.06081077182674
C           -2.71290616123980        0.03056061450834        5.72147788228882
C           -1.38865920081760        0.77881170381237        5.62231824516820
O           -0.48998561276812        0.38432569021130        4.87456003882383
C           -1.28868734960032        1.89717760827829        6.52078118221404
C           -0.19576563523885        2.69527237002164        6.58582307927113
C            0.02665767608229        3.77280278813997        7.51024684096661
C           -0.90418583032449        4.15284540237894        8.47887590013964
C           -0.61417269081587        5.16847085826315        9.36819047966138
C            0.59963481737540        5.83465077445163        9.32914175818386
O            0.91725283300589        6.82827086206156       10.20519380336690
C            1.55336808872807        5.47059169476864        8.35742801996640
O            2.72456070234128        6.17164440607991        8.38694430825698
C            3.72203376053096        5.83877853471554        7.45774168911098
C            1.25242449279389        4.45893654712789        7.46829971767747
C           -0.23226254103240       -4.38452521024958        7.42989876374480
C            0.52941458001564       -5.51138448724202        7.66939522914811
C            0.86792508928693       -5.88800798710673        8.95801523555502
O            1.61713813135850       -6.99413548825111        9.22181522798208
H            0.81971368512433       -5.32918961636374       13.26252281730417
H            0.81226737245259       -3.78149590793034       12.38002367095661
H           -0.68106649899314       -4.76017376083501       12.48744065683771
H           -0.69213574143550       -3.37715040354834       10.61238859453964
H           -1.94625475711342       -2.00408220207458        9.19406890264444
H           -1.32341984667163       -2.11298724215635        6.20802978245905
H           -3.55351134569469        0.72178224575862        5.69751301044023
H           -2.79478592562494       -0.70895280958707        4.92627645376336
H           -2.12762227984382        2.04765517433226        7.17940071746034
H            0.60604758409225        2.48678615525760        5.89059635101730
H           -1.85335339235632        3.64986169386921        8.54742534723265
H           -1.34070125685265        5.45308027586560       10.11792477463098
H            0.18153175009460        6.95903955679257       10.81433392314332
H            4.55750094228002        6.50250368348655        7.67480427521860
H            3.38741398775418        6.00377301792607        6.42728176034519
H            4.04835457018566        4.79772507217904        7.57251842998517
H            1.97094219105057        4.16619556476423        6.71963566277706
H           -0.48664218860889       -4.12434938790555        6.41636629500821
H            0.86720863464991       -6.12120906997787        6.84165621007697
H            1.83510913153122       -7.43404015754093        8.39223214995664
B           -4.85826736856528       -2.63227756057008        0.65463701070324
B           -4.43943512828205       -1.28173495729322       -0.07848268867630
B           -4.07378487146187       -0.10700008870069       -1.19497899233470
B           -3.33092976216361       -2.66631509979841        0.14487470382022
B           -2.74438645506181        0.21332114130305       -0.44519454931444
B           -4.27995910629204        0.35650921887076        0.54762295007000
B           -5.12852952765371        1.48180334244121        1.31629331387967
B           -4.66455088894787        3.04989305208694        1.34734440117569
B           -2.79240535198608        0.45325407876030        1.20547342234461
B           -3.43545569561096        3.46531278843182        2.33067866314700
B           -2.12709364209361       -3.81463047663537        0.10935884117965
B           -1.76092004707400       -2.27006399333749        0.04856777407262
B           -1.56201794738437       -0.65628630702302        0.28685485368295
B           -0.50913584199124       -3.28445755279934        0.10068915447676
B           -0.17347281727850       -0.27817888163854        1.04047029023934
B           -1.45376713898968        0.00741765262818        2.01264430312809
B           -1.80720612257490        1.61512163981019        1.88239730505499
B           -2.01130446486863        3.17207584897347        1.66821829281667
B           -0.26073587785248        1.02606269393117        2.26334202428206
B           -0.87226831144724        4.19662815115422        1.07863878719057
B            0.90848876039026       -4.18220215906654       -0.00347376673456
B            1.01164068912788       -2.64309883161339        0.39490661224742
B            1.23091580496056       -1.10491019408109        0.79204403429611
B            2.35610292409727       -3.58435694052512        0.56356072691842
B            2.62524563884900       -0.30528097911270        0.95264348958811
B            1.27694073068870        0.38989916447302        1.56223434786864
B            1.06395033407519        2.00323713220187        2.00949434265474
B            0.37670275687144        3.28494843269669        1.32892284302506
B            2.37994995488922        1.54341898920776        1.04466810458463
B            0.91787713098175        2.61467685738807       -0.10834285033736
B            3.65328920273817       -4.33338801762084        1.27830545715072
B            3.78014223726016       -2.78043645784578        0.78761947035780
B            4.01631198311544       -1.19436100764908        0.58654779382935
B            4.94128626712107       -3.43048553577735        1.62930616894523
B            5.24085195714930       -0.25969806394744       -0.08810706735396
B            4.10229470966019        0.43965305759579        0.82594279627674
B            3.83895344215477        2.22943477491572        0.55501260366110
B            2.50018362309848        2.67614060246551       -0.33853020948429
B            5.29278848108814        1.42905856452503        0.33397588455995
B            3.91560876429098        3.17632171825688       -0.72499767946335
H           -5.45698910488789       -3.24773922327971        1.45048253749403
H           -5.61761545205819       -1.95800035781454       -0.13848455112361
H           -4.70993046181789        0.13056555976969       -2.15638157987348
H           -6.05683497497774        1.17130653275368        1.98508158006448
H           -5.24081647506044        3.84915777368423        0.69954646341948
H           -3.65256047270899        3.82269378761529        3.43141413633242
H           -2.34866835039139       -4.96284873179927        0.07435807620152
H           -1.03267708817031        5.21832469548822        0.52109427168545
H            0.86725900013972       -5.25132514289741       -0.47731542074115
H            0.19327090871629        2.05952731752262       -0.85867899976478
H            3.60774913938547       -5.44473062217888        1.63871831222365
H            5.97838168339795       -3.36237281370545        2.15478749060096
H            6.17959082837310       -0.69151988094518       -0.63470877675868
H            6.35469900771802        1.91240536767360        0.45158812227221
H            4.62701809260808        3.79797094037662       -1.40807273522047
102
 energy: -135.714594820553 gnorm: 0.006728254571 xtb: 6.7.1pre (5071a88)
C            0.39791433079208       -4.79584291207699       12.39617134706128
O            0.80427815737283       -5.53674314910876       11.27504832669584
C            0.41848027442398       -5.10480891886049       10.04078214934477
C           -0.35868958328962       -3.99226751404602        9.78931785515746
C           -0.69748969286236       -3.60466145120104        8.48214645674133
C           -1.51346092044705       -2.43374903293623        8.29420173302965
C           -1.76485445664009       -1.79363650159008        7.12968688347755
C           -2.62686726342374       -0.63133715618407        7.07429571782787
O           -3.21360275737588       -0.15307237990757        8.03522985317388
C           -2.69698900081591        0.02870915311332        5.70137674594847
C           -1.36988850364342        0.77502056587891        5.60937093740997
O           -0.46845879596090        0.37811955544666        4.86597231928097
C           -1.27481839707206        1.89272775222334        6.50740943916217
C           -0.18311400517288        2.69239570216470        6.57867334467294
C            0.03205649224619        3.77064343665161        7.50366668468713
C           -0.89972019551072        4.14625598564397        8.47246986877789
C           -0.61489815350860        5.16739983939985        9.35785782736748
C            0.59375616505069        5.84193102796800        9.31683628762864
O            0.90507985405710        6.84138525132830       10.18812058988529
C            1.55108618487135        5.47681861973437        8.34829821069638
O            2.72231051090210        6.17806318443312        8.37786515435552
C            3.71968947801997        5.84503848815174        7.44895639810449
C            1.25461618023705        4.46261523092119        7.46110661762034
C           -0.23021374664024       -4.38258199740525        7.42335376092305
C            0.53386560648855       -5.50760688763775        7.66618834615550
C            0.86494470374865       -5.88646971938267        8.95545974923271
O            1.61579161025180       -6.98925987129104        9.22430637755644
H            0.81365826410749       -5.31633873283720       13.25907734506561
H            0.79293741515065       -3.77328717320912       12.36837735519642
H           -0.69393081640799       -4.76164409389745       12.48582032790164
H           -0.71750175461281       -3.38552495451889       10.60446125382585
H           -1.96494629317350       -2.01279524929901        9.18229774950675
H           -1.31777021880931       -2.11258247481265        6.20163600961751
H           -3.53508393737814        0.72229975953780        5.66811720845825
H           -2.77365467902482       -0.71252866842868        4.90709664883307
H           -2.11732362288729        2.04425613312114        7.16064926104040
H            0.62255615487407        2.48680205741673        5.88779133786335
H           -1.84401721170354        3.63526661022377        8.54567737325822
H           -1.34317615496585        5.45050001410493       10.10652733228206
H            0.17070518010101        6.96586295364563       10.79983375461776
H            4.55451860228713        6.50987694273359        7.66444212652117
H            3.38489332668296        6.00677384536898        6.41794190536151
H            4.04773018423171        4.80386832211618        7.56582174229542
H            1.97516283014299        4.17128549873346        6.71415351415300
H           -0.47560772052350       -4.12046254625632        6.40829283415084
H            0.87948771305215       -6.11398269137289        6.83909254159957
H            1.84895239202926       -7.42423896881544        8.39637637341418
B           -4.85662187158549       -2.62977943891349        0.66221348920800
B           -4.43832204417514       -1.28187023821204       -0.07584963489783
B           -4.07296897523681       -0.10748873780719       -1.19327079379922
B           -3.32993801586356       -2.66618085742710        0.15102632467160
B           -2.74431793542421        0.21217019183426       -0.44225033600852
B           -4.28061848303754        0.35764097599162        0.54803056488990
B           -5.12868528539872        1.48241852664043        1.31834523867756
B           -4.66479692648973        3.05040283615200        1.35336753087514
B           -2.79397927578099        0.45384194672797        1.20802595431657
B           -3.43599753314178        3.46356412613669        2.33779822823225
B           -2.12799535812016       -3.81468030903920        0.11877912631151
B           -1.75875219428426       -2.27081018246955        0.05255395380114
B           -1.56171795055846       -0.65731162464007        0.29067510081098
B           -0.50782285520127       -3.28615371053701        0.10869701466331
B           -0.17415047394935       -0.28051581923812        1.04777823493360
B           -1.45675586560491        0.00620630075122        2.01561279867902
B           -1.80972084916538        1.61424319932417        1.88799303382681
B           -2.01165802406526        3.17122051385829        1.67519995796773
B           -0.26376679022100        1.02315381128046        2.27310071739000
B           -0.87307568878511        4.19629506437553        1.08654122962528
B            0.90898585226736       -4.18355485828197        0.00515209598668
B            1.01265127339534       -2.64516249274952        0.40602929249745
B            1.23026190928639       -1.10657786197096        0.80286131835808
B            2.35673792285752       -3.58592651807419        0.57484083467299
B            2.62429440045050       -0.30647479991136        0.96301166412008
B            1.27554204785526        0.38885059608060        1.57293554862167
B            1.05981610922773        2.00075308998097        2.01925551756972
B            0.37410920099975        3.28266864996034        1.33725740068196
B            2.37685187242228        1.54163795118129        1.05440394251750
B            0.91593328380279        2.61343515485003       -0.10044665366741
B            3.65473511820425       -4.33490105674482        1.28845911772539
B            3.78055641773657       -2.78121184208810        0.79816518290704
B            4.01615272948500       -1.19519881726541        0.59792783679152
B            4.94925268374941       -3.43509148259690        1.62552237101291
B            5.24128946016578       -0.25993098556865       -0.07576978375538
B            4.10281023367246        0.43783004604472        0.83876044460545
B            3.83657333756295        2.22749335719924        0.56661777366686
B            2.49861296326699        2.67373405708178       -0.32859683841429
B            5.29131073480947        1.42941883649053        0.34556250297041
B            3.91478734361814        3.17157995048278       -0.71534860646429
H           -5.45620159857467       -3.24213849848376        1.45977113378291
H           -5.61674878895252       -1.95783507727432       -0.13495273537809
H           -4.70827092537637        0.12865514482697       -2.15551675958566
H           -6.05389117436292        1.16959908206951        1.99075398751720
H           -5.24464670713970        3.85205485889017        0.71150947867920
H           -3.65132621589842        3.82012834831616        3.43958530610270
H           -2.34757557795755       -4.96337147346285        0.08550111664102
H           -1.03304863530659        5.21701790671871        0.52717443300039
H            0.87014600701660       -5.25221874774732       -0.46977123378784
H            0.19189653457236        2.05845047481754       -0.85145621756871
H            3.61141504257007       -5.44724076659143        1.64640924914094
H            5.97769316746919       -3.36092207722518        2.16789536965301
H            6.18081672907785       -0.69185260623189       -0.62089509149529
H            6.35267629483155        1.91390086091480        0.46386258069350
H            4.62641461971956        3.79199913666918       -1.39928729103888
102
 energy: -135.714773186805 gnorm: 0.008531435772 xtb: 6.7.1pre (5071a88)
C            0.37651841470885       -4.78775498458254       12.38859545060946
O            0.78410479089260       -5.53282948516929       11.27126882764733
C            0.39978752425873       -5.10476242054781       10.03505336634135
C           -0.38550569181000       -3.99927458189580        9.77966262208484
C           -0.71276516708645       -3.60929046867815        8.46951793336325
C           -1.53224678923573       -2.44124849310251        8.27823572645191
C           -1.76808788488382       -1.79599889318520        7.11277507251670
C           -2.62543858020167       -0.63186433261231        7.04489386420036
O           -3.22770809532262       -0.14933824220603        7.99438860770214
C           -2.67234928317775        0.02542704715423        5.66806914182267
C           -1.34134464733756        0.76839517808407        5.58929367071617
O           -0.43473484423096        0.36854102150193        4.85299272768890
C           -1.25334577923823        1.88546942619750        6.48731595606742
C           -0.16279419010635        2.68651483122719        6.56804337976894
C            0.04172153401814        3.76657292560208        7.49329190153283
C           -0.89218177150631        4.13617626395217        8.46216584979243
C           -0.61564076896595        5.16499035548505        9.34192019667977
C            0.58618618708374        5.85141928894795        9.29777356468626
O            0.88640081647547        6.86132289700168       10.16083711647137
C            1.54825274786031        5.48693114318749        8.33303413716976
O            2.71817573611539        6.19061169767530        8.36242878181320
C            3.71596610550144        5.85716494026831        7.43461420966142
C            1.25919199156766        4.46803507846646        7.44931142154560
C           -0.22720697551852       -4.37943311004497        7.41314410699289
C            0.54092911896547       -5.50128085970564        7.66079365870908
C            0.86140798152489       -5.88227025401164        8.95184651877747
O            1.61484388377296       -6.98078455717766        9.22765110113788
H            0.80206952867726       -5.29694138135927       13.25364084872495
H            0.76064280204742       -3.76108533031413       12.35086523220988
H           -0.71502416942428       -4.76370540676447       12.48416144934035
H           -0.75835017491259       -3.39796299295104       10.59290749570886
H           -1.99558555356093       -2.02596820751627        9.16322613484240
H           -1.30667107654954       -2.11260133975257        6.19065797032311
H           -3.50689547781394        0.72277875521167        5.62050930764105
H           -2.74060163441828       -0.71802473661661        4.87493223627704
H           -2.10161807136165        2.03863792031422        7.13309439960770
H            0.64917840555876        2.48429586874202        5.88323470927777
H           -1.83024785545053        3.61424924101171        8.54147631765148
H           -1.34670167517540        5.44493401895720       10.08950562713765
H            0.15321156384332        6.97728495932072       10.77592894129281
H            4.54936963635135        6.52451219780645        7.64716831413383
H            3.38041730078543        6.01340390620441        6.40312100851284
H            4.04702208595383        4.81708030590115        7.55465068555638
H            1.98246160688903        4.17937146689944        6.70405679774188
H           -0.45999935595657       -4.11499527147933        6.39550958144534
H            0.89972701926838       -6.10181876902207        6.83452318262325
H            1.87050000193392       -7.40832318199628        8.40168747539288
B           -4.85380487460177       -2.62577427873304        0.67395594998508
B           -4.43636660309931       -1.28204604015515       -0.07170326389884
B           -4.07143757500006       -0.10853924481019       -1.19062089001449
B           -3.32783984093795       -2.66582545803965        0.16095137822431
B           -2.74374612026167        0.21018321221160       -0.43782827971533
B           -4.28134676053471        0.35950236223566        0.54861971407270
B           -5.12854849118477        1.48278364562329        1.32209579742715
B           -4.66579670653509        3.05096071223553        1.36362977080767
B           -2.79615946538287        0.45507935285377        1.21191734151718
B           -3.43709047429165        3.46080091820670        2.34924287727971
B           -2.12874937371250       -3.81481500338888        0.13395816952295
B           -1.75503727172997       -2.27210036694966        0.05933768557626
B           -1.56091405428477       -0.65863809677888        0.29687560829013
B           -0.50547740525012       -3.28866868040146        0.12164819921517
B           -0.17506088434090       -0.28399276747913        1.05976849708895
B           -1.46148455300084        0.00437929745748        2.02058119095659
B           -1.81368566988749        1.61289201633300        1.89738770832588
B           -2.01237770698010        3.16996908896047        1.68629544416080
B           -0.26862202186589        1.01890673609502        2.28877661545319
B           -0.87452345169603        4.19554568088376        1.09839472197405
B            0.91008107405680       -4.18564609302827        0.01857610706441
B            1.01476562257967       -2.64829341918258        0.42339081698642
B            1.22941252387502       -1.10922185353872        0.82027641963820
B            2.35870113537796       -3.58857922102353        0.59056009762555
B            2.62288707738076       -0.30831194187740        0.98009733920956
B            1.27348736677247        0.38693915799567        1.59057432745015
B            1.05347005095005        1.99710076582212        2.03501565400493
B            0.37010030164441        3.27931902163518        1.35073972989172
B            2.37233686099473        1.53885478194350        1.07064288019078
B            0.91300738465495        2.61110810809501       -0.08716043887905
B            3.65858726563217       -4.33864780240561        1.29966396301111
B            3.78223845962842       -2.78297894178927        0.81379356704804
B            4.01571731814600       -1.19644055128172        0.61554860515987
B            4.94564356072566       -3.43277699327305        1.65076458152753
B            5.24204962341696       -0.26019868119000       -0.05594174503724
B            4.10336234095670        0.43492921253512        0.85918098769791
B            3.83282781098437        2.22441282947619        0.58539507818851
B            2.49621766346339        2.66941326796940       -0.31248848531258
B            5.28907087745345        1.42982352608565        0.36487049676411
B            3.91341773911420        3.16385808365206       -0.69994008402102
H           -5.45471105739147       -3.23317886183531        1.47420139187448
H           -5.61447514128420       -1.95780611040786       -0.12949246533388
H           -4.70539805566158        0.12531485447555       -2.15426253550575
H           -6.05032476410584        1.16648483045822        1.99784781461628
H           -5.24968517554406        3.85557252322111        0.72900616779380
H           -3.65035783366113        3.81611829717426        3.45189585114067
H           -2.34562946266925       -4.96413355181607        0.10328975433876
H           -1.03369329512760        5.21502801182786        0.53677691623844
H            0.87428206317031       -5.25358207225951       -0.45824499134802
H            0.18979984687785        2.05618266830337       -0.83896520586652
H            3.61701137603507       -5.45069619485816        1.65855736877422
H            5.98826688405559       -3.36882204132376        2.16676773914817
H            6.18296859166854       -0.69206884814942       -0.59854369337060
H            6.34946675704806        1.91601648002042        0.48509689314894
H            4.62547024225755        3.78219723783916       -1.38534676762635
102
 energy: -135.714998128863 gnorm: 0.006954271929 xtb: 6.7.1pre (5071a88)
C            0.35357901732728       -4.78073480484843       12.38265803330043
O            0.76169556971007       -5.53004815879846       11.26841389603034
C            0.38236294294540       -5.10357963505582       10.03014679525689
C           -0.40962571446609       -4.00389140167271        9.77035880138843
C           -0.72566307838033       -3.61218822545191        8.45759049348181
C           -1.54742109849744       -2.44674736261705        8.26035826786717
C           -1.76731845663633       -1.79891232785682        7.09331159128667
C           -2.62460679271859       -0.63534970095259        7.01217629903791
O           -3.23788796480762       -0.15203897788181        7.95432430168420
C           -2.65016678006723        0.02181246248106        5.63446584274744
C           -1.31627236735807        0.76062981421517        5.57204047756225
O           -0.40395419414156        0.36106538000813        4.84157281234077
C           -1.23421593649069        1.87842028618689        6.47006339931714
C           -0.14406733997274        2.67932830687957        6.55814772939626
C            0.05266332711167        3.76170119700416        7.48260757755050
C           -0.88428902122755        4.12753031020310        8.45070693388856
C           -0.61593194656189        5.16166507189949        9.32632533842064
C            0.58141569665207        5.85685065969578        9.27961000878631
O            0.87017669648030        6.87671446340483       10.13544238637121
C            1.54697033487794        5.49585102293458        8.31749106980610
O            2.71298111369231        6.20613915005464        8.34622611339181
C            3.71312417524064        5.87237138522495        7.42120528261505
C            1.26556040740516        4.47140418909460        7.43757410302570
C           -0.22485196433500       -4.37697465892107        7.40382271844825
C            0.54768936663328       -5.49497128111821        7.65546782147582
C            0.85988511279969       -5.87555790996896        8.94914051833457
O            1.61680911877344       -6.97095995538418        9.22958523206698
H            0.78653988169994       -5.28097328582710       13.24847513589060
H            0.72832763506722       -3.75151099400283       12.33627804735583
H           -0.73717496683772       -4.76462131353255       12.48312389941210
H           -0.79555425294198       -3.40752020187926       10.58198978268610
H           -2.02467744136633       -2.03680291400388        9.14184380494298
H           -1.29202023306319       -2.11431899984933        6.17740035078533
H           -3.48206207267287        0.72220128888634        5.57506291826583
H           -2.71068089250185       -0.72231895694040        4.84147465000521
H           -2.08739899886490        2.03250594792197        7.11053213404677
H            0.67405528684386        2.47679739629318        5.87913781194568
H           -1.81905975191910        3.59919683774512        8.53227168726655
H           -1.34965176886834        5.43802724471891       10.07316409196202
H            0.13606783576799        6.98834128784874       10.75105067970626
H            4.54399463785706        6.54372040865838        7.63122700920383
H            3.37730569505730        6.02311923372959        6.38927824659850
H            4.04773004350135        4.83501821751567        7.54509732630681
H            1.99070505154621        4.18558026304862        6.69273600221960
H           -0.44911063206094       -4.11185591182405        6.38403429425233
H            0.91919719281844       -6.09015932960792        6.83038786368180
H            1.88827368386028       -7.39275327458511        8.40498937869966
B           -4.85125466987589       -2.62201573401537        0.68457890127179
B           -4.43466003708400       -1.28197035576742       -0.06739960465838
B           -4.06976910233320       -0.10979446691987       -1.18762716756172
B           -3.32551560262937       -2.66517043859288        0.17063741513987
B           -2.74248031636182        0.20833546262762       -0.43381628254001
B           -4.28136895810706        0.36129907568111        0.54996076750896
B           -5.12654567207792        1.48156040766082        1.32959107682086
B           -4.67004624530707        3.05161187811270        1.37730371275445
B           -2.79752045249922        0.45664814657359        1.21565359607342
B           -3.43880885899393        3.45994307878872        2.36007042308806
B           -2.12866056009489       -3.81496926218946        0.14834149680746
B           -1.75185310778369       -2.27324886081565        0.06668259425470
B           -1.55967587471911       -0.65913974859931        0.30313535325467
B           -0.50358670392196       -3.29048018133957        0.13445602126872
B           -0.17570249866352       -0.28649986976446        1.07177389174451
B           -1.46576219421012        0.00290080224501        2.02608999684571
B           -1.81741974818710        1.61174724151492        1.90749688332162
B           -2.01404400691935        3.16892256312277        1.69652158371964
B           -0.27322483728866        1.01582417355359        2.30375750615724
B           -0.87662896248733        4.19377966893744        1.10777379786379
B            0.91097018171718       -4.18743764623778        0.03271103476932
B            1.01652336557565       -2.65044225941622        0.43942162408506
B            1.22896540099491       -1.11146527278861        0.83728456286998
B            2.35987602492671       -3.59085498845503        0.60660784550743
B            2.62203606786707       -0.30999396544787        0.99813673989451
B            1.27181279949919        0.38479591449147        1.60821954929398
B            1.04813352056246        1.99443059202332        2.05034981845577
B            0.36649069880372        3.27685511418564        1.36424529741385
B            2.36910095978752        1.53649008948455        1.08756767018912
B            0.91070486737993        2.60843823542070       -0.07279641710787
B            3.66100389967200       -4.34144061554905        1.31212968069185
B            3.78349700141936       -2.78503040098662        0.82925035230373
B            4.01559771766104       -1.19764732858341        0.63305715220503
B            4.94928359335003       -3.43656778556819        1.66225166411778
B            5.24253764055735       -0.26048556506601       -0.03690464300811
B            4.10334050853258        0.43239947229449        0.87869111835745
B            3.82961630584824        2.22170387252795        0.60369500197790
B            2.49426289867510        2.66503294817753       -0.29631747278834
B            5.28722246310307        1.42969477933343        0.38450910179621
B            3.91203112574022        3.15697461748294       -0.68487133816982
H           -5.45294158676701       -3.22492627254490        1.48747033064990
H           -5.61128394975464       -1.95790405025141       -0.12388613393084
H           -4.70255413602554        0.12193063574535       -2.15257891211574
H           -6.05112224003307        1.16280085947844        1.99970936256432
H           -5.25140343316307        3.85629234784823        0.74097098207787
H           -3.65099711922892        3.81066020170931        3.46367521617704
H           -2.34419015321869       -4.96458763250942        0.12004738581146
H           -1.03429453699436        5.21454025390232        0.54842835218373
H            0.87700769704035       -5.25497596651908       -0.44542469984433
H            0.18797865702090        2.05393663051634       -0.82528551890510
H            3.62210648920496       -5.45453383712191        1.66727916582460
H            5.99121493720411       -3.37338337924658        2.17775627634995
H            6.18465249481518       -0.69176105667417       -0.57764134706011
H            6.34667152280062        1.91712934637256        0.50771901079510
H            4.62457556776622        3.77330328816042       -1.37164373680714
102
 energy: -135.715332584747 gnorm: 0.004691175660 xtb: 6.7.1pre (5071a88)
C            0.31717642148100       -4.77174717786520       12.37558313303821
O            0.72629928135749       -5.52706668480672       11.26511721789425
C            0.35925654562589       -5.10031564373563       10.02343356945847
C           -0.44014579716015       -4.00725794084297        9.75609219972163
C           -0.74086244459850       -3.61456193183613        8.44013669070835
C           -1.56532617370885       -2.45314466677315        8.23060493778884
C           -1.76119128728781       -1.80402123682082        7.06080328599060
C           -2.62146054030897       -0.64236158762692        6.96135060270272
O           -3.24801928128972       -0.16348266750620        7.89702421096108
C           -2.62096891094441        0.01632734118859        5.58576337704534
C           -1.28508196021510        0.74977350876241        5.54873434057434
O           -0.36363328244664        0.35399708311420        4.82583873491567
C           -1.20960807959428        1.86812446292931        6.44848051785631
C           -0.11882698502121        2.66672880973298        6.54510446506382
C            0.07010187599648        3.75345526628353        7.46646767373878
C           -0.87270267657625        4.11676945629678        8.43152974518159
C           -0.61613841123961        5.15597369071557        9.30309823183725
C            0.57708986512170        5.86021644249808        9.25372937958625
O            0.85025103753569        6.89184509473882       10.10171896157801
C            1.54651469843299        5.50701004713683        8.29433795151115
O            2.70347118219590        6.23224017348603        8.32113247860345
C            3.71014567599136        5.89909680190271        7.40255516324008
C            1.27681250697031        4.47352156075069        7.42035762392057
C           -0.22218495114889       -4.37490875903050        7.39090361671109
C            0.55717844506231       -5.48629604739102        7.64815967277936
C            0.85995989438837       -5.86311937542482        8.94636657734530
O            1.62404432878523       -6.95426422067959        9.23112380028428
H            0.75802079684872       -5.26167638424181       13.24159090007783
H            0.68053497371243       -3.74048105372625       12.31839913239157
H           -0.77225210071041       -4.76481190689874       12.48130929084533
H           -0.84271267734024       -3.41685382818003       10.56514477483333
H           -2.06273878000876       -2.04865594135641        9.10566420737865
H           -1.26539364611064       -2.11779043683300        6.15455754947758
H           -3.45045482721824        0.71932279456217        5.51251130234554
H           -2.67045168172352       -0.72705961379427        4.79154003685182
H           -2.06899947123417        2.02293605257590        7.08270693639890
H            0.70640179781244        2.46037076673198        5.87314901215162
H           -1.80565718253334        3.58377278936157        8.51164665959493
H           -1.35357102469459        5.42758352841266       10.04849080359189
H            0.11184966529767        7.00330557956211       10.71334387303165
H            4.53533056984227        6.57854285348786        7.61026090699942
H            3.37553728370391        6.04147820467724        6.36948548348215
H            4.05122787929085        4.86724240739108        7.53360773099234
H            2.00435913113413        4.19125714571306        6.67575669805951
H           -0.43966454361898       -4.11124434665139        6.36876742031095
H            0.94522975006498       -6.07548178987222        6.82607528527851
H            1.90771989930178       -7.37090161489445        8.40811346762219
B           -4.84768200120145       -2.61726142643647        0.69917002884791
B           -4.43236483571952       -1.28180559659789       -0.06025144535978
B           -4.06682732901289       -0.11279707775716       -1.18276536803856
B           -3.32172331194017       -2.66406811999992        0.18505564074978
B           -2.73998123761914        0.20587771828623       -0.42797067187834
B           -4.28133696424156        0.36381653280029        0.55233482142604
B           -5.12828215337961        1.48022746919689        1.33375648745933
B           -4.67061093377030        3.04994781906655        1.38783856998951
B           -2.79902559034763        0.45966039458335        1.22127373261486
B           -3.44272681678520        3.45697333529549        2.37536594159146
B           -2.12700671874426       -3.81532045744581        0.16810690519469
B           -1.74791071425025       -2.27460916795995        0.07844031988278
B           -1.55752412451018       -0.65881050325518        0.31265058140799
B           -0.50119435561781       -3.29220719196017        0.15281784022917
B           -0.17641186548376       -0.28912735253614        1.08924839628124
B           -1.47157230816058        0.00117008555120        2.03474390153003
B           -1.82182799568347        1.61033250512862        1.92299488110302
B           -2.01647987814007        3.16815758879158        1.71356163870321
B           -0.27940731221343        1.01229216629901        2.32500128509367
B           -0.87865619114971        4.19394069768953        1.12824113627904
B            0.91232054727071       -4.18979160606623        0.05384033012044
B            1.01887649157139       -2.65253884099030        0.46066785139325
B            1.22882618792061       -1.11437294771920        0.86111217988307
B            2.36136121590416       -3.59369689985806        0.62861768335872
B            2.62145303081604       -0.31244657624244        1.02576104041562
B            1.26971757672599        0.38096520448863        1.63372087223831
B            1.04201637630556        1.99127457263813        2.07254063858539
B            0.36205046578629        3.27397477679882        1.38540763406803
B            2.36593476672918        1.53347486769285        1.11314550768387
B            0.90778332339882        2.60455206192764       -0.05006248887027
B            3.66340821143462       -4.34516673847780        1.32961013206347
B            3.78543806973861       -2.78833792410706        0.85136585397300
B            4.01583622197189       -1.19944500641308        0.65876676614638
B            4.95469315821077       -3.44423431031603        1.67824780003289
B            5.24285784429670       -0.26086227600657       -0.00957823380840
B            4.10230770986593        0.42931516231454        0.90630875416581
B            3.82559319916550        2.21838815707174        0.62988894084005
B            2.49173026987065        2.65911510937153       -0.27233007612479
B            5.28501323258990        1.42886855976553        0.41411191321924
B            3.90977150028049        3.14841197893962       -0.66296987441422
H           -5.45000087372453       -3.21475709263374        1.50535864922293
H           -5.60548879199770       -1.95842039648777       -0.11480142552463
H           -4.69790579665827        0.11604616930373       -2.14960019188148
H           -6.04979589779094        1.15757028333136        2.00570415294486
H           -5.25683657406578        3.85726072446536        0.75988661336799
H           -3.65748505664205        3.80138459959201        3.47925383219476
H           -2.34281653724631       -4.96488404672638        0.14314493514068
H           -1.03520364188164        5.21263959537009        0.56522411578186
H            0.87908119842491       -5.25725755696437       -0.42498994348336
H            0.18574403280415        2.05017343018688       -0.80316606319753
H            3.62768931939807       -5.46009667937968        1.67803719334582
H            5.99290973002629       -3.38079453520298        2.19750416830683
H            6.18610729779533       -0.69078133825803       -0.54902989939712
H            6.34324356096560        1.91738729932242        0.54280078399531
H            4.62319947919442        3.76176279537700       -1.35157940077207
102
 energy: -135.715619489779 gnorm: 0.006567982685 xtb: 6.7.1pre (5071a88)
C            0.27497730826309       -4.76228734088953       12.36721562280257
O            0.68772623675547       -5.52333891464709       11.26113178041148
C            0.33584167320728       -5.09637118436005       10.01517986508403
C           -0.47000287477619       -4.00962297784340        9.73850432997301
C           -0.75565278445723       -3.61764038591177        8.41949688722872
C           -1.58284389051975       -2.46044665826974        8.19574813010604
C           -1.75322301759491       -1.80966943045511        7.02338477800169
C           -2.61531753208690       -0.64915510314479        6.90711412699796
O           -3.25897324025125       -0.17640959847288        7.83491908719398
C           -2.58992453361779        0.01089751303029        5.53433214265501
C           -1.25286504582876        0.74044743944972        5.52205497877224
O           -0.32166293654775        0.34840807838617        4.80760040894382
C           -1.18388902002793        1.85660929694177        6.42546824866768
C           -0.09228859391030        2.65282199367752        6.53116218542281
C            0.08879228902882        3.74444839125372        7.44833528086992
C           -0.86059075348292        4.10515126662066        8.40886749721381
C           -0.61678103078044        5.15029322799464        9.27619414271995
C            0.57110829583820        5.86476209557364        9.22456533240873
O            0.83066791067534        6.90475459183153       10.06723875028285
C            1.54540055523490        5.51808298604301        8.26903539390992
O            2.69178932388021        6.26044008988059        8.29258594277931
C            3.70694184743994        5.93012698285424        7.38154417903936
C            1.28884287228733        4.47503330309274        7.40143327226245
C           -0.21923977638784       -4.37440990944880        7.37610672055533
C            0.56736007958309       -5.47826656750244        7.64105818044107
C            0.85925538396035       -5.85085492359100        8.94373899307014
O            1.63310192823364       -6.93512340850376        9.23401105548054
H            0.72410885988690       -5.24106694102031       13.23483231251569
H            0.62710040509723       -3.72837842469681       12.29927365432699
H           -0.81398525071042       -4.76590097230424       12.47690705991764
H           -0.88875643949961       -3.42465527859615       10.54372413752476
H           -2.09935299676159       -2.05958749462868        9.06198822080310
H           -1.23536245035722       -2.12015673090312        6.12782758991875
H           -3.41719748346730        0.71552940842219        5.44701516893181
H           -2.62682668793298       -0.73126803154563        4.73800073157148
H           -2.04974017973643        2.01221329747139        7.05146995390283
H            0.73810638215870        2.44321567855765        5.86577822651915
H           -1.79060625175164        3.56581624195930        8.48703721073632
H           -1.35802313678893        5.41823606663238       10.01892550982861
H            0.08681963842615        7.01779392152761       10.67231974052637
H            4.52430326832963        6.61972956931228        7.58825398670540
H            3.37549924461520        6.06259570557740        6.34612997449252
H            4.05701624569307        4.90353791634076        7.52206884196119
H            2.01997730187829        4.19567299595836        6.65882910914222
H           -0.43026794285849       -4.11307569014926        6.35178087950591
H            0.97120817157484       -6.06307771069969        6.82368154320232
H            1.92634571598778       -7.34794046050486        8.41270551819631
B           -4.84356673617237       -2.61261796225052        0.71468026700520
B           -4.42971564279301       -1.28150619170561       -0.05210302230134
B           -4.06302224445921       -0.11591575980851       -1.17699655973167
B           -3.31748139288877       -2.66293341771741        0.20078945610598
B           -2.73679202381316        0.20370696765826       -0.42128999164019
B           -4.28071415385276        0.36615658592745        0.55597512103570
B           -5.12848783426090        1.47837471935530        1.34183603307205
B           -4.67705988499097        3.04976313626019        1.40501105816973
B           -2.80015140495756        0.46214754722902        1.22780858983958
B           -3.44821866545584        3.45222887758815        2.39324496580977
B           -2.12435796924628       -3.81577292616505        0.18872551472877
B           -1.74385119599183       -2.27575066484270        0.09148385291462
B           -1.55486251823792       -0.65844502102011        0.32305620265933
B           -0.49846438767439       -3.29394504085938        0.17268477695624
B           -0.17693015220998       -0.29192388986396        1.10784107729329
B           -1.47733553675946       -0.00137739357333        2.04426050679966
B           -1.82608603620673        1.60805887210377        1.94051740220296
B           -2.02050824941777        3.16628046856769        1.73303833747232
B           -0.28571025359147        1.00783971829073        2.34834691424598
B           -0.88225825181341        4.19113791288426        1.14762923672933
B            0.91426505780964       -4.19239002418504        0.07667624099924
B            1.02142480846751       -2.65484793339001        0.48319132321137
B            1.22914383680053       -1.11751557222666        0.88636155032946
B            2.36344282974550       -3.59654213576708        0.65124744106338
B            2.62117960995345       -0.31520773140193        1.05676775269135
B            1.26730777105729        0.37650322841353        1.66087087167030
B            1.03577942484781        1.98775561303482        2.09662008804202
B            0.35719554363813        3.27080242125815        1.40898925398868
B            2.36323113112802        1.53050629869073        1.14193923700800
B            0.90533951927426        2.60020811825067       -0.02441781203765
B            3.66577056989118       -4.34959889544704        1.34839070369079
B            3.78777683923446       -2.79153756235458        0.87631063389143
B            4.01650430207518       -1.20146668268276        0.68827705495744
B            4.95888629303609       -3.45217371382505        1.69804760750403
B            5.24314478577164       -0.26109481080087        0.02146724926697
B            4.10086598489230        0.42652535661852        0.93735374442983
B            3.82209412828113        2.21541064138738        0.65901438661847
B            2.48964961274089        2.65333722573644       -0.24553636681953
B            5.28322537027925        1.42788404344748        0.44797816009768
B            3.90776798091070        3.14014617902842       -0.63819615942162
H           -5.44662662644594       -3.20526047971977        1.52378130716423
H           -5.59934957052397       -1.95875252796726       -0.10426266955361
H           -4.69227570099730        0.11005334963693       -2.14576112537623
H           -6.05235004697883        1.15188781459189        2.00811067090835
H           -5.25837122961053        3.85771331877841        0.77398420695442
H           -3.66502215598016        3.79432082268443        3.49682970357412
H           -2.34185407268436       -4.96506980447404        0.16779354122081
H           -1.03650855484949        5.21248933609479        0.58901933630630
H            0.88110266032406       -5.25993472686716       -0.40212220975036
H            0.18415465829291        2.04547984116422       -0.77803485665797
H            3.63212375904724       -5.46646748112395        1.69058376447970
H            5.99558153610252       -3.38958604344649        2.21940684704687
H            6.18684810907603       -0.68986527109396       -0.51792365730682
H            6.34037559048922        1.91726655188760        0.58216003681422
H            4.62217869150082        3.75005777777833       -1.32882928002213
102
 energy: -135.715903111600 gnorm: 0.007092323956 xtb: 6.7.1pre (5071a88)
C            0.23032841974382       -4.75294784813738       12.35748314364884
O            0.64995147621331       -5.51851728236644       11.25638760973196
C            0.31410910444363       -5.09212481729953       10.00574759151148
C           -0.49641865806248       -4.01088790263190        9.71858857590325
C           -0.76769479370848       -3.62107979015150        8.39660049256660
C           -1.59598356779284       -2.46705596056631        8.15863884620473
C           -1.74381346978829       -1.81513320049623        6.98435627188722
C           -2.60867172232337       -0.65720453667481        6.85400918291764
O           -3.26860185206751       -0.18936784581198        7.77304913892892
C           -2.55960230634799        0.00629529594737        5.48522014595733
C           -1.22117123015636        0.73250550919214        5.49592430693612
O           -0.28234862921138        0.34491339871507        4.78724089661571
C           -1.15911153230934        1.84571724000841        6.40225780095888
C           -0.06725063153520        2.64074653242620        6.51591263895832
C            0.10650726947895        3.73638407872496        7.42932699288387
C           -0.84922109146819        4.09394246452409        8.38486514459541
C           -0.61773093912094        5.14511128705640        9.24807199725507
C            0.56389518611376        5.87008864560063        9.19490121941541
O            0.81283787187340        6.91507065632131       10.03447926959586
C            1.54339122273330        5.52841887265999        8.24342314600735
O            2.67921612503226        6.28722105363177        8.26324915831247
C            3.70345570631758        5.96203033782307        7.35986251441895
C            1.30015695298021        4.47679446051979        7.38186141523527
C           -0.21555609488864       -4.37587147324287        7.36001728518755
C            0.57738239783454       -5.47230836782434        7.63463002052528
C            0.85794592157990       -5.84041388139069        8.94133213029914
O            1.64199147584305       -6.91610302792834        9.23891370244474
H            0.68567373968663       -5.22089682444371       13.22812819072158
H            0.57218711671417       -3.71624429378774       12.28108865832543
H           -0.85873218805809       -4.76715690899714       12.46840138539994
H           -0.92960319536366       -3.43003954378111       10.51888854972496
H           -2.13127192048733       -2.06952387828893        9.01448915346910
H           -1.20683448759049       -2.12191215627025        6.09909853517394
H           -3.38413532297660        0.71255591338081        5.38544278875355
H           -2.58458324757782       -0.73369503222239        4.68597950847434
H           -2.03042075374224        2.00134192255003        7.02003296066692
H            0.76718529368258        2.42798821184504        5.85720658708362
H           -1.77506816129213        3.54697934197473        8.46133629884393
H           -1.36286219095300        5.41072159614981        9.98722198892941
H            0.06321279474460        7.03008883943876       10.63186957657234
H            4.51153054711366        6.66281019594903        7.56656088044923
H            3.37643151496015        6.08372334568048        6.32150814626732
H            4.06448035981103        4.94035169682721        7.51047423568809
H            2.03594403644371        4.19974855306512        6.64289421998779
H           -0.41985792893790       -4.11744979389482        6.33359008440422
H            0.99540051726607       -6.05469687602595        6.82315643201596
H            1.94281512186263       -7.32690036246206        8.41949641530960
B           -4.83926679270492       -2.60885087768619        0.72984873813678
B           -4.42700418330739       -1.28123234034700       -0.04336415537720
B           -4.05900997095063       -0.11905225677042       -1.17068822639648
B           -3.31329308610261       -2.66202512137404        0.21635099737362
B           -2.73364340893834        0.20187225305689       -0.41401143715373
B           -4.28014431113552        0.36791163732734        0.56065531982510
B           -5.13026492716206        1.47725377238189        1.34781165067723
B           -4.67937145156735        3.04842712738353        1.41519586520565
B           -2.80113861232932        0.46445768206335        1.23483064509226
B           -3.45475132409867        3.44918123920108        2.40937291758128
B           -2.12092231137672       -3.81627922339313        0.20820123847320
B           -1.74002061491860       -2.27653699547058        0.10469662212354
B           -1.55212764796379       -0.65817878067561        0.33365430433674
B           -0.49559338311810       -3.29572542108279        0.19209040830231
B           -0.17729802292489       -0.29477875476807        1.12595044249363
B           -1.48280220163316       -0.00418700517250        2.05357215329595
B           -1.82956335760378        1.60561669397988        1.95874887642852
B           -2.02470599049856        3.16440574769786        1.75422664257371
B           -0.29143737030751        1.00247750511310        2.37227904326405
B           -0.88457959594934        4.19032077078176        1.17427423252229
B            0.91675801250693       -4.19507246835189        0.09878557480617
B            1.02381124167477       -2.65730796749161        0.50495072773935
B            1.22972743469278       -1.12074218445054        0.91085728892990
B            2.36586339101753       -3.59915632806113        0.67293473627247
B            2.62109353156855       -0.31833441872597        1.08841775236012
B            1.26463106799923        0.37165972082722        1.68733807217263
B            1.03037147007421        1.98368090702677        2.12117536058569
B            0.35289784265650        3.26721012084842        1.43425284284239
B            2.36103917959975        1.52757294661253        1.17157377669296
B            0.90310049806136        2.59566993733202        0.00236558695820
B            3.66783808807133       -4.35440982428447        1.36743552977425
B            3.79028513564819       -2.79443208653251        0.90218990272283
B            4.01745877706232       -1.20366067040581        0.71916920771141
B            4.96132720631818       -3.45943839741187        1.72069017828773
B            5.24347928987616       -0.26112783254343        0.05408327102633
B            4.09901714069011        0.42422990015913        0.96937335262264
B            3.81927634458632        2.21298921093273        0.68885118600885
B            2.48779308061068        2.64847886154749       -0.21776112409466
B            5.28186478049415        1.42690681597936        0.48343999054119
B            3.90589789107499        3.13304567487446       -0.61220170536031
H           -5.44313435274100       -3.19744745628837        1.54130533251662
H           -5.59374531889777       -1.95908224943374       -0.09323138715451
H           -4.68625769672534        0.10411514814539       -2.14141241265533
H           -6.05451380337534        1.14750095267377        2.01206890460176
H           -5.26261459345725        3.85921408003514        0.78941628119490
H           -3.67572434845068        3.78448816532545        3.51461263441362
H           -2.34136415943018       -4.96510066425834        0.19154405912452
H           -1.03773778620636        5.21065333491067        0.61346260418275
H            0.88336033660561       -5.26286751447258       -0.37927861762988
H            0.18300208261828        2.04059343128860       -0.75205410706439
H            3.63499994499378       -5.47319386495549        1.70390020647311
H            5.99855082296804       -3.39890018166846        2.24211915123582
H            6.18701617425159       -0.68905129896161       -0.48626076652920
H            6.33806988185716        1.91699838178188        0.62272658316755
H            4.62136071928758        3.73967932049788       -1.30454648854561
102
 energy: -135.716211670409 gnorm: 0.005585420475 xtb: 6.7.1pre (5071a88)
C            0.18124545090228       -4.74336562453425       12.34534662874749
O            0.61293736469007       -5.51161826910058       11.25040450689538
C            0.29408073478988       -5.08740623185575        9.99453319411636
C           -0.51904058326837       -4.01099330332090        9.69501617424815
C           -0.77613000528871       -3.62547467321710        8.36978494849096
C           -1.60500503055717       -2.47455002039920        8.11756117490316
C           -1.73279249694051       -1.82104977121960        6.94238723831304
C           -2.59859780022505       -0.66511886361017        6.80185545822117
O           -3.27636702709172       -0.20273364120733        7.71049205223158
C           -2.52953253450696        0.00272672795686        5.43793297361657
C           -1.19056555556391        0.72769803041233        5.46787225825770
O           -0.24641444155629        0.34470013242034        4.76192348683004
C           -1.13500946496109        1.83580696365699        6.37766491301992
C           -0.04324739762038        2.63076887245798        6.49868117214848
C            0.12305967598166        3.72976938439340        7.40857627433813
C           -0.83889419484770        4.08376051507380        8.35850066195791
C           -0.61912631890225        5.14055157856802        9.21799224741924
C            0.55533479099540        5.87596408197162        9.16451552911310
O            0.79635687037265        6.92299751488646       10.00295804557901
C            1.54029978042729        5.53822184925827        8.21690704168963
O            2.66577668713295        6.31209033308707        8.23310443309917
C            3.69934182348756        5.99500747230621        7.33723259881887
C            1.31058556713200        4.47948880470890        7.36079844167420
C           -0.20947688216235       -4.38003763100179        7.34145651432138
C            0.58820882398360       -5.46938197143622        7.62861710613337
C            0.85660436885111       -5.83225057601509        8.93906833793994
O            1.65015761728418       -6.89781427078283        9.24699025857850
H            0.63790848024816       -5.20163880657195       13.22094584441161
H            0.51443783979965       -3.70410653392517       12.26453541364464
H           -0.90842748401433       -4.76736784294578       12.45223399463414
H           -0.96512595833875       -3.43234937150790       10.48876443702843
H           -2.15719178117659       -2.07898035041721        8.96156202975484
H           -1.17827692247066       -2.12212737960725        6.06707380320787
H           -3.35113742398473        0.71012291995134        5.32798714282697
H           -2.54319070883336       -0.73425316356130        4.63519183965822
H           -2.01102749256867        1.99082854308719        6.98708936411282
H            0.79389484600414        2.41608621421019        5.84596183339400
H           -1.75921731055139        3.52804636148264        8.43358713049249
H           -1.36842147759768        5.40472338758707        9.95282527331176
H            0.04054163437793        7.03995842678832       10.59145526418951
H            4.49639185224137        6.70810125750053        7.54462054924849
H            3.37768841197435        6.10515601162799        6.29568695317906
H            4.07357380443917        4.97833199533194        7.49769038215160
H            2.05219982096767        4.20460283154204        6.62708021034541
H           -0.40634047895405       -4.12575259407196        6.31285281669661
H            1.01875315310851       -6.05188813033743        6.82461009893576
H            1.95644460985850       -7.30938397158444        8.43029589510328
B           -4.83447391169253       -2.60604739417138        0.74476724483964
B           -4.42398622349418       -1.28078120644043       -0.03372713814834
B           -4.05451757566435       -0.12231381665980       -1.16387974098759
B           -3.30898189234453       -2.66133204351540        0.23167698036859
B           -2.73039523450121        0.20032176408170       -0.40598092759605
B           -4.27946069113588        0.36922982918807        0.56645908718929
B           -5.13443024854344        1.47712488819981        1.35113595684104
B           -4.68396262632131        3.04758278503644        1.42698115952935
B           -2.80185699043813        0.46603503482319        1.24257178032884
B           -3.46310768879100        3.44291386265991        2.42816617920195
B           -2.11633836807323       -3.81687979705125        0.22599109410842
B           -1.73620003138784       -2.27702672007323        0.11793755630534
B           -1.54901818275076       -0.65823480473614        0.34432095741863
B           -0.49238950563762       -3.29783943239528        0.21078757264202
B           -0.17721949092224       -0.29803682165263        1.14340942730425
B           -1.48780202878966       -0.00829466446472        2.06242264980045
B           -1.83198215150795        1.60176779887677        1.97891111608735
B           -2.02992476614943        3.16090939515388        1.77956991838168
B           -0.29628129382230        0.99477181845270        2.39815006547609
B           -0.88801728118163        4.18684276638387        1.20150084451624
B            0.92017940051995       -4.19802279547922        0.12026837539556
B            1.02600539471301       -2.66002512296551        0.52575265408347
B            1.23085159881057       -1.12425327273202        0.93462356194879
B            2.36870557904358       -3.60146394503079        0.69438541197765
B            2.62129962721453       -0.32208574649511        1.12132289666658
B            1.26154264983414        0.36625109133669        1.71316398723833
B            1.02550171563173        1.97878144812582        2.14645908278821
B            0.34881096559255        3.26336002471530        1.46168047888057
B            2.35961344766167        1.52462502689609        1.20312660035591
B            0.90181803044665        2.59103325335149        0.03142795985997
B            3.66938151937556       -4.35958870089361        1.38824134459258
B            3.79322085911689       -2.79724084494380        0.92973024346709
B            4.01872748132080       -1.20618140314204        0.75227890401523
B            4.96244807888918       -3.46652373279838        1.74651690996627
B            5.24401806961662       -0.26092136811612        0.08955658873659
B            4.09663887064509        0.42246599897426        1.00335888979295
B            3.81762619442115        2.21124845480668        0.72085175455526
B            2.48681451384030        2.64486210339189       -0.18775788550158
B            5.28119272997622        1.42582278542910        0.52200435408653
B            3.90477076365405        3.12789936064100       -0.58304582324493
H           -5.43931365160588       -3.19143598462425        1.55791082621619
H           -5.58870057530970       -1.95918910650403       -0.08141328323914
H           -4.67994256761099        0.09840912868846       -2.13626550731062
H           -6.05704765258520        1.14359498642962        2.01613863212577
H           -5.26324492355501        3.86123735915041        0.80104263671947
H           -3.68954730178940        3.77966409032829        3.53244744576555
H           -2.34151515863985       -4.96488959900329        0.21376876005491
H           -1.03992590189477        5.21022511246181        0.64569758279042
H            0.88648626316786       -5.26639414213263       -0.35606593252882
H            0.18294757769362        2.03574570518409       -0.72405321311307
H            3.63546711693931       -5.48017573672834        1.71941238571514
H            6.00067047419253       -3.40851854084067        2.26842000881137
H            6.18680389460730       -0.68829929783700       -0.45266847874577
H            6.33660428669808        1.91636664964375        0.66605622972879
H            4.62151457515277        3.73149330103782       -1.27656511341321
102
 energy: -135.716517540967 gnorm: 0.004459415916 xtb: 6.7.1pre (5071a88)
C            0.12671571591553       -4.73259132974957       12.33021100779997
O            0.57584200459011       -5.50210384898650       11.24318883441845
C            0.27310128702595       -5.08282749940374        9.98170310951786
C           -0.54221744203307       -4.01187182398437        9.66810792904427
C           -0.78310655622907       -3.63169021476651        8.33863465672288
C           -1.61232463174140       -2.48390935736567        8.07286017352984
C           -1.72053038669262       -1.82716061674080        6.89739617315277
C           -2.58706228228778       -0.67345139281567        6.74795626667942
O           -3.28480729767939       -0.21625915066117        7.64399779552990
C           -2.49711878179980       -0.00006052732089        5.38869221877902
C           -1.15731277255229        0.72486847520335        5.43592760054948
O           -0.20888943073520        0.34604962474054        4.73053404649002
C           -1.10899149022658        1.82720821884247        6.34858171833013
C           -0.01805105872288        2.62351975267566        6.47780273692588
C            0.13889891826474        3.72488474878496        7.38543053190930
C           -0.82887756418040        4.07381888307657        8.33029924710019
C           -0.62080767725719        5.13649809583317        9.18599012457485
C            0.54534556490290        5.88355640198550        9.13274415211664
O            0.77802943129931        6.93350950748372        9.96950599230365
C            1.53635932819057        5.54932055897541        8.18900725991012
O            2.65267289135193        6.33581949366849        8.20265493241503
C            3.69392296796105        6.02836277864424        7.31284153237064
C            1.32026286194109        4.48451696917253        7.33776248175306
C           -0.19930240446791       -4.38590781481196        7.31977484080340
C            0.60161693753312       -5.46881528258246        7.62203790987418
C            0.85511699450012       -5.82652409326440        8.93649404286587
O            1.65579371281332       -6.88152646359866        9.25867734658703
H            0.57950816040157       -5.18213758043284       13.21292600806462
H            0.45220933368689       -3.69062323040885       12.24809428567404
H           -0.96408772005360       -4.76584269935390       12.42711838584654
H           -1.00273102923892       -3.43437590841521       10.45387751724366
H           -2.18368482751661       -2.09205958006981        8.90463660341964
H           -1.14764618571901       -2.12073648287217        6.03178116366584
H           -3.31573301802114        0.70869444368583        5.26910493158431
H           -2.49956176790425       -0.73368859398857        4.58230483437553
H           -1.98983500018960        1.98122289802684        6.94959454710691
H            0.82263976735454        2.40901996986558        5.83137263819885
H           -1.74235131988907        3.50793656565478        8.40533089353697
H           -1.37471080458677        5.39827687452819        9.91675375634107
H            0.01666733752087        7.04962037519366       10.55017070593883
H            4.47957369269073        6.75381590883587        7.51996995527303
H            3.37656910831727        6.12706820660705        6.26869777088039
H            4.08223963214954        5.01691475376341        7.48144580362926
H            2.06804478570168        4.21301702097528        6.60942591594030
H           -0.38494704452475       -4.13599014702176        6.28822657466888
H            1.04591808891704       -6.05220320988960        6.82620196137120
H            1.97144680354199       -7.29511513128278        8.44619342586892
B           -4.82887724426899       -2.60383595708363        0.76007341999129
B           -4.42056531397002       -1.28007628688484       -0.02320780553506
B           -4.05050116987883       -0.12491173670890       -1.15625548157663
B           -3.30442279847358       -2.66078480979836        0.24662995551613
B           -2.72758548406721        0.19852629953566       -0.39717916268683
B           -4.27873530522099        0.37013472596020        0.57405978103697
B           -5.13698759947573        1.47676632704374        1.35826866555690
B           -4.68638480681389        3.04622615258526        1.43624348355927
B           -2.80239573953129        0.46745290604514        1.25096104292582
B           -3.47261181495451        3.43999937718110        2.44654048702905
B           -2.11120356755152       -3.81758075738472        0.24255661154441
B           -1.73170835404371       -2.27757289574785        0.13071247555269
B           -1.54560537295225       -0.65888279598385        0.35505864440030
B           -0.48857537748270       -3.30091343247042        0.22909871705011
B           -0.17676143900031       -0.30244071150264        1.16112749638109
B           -1.49293854162975       -0.01363113089606        2.07052092121630
B           -1.83385454658904        1.59685426430174        2.00180416117475
B           -2.03571588593097        3.15628722191513        1.80795706971456
B           -0.30062451908322        0.98390320800058        2.42794571455747
B           -0.89043994412484        4.18520706047235        1.23882830013141
B            0.92448560034663       -4.20159666408012        0.14169188407718
B            1.02813576015914       -2.66348883977320        0.54705470648497
B            1.23223307072053       -1.12854466536177        0.95897159244128
B            2.37191866867310       -3.60386773344584        0.71750206639713
B            2.62148202616141       -0.32694803315197        1.15600602092663
B            1.25787097919135        0.36002310609563        1.74001213100327
B            1.02061022272651        1.97223924603733        2.17411453187793
B            0.34466222047447        3.25841822333379        1.49304469739739
B            2.35791487509384        1.52083830399833        1.23715566003029
B            0.90052564957870        2.58631829208864        0.06367541935935
B            3.67051151071442       -4.36504189235476        1.41285545639496
B            3.79661956615491       -2.80046221563855        0.95973280724976
B            4.02020757837731       -1.20919351612565        0.78841234586688
B            4.96277296995688       -3.47338195529476        1.77674201905682
B            5.24500205756911       -0.26054023849611        0.12907298618174
B            4.09394883016963        0.42059571084198        1.04058533753299
B            3.81616270302348        2.20947925413824        0.75664886779050
B            2.48593031896506        2.64225496769321       -0.15403212052863
B            5.28057818048240        1.42480880731893        0.56460150863266
B            3.90398200292831        3.12396047636347       -0.54911519914585
H           -5.43487495182148       -3.18563612300870        1.57510913132778
H           -5.58410977237049       -1.95904048304836       -0.06897241359917
H           -4.67420838213263        0.09303327722268       -2.13024805161173
H           -6.06338262400284        1.14123722701846        2.01741837440477
H           -5.26420955751955        3.86345274795641        0.81308821157359
H           -3.70629570522746        3.77326081784659        3.55133054593458
H           -2.34182707182355       -4.96462819257505        0.23448707640296
H           -1.04290240653090        5.20744897389085        0.68090790671466
H            0.89186140876554       -5.27058103995309       -0.33287844266249
H            0.18329446059447        2.03130826831089       -0.69358245692595
H            3.63424631776400       -5.48731484524507        1.73876894843612
H            6.00203480352058       -3.41846695649022        2.29899202123238
H            6.18730598489297       -0.68742407721564       -0.41452666876124
H            6.33516763021148        1.91584605948355        0.71352925205724
H            4.62237806663614        3.72531513665747       -1.24273799189825
102
 energy: -135.716848609482 gnorm: 0.006411740227 xtb: 6.7.1pre (5071a88)
C            0.06840047183581       -4.72169830150246       12.31252280327406
O            0.54113678496505       -5.49037181158825       11.23501077584897
C            0.25401284503324       -5.07816046544627        9.96771025101643
C           -0.56173464645600       -4.01250692197099        9.63834499908329
C           -0.78550561626876       -3.63893532194955        8.30408197743492
C           -1.61422979875357       -2.49415819059596        8.02510745037927
C           -1.70518267092200       -1.83351903743831        6.85044753686084
C           -2.57358985650870       -0.68281393215510        6.69445836103411
O           -3.28902374300101       -0.23213898674960        7.57871138711120
C           -2.46604528146529       -0.00162665192933        5.34115616334647
C           -1.12654447454843        0.72525689701702        5.40192392617116
O           -0.17682069724009        0.35340059086843        4.69045799635194
C           -1.08387809574838        1.82163268188571        6.31675936785528
C            0.00557692632364        2.62052861656168        6.45329338935589
C            0.15297819150393        3.72269398960773        7.36033175751051
C           -0.82008734975402        4.06606718590346        8.30099215850531
C           -0.62276263316554        5.13312299563118        9.15407204542954
C            0.53552840199404        5.89066330072804        9.10205676451991
O            0.75956554493927        6.94378591367750        9.93726108374658
C            1.53226457006531        5.56070028340242        8.16154835282557
O            2.64073931916618        6.35745129022269        8.17447667641333
C            3.68766772004046        6.06057733846518        7.28879072038965
C            1.32878405627297        4.49150283475197        7.31385756751180
C           -0.18495960437855       -4.39423997906428        7.29622762923043
C            0.61688270752755       -5.47183664662491        7.61535216403531
C            0.85441884018393       -5.82345726264558        8.93403115896842
O            1.65846090954143       -6.86911416827548        9.27338142577931
H            0.50864592102559       -5.16607464657836       13.20431050456678
H            0.38932512917996       -3.67793132960655       12.23438180764631
H           -1.02393505159003       -4.76122936976714       12.39096763713816
H           -1.03600078003677       -3.43398737363636       10.41460961606868
H           -2.20422910033739       -2.10657467971051        8.84500496581811
H           -1.11611328862493       -2.11910852396625        5.99374362558570
H           -3.28250152352316        0.70794968057756        5.21569817457246
H           -2.45926157705339       -0.73098590151053        4.53074760151511
H           -1.96788714368011        1.97310594333285        6.91232690112509
H            0.85005351252019        2.40797101896699        5.81226529597284
H           -1.72722589065589        3.49129352002031        8.37579225525770
H           -1.38137575658362        5.39126355433107        9.88141912042822
H           -0.00700622669907        7.05744985302609       10.51093155779235
H            4.46229682085027        6.79764994982219        7.49467605308403
H            3.37288392144825        6.14930040466538        6.24305508651654
H            4.08981353250317        5.05475195205490        7.46289765251527
H            2.08231893133846        4.22440008202002        6.59020107507194
H           -0.35737048114145       -4.14934147727042        6.26134709118600
H            1.07434245591416       -6.05745943983094        6.82850439498586
H            1.98362773756762       -7.28760915586672        8.46701226470357
B           -4.82229117584888       -2.60219382346745        0.77470169448952
B           -4.41660450934286       -1.27864207160746       -0.01209571221260
B           -4.04680286513642       -0.12720521641048       -1.14877927583326
B           -3.29942202225092       -2.66010496192147        0.25997327440036
B           -2.72517686930105        0.19664345320896       -0.38843776412509
B           -4.27809955521266        0.37149091180741        0.58206858408941
B           -5.14305357801656        1.47767268250811        1.36108068308206
B           -4.68944820181068        3.04501435570162        1.44697848185946
B           -2.80266760275967        0.46857687541346        1.25946386454018
B           -3.48337840979915        3.43521044621002        2.46812696739358
B           -2.10529039289311       -3.81830935804148        0.25486994694762
B           -1.72652933093881       -2.27807431292753        0.14146338228653
B           -1.54174691174017       -0.65977018708215        0.36466439356922
B           -0.48420457300083       -3.30481721265616        0.24466214210173
B           -0.17561069651488       -0.30810555819710        1.17768936772212
B           -1.49780074922829       -0.02119721077594        2.07684526073486
B           -1.83449650844749        1.58950387214721        2.02794276477500
B           -2.04191043121558        3.14894257295535        1.84194404100882
B           -0.30370255539807        0.96845168091267        2.46198353096153
B           -0.89474483288325        4.17940835975548        1.27466200199645
B            0.92962511894038       -4.20575534789979        0.16131372929333
B            1.03009411870375       -2.66721484133569        0.56589306565486
B            1.23418112649848       -1.13351973593138        0.98146549747728
B            2.37519736290730       -3.60611570344945        0.74067020856955
B            2.62189981416462       -0.33283332038508        1.19026958298353
B            1.25392713194785        0.35291249696185        1.76589342085821
B            1.01562783764800        1.96420004698455        2.20214637607189
B            0.34045967356553        3.25305886784470        1.52653391614994
B            2.35658062725599        1.51639111485260        1.27236487609426
B            0.90021707212377        2.58165372782472        0.09838645265057
B            3.67024601277315       -4.36989938367049        1.44121866636924
B            3.80034448276072       -2.80427016451678        0.99010229450857
B            4.02202030891129       -1.21264358046505        0.82531979005392
B            4.96184738005501       -3.47996743326721        1.81068022990138
B            5.24653819665379       -0.26004106638381        0.17046124825733
B            4.09087824528496        0.41877438803709        1.07866340639943
B            3.81543803252654        2.20791090858629        0.79511105619272
B            2.48597457011918        2.64115405686662       -0.11758526139531
B            5.28034666583428        1.42369425733003        0.60955219473566
B            3.90417209985683        3.12294131651129       -0.51052945782028
H           -5.42958022959489       -3.18039153426121        1.59149015567423
H           -5.57938936124694       -1.95844759589855       -0.05636081958400
H           -4.66967483796161        0.08810071479707       -2.12369619338913
H           -6.06897479397701        1.13938009402064        2.01969608727842
H           -5.25968663505253        3.86559120954625        0.82114665305810
H           -3.72629106067739        3.77329543493099        3.56974652214814
H           -2.34271783960384       -4.96405661955882        0.24943437429449
H           -1.04798530628491        5.20674215359618        0.72614650445138
H            0.89957875608387       -5.27557786777159       -0.31115766059903
H            0.18468538896393        2.02816996147690       -0.66153973555785
H            3.62983921213901       -5.49345250648209        1.76239596462620
H            6.00085991064294       -3.42783929636180        2.33488065462416
H            6.18878191999778       -0.68601207313414       -0.37402662074360
H            6.33414759145907        1.91495238119396        0.76367960909766
H            4.62466421441857        3.72343634006373       -1.20262798983798
102
 energy: -135.717366406881 gnorm: 0.011386427862 xtb: 6.7.1pre (5071a88)
C            0.00212616592625       -4.71055723812923       12.29027229783492
O            0.50847510169975       -5.47525765874493       11.22513476979569
C            0.23687417430104       -5.07347596231709        9.95152800190792
C           -0.57666458712528       -4.01298647834144        9.60339514446166
C           -0.78147922365951       -3.64818987766862        8.26350341959324
C           -1.60902249978362       -2.50653366754689        7.97109143332839
C           -1.68392268846354       -1.84015973331038        6.79889279867087
C           -2.55529016897568       -0.69270600363778        6.63945081385070
O           -3.28946771089358       -0.25290998331709        7.51237789040199
C           -2.43564049676935       -0.00156765093589        5.29354867686125
C           -1.09907025758492        0.73181250528933        5.36124936205262
O           -0.15131649715970        0.37138311766260        4.63378337658452
C           -1.05923239479539        1.82036768835793        6.27866811943239
C            0.02795820552790        2.62355170972206        6.42225840042405
C            0.16511191630338        3.72410291158169        7.33136045515590
C           -0.81272345993494        4.06084229258397        8.26885185791787
C           -0.62537086126447        5.13051547909660        9.12098979197116
C            0.52532795601471        5.89767187000756        9.07161269172738
O            0.74000972882712        6.95400640608452        9.90575817751457
C            1.52770596071562        5.57291907853557        8.13397697078345
O            2.62998079530681        6.37711936620567        8.14874338248961
C            3.68001535243668        6.09231200321955        7.26447601464685
C            1.33589350556110        4.50150075067118        7.28794584077983
C           -0.16365335319323       -4.40640183055590        7.26926788338201
C            0.63573509532454       -5.48022321212275        7.60831882326104
C            0.85447877299527       -5.82444482299350        8.93167320539660
O            1.65653921666189       -6.86232662594430        9.29282145108774
H            0.41706626621471       -5.15482657556518       13.19445864351225
H            0.32284286925939       -3.66588794231965       12.22370782497757
H           -1.09247086850740       -4.75273453251624       12.33695791741159
H           -1.06404345683074       -3.43019528997509       10.36758349138726
H           -2.21656187709276       -2.12356330108633        8.77921125039152
H           -1.07959439487837       -2.11611131010630        5.95052367943736
H           -3.25232486849907        0.70693770158047        5.16695527341510
H           -2.42113281579610       -0.72565058321517        4.47849976778391
H           -1.94392199293341        1.96641455024570        6.87343884176888
H            0.87575783221348        2.41722707791297        5.78429262889402
H           -1.71407819864628        3.47837698690098        8.34308369244510
H           -1.38893030626913        5.38329188388729        9.84553420832220
H           -0.03126237806461        7.06264242308885       10.47359892145642
H            4.44380769195387        6.84050945955873        7.46762973415533
H            3.36535132786624        6.17241700382324        6.21827769090750
H            4.09635294878609        5.09267903830488        7.44124606468628
H            2.09483584256823        4.24015899486817        6.56824526034715
H           -0.31961545310367       -4.16771334636336        6.23045519683092
H            1.10572207415390       -6.07018740954518        6.83206027130572
H            1.99264945372245       -7.28963595438837        8.49541602083407
B           -4.81345842731829       -2.60097392094867        0.78876707926333
B           -4.41152359619652       -1.27563687173784        0.00024119688905
B           -4.04394957267992       -0.12788715646384       -1.14066108875791
B           -3.29316977999047       -2.65878651076725        0.27096840087248
B           -2.72320256099841        0.19455580491188       -0.37958214364757
B           -4.27691381672204        0.37361972797519        0.59225635208487
B           -5.14900898427682        1.47901912645926        1.36653278602278
B           -4.69195645354837        3.04383663214706        1.45764982790817
B           -2.80187693581789        0.46988441178448        1.26840357039627
B           -3.49625144274819        3.43215201245979        2.49176161625401
B           -2.09794668573438       -3.81897987088063        0.26038621041381
B           -1.71962661459585       -2.27840925699183        0.14897639978751
B           -1.53682294454797       -0.66089795518227        0.37291876170986
B           -0.47855506852205       -3.31030157358049        0.25613110080452
B           -0.17330159315408       -0.31648018690863        1.19409973347807
B           -1.50255407873887       -0.03231631467787        2.08068777237569
B           -1.83271519147357        1.57849206565054        2.06049134345966
B           -2.04914552421039        3.13740651112074        1.88318176357138
B           -0.30481067531454        0.94446512495635        2.50656626663517
B           -0.89937787189346        4.17351012677044        1.32339299122779
B            0.93628791915894       -4.21116611488616        0.17878171238455
B            1.03205140579858       -2.67155046089113        0.58120086737054
B            1.23709842252530       -1.14005219707638        1.00201139848574
B            2.37883089703950       -3.60828336732138        0.76446710869344
B            2.62275617256665       -0.34081915996236        1.22523128748681
B            1.24957039829925        0.34360351959817        1.79189201983124
B            1.01030128956108        1.95283659159356        2.23228332404381
B            0.33558369158160        3.24566493815627        1.56581289514697
B            2.35514000004387        1.51027082351910        1.31033255101609
B            0.90023406768613        2.57669870423958        0.13839277297710
B            3.66756790784751       -4.37375263485780        1.47706805259496
B            3.80481165282914       -2.80912433163043        1.02190173332515
B            4.02472294518403       -1.21699647614642        0.86477800471222
B            4.95871376047032       -3.48609543263173        1.85194206783984
B            5.24890057264974       -0.25926326982452        0.21595481390418
B            4.08703828612367        0.41681906273142        1.11931860296218
B            3.81506148123792        2.20639299207482        0.83908942560430
B            2.48650035240282        2.64271321973498       -0.07515359243748
B            5.28022294639419        1.42261470202323        0.65962574192302
B            3.90504890029225        3.12635798804277       -0.46324002244820
H           -5.42205301721297       -3.17513655808174        1.60759283724268
H           -5.57384084494908       -1.95674331763342       -0.04293445645120
H           -4.66708758247738        0.08423542501447       -2.11581800767503
H           -6.07985498927477        1.13944576102370        2.01746913511825
H           -5.24933882529804        3.86739115600001        0.82405646961567
H           -3.75158739356506        3.77819802092671        3.58814078999538
H           -2.34458046907658       -4.96287187314522        0.25472218846586
H           -1.05638121337766        5.20360668933128        0.78105226135697
H            0.91161453160959       -5.28217553469464       -0.29099505957618
H            0.18717387126922        2.02634072359199       -0.62600434790255
H            3.62001944181436       -5.49800628154765        1.79444633845811
H            5.99572709237485       -3.43613487218596        2.38065992480737
H            6.19174222981665       -0.68339030510837       -0.32892547705031
H            6.33324855595786        1.91368925589483        0.81972726652801
H            4.62844091676569        3.72835437952792       -1.15097300080834
102
 energy: -135.718136877456 gnorm: 0.017947229525 xtb: 6.7.1pre (5071a88)
C           -0.06259781131122       -4.69981548254960       12.26969333826266
O            0.47246238729705       -5.46238583795938       11.21621530725693
C            0.21746976141695       -5.06907234555730        9.93635115132997
C           -0.59536447476675       -4.01400432453559        9.57056620952643
C           -0.78061416254900       -3.65639915679767        8.22529043647353
C           -1.60723457316344       -2.51758303543723        7.91847665117860
C           -1.66250482866876       -1.84580946522089        6.74763424110216
C           -2.53855671217255       -0.70231245808001        6.58089570121377
O           -3.29254541646329       -0.27348500272866        7.44301717520930
C           -2.40374816924135       -0.00248392583806        5.24134136450437
C           -1.06980471808229        0.73683497320892        5.31843947222342
O           -0.12130005618928        0.38833554683355        4.57705068176796
C           -1.03312424185575        1.81734049484891        6.23943416895165
C            0.05202741426823        2.62439547834528        6.39146202089409
C            0.17883392797551        3.72346143011989        7.30278687978088
C           -0.80409735623149        4.05333919182044        8.23734098032891
C           -0.62788562562361        5.12664424176091        9.08799259922375
C            0.51516274227535        5.90473234782523        9.04022212235840
O            0.71896240020171        6.96542600395598        9.87259585545040
C            1.52341071652770        5.58556300101957        8.10612392884884
O            2.61863168814381        6.39960184275820        8.12182206968714
C            3.67274493100044        6.12501575546263        7.23980094965146
C            1.34392295595947        4.51049555828550        7.26228381530007
C           -0.14428345108292       -4.41624955955170        7.24371578085487
C            0.65417188251027       -5.48575625293906        7.60093830459820
C            0.85399003147657       -5.82328788977808        8.92915171233984
O            1.65571312788004       -6.85387827299117        9.30962824720006
H            0.33244684201447       -5.14232507821068       13.18432702772278
H            0.25601874372694       -3.65373757001946       12.21096919494734
H           -1.15868032435956       -4.74609043673986       12.29009159779620
H           -1.09736982123685       -3.42886386996115       10.32394509627988
H           -2.23506464161613       -2.14033021290553        8.71500948014042
H           -1.04037589282984       -2.11333086881436        5.90850702123093
H           -3.22147881067766        0.70441746290969        5.11093289251029
H           -2.38016567333942       -0.72223350553548        4.42205404011259
H           -1.91886895407355        1.95728935603709        6.83363004642981
H            0.90333724467248        2.42445215334168        5.75658915953861
H           -1.69998497580684        3.46265410643148        8.31085488835709
H           -1.39624392257114        5.37419486727268        9.80962686458738
H           -0.05679459969901        7.06930737113924       10.43509640863775
H            4.42615125993548        6.88472735636960        7.44009778805659
H            3.35820681613030        6.19548109696701        6.19262181620049
H            4.10300315497569        5.13133798072293        7.42122114371149
H            2.10805801454672        4.25461510524923        6.54616597817253
H           -0.28459588814487       -4.18300003897682        6.20113639695310
H            1.13813162643809       -6.07832143894413        6.83446060794251
H            2.00435626282136       -7.28717243278786        8.52016734852482
B           -4.80413439223640       -2.59799050429759        0.80388996865556
B           -4.40608182343141       -1.27217637333390        0.01210859021549
B           -4.04025057921291       -0.12824045616072       -1.13288004662221
B           -3.28614166459804       -2.65658253137962        0.28304911530828
B           -2.72051110447812        0.19249651579361       -0.37055959903604
B           -4.27564113525878        0.37703041837224        0.60105323055743
B           -5.15508737706108        1.48078220620880        1.37088395374174
B           -4.69323313713865        3.04285655785104        1.46830594568045
B           -2.80151650908655        0.47201125254316        1.27767585860866
B           -3.50815513556705        3.42887316402435        2.51592403685439
B           -2.09104671624664       -3.81920158275849        0.26734104120506
B           -1.71187427636267       -2.27851814018351        0.15707825015891
B           -1.53175536878795       -0.66138718944522        0.38258460681884
B           -0.47259422482853       -3.31544816061616        0.26870374653015
B           -0.17160116422660       -0.32533474775931        1.21447656111718
B           -1.50873426811462       -0.04306181778227        2.08653137215328
B           -1.83187452388532        1.56776047086879        2.09372528177539
B           -2.05555781244768        3.12616198686543        1.92447975063968
B           -0.30746539257748        0.92062262499847        2.55597379662365
B           -0.90511978514177        4.16585129165014        1.36630863222349
B            0.94263248811571       -4.21631650687626        0.19715999172700
B            1.03462467923665       -2.67572296095399        0.59825218280111
B            1.23960885352942       -1.14669767520453        1.02557750454487
B            2.38262937566488       -3.61079677596577        0.78858804239462
B            2.62333521684290       -0.34835314271473        1.26172028700436
B            1.24532353250895        0.33420329726289        1.82117346891246
B            1.00293735735177        1.94153630289418        2.26332667580182
B            0.32943412422266        3.23771609451162        1.60396473009712
B            2.35234895322015        1.50398572907638        1.34894392007669
B            0.89904077976759        2.57030637950622        0.17801780180653
B            3.66566862097930       -4.37770889091494        1.51155627709742
B            3.80922506032708       -2.81388894766906        1.05335511466011
B            4.02733074724011       -1.22109429777662        0.90430976558396
B            4.95638991319687       -3.49234635477921        1.89167489683739
B            5.25083401123167       -0.25846530258583        0.26080080994986
B            4.08346139165107        0.41440958763092        1.16040016502976
B            3.81312081471683        2.20421773926042        0.88323959129520
B            2.48584230068784        2.64246874503614       -0.03295355100054
B            5.27914095010675        1.42188672170357        0.70925381539538
B            3.90468687679386        3.12758857800664       -0.41700307723245
H           -5.41407746611836       -3.16765237192635        1.62503485262410
H           -5.56681136314464       -1.95468933062380       -0.02983091903305
H           -4.66318197882736        0.08034910637755       -2.10873116063803
H           -6.08813645135770        1.13877223457348        2.01736751320231
H           -5.24044336633297        3.86985062225458        0.83007346544597
H           -3.77491834625066        3.78236014402929        3.60736216884091
H           -2.34597251367433       -4.96143218005765        0.26067292960353
H           -1.06477823553064        5.20106271426954        0.83425503851223
H            0.92351412391689       -5.28812030446888       -0.27083768352634
H            0.18859235744289        2.02271582512676       -0.59069293977933
H            3.61241945687884       -5.50293999242045        1.82472550241815
H            5.99159381407589       -3.44415378128758        2.42456040670808
H            6.19437144719080       -0.68024155632747       -0.28468344526758
H            6.33127452919686        1.91302470607492        0.87540768965707
H            4.63073050509544        3.73038359970439       -1.10126688825618
102
 energy: -135.719646659486 gnorm: 0.029853643562 xtb: 6.7.1pre (5071a88)
C           -0.11808355572577       -4.69218613632527       12.24979570411702
O            0.44480601656372       -5.45053879397955       11.20695136511960
C            0.20484239196463       -5.06491388404931        9.92197186318500
C           -0.60356897388223       -4.01266422764612        9.53998756329131
C           -0.77338703063494       -3.66301172316812        8.19063668396878
C           -1.59682773834406       -2.52546848547761        7.87093531389462
C           -1.63981991250420       -1.85038149544121        6.70253459574121
C           -2.51971105346203       -0.71023779460869        6.53339010236427
O           -3.28504301164636       -0.29191681258503        7.38843547563563
C           -2.38228468306855       -0.00152781883918        5.20126068716135
C           -1.05424293576599        0.74773991190007        5.27735255501261
O           -0.11140388004853        0.41811934964970        4.50775081190404
C           -1.01414750437399        1.81625068024387        6.20461327224858
C            0.06888585436571        2.62856017546204        6.36175036502741
C            0.18841524283375        3.72415726693858        7.27666352543667
C           -0.79850410840567        4.04858197940581        8.20880737720577
C           -0.63033426255433        5.12271618635486        9.05993950266547
C            0.50689519614659        5.90790757186614        9.01537617321456
O            0.70349095449514        6.96959345367574        9.84854310767941
C            1.51956666519639        5.59362790148767        8.08373948696950
O            2.60935200827020        6.41456635027567        8.10148594195675
C            3.66644104377592        6.15087057242475        7.22055544912751
C            1.34954141776637        4.51786063627375        7.24009294105623
C           -0.12602299845281       -4.42744787934384        7.22140819431271
C            0.66907973127325       -5.49415488387135        7.59537105222893
C            0.85367976659658       -5.82458270043534        8.92708031377833
O            1.65290928762748       -6.84938986463431        9.32504058315800
H            0.25326274837923       -5.13736070403984       13.17370704331640
H            0.20246884341024       -3.64612204173055       12.20300390696159
H           -1.21515348077970       -4.73867876377433       12.24222178782866
H           -1.11427931272559       -3.42300755250246       10.28290433347146
H           -2.23716512148514       -2.15050021276573        8.65690543544750
H           -1.00852804360203       -2.11180450155473        5.87033741188750
H           -3.20300534297435        0.70160182964861        5.07434250124711
H           -2.35439664961403       -0.71658375265924        4.37790425886072
H           -1.89677730925881        1.94710032961982        6.80402068429146
H            0.92119264737258        2.43651678019016        5.72683186500032
H           -1.69042756655539        3.45276515284149        8.28042349637976
H           -1.40263796074883        5.36622084516342        9.77892736973221
H           -0.07659150701260        7.07032339137308       10.40529313413892
H            4.41060671898021        6.91961066838631        7.41930695726276
H            3.35240179191849        6.21477284559991        6.17299328400493
H            4.10842476669041        5.16241437248834        7.40401510073944
H            2.11832697440218        4.26672568875697        6.52747492997642
H           -0.25405185179596       -4.20011005790678        6.17612545814941
H            1.16168441035912       -6.09141438860289        6.83848476530782
H            2.00744454853563       -7.29101280964371        8.54320885430240
B           -4.79472119607931       -2.59510026236682        0.81549271530366
B           -4.40037964714152       -1.26722461987430        0.02320364226758
B           -4.03629350656703       -0.12648499932494       -1.12516571889337
B           -3.27905182423168       -2.65336140394978        0.29172566065582
B           -2.71720801621690        0.19154068211393       -0.36184007323558
B           -4.27298535566673        0.38115625039780        0.61065891318068
B           -5.16046267244460        1.48324194014441        1.37548343627638
B           -4.69463091376187        3.04261024274026        1.47726822745232
B           -2.79930255796035        0.47463297194117        1.28712870306983
B           -3.51914173380324        3.42651798578380        2.53654448550963
B           -2.08386169466864       -3.81870429888080        0.26763628059156
B           -1.70419098026324       -2.27753793660197        0.16280320567480
B           -1.52617875905257       -0.66111061012187        0.39172631817606
B           -0.46685911277136       -3.32013660484031        0.27615229910157
B           -0.16946423763688       -0.33473598975574        1.23486077325309
B           -1.51377489537523       -0.05457483509700        2.09247767878518
B           -1.82750448845908        1.55607981220368        2.12814365171366
B           -2.06140266780666        3.11321455848297        1.96316426245792
B           -0.30715405806819        0.89279401309499        2.61251365477485
B           -0.91068219224614        4.15926010257652        1.40968295813637
B            0.94894091746503       -4.22095923654213        0.21006741205943
B            1.03667036643492       -2.67910561936788        0.60905984248647
B            1.24242792664660       -1.15321068054287        1.04428781977272
B            2.38616554042865       -3.61237050065560        0.80681681159476
B            2.62433670002968       -0.35569699029246        1.29215705933738
B            1.24205385686690        0.32482298116718        1.84515880628070
B            0.99616317434533        1.93000031896522        2.28878845482431
B            0.32296297296019        3.22910085756055        1.63773168314560
B            2.34983590848344        1.49813761575889        1.38169278791273
B            0.89756575010798        2.56346947050528        0.21316515014661
B            3.66259664629273       -4.38006718446710        1.54270581303893
B            3.81339858684489       -2.81788137522596        1.07883882754150
B            4.03026170652596       -1.22478246795098        0.93746965166456
B            4.95253393584713       -3.49670267288657        1.92795126561533
B            5.25232195298004       -0.25715633672056        0.29854374112212
B            4.07953538901527        0.41299133266958        1.19430044897638
B            3.81145593212767        2.20304094992871        0.92141342493148
B            2.48485800273284        2.64428034844437        0.00445530741047
B            5.27799385054492        1.42171408460386        0.75195867281271
B            3.90377166708044        3.13189907505483       -0.37517816731819
H           -5.40596781316363       -3.16196513264605        1.63768479975497
H           -5.55978832128312       -1.95109057681792       -0.01851450785417
H           -4.65944043382087        0.07898458537357       -2.10130352975169
H           -6.09795692634692        1.13969906751332        2.01464571009279
H           -5.22845796248676        3.87197376552516        0.83037672215586
H           -3.79723223465649        3.78949260900068        3.62229497901384
H           -2.34834920967225       -4.95893211990404        0.25750915689911
H           -1.07462821257215        5.19655520028796        0.88301452128533
H            0.93539351179585       -5.29372241766096       -0.25561412938907
H            0.19010381835046        2.01880420896188       -0.56021884635824
H            3.60229993508237       -5.50568616985869        1.85325801075162
H            5.98557942029401       -3.44941901466537        2.46582460720288
H            6.19606711056956       -0.67629877704539       -0.24860899394009
H            6.32944713437716        1.91254036950653        0.92317769812508
H            4.63235167819455        3.73633377934051       -1.05526967149081
102
 energy: -135.722937172597 gnorm: 0.046130919844 xtb: 6.7.1pre (5071a88)
C           -0.16330396600134       -4.68587962428793       12.23227178676867
O            0.42048717066300       -5.44070549153710       11.19846910786297
C            0.19185912384607       -5.06186068091176        9.90970212856803
C           -0.61317347999666       -4.01216121274374        9.51452746013533
C           -0.76888203259915       -3.66854548888415        8.16158615367603
C           -1.58876314100355       -2.53114300882611        7.83110928428259
C           -1.61728753961278       -1.85117207013250        6.66428236243733
C           -2.50161052211428       -0.71455379042889        6.49039349413112
O           -3.28355321086358       -0.30678301014854        7.33707525149424
C           -2.36251991349159       -0.00052514965421        5.16181697523611
C           -1.04133133975705        0.76147509162310        5.23235997885705
O           -0.10269607865251        0.45451374140443        4.42929381268535
C           -0.99617473576225        1.81335833335523        6.16941531506801
C            0.08465158870258        2.63257843996137        6.33363819858526
C            0.19640032484535        3.72304177968684        7.25383449109076
C           -0.79381497474957        4.04185711470261        8.18463846813245
C           -0.63279298483328        5.11741351928090        9.03597539162541
C            0.49860076906899        5.91039912249681        8.99423356267111
O            0.68840949334506        6.97388598538721        9.82774805534287
C            1.51561957710790        5.59971626779766        8.06524359630614
O            2.60146732921173        6.42586201892276        8.08508745577892
C            3.66051821485123        6.17111320417662        7.20479073469784
C            1.35391501483493        4.52359516319685        7.22140431283363
C           -0.11014212840966       -4.43579035587451        7.20260218826933
C            0.68169039130869       -5.50052325872450        7.59059039690828
C            0.85178332496965       -5.82610486846694        8.92499169147310
O            1.64844734255167       -6.84584534556071        9.33807945388393
H            0.19001688020642       -5.13334450877651       13.16273635453672
H            0.15861198054032       -3.63943332976885       12.19485231742904
H           -1.26040762222908       -4.73266110597544       12.20340337991222
H           -1.13210726291035       -3.41915796783010       10.24882390348094
H           -2.24332591770715       -2.15989339405916        8.60768035925138
H           -0.97437242073938       -2.10676814045053        5.83866748073904
H           -3.18920294375350        0.69620187586902        5.03798090110216
H           -2.33063402146378       -0.71312362594964        4.33598468984882
H           -1.87465583377632        1.93214944080763        6.77659102308544
H            0.93802850256208        2.45128603623430        5.69788788595748
H           -1.68174081882348        3.44059995965715        8.25537993106103
H           -1.40863619670384        5.35738802675942        9.75263179904733
H           -0.09461423983796        7.07011977881531       10.38058485188615
H            4.39710650530463        6.94713522603383        7.40212682890990
H            3.34677245396128        6.22934365601573        6.15677537426268
H            4.11221647605924        5.18665054293359        7.38997715059259
H            2.12686265454407        4.27727566210246        6.51181087309756
H           -0.22626221363811       -4.21303120965347        6.15489530053967
H            1.18242783520183       -6.10123317431071        6.84150723742309
H            2.01165519364416       -7.29306029327344        8.56273398660030
B           -4.78493580213629       -2.59061841873918        0.82618514804336
B           -4.39410700894140       -1.26099415195933        0.03331112325647
B           -4.03126868575447       -0.12310219111206       -1.11798807900755
B           -3.27123708927796       -2.64844262653372        0.30007503267972
B           -2.71313983856245        0.19101248079516       -0.35264378241558
B           -4.26993909818417        0.38696933424319        0.61900193254576
B           -5.16619323727339        1.48713155520283        1.37786572332674
B           -4.69372474806058        3.04297493356681        1.48419265599349
B           -2.79709984508582        0.47843442289542        1.29730577010596
B           -3.52767061449070        3.42425829888955        2.55495685391892
B           -2.07726432588528       -3.81696425211668        0.26687465179868
B           -1.69534832998660       -2.27527523655474        0.16886931421183
B           -1.52017669362510       -0.65955452921926        0.40302938395078
B           -0.46088106461832       -3.32430362292168        0.28275218561648
B           -0.16834749269195       -0.34507796846685        1.26210600565129
B           -1.52091858789423       -0.06583274135665        2.10140496161707
B           -1.82198789792972        1.54448235753546        2.16287440030037
B           -2.06516493493996        3.09977312692057        1.99954030035446
B           -0.30729818023691        0.86175922635694        2.68527188150925
B           -0.91761067190366        4.15068607709729        1.44228395379586
B            0.95493931620730       -4.22470817668952        0.22020365690449
B            1.03888244663862       -2.68187500187739        0.61900452941402
B            1.24436462038419       -1.15962093368487        1.06508240118282
B            2.38988747782499       -3.61355143531308        0.82182144290597
B            2.62464481727384       -0.36223459166466        1.32052981909315
B            1.23891903054557        0.31619376092837        1.87019668732170
B            0.98637396093947        1.91856326140856        2.31097744642324
B            0.31428227774498        3.21932969372285        1.66570477564764
B            2.34500285162102        1.49262005923337        1.41070054525050
B            0.89419485108384        2.55416706189042        0.24345917889123
B            3.66072465167854       -4.38187938736868        1.56873777769489
B            3.81741032499604       -2.82098297752811        1.09982113445567
B            4.03248565324453       -1.22768824950645        0.96617220642820
B            4.94966133288902       -3.49959040442847        1.95815204360325
B            5.25250314280464       -0.25549872002575        0.33025477843657
B            4.07545213898053        0.41185374603105        1.22348014451456
B            3.80786754020238        2.20172022213369        0.95475559207075
B            2.48188723734169        2.64495908775314        0.03701842540592
B            5.27523641848824        1.42248651137856        0.78792920566378
B            3.90081481506444        3.13475799466869       -0.33916104577160
H           -5.39828469164785       -3.15555165096394        1.64820597858050
H           -5.55206454264632       -1.94609209911126       -0.00917268402058
H           -4.65403674095854        0.07914811335246       -2.09481295003875
H           -6.10438178470906        1.14111041717445        2.01450392780863
H           -5.21754416150085        3.87529292932262        0.83270359011966
H           -3.81494761720974        3.79794749297790        3.63495271284770
H           -2.35060658698871       -4.95528423571959        0.25152985192830
H           -1.08502377209804        5.19263637342044        0.92558501348610
H            0.94765359696909       -5.29798598752514       -0.24414229999444
H            0.19009905443855        2.01252960917236       -0.53485060867557
H            3.59452552670987       -5.50778000378401        1.87723290884823
H            5.98126322529061       -3.45286755478550        2.49971636066793
H            6.19620028969488       -0.67179576894553       -0.21919823924507
H            6.32613896716096        1.91313230830163        0.96284615465372
H            4.63159087082295        3.74001958055656       -1.01619761744900
102
 energy: -135.728467476628 gnorm: 0.059126971181 xtb: 6.7.1pre (5071a88)
C           -0.19724229995517       -4.68174415235545       12.21701838451659
O            0.40409553428714       -5.43185861535208       11.19038524283800
C            0.18339406405952       -5.05909944677275        9.89898427788062
C           -0.61700869345293       -4.01047364057979        9.49306007795291
C           -0.76225431617095       -3.67231806457282        8.13751265961557
C           -1.57671022314643       -2.53358139806923        7.79833313470720
C           -1.59583653102216       -1.85003787139718        6.63338896471240
C           -2.48346074371625       -0.71727030416386        6.45636403640137
O           -3.27422535551082       -0.31636181588061        7.29623585608640
C           -2.34987836387561        0.00143808384526        5.13002433404116
C           -1.03868070337176        0.78040813965078        5.18746891928032
O           -0.10765313163834        0.50742046512775        4.33418674336224
C           -0.98173143838391        1.80752800796316        6.13945789849937
C            0.09634226938409        2.63711723394653        6.30875521608209
C            0.20112319073478        3.72109452460318        7.23449111317849
C           -0.79165277644451        4.03566952611065        8.16455224936612
C           -0.63537907600018        5.11121687981259        9.01699192771883
C            0.49121066889747        5.90977468599425        8.97902626024970
O            0.67698547033330        6.97323405100609        9.81428597567920
C            1.51175259650549        5.60162103499044        8.05197114412899
O            2.59523690178256        6.43055186661745        8.07457699089536
C            3.65549510297521        6.18443746326694        7.19447935776004
C            1.35633122261484        4.52698898564329        7.20685728367155
C           -0.09726363821637       -4.44359044745787        7.18758601936199
C            0.69042738419511       -5.50737643646504        7.58734808059421
C            0.84962106202144       -5.82882390185489        8.92306638756794
O            1.64338497577495       -6.84407842620059        9.34898595500514
H            0.13937977690618       -5.13310388608475       13.15245638544579
H            0.12757988146649       -3.63541229867350       12.19007240165200
H           -1.29406497691373       -4.72704230415701       12.16954254681038
H           -1.14051365718104       -3.41367208310218       10.21994255800046
H           -2.23991123054399       -2.16358216613779        8.56635524952824
H           -0.94796370491914       -2.10267396034169        5.81286328580621
H           -3.18463520983012        0.68942662113188        5.01404290251959
H           -2.31835460377998       -0.70943882815186        4.30257576752972
H           -1.85317283715385        1.91147189821441        6.75846918975206
H            0.94927021505390        2.46889350463087        5.67002671077991
H           -1.67632246970983        3.43074819772011        8.23435772240077
H           -1.41410797697102        5.34863608888362        9.73165658863767
H           -0.10866801287055        7.06580775719358       10.36326246103051
H            4.38569127427046        6.96586734547753        7.39133493617172
H            3.34245164587358        6.23887561035823        6.14618771868963
H            4.11499070344454        5.20299578780242        7.37981277159455
H            2.13315532212120        4.28499334857399        6.50036710105097
H           -0.20398782289378       -4.22498435664254        6.13837034869537
H            1.19581519618403       -6.11211341111777        6.84498174322713
H            2.01061294287795       -7.29762063973879        8.57948860322592
B           -4.77457679149020       -2.58541210644301        0.83451243826632
B           -4.38711790108355       -1.25288824655957        0.04307699027307
B           -4.02597808592989       -0.11747344645380       -1.11088726457159
B           -3.26233499016923       -2.64136083045114        0.30755739914174
B           -2.70859004193238        0.19077989638673       -0.34338490501403
B           -4.26588872872788        0.39428370015748        0.62754751560767
B           -5.17129742225950        1.49218531171787        1.38045771513843
B           -4.69354208507550        3.04466495999059        1.49056295818237
B           -2.79366915114300        0.48343874446122        1.30818688754987
B           -3.53421400439127        3.42305003087573        2.56907820194342
B           -2.07030168088750       -3.81402770823050        0.26261942388756
B           -1.68529951294966       -2.27140688497469        0.17536395389334
B           -1.51356050198398       -0.65632765713094        0.41569081459699
B           -0.45483864348440       -3.32824143900285        0.28698531661524
B           -0.16801287784784       -0.35682131025874        1.29466295612344
B           -1.52874246097484       -0.07674278121192        2.11204360925418
B           -1.81344759362858        1.53307065318889        2.19803091866916
B           -2.06755421072090        3.08546578702388        2.03147051479840
B           -0.30593525112623        0.82601544024318        2.77764889244972
B           -0.92495616092441        4.14437522835333        1.47144070016964
B            0.96093611536490       -4.22781652472905        0.22590324531315
B            1.04056848582828       -2.68378060707923        0.62478627200297
B            1.24594109649551       -1.16588143078374        1.08418984536187
B            2.39375375904139       -3.61376288296336        0.83118282985542
B            2.62486059037371       -0.36845228095816        1.34434539087462
B            1.23626908495312        0.30810019404340        1.89190302460463
B            0.97505474362766        1.90722911058205        2.32495344641962
B            0.30307934308992        3.20845028277858        1.68646465984427
B            2.33889340722362        1.48753460422263        1.43260402771320
B            0.88940325059814        2.54339024655829        0.26708915433055
B            3.65927558651606       -4.38270816857873        1.58880192852876
B            3.82131309514379       -2.82306739898470        1.11488722108682
B            4.03485501135830       -1.22996544906805        0.98900449916896
B            4.94694465563928       -3.50095501391366        1.98205058281765
B            5.25146856464908       -0.25354856095113        0.35375877372323
B            4.07054387639111        0.41169440954107        1.24461248955710
B            3.80347690276456        2.20102816278729        0.98043379134518
B            2.47752710804803        2.64685923749175        0.06289788064993
B            5.27150788215535        1.42402313457903        0.81517508091474
B            3.89641139203575        3.13846916692188       -0.31059221018589
H           -5.39117585329319       -3.15090315814111        1.65364268801152
H           -5.54378625734965       -1.93902391720071       -0.00140819490054
H           -4.64811509313923        0.08131507120266       -2.08855946958041
H           -6.11086930318514        1.14364118058637        2.01348635653130
H           -5.20556908389484        3.87893791695410        0.83182778440055
H           -3.82863030408390        3.80836347141723        3.64333472854107
H           -2.35395155925653       -4.95011413269636        0.24021824111736
H           -1.09677304027026        5.18764421674830        0.95924765918166
H            0.96052282650076       -5.30157532157809       -0.23705122674421
H            0.18943724206412        2.00414041373743       -0.51613907066650
H            3.58696470039904       -5.50844182780065        1.89642910912733
H            5.97755445002630       -3.45441701160022        2.52655179606009
H            6.19444535531379       -0.66695440186758       -0.19917383238536
H            6.32206713532473        1.91424451589752        0.99303945433290
H            4.62933032188916        3.74417375788349       -0.98491947775870
102
 energy: -135.631038034832 gnorm: 0.684849779036 xtb: 6.7.1pre (5071a88)
C           -0.19233651245619       -4.68642358821811       12.20682728198425
O            0.40452527426928       -5.42834377266077       11.18489883559244
C            0.17979266224500       -5.05913811872718        9.89639731961726
C           -0.61550350683116       -4.01008685677537        9.49035322935674
C           -0.75875762017327       -3.67174408365352        8.13703565521416
C           -1.56459286457912       -2.52742273977218        7.79634635153651
C           -1.57631548988950       -1.83767556053785        6.63579016057181
C           -2.47301243968427       -0.71394826958624        6.44593219987721
O           -3.26118065713562       -0.31785752875803        7.28299327301491
C           -2.35771251446197        0.00499831974506        5.10908600950162
C           -1.06768848872447        0.81475835025572        5.13973900611037
O           -0.12525813541054        0.63155200730602        4.14697274423420
C           -0.96877813430097        1.77904987060981        6.11241261884568
C            0.10697770823817        2.64176155112890        6.29177781629558
C            0.19758764356958        3.71176791311996        7.22399141859883
C           -0.79550792588761        4.02826811824880        8.15938770111411
C           -0.63730547808563        5.10112138325891        9.01439460209844
C            0.48786518091604        5.90278130624946        8.98059087312782
O            0.66843406394658        6.97152207946380        9.81639776577823
C            1.50932476334135        5.59459928333317        8.05611949300142
O            2.59853345180293        6.42070419086559        8.08495019195888
C            3.65283209594527        6.17523212697899        7.19996938746169
C            1.35332039170093        4.52479512823277        7.20689580710607
C           -0.09415177310625       -4.44403593185443        7.19216367434032
C            0.68861619682450       -5.50949444540111        7.59061595342943
C            0.84330209272770       -5.83185258542049        8.92183365676695
O            1.62921351117349       -6.84933604417384        9.34791533991417
H            0.13915074431576       -5.14780401490417       13.13347692012811
H            0.13557381927077       -3.63910762432545       12.18974903156477
H           -1.28006892961171       -4.72567690716155       12.15906209057766
H           -1.13720989092351       -3.41236004074983       10.21565521187714
H           -2.22460057351388       -2.15821255926412        8.56110979510338
H           -0.93409629191202       -2.09883072261972        5.81788990592815
H           -3.21961955805430        0.67030890288833        5.00491257291336
H           -2.33516690825989       -0.71372114267626        4.28587269800419
H           -1.82721496704616        1.86240012735795        6.76017624842678
H            0.96038703247360        2.50323246658626        5.64506152891341
H           -1.68099739593485        3.42474709046197        8.23216788662471
H           -1.41550332232639        5.33734710470670        9.73012610562160
H           -0.11308207392298        7.05421654861270       10.37071873493837
H            4.38499252051941        6.95249595290402        7.39512382424176
H            3.33645352910211        6.23227064859650        6.15270389949778
H            4.10934127763252        5.19334210494012        7.38104500419608
H            2.13072098904422        4.28611533287848        6.50081628945555
H           -0.19603667432548       -4.22669635447724        6.14511951456149
H            1.19298122415178       -6.11296522373897        6.84874039079296
H            2.00472921422047       -7.30072253338280        8.58391628091689
B           -4.75593138732787       -2.57167338065425        0.83946724081124
B           -4.37724830060349       -1.23525457051709        0.04956233097059
B           -4.02717051651405       -0.10248330221855       -1.11016624221318
B           -3.24292946172218       -2.62093322764783        0.31544505702029
B           -2.70785345081794        0.18268018988986       -0.34412294569022
B           -4.26025572302003        0.41503282264743        0.62760786323826
B           -5.17772338095958        1.50313833465148        1.37887740487933
B           -4.69038979113107        3.04979947226062        1.49566775533976
B           -2.78695227160907        0.50421110464609        1.31319887052186
B           -3.52956590976700        3.42762900897356        2.56540975051979
B           -2.06251036816140       -3.80466185004249        0.24885765845602
B           -1.66111306532041       -2.25881891400731        0.17944143134391
B           -1.50099833143539       -0.63939308703174        0.42836830902962
B           -0.44472068816390       -3.33394344429488        0.28584781282582
B           -0.17391555768530       -0.38513686194657        1.37529214712434
B           -1.55256648462406       -0.08446166545715        2.11516784168721
B           -1.79000159740114        1.51876337138926        2.23731017789522
B           -2.06016827461481        3.06077062308257        2.05179777348656
B           -0.30367274260470        0.73964347494346        3.07137146582765
B           -0.93946988943182        4.14542166335968        1.47594040492057
B            0.96431989129668       -4.22971112417255        0.21792151032374
B            1.04152811051975       -2.68058252564433        0.61648135879224
B            1.24547854790281       -1.17297991922567        1.10353841065284
B            2.39804452968710       -3.61131599730167        0.82324151559833
B            2.62502859390292       -0.37376153208925        1.35216325970461
B            1.23469986985178        0.30591188747528        1.90065843307686
B            0.94069893082759        1.89344379877660        2.29102782418672
B            0.27282138828282        3.19448200164674        1.67528528995817
B            2.32039812528494        1.48241628944074        1.42300261150172
B            0.87831174883477        2.52409327877532        0.26786986415337
B            3.65783711563524       -4.37804524946431        1.59407853736955
B            3.82440575568058       -2.82293336020971        1.10700324164278
B            4.04186941327549       -1.23151477628237        0.99596384620363
B            4.94428862154396       -3.49593267405908        1.98561190533121
B            5.24922371270795       -0.25412739502533        0.35132750477997
B            4.06530382584821        0.41196140944544        1.23753397771165
B            3.79318981197612        2.19877643681324        0.98305140185257
B            2.46870729892122        2.65638958548629        0.06845719730243
B            5.26277422831365        1.42958019729680        0.81373414515007
B            3.89007313634008        3.14089346340221       -0.30521246961963
H           -5.38312162230822       -3.14223368096186        1.64678379706965
H           -5.52692402607678       -1.92304411415848       -0.00199096947051
H           -4.64784252480274        0.08628057595624       -2.08943661669679
H           -6.11066265913438        1.14661660025747        2.01399582048046
H           -5.19016956676778        3.88292333788889        0.82984310951774
H           -3.81963945939531        3.82507640973692        3.63275438638549
H           -2.35921872898249       -4.93800925913097        0.20915625398350
H           -1.11823618406619        5.18492136753404        0.96541532299317
H            0.98193355322176       -5.30301190194976       -0.24477996739230
H            0.18683290720325        1.98868702841755       -0.52224166059052
H            3.58243920502975       -5.50320742702164        1.90066081222919
H            5.97444503318116       -3.44610157411437        2.52977779191631
H            6.19136033964945       -0.66013602272070       -0.20743238928304
H            6.31354499022926        1.91697530256826        0.99533870716467
H            4.62580101813146        3.74541554071145       -0.97695317283648
102
 energy: -135.733664513254 gnorm: 0.041647391132 xtb: 6.7.1pre (5071a88)
C           -0.19213272626116       -4.68451498304597       12.20863297761902
O            0.40449563306379       -5.43009360827050       11.18478882403488
C            0.18004671175537       -5.05868288531872        9.89670174162151
C           -0.61659526162761       -4.00934103635028        9.49088158056620
C           -0.75894821069060       -3.67022650275675        8.13716804941991
C           -1.56534096630227       -2.52624409010362        7.79562303037128
C           -1.57648940657442       -1.83774085759497        6.63449272947874
C           -2.47466234079260       -0.71242687503545        6.44346903214463
O           -3.26231673325482       -0.31736006808194        7.28512872585444
C           -2.35941890001835        0.00403362299990        5.10968272219186
C           -1.07026662005714        0.81517899848639        5.16650077731904
O           -0.08458061866691        0.59012734556980        4.31654469234445
C           -0.97468509037910        1.79523077713530        6.12365808889363
C            0.10384196654688        2.64085271889763        6.29427126576856
C            0.19852464528207        3.71445747248472        7.22585742501553
C           -0.79520169416989        4.02909514338507        8.15994398820249
C           -0.63864866138709        5.10207075290514        9.01490673378602
C            0.48854790641280        5.90249619145150        8.98031138465844
O            0.66787331124381        6.97105567234862        9.81566082537790
C            1.50927448045250        5.59597863483838        8.05603365819302
O            2.59708944747012        6.42248979726559        8.08469571002671
C            3.65248965542559        6.17523028620061        7.19981702258516
C            1.35301086819143        4.52526774992708        7.20672449224493
C           -0.09449092084316       -4.44362077598511        7.19118151571398
C            0.68822699541143       -5.50950455108923        7.58896769960367
C            0.84366986074494       -5.83032379327369        8.92286481400499
O            1.63017750889323       -6.85012797151066        9.34879478840476
H            0.13916092519886       -5.14698350646949       13.13524080810692
H            0.13490710607629       -3.63878797767056       12.18967161772411
H           -1.28251311684061       -4.72518616116973       12.15946579696144
H           -1.13791718394373       -3.41125142703449       10.21699676176462
H           -2.22616333846476       -2.15710705836016        8.56316413705010
H           -0.93354131445624       -2.09897983698837        5.81621375140929
H           -3.21844400730775        0.67023002008846        5.00336985967204
H           -2.33310488160821       -0.71343772946965        4.28640490026031
H           -1.83204933326928        1.86948055599665        6.76497110019651
H            0.95795298940161        2.50140217625257        5.64496569996277
H           -1.68191499762182        3.42522904765407        8.23176472033991
H           -1.41675927196456        5.33771675781806        9.73052941675767
H           -0.11434154471768        7.05532371777086       10.37090771304662
H            4.38510034901813        6.95367290747461        7.39512082656871
H            3.33565913182844        6.23311003778894        6.15296209731587
H            4.10881978393746        5.19429454677508        7.38092436102418
H            2.13054512265957        4.28616470104271        6.50005446877390
H           -0.19714135024228       -4.22563110324764        6.14317847560150
H            1.19328095318952       -6.11302621800708        6.84749806122585
H            2.00477647489153       -7.30094032248876        8.58271146748240
B           -4.75693806704354       -2.57129138965453        0.83882390699912
B           -4.37701124787057       -1.23680553857724        0.04927718520066
B           -4.02626948054790       -0.10342379102540       -1.11006961080219
B           -3.24308021976370       -2.62192359993774        0.31466448824778
B           -2.70648302287242        0.18527473033116       -0.34381848910744
B           -4.26064554090555        0.41407202885025        0.62637579965030
B           -5.17595798009456        1.50173517251874        1.37966570873115
B           -4.69086319974675        3.04979414522224        1.49583931765664
B           -2.78991845334889        0.50085817654599        1.31056874570329
B           -3.52934988919241        3.42718209980486        2.56632867785275
B           -2.06317856797082       -3.80480584658207        0.24933742325212
B           -1.66267350221905       -2.26123561803965        0.17943517827591
B           -1.50373234457794       -0.64367948835309        0.42600979161255
B           -0.44531357315749       -3.33353169506719        0.28508271488270
B           -0.17329701063604       -0.39327109708689        1.35727312722027
B           -1.55121612762297       -0.08753618764415        2.11620040031315
B           -1.80380122877181        1.52101939476504        2.23057478283218
B           -2.05990492789684        3.06392810254665        2.05109808776751
B           -0.31764893423458        0.77421092651896        2.89264586980525
B           -0.93974958335731        4.14504046923192        1.47664567056035
B            0.96563342179772       -4.22992973705102        0.21839732245537
B            1.04348160134900       -2.68249344640538        0.61714967449896
B            1.24723320090287       -1.17572098273574        1.10362791596064
B            2.39815084828578       -3.61216367861902        0.82379931449880
B            2.62581358589471       -0.37395671978654        1.35164459283295
B            1.23621174933798        0.30227348945841        1.89850603630538
B            0.94589156998163        1.89402061440431        2.29135727130292
B            0.27479958247119        3.19501589401296        1.67487851399848
B            2.32343183430799        1.48183372181934        1.42232461577300
B            0.87882745268335        2.52543475494761        0.26626061486362
B            3.65801413290414       -4.37826977436937        1.59367101976202
B            3.82466899196189       -2.82374396203756        1.10744044212891
B            4.04139042418732       -1.23117185789981        0.99490273730243
B            4.94551855644432       -3.49688742766047        1.98559786824448
B            5.24968901403089       -0.25380574537412        0.35093081397520
B            4.06641964870234        0.41133201707817        1.23841077303823
B            3.79305349101822        2.19866617306521        0.98292243847631
B            2.46882955834468        2.65481808211580        0.06818952827563
B            5.26320171253979        1.42867058938031        0.81326293989808
B            3.89009770442351        3.14058072351704       -0.30526622098199
H           -5.38247548706469       -3.14260779847463        1.64669411206833
H           -5.52619052094900       -1.92428941667747       -0.00165746894284
H           -4.64743980227653        0.08617943346695       -2.08962530827328
H           -6.11074930336027        1.14630707712653        2.01346190041333
H           -5.19006868831585        3.88311427080140        0.82921073700257
H           -3.81975895085128        3.82466361792767        3.63365501257909
H           -2.35857104695545       -4.93832456637182        0.20925986665953
H           -1.11813184179342        5.18498032805662        0.96528323884109
H            0.98151301753575       -5.30361172865662       -0.24467116275818
H            0.18677046693442        1.98798051046477       -0.52261291016993
H            3.58320956128640       -5.50357383992786        1.90061787374606
H            5.97453394145772       -3.44646040486993        2.52994860377251
H            6.19178652439897       -0.66047782980322       -0.20761816675405
H            6.31384652203839        1.91669220531548        0.99505735412073
H            4.62594209224761        3.74512112617370       -0.97718600838722
102
 energy: -135.736656373428 gnorm: 0.022108329887 xtb: 6.7.1pre (5071a88)
C           -0.19002805053205       -4.68492293679888       12.21720043229664
O            0.40082529885423       -5.43494950206501       11.19221271426156
C            0.18343038545258       -5.05730250689247        9.90207202698967
C           -0.61788119723414       -4.00842343964291        9.49875389760908
C           -0.75995496541672       -3.66517739228400        8.14569399019264
C           -1.57595438067611       -2.52637547017030        7.80550438910596
C           -1.58448674848072       -1.83875986771131        6.64507173818774
C           -2.49329910817525       -0.72037868528869        6.45493446595420
O           -3.27928649845755       -0.33386609740215        7.30572409801779
C           -2.37132780447255       -0.00028204417761        5.12177450960144
C           -1.07762366812017        0.78468362878136        5.21638879350875
O           -0.08835475329107        0.55919285033042        4.33267704927965
C           -0.97696012596218        1.77784392719456        6.16482031606362
C            0.10262658254643        2.63087450528403        6.31535247171318
C            0.20224010891872        3.71190314095864        7.23178476337711
C           -0.79126013479047        4.03197723912525        8.16761633261175
C           -0.63507122211738        5.10512800353765        9.02032825728727
C            0.49661026028078        5.90223325865260        8.98156339982301
O            0.67238431106970        6.97308079903504        9.81577074928486
C            1.51499982850910        5.59867239810943        8.05663838288299
O            2.60159910265268        6.43214341903052        8.08320868208336
C            3.65851603752275        6.17774651274726        7.19964172505199
C            1.35708680852021        4.52380228138001        7.20948949410246
C           -0.09413155702711       -4.43617258907845        7.19586959773504
C            0.69224715164224       -5.50230157974371        7.58751683551607
C            0.85042925953735       -5.82268185235043        8.92335397932467
O            1.63641751338624       -6.84973498907361        9.34062593716236
H            0.15154245856187       -5.14025998303496       13.14339250672569
H            0.13147407477305       -3.63758855526618       12.19020501663297
H           -1.27985153596470       -4.72823808993040       12.17439332414508
H           -1.14356108357462       -3.41495063598014       10.22927625159033
H           -2.23791001090690       -2.15976654753362        8.57782389781472
H           -0.92830152185067       -2.09520808412372        5.82630269202749
H           -3.22609267884205        0.67205809947382        5.00226631994767
H           -2.33522557611342       -0.71406758067333        4.29285350319746
H           -1.83960576451974        1.88498321389622        6.80184599668156
H            0.94818208566445        2.48213994235001        5.65957124171245
H           -1.68301604097509        3.43326893790162        8.23666055041551
H           -1.41109931459271        5.34045989249059        9.73800588693803
H           -0.10848832955101        7.05953242906335       10.37361960753775
H            4.39406564785617        6.95666570253672        7.39354628609432
H            3.33879379052984        6.23549656838606        6.15252700715863
H            4.11258934278712        5.19648330255323        7.38462591007254
H            2.13095215729072        4.28108540017371        6.49920471988353
H           -0.20362161970305       -4.21799170208809        6.14803451310216
H            1.19811507092385       -6.10273713772205        6.84323160489555
H            2.01214215925383       -7.29396648357864        8.57283830620622
B           -4.75684270743610       -2.57058635087857        0.83710023505821
B           -4.37763927672215       -1.23859868581365        0.04620588716289
B           -4.03091759556017       -0.10310700273017       -1.11350356904941
B           -3.24203788406607       -2.62376241834250        0.31288308214409
B           -2.71037372266154        0.17968549796098       -0.35045173186693
B           -4.26252316703615        0.41461452087933        0.62039772680126
B           -5.17013735120728        1.49850188979715        1.38610247133263
B           -4.69280975243483        3.05060342082850        1.49582893400898
B           -2.79140870049398        0.50079530870654        1.30619861846354
B           -3.52969699393380        3.43425935986815        2.56125392764587
B           -2.06602126071288       -3.80799583919235        0.25006754271922
B           -1.66138157258453       -2.26445572316483        0.17550442325333
B           -1.50782025642352       -0.64347054508805        0.42306545749926
B           -0.44605556512771       -3.33656756439050        0.28378102706310
B           -0.17497139910643       -0.40339951570180        1.35990826585544
B           -1.54420728017683       -0.07006639519862        2.10403111949404
B           -1.81455429457318        1.53178880884662        2.20762039888829
B           -2.06251995603294        3.07536417077756        2.03671773097417
B           -0.32022538304026        0.79547399692497        2.91179815044271
B           -0.94212884098560        4.15860719924582        1.46377936288250
B            0.96153345033889       -4.23315994045440        0.22056275940185
B            1.04326111250765       -2.68508494553118        0.62135691029682
B            1.24955061766065       -1.17967051307631        1.10277044752807
B            2.39751416479090       -3.61629573651863        0.82248230894180
B            2.62907669458435       -0.37457352042787        1.33967855641726
B            1.24074557698303        0.30966111149114        1.87741393926701
B            0.95288676893105        1.90521130532450        2.25384585577847
B            0.27237280410767        3.20724991078863        1.65408337722920
B            2.32592009712587        1.48035455040139        1.39632809327623
B            0.88119972086883        2.52733596298781        0.25219487481115
B            3.65793543905120       -4.37867925905383        1.59154125933126
B            3.82366681832296       -2.82710202820841        1.10096723942376
B            4.04689312110887       -1.23415890538934        0.98816552264728
B            4.94644713609125       -3.49867630946191        1.98036791578801
B            5.25432784555775       -0.25951793977874        0.34178684410230
B            4.07181982979653        0.40720524385903        1.22666073142550
B            3.79530659326356        2.19511312902032        0.96783400806998
B            2.47247419928264        2.65340723416104        0.05062858804270
B            5.26571336495793        1.42730440585140        0.80367778701017
B            3.89509531525363        3.13453529211568       -0.32173033182931
H           -5.38187750800674       -3.14034139684615        1.64654017366056
H           -5.52184705441178       -1.92340944687814       -0.00544496245283
H           -4.65283584857721        0.08414328343180       -2.09255931151621
H           -6.11553523108193        1.14271137726151        2.00380770564285
H           -5.19684734985983        3.88025107219590        0.82966019051776
H           -3.81462173884749        3.82652530102889        3.63095777087014
H           -2.35813157070479       -4.94178293926232        0.20923676866828
H           -1.12575321614353        5.19787415427635        0.95568786178496
H            0.97964896767958       -5.30446343056611       -0.24721483392326
H            0.18888674639483        1.98223280300202       -0.53068966397084
H            3.58841846254964       -5.50510685817803        1.89504982115703
H            5.97188060178435       -3.44418983311212        2.52934280539593
H            6.19700392763821       -0.66226830368961       -0.21721936322718
H            6.31490813314611        1.91587199892594        0.99172008244519
H            4.62970422268826        3.74291433660990       -0.99038996471693
102
 energy: -135.738300681943 gnorm: 0.018653234686 xtb: 6.7.1pre (5071a88)
C           -0.21146013479250       -4.68300689121140       12.21479192532488
O            0.39184919573583       -5.43633538335607       11.19132295989338
C            0.18383883259139       -5.05617236618964        9.89796730885311
C           -0.61668323910794       -4.00594887132624        9.49041939905174
C           -0.74992804343112       -3.66017366908916        8.13487717578923
C           -1.56604398307818       -2.52240559383010        7.79077847833743
C           -1.56539964406843       -1.83147050654524        6.63034624763866
C           -2.48694373982715       -0.72291495370878        6.44298439559727
O           -3.28674758371661       -0.35002966280262        7.29615320784884
C           -2.37086692507487       -0.00466945682505        5.11243041805058
C           -1.09060476609650        0.78172394263813        5.22903780416987
O           -0.10534970615418        0.55856506761219        4.32603396648293
C           -0.98084004115396        1.77627387709098        6.18597810457649
C            0.10066362194883        2.62971886883721        6.31681393364094
C            0.20734181542636        3.70980156493211        7.22925614178663
C           -0.78798962701966        4.02861843909603        8.16531096368621
C           -0.63628558553081        5.10161802428237        9.01657203888620
C            0.49709287447671        5.89814535782267        8.97687036213116
O            0.66895520262140        6.96693172107447        9.81250202311180
C            1.51586647293907        5.59939529519915        8.05101909860169
O            2.59993681332385        6.43580149887911        8.07858381681013
C            3.65823754225187        6.18223903851707        7.19492213602297
C            1.36048494922257        4.52431242121868        7.20348070707098
C           -0.08155886080408       -4.43264600338921        7.18525182799759
C            0.70130880385644       -5.50206236599750        7.58080622034719
C            0.85408920791997       -5.82155222662833        8.92121431923137
O            1.63480684345847       -6.85507876780696        9.34184227229328
H            0.12404105187469       -5.13347655623847       13.15045920128921
H            0.10945145962745       -3.63578810847111       12.18729272959490
H           -1.30717028767374       -4.72886359711510       12.15917236005078
H           -1.14403606684604       -3.41132042618831       10.21997938082323
H           -2.23774739824501       -2.15986750570581        8.56272440455837
H           -0.90419390391509       -2.08475579072808        5.81322947170974
H           -3.22973797317219        0.65785874836845        4.98441212119566
H           -2.31934409058738       -0.71593644966598        4.28283914436277
H           -1.82770648169466        1.88531302098345        6.84621426936289
H            0.93281743956395        2.47870998714255        5.64584994131143
H           -1.68258917939317        3.43258119092676        8.22790525084618
H           -1.41370775696520        5.33489570945320        9.73366736820645
H           -0.11361726160224        7.05326680530298       10.36953488017573
H            4.39458111060217        6.96170721713463        7.38851138198638
H            3.33654696950335        6.24213108966076        6.14907499317222
H            4.11292383413260        5.20146313956713        7.37859479812680
H            2.13318093302327        4.28231593624662        6.49037746178483
H           -0.18835540881696       -4.21362747909597        6.13430768656259
H            1.20989560317512       -6.10419886576835        6.83830157472035
H            2.01797271718660       -7.29730053616886        8.57392809712779
B           -4.74177836206948       -2.55902293491803        0.84352529589350
B           -4.36494603838172       -1.22769183635202        0.05273384309188
B           -4.02358583827077       -0.09055028051786       -1.10980279684720
B           -3.22908445050882       -2.61550784363742        0.31593074065677
B           -2.70469103114222        0.18309589211860       -0.34195481794094
B           -4.26042766207274        0.42689737983974        0.62028627244653
B           -5.17085718823936        1.50849017024121        1.38713930909431
B           -4.69554392208392        3.06251822139769        1.50011464269709
B           -2.79338034089802        0.49675022978730        1.31857202209434
B           -3.54010437182083        3.44914797999821        2.57644555712758
B           -2.06139967734915       -3.80704613790173        0.23367771350825
B           -1.64778207562175       -2.26572819210683        0.17684864213356
B           -1.51055515778017       -0.64582670590366        0.43445245791137
B           -0.43825381449383       -3.34568734855770        0.27663737736529
B           -0.17576577789214       -0.43658564137652        1.37740627160409
B           -1.53326068919883       -0.06334421749575        2.11148595250780
B           -1.84030831048927        1.53654060021324        2.22886062304596
B           -2.07057730697012        3.08193458057621        2.06026375079958
B           -0.33204097809434        0.82237571295769        2.90228479443832
B           -0.95274866377789        4.15941070014219        1.47222049145772
B            0.96973612954990       -4.24216666012588        0.21836913848013
B            1.04997764194328       -2.69517468857503        0.62469500518302
B            1.25654527327988       -1.19817050581616        1.12789749818009
B            2.40565752901383       -3.62428877967448        0.82283949111045
B            2.63181411901018       -0.38357384900776        1.34945255109801
B            1.24299286007427        0.30026468564202        1.88258085073439
B            0.95785123711731        1.90126764228684        2.24077263414530
B            0.25866116806628        3.19788893353568        1.64667132397890
B            2.32213369172846        1.47103009426835        1.39131322507048
B            0.87436130408440        2.50175705132666        0.25388223607600
B            3.66147102818785       -4.38095921094002        1.60371036466806
B            3.83069177862402       -2.83437596742351        1.10136283972109
B            4.05205976405005       -1.23911874840603        0.99112144828010
B            4.94743142481807       -3.49884865223655        1.99607009134542
B            5.25567527593204       -0.26099377777710        0.34512430642697
B            4.07098031391143        0.40216549528417        1.22885794214128
B            3.78855034434057        2.19048626988349        0.96914999628701
B            2.46615269440505        2.64032594686898        0.04531806462365
B            5.26002679276893        1.42916706891204        0.81131155267191
B            3.88759310795527        3.13187182536190       -0.31844597861686
H           -5.37026162723229       -3.13215855688797        1.64743326867249
H           -5.50266904146474       -1.91147807733509       -0.00270385663729
H           -4.64709919520023        0.09190779595991       -2.08920965367267
H           -6.12444385317288        1.14909659411556        1.99152027795325
H           -5.18991158339492        3.88969114771031        0.82059054782601
H           -3.82767587337243        3.85500857491544        3.64258683159314
H           -2.36371980690463       -4.93757995333730        0.17364455830505
H           -1.15025312556613        5.20565437395716        0.97908076017176
H            0.99853945957000       -5.31149672148214       -0.25456613197635
H            0.18607755473021        1.95568516077694       -0.53483640897702
H            3.59059671487789       -5.50625927009658        1.91020081558040
H            5.96561097725221       -3.43703525818631        2.55722509679010
H            6.19771137237570       -0.65424585382181       -0.22203424095336
H            6.30720434361787        1.91876007293628        1.00772988818685
H            4.62339125618726        3.74639654076361       -0.98058324788140
102
 energy: -135.739500621801 gnorm: 0.019329476464 xtb: 6.7.1pre (5071a88)
C           -0.21204559411095       -4.68757082910455       12.21109715965054
O            0.39119785693830       -5.44252748010161       11.18801731983793
C            0.18654414222072       -5.05860165796815        9.89556646534674
C           -0.60835538434107       -4.00447495243446        9.49013196880016
C           -0.74102589396828       -3.65509179542463        8.13615847996745
C           -1.55624955772221       -2.51730009449637        7.79363333370754
C           -1.56467541279439       -1.82917309139757        6.63443747315643
C           -2.49052511359862       -0.72525687806123        6.44710872774367
O           -3.26633870652106       -0.34353574654335        7.30827999910458
C           -2.37334423647625       -0.00636991953642        5.11567563555205
C           -1.10401046738550        0.78709475725668        5.24679759575993
O           -0.09627583746752        0.55955442909048        4.35322319290163
C           -0.99314178325898        1.78125509329328        6.19772803633137
C            0.09359536580845        2.63163399605145        6.32286172406285
C            0.20425353947974        3.70913999197465        7.23656444796159
C           -0.79041382698181        4.02939929278888        8.17452263751458
C           -0.63797223907958        5.10158786147973        9.02450841437259
C            0.49838142273446        5.89576910631910        8.98315295892778
O            0.66689418351108        6.96705978778795        9.81636058029399
C            1.51537754365973        5.59776820357292        8.05621732183848
O            2.60151067080142        6.43095139882057        8.08431946564435
C            3.65523069931266        6.17448143873452        7.19588610654427
C            1.35749557225316        4.52354826994999        7.20821838875942
C           -0.07648335649807       -4.42785268932825        7.18509296348992
C            0.70237472628903       -5.50097216704549        7.57734122097804
C            0.85474516382483       -5.82296830092323        8.91724796091532
O            1.62736934939021       -6.86568602858959        9.33380737412376
H            0.12010195932101       -5.13955777753467       13.14689339900105
H            0.11015778271297       -3.64112589800567       12.18275202157689
H           -1.30748233705782       -4.73237345725471       12.15565019789547
H           -1.13312420408289       -3.40986469348364       10.22094882176583
H           -2.21493068326763       -2.15081266026707        8.56949615786624
H           -0.91630218528520       -2.08777395820392        5.81530837176816
H           -3.24069330374185        0.64455052102380        4.97474584567201
H           -2.30869731645064       -0.72162187721866        4.29230199727156
H           -1.82874549561959        1.88626998558325        6.87628636886530
H            0.91896550475021        2.48000776392989        5.64100774343961
H           -1.68791562656957        3.43601704735100        8.23627262072688
H           -1.41498190222316        5.33516748148550        9.74183244700606
H           -0.11265311470015        7.04874522538540       10.37882462548960
H            4.39773771037870        6.94730447783459        7.38853525867120
H            3.32959032124482        6.24050001952870        6.15230529461503
H            4.10383264840841        5.19194333569541        7.37433963279303
H            2.12595242238337        4.28136491368997        6.49004804129576
H           -0.18251183104451       -4.20550044958298        6.13404010579015
H            1.20958069070465       -6.10194751643629        6.83322081613304
H            2.01762374183829       -7.30191730988641        8.56530551664579
B           -4.72546869789046       -2.54613182835493        0.84771508354334
B           -4.35687780322727       -1.21610413345842        0.05303540668282
B           -4.02318974250796       -0.07660676836574       -1.11319254889282
B           -3.21554146440605       -2.60385376667886        0.31289652847603
B           -2.70400997207268        0.18385219236687       -0.34420496228871
B           -4.26070977348178        0.44169977671289        0.61143467510237
B           -5.17337108286131        1.52203455152904        1.37900047651169
B           -4.69602451735396        3.07584798173175        1.50165462509460
B           -2.79723007586535        0.49771489503868        1.31884817961381
B           -3.54315859248308        3.46691887312216        2.57929241117971
B           -2.05751114947954       -3.80224442978869        0.20865095996557
B           -1.63166717935043       -2.26313378104472        0.16673852652754
B           -1.51085745261511       -0.64309732351738        0.43176823437373
B           -0.42936321668481       -3.35298462674256        0.26235075811417
B           -0.18001696581062       -0.47218767847586        1.39482996377784
B           -1.53059999397042       -0.05998814615124        2.10611751612561
B           -1.86206254918111        1.53796872034644        2.23715475131585
B           -2.07685120011216        3.08414645257346        2.06316771695020
B           -0.34926562573484        0.83342397100617        2.93035542657709
B           -0.95559602971176        4.16018837502048        1.47644612930673
B            0.97735274619272       -4.24844679690648        0.20695966756799
B            1.05671896881896       -2.70301886545607        0.62161514399924
B            1.25950782659912       -1.21408442637781        1.14594884892541
B            2.41436384626840       -3.63035973448891        0.81634022978674
B            2.63302959420218       -0.39042117321784        1.34958763317282
B            1.24349792746789        0.29058548728455        1.88132438770875
B            0.95055337288158        1.88943326821661        2.23072540163414
B            0.24549023026229        3.18312646198476        1.63559373273119
B            2.31356627940466        1.46522395393828        1.38473228945268
B            0.86754244601382        2.47355533682220        0.25088946001789
B            3.66578961674920       -4.37883738242128        1.61195302897082
B            3.83875880481508       -2.83947979570375        1.08927259427729
B            4.05643433187261       -1.24219531626477        0.98170909639518
B            4.94738781230300       -3.49142260374442        2.00598636585711
B            5.25635496829459       -0.26038000945446        0.33777620954356
B            4.07061947420362        0.39796257947679        1.22245627979023
B            3.77997525405055        2.18643780305670        0.96356961221831
B            2.45916857939493        2.62692266384862        0.03243904698799
B            5.25295366869995        1.43385994433260        0.81052431294809
B            3.87974008605411        3.12746947717215       -0.32446481079203
H           -5.35468859305332       -3.11940627696230        1.65067300280879
H           -5.48592373520154       -1.90201071034793       -0.00504163756896
H           -4.64761361035288        0.10025320545802       -2.09269990467968
H           -6.12734695422178        1.16015663280876        1.97946289968570
H           -5.18208235940405        3.90068565181397        0.81280295454548
H           -3.82819037057800        3.88005303607626        3.64324533389377
H           -2.36674446678372       -4.92991988088103        0.12849636781003
H           -1.16068322204543        5.20787691488651        0.98958651360841
H            1.01961902686955       -5.31495626102850       -0.27230121495388
H            0.18220725330464        1.92352883660773       -0.53934749947585
H            3.59577160707515       -5.50362536998154        1.92036246004847
H            5.95928261170608       -3.42132580909267        2.57638338557365
H            6.19891558320232       -0.64298162628984       -0.23596557309500
H            6.29965686918591        1.92190888635642        1.01018611452462
H            4.61611500253246        3.74958842182437       -0.97970882967877
102
 energy: -135.740710548705 gnorm: 0.017904653844 xtb: 6.7.1pre (5071a88)
C           -0.20063539552935       -4.69745247391612       12.20632565206936
O            0.39895162961621       -5.45171810328610       11.18262889069941
C            0.19449480638763       -5.06410789822739        9.89295586267867
C           -0.59094283051094       -4.00302930544838        9.49195813596459
C           -0.72469541137321       -3.65009376273294        8.14022261240708
C           -1.53917518744213       -2.51182666313851        7.80301549974220
C           -1.55602898578782       -1.82323843696250        6.64367846455534
C           -2.48672347455425       -0.72286717927858        6.46132111818270
O           -3.26605302145991       -0.34530583672043        7.32581760027204
C           -2.38570030713527       -0.00740796077784        5.12665503210344
C           -1.13282664465555        0.81051518890693        5.25610259391598
O           -0.11936890631347        0.59585567918924        4.36642119897325
C           -1.01364795440867        1.79121696800917        6.21368711039297
C            0.07512898009828        2.63982590526455        6.32866081619157
C            0.19427495521332        3.71214215605777        7.24809362365198
C           -0.79602456920720        4.03165052304402        8.19002375247349
C           -0.63805195821161        5.10163033970799        9.04054228343312
C            0.50118177812816        5.89153307384698        8.99868996211784
O            0.67201551851850        6.96285915546183        9.83055522300199
C            1.51515494954064        5.59087501066007        8.06921386819963
O            2.60574442243646        6.41591148381678        8.09740836100758
C            3.65295971363541        6.15700925268898        7.20259343210051
C            1.35039957937295        4.52093808705124        7.21824812228227
C           -0.06553198360151       -4.42348964079012        7.18668273302863
C            0.70436562384680       -5.50329329574455        7.57492897991199
C            0.85567871390074       -5.83075642240188        8.91253986415408
O            1.61702657605482       -6.88284219001570        9.32443820753001
H            0.12313471291946       -5.15817952654782       13.13871124930987
H            0.12923953757354       -3.65423621290866       12.18244886436266
H           -1.29420632704356       -4.73429720087801       12.14988563437201
H           -1.11030068367057       -3.40619051936228       10.22398479520359
H           -2.19404110444102       -2.14565692902874        8.58288604093253
H           -0.90235899821845       -2.07405876587803        5.82181850199394
H           -3.26804127033800        0.62312072622871        4.98389870321949
H           -2.30470832709967       -0.72534940311134        4.30770145060202
H           -1.83742167155620        1.88268283711191        6.90691452907345
H            0.89152699969313        2.49422900277306        5.63206875668225
H           -1.69537653924875        3.44122123282346        8.25301766010830
H           -1.41371580255481        5.33747950842962        9.75825606331976
H           -0.10347369692699        7.03951907194786       10.39917441287698
H            4.40152779638237        6.92343374089291        7.39493318234728
H            3.32287805408111        6.22926678146148        6.16099383456215
H            4.09587474945267        5.17117192288636        7.37426115352866
H            2.11414106735506        4.27822675928705        6.49555415869534
H           -0.17283496816972       -4.19855221568137        6.13727384434744
H            1.20475442126821       -6.10607597700562        6.82884211082305
H            2.00528019275588       -7.31669358193601        8.55527652906197
B           -4.70815178466506       -2.53344699363882        0.84687068173208
B           -4.34978933636689       -1.20106314216601        0.05376137944985
B           -4.02004715110550       -0.05619318964128       -1.11120811025950
B           -3.20221574861025       -2.58990565714983        0.30158929651300
B           -2.70011252971890        0.18863964801995       -0.33924410308513
B           -4.25672381386725        0.45634699839688        0.61057626340090
B           -5.17391229221607        1.53913753766939        1.37186958990881
B           -4.69026869860912        3.09013093015299        1.49449076500308
B           -2.79649479712076        0.49928752110985        1.32567493778768
B           -3.54504308702710        3.48259581153273        2.58000324132981
B           -2.05265784936852       -3.79425432835871        0.16651452791792
B           -1.61549785554673       -2.25757210258567        0.15144924137390
B           -1.50821039314195       -0.64020758031009        0.43264209975532
B           -0.42051017827725       -3.35876642576767        0.23836929923304
B           -0.18394962325877       -0.50717980102439        1.41038617807354
B           -1.52478563873402       -0.06138052603263        2.11070541290877
B           -1.87391001719771        1.53484201988184        2.24977723464127
B           -2.08206931653824        3.08064891004900        2.06811506609437
B           -0.36106500379431        0.84263751070825        2.93890843474794
B           -0.95807469907966        4.14915756312320        1.47239896026258
B            0.98666136402275       -4.25256236482454        0.18532112158207
B            1.06155464417338       -2.71168863596795        0.61693196668697
B            1.26023441635742       -1.22992878140655        1.16030956507050
B            2.42324661321949       -3.63478934633419        0.80367331650392
B            2.63451239298731       -0.39979343725998        1.34675967258060
B            1.24549263019470        0.27585112549355        1.87878966834256
B            0.94132800487474        1.87236872846527        2.22726479253663
B            0.23369371015338        3.16263157205116        1.62333085155664
B            2.30379709256329        1.45912512535615        1.37807115916292
B            0.85793017050546        2.44633960721722        0.24263877598447
B            3.66893238734764       -4.37413609459382        1.61850663456095
B            3.84713263666050       -2.84258939385232        1.07156925339051
B            4.06049876159832       -1.24491207152646        0.96524083536451
B            4.94404830652347       -3.47876974551499        2.01495256387401
B            5.25398300554164       -0.25649260472114        0.32251565050350
B            4.06846576970743        0.39483124704682        1.21149642018614
B            3.76913169749044        2.18371483744848        0.95389701314021
B            2.44799747310818        2.61621358620526        0.01871975114171
B            5.24359286730462        1.43987936517854        0.80396129346865
B            3.86640203029413        3.12500005882479       -0.33442999019547
H           -5.33498695310442       -3.10667466331960        1.65157838009147
H           -5.47169478436487       -1.89092772301534       -0.00926907619573
H           -4.64305896620860        0.11703620280279       -2.09212592482457
H           -6.13597485065612        1.17992875465692        1.96104358069477
H           -5.17077910950606        3.91543060399962        0.80318110803257
H           -3.83082990237085        3.91060555069674        3.63805550462060
H           -2.37144567409449       -4.91769639560963        0.05943877721403
H           -1.16460441067217        5.20355070254600        1.00041373491155
H            1.04339002790131       -5.31523181596856       -0.30170158431670
H            0.17527359595247        1.87984171614833       -0.53884490487995
H            3.59669438328010       -5.49702516558043        1.93363835996530
H            5.94823249904595       -3.39827147900443        2.59765905719883
H            6.19667776481969       -0.62818738210081       -0.25818469870282
H            6.28978990424220        1.92792851511228        1.00382779885220
H            4.60166655628243        3.75480719162652       -0.98398630148489
102
 energy: -135.741897661212 gnorm: 0.017502862446 xtb: 6.7.1pre (5071a88)
C           -0.21128602632862       -4.70805484223024       12.19612610211060
O            0.38772321921599       -5.46428513985823       11.17493795874765
C            0.19243038800736       -5.07247069289558        9.88548983872915
C           -0.58583018359498       -4.00552576156625        9.48490146445034
C           -0.70990110368097       -3.64716233545963        8.13291941871929
C           -1.52468449188301       -2.50902350179669        7.79766418928318
C           -1.54290795832169       -1.81893031377096        6.63553305153514
C           -2.47965077097714       -0.72394466295833        6.45140434691551
O           -3.26420293069298       -0.34548937379744        7.31526615213788
C           -2.38278525676989       -0.01255766453025        5.11123315320176
C           -1.14397265987165        0.83240938177496        5.24889128774420
O           -0.12010382448469        0.63875621469269        4.38085227018294
C           -1.02405535866436        1.79163204749031        6.22354609763890
C            0.06199413675304        2.64374921284674        6.33294924676252
C            0.18616730652489        3.71303996556460        7.25799395728921
C           -0.79916460012621        4.02861696856384        8.20489349458057
C           -0.63845548531442        5.10196086047260        9.05280094855353
C            0.49950204893660        5.89464327934585        9.00684890933929
O            0.66920169794818        6.97108352404894        9.83304309698173
C            1.51212617710237        5.59053118384207        8.07597978384575
O            2.60491998435125        6.41274004536346        8.10010266022534
C            3.64688684010096        6.15087528275698        7.19970004255696
C            1.34315535125329        4.52008131442659        7.22485299677105
C           -0.04312248022438       -4.41742959209509        7.17872971299054
C            0.71884266713608       -5.50299300491097        7.56713579116965
C            0.85654146338832       -5.83978035488888        8.90447442505149
O            1.60745441197749       -6.89943243673277        9.31511661607900
H            0.10701532246658       -5.17160147343508       13.12678498839885
H            0.12165732219119       -3.66607136862363       12.17403138467777
H           -1.30313977173574       -4.74021828409578       12.13547750482383
H           -1.11097607362629       -3.40901896452765       10.21605703873746
H           -2.19236473953728       -2.14987534437931        8.57773250338209
H           -0.88135329445138       -2.06273313786974        5.81383588157780
H           -3.27843570491413        0.59638762371200        4.95966512612241
H           -2.27486439795386       -0.73104936111735        4.29610262393071
H           -1.84758311620987        1.87026919662922        6.91180497732214
H            0.87170007973443        2.50807345785287        5.62599698616788
H           -1.69658880488591        3.43571285796639        8.27320935626144
H           -1.41274795766122        5.33935744451264        9.77142098318942
H           -0.10131991556922        7.03963462942147       10.40935871526372
H            4.39907065699309        6.91634680854538        7.38968073702950
H            3.31090859257082        6.22367209895202        6.15876164486165
H            4.08881024340678        5.16169040551307        7.36839779496850
H            2.10289762681031        4.27713059093485        6.49846196793289
H           -0.14197244841589       -4.18747012549849        6.12968704964680
H            1.22212292649893       -6.10519743408486        6.82031571672225
H            2.00454479463827       -7.32661995145460        8.54605463269806
B           -4.68065751921560       -2.51722783344928        0.85153833482703
B           -4.34203346669096       -1.18318496270411        0.05569720951901
B           -4.01115854152049       -0.03184591827496       -1.10565466414917
B           -3.18184580067180       -2.57315966057863        0.28744162668243
B           -2.69153601929858        0.19194614247271       -0.32782260519259
B           -4.24979528730900        0.47322572092582        0.61125512677776
B           -5.17641697573840        1.56111383172282        1.35916627244453
B           -4.68600048323398        3.10762559681317        1.49065351643985
B           -2.79563567382491        0.50570473024041        1.33673544703205
B           -3.55103617274227        3.49864200699095        2.58660635876338
B           -2.04226808069485       -3.78135428992045        0.11240201188722
B           -1.59140854908336       -2.24814816364251        0.13334793218129
B           -1.49804285138777       -0.63501972430214        0.44025781886807
B           -0.40651205731304       -3.36449330117885        0.21201518942442
B           -0.19129485988438       -0.55402275270097        1.44668515799844
B           -1.52278556385949       -0.06062098728097        2.12526194063696
B           -1.88907373602158        1.53123132073079        2.26260190743459
B           -2.09217171378680        3.07677467924482        2.08200086772314
B           -0.38527768219657        0.86410980716960        2.95807538110268
B           -0.95583311975193        4.13402577380778        1.48630230756758
B            1.00010671677333       -4.25517793799384        0.16090666686955
B            1.06766852091067       -2.72427774318010        0.62890683722439
B            1.25877286400984       -1.25296906537118        1.20276315029628
B            2.43592038201459       -3.64184760523963        0.79709115223699
B            2.63708116944310       -0.41650990195306        1.36707793656164
B            1.24779032146255        0.25119779288755        1.89692731393930
B            0.92152658362710        1.84391711700074        2.24778656042943
B            0.22045288821468        3.13227175431891        1.62580620824313
B            2.28759444993673        1.44852381379795        1.39327449376781
B            0.84180906191338        2.40554490099349        0.25011862576007
B            3.67358398737364       -4.36870124999333        1.63780647962492
B            3.85916422070371       -2.84773622668974        1.05851504394901
B            4.06505750112818       -1.25074372718861        0.95819627464636
B            4.93857754987948       -3.46162635801062        2.03724025360784
B            5.24919023060430       -0.25106345502405        0.31936857010897
B            4.06537072808718        0.38744183384251        1.21794977701498
B            3.75007458988699        2.17650536747208        0.95991522890932
B            2.42746916471571        2.59656593609069        0.02081599640671
B            5.22809507798683        1.44711077401320        0.81388246379489
B            3.84192607086227        3.11132210842061       -0.33468562136179
H           -5.30199295975716       -3.08420083968758        1.66515602113605
H           -5.45242494802835       -1.88122728167625       -0.01246753935829
H           -4.62870523039018        0.13978215394848       -2.08984833613677
H           -6.14985315112232        1.20547852193175        1.93195641459822
H           -5.14949841826051        3.93671860197559        0.79229601854271
H           -3.83842406055285        3.94533865179025        3.63545927790608
H           -2.37254610928925       -4.89761749935559       -0.03210469022358
H           -1.15433332021586        5.18834389148454        1.01749834827078
H            1.07629175272421       -5.31150983340430       -0.33658736390576
H            0.15906731705974        1.82519184686491       -0.52082809473484
H            3.59865031335759       -5.48981275050817        1.96060287824853
H            5.93140200810090       -3.36570145237946        2.63809153088390
H            6.19248147586625       -0.60627090224106       -0.27020517845259
H            6.27320320990949        1.93773323792385        1.01337533062636
H            4.57337529288332        3.74568123641214       -0.98364479483579
102
 energy: -135.743006136860 gnorm: 0.018843893972 xtb: 6.7.1pre (5071a88)
C           -0.18536646426686       -4.72927435474368       12.19482502510155
O            0.41201199840371       -5.48114089030766       11.17110240887114
C            0.21712260980601       -5.08252998227038        9.88494135563663
C           -0.54745571749137       -4.00318790539812        9.49185867322868
C           -0.67911691993941       -3.64106422372143        8.14358889492226
C           -1.48943151386649       -2.49837692809557        7.81887995444266
C           -1.53752344434910       -1.81377533150133        6.65741224935229
C           -2.47809504044626       -0.72225568273358        6.49155479247041
O           -3.23250415257842       -0.33763186660145        7.37077674749488
C           -2.42003278809878       -0.01164870364540        5.14988236227275
C           -1.19462841176154        0.85505649578732        5.27036151431780
O           -0.18430056381033        0.69632645969034        4.38882502331123
C           -1.06069485756601        1.79534333144164        6.26198146799717
C            0.02158334616723        2.65590400418350        6.35294345020408
C            0.16294107173124        3.71919392341764        7.28260791176868
C           -0.81321272508050        4.03891364276763        8.23618253437558
C           -0.63703242874872        5.10691854498212        9.08765887189234
C            0.50704685387367        5.88837758061323        9.03989291827918
O            0.69103159045673        6.95815684175031        9.86927868704901
C            1.51232343132890        5.57781673456305        8.10303009617597
O            2.61362077107051        6.38816535347846        8.12566872843033
C            3.64737746309931        6.12234658664232        7.21688828215477
C            1.32738369787992        4.51439399104096        7.24674660292755
C           -0.02889697698353       -4.41603912533847        7.18502628458183
C            0.72187664276241       -5.51122420738568        7.56603520403592
C            0.86106077093945       -5.85682229620600        8.89921131613160
O            1.59831430362211       -6.92816088961312        9.30090190344710
H            0.11928396694944       -5.20639616008305       13.12330023350802
H            0.16146596681968       -3.69111118897429       12.18657777823789
H           -1.27706065142160       -4.74665226042093       12.12254018744545
H           -1.05824189430565       -3.40071480968601       10.22526425940597
H           -2.13468734984667       -2.13131700489442        8.60608115617928
H           -0.90540726568042       -2.06310652986095        5.82490472949398
H           -3.32579807360029        0.58065156440407        5.01151316167507
H           -2.30737034032860       -0.72619589413558        4.33586892720002
H           -1.87542255472205        1.85825229595349        6.95984051838503
H            0.81940155455666        2.52910299342495        5.63161989822475
H           -1.71467264071538        3.45469702858313        8.30700910306694
H           -1.40496213638216        5.34914838807263        9.81097492236805
H           -0.07388309633803        7.02816953978016       10.45197015474326
H            4.40824052946394        6.87812629426900        7.40840361752319
H            3.30671986570615        6.20622085427702        6.17837035457165
H            4.07936864675692        5.12689589745352        7.37501262973660
H            2.08116384977152        4.26686284125726        6.51638120463373
H           -0.12928095891256       -4.17984042595678        6.13916239146643
H            1.21251405991656       -6.11744974014439        6.81571710881448
H            1.98192906068322       -7.35730586684677        8.52975298079572
B           -4.65897018889582       -2.50728144919754        0.84081572770697
B           -4.33792118806712       -1.16712131732840        0.05034183316365
B           -4.00283978318723       -0.00875212481262       -1.10439465362500
B           -3.16655978394633       -2.55968252885710        0.26058150103876
B           -2.68288050966119        0.19836265824841       -0.32297054100184
B           -4.23981931419367        0.48486470823185        0.61189838181623
B           -5.17603084831307        1.57895390529578        1.34395304217272
B           -4.67902819437176        3.12115955495641        1.47295847408105
B           -2.78798326393501        0.51355264033737        1.34113159445650
B           -3.55423168829504        3.51565722688396        2.57701979555736
B           -2.03268721996096       -3.76775599042422        0.04201428078493
B           -1.57466119263162       -2.23623737991562        0.10895879932690
B           -1.48646108307288       -0.62781078293949        0.43872683934201
B           -0.39774821449848       -3.36499062859077        0.17073809445046
B           -0.19700050715601       -0.58840444298855        1.46618677967964
B           -1.51419097821519       -0.05713751564375        2.13307144505523
B           -1.89038103389034        1.53100966585738        2.26507269154301
B           -2.09792312112353        3.07536935193476        2.08440795835706
B           -0.39495872605572        0.89001545629800        2.96444724424522
B           -0.95238787566083        4.12302663202614        1.48224623359354
B            1.00858328815785       -4.25274519967038        0.11759222707349
B            1.06823259191393       -2.73212638736683        0.62032858943718
B            1.25821876502914       -1.27125582250533        1.21956787813266
B            2.44289175452496       -3.64518182254354        0.76924458924680
B            2.64244529188639       -0.43106650358658        1.35927395643896
B            1.25596526661353        0.23323241977541        1.88404978380831
B            0.91109084491544        1.82408661758437        2.23613704149312
B            0.21651982654545        3.11302144992617        1.60591974208019
B            2.27822905354856        1.44115397961334        1.37815539376843
B            0.83006474043032        2.37621490115143        0.23390147802152
B            3.67145079826349       -4.35823705813055        1.63869740149644
B            3.86565020876687       -2.84994793871948        1.02303426763486
B            4.06957376600998       -1.25571362264943        0.92572422701788
B            4.92652222189267       -3.43991747325509        2.03834151976894
B            5.24469865539636       -0.24731526005762        0.28842907267187
B            4.06384988020980        0.38289768446744        1.19497236551407
B            3.73661347076352        2.17202248940830        0.93754432518270
B            2.41048638221023        2.58528667454857       -0.00069511779519
B            5.21671508437332        1.45223161282452        0.79151346971582
B            3.82129572274971        3.10553501730286       -0.35910399762162
H           -5.27593200701596       -3.07523524324636        1.65697787369219
H           -5.43973267336433       -1.87357066254159       -0.02488130423104
H           -4.61713029378043        0.16829242239692       -2.08907849122073
H           -6.16484558893839        1.23062632769568        1.89617032639248
H           -5.12270738816498        3.95103930079948        0.76155354057206
H           -3.84474845786917        3.97626984527208        3.61758603301225
H           -2.37365380432522       -4.87611799474473       -0.14313047148142
H           -1.14375631770421        5.17560356897918        1.01103480558403
H            1.09870174596796       -5.30422560574512       -0.38559469607629
H            0.14415026714036        1.79117735600341       -0.52920315234590
H            3.58979173243109       -5.47518248566493        1.97543630309641
H            5.90795519217878       -3.32645184453526        2.65663490501330
H            6.18738724000605       -0.58827083817476       -0.30994310987419
H            6.26114240690034        1.94607382021637        0.98683553789448
H            4.54758696264859        3.74363671654263       -1.00935541333657
102
 energy: -135.743830488621 gnorm: 0.011640842814 xtb: 6.7.1pre (5071a88)
C           -0.18767671973297       -4.73420036401606       12.19538290268784
O            0.41064491601230       -5.48559294411663       11.17053116282839
C            0.21754281304813       -5.08476848532111        9.88383375525887
C           -0.54767980615071       -4.00515701207535        9.49138412596376
C           -0.67822692512443       -3.64109289543406        8.14238057359374
C           -1.49026657511522       -2.49832286737416        7.81808522073944
C           -1.53687351438596       -1.81370111587662        6.65554946483302
C           -2.47635650118421       -0.71923135201085        6.49304389577134
O           -3.23409612778600       -0.33650408279433        7.37420429086126
C           -2.41299670856048       -0.00862651826894        5.15099568023992
C           -1.18219499867182        0.84945204872927        5.27759982414948
O           -0.17472881895563        0.70173208308300        4.38932626403266
C           -1.06203170047806        1.79837852308971        6.26674369451808
C            0.01717165031028        2.66184508664568        6.36170786776197
C            0.15915637629779        3.72396492801972        7.29010771826853
C           -0.81589515512150        4.04536530661963        8.24506438962476
C           -0.63637698960433        5.11283477019921        9.09678411788267
C            0.50852680162408        5.89350745898792        9.04530602841852
O            0.69751003428454        6.96186547308770        9.87650376889672
C            1.51161934380872        5.58280247212958        8.10607610293449
O            2.61459744409444        6.39208081995290        8.12712608322879
C            3.64758303573698        6.12485556178861        7.21778161012146
C            1.32410038869972        4.51922052156301        7.25087761105962
C           -0.02628919655508       -4.41419332153837        7.18261275440978
C            0.72467654516387       -5.51016657738134        7.56287114251377
C            0.86251118498966       -5.85754034220608        8.89660562214645
O            1.59937421507979       -6.92961744548890        9.29819114026739
H            0.11701758995292       -5.21124734324555       13.12502964009141
H            0.16039023209068       -3.69597293721449       12.18948569543135
H           -1.28020917246158       -4.74980093955050       12.12238460691399
H           -1.05779300139326       -3.40334736342592       10.22629414266014
H           -2.13336852882579       -2.12951902063243        8.60769159028860
H           -0.90387119412187       -2.06503934827479        5.81960467919074
H           -3.31619313709918        0.58935533380010        5.01267002388592
H           -2.30444837649366       -0.72176914238461        4.33306150176265
H           -1.87751329857961        1.85916161612523        6.96763714576434
H            0.81585240427811        2.53374900876139        5.64381686942961
H           -1.71790103853570        3.46141359827694        8.31668475003057
H           -1.40181369043606        5.35527861735041        9.82318232866926
H           -0.06738676619400        7.03594225697746       10.45912649130370
H            4.40970200580208        6.87915996254898        7.40853696332134
H            3.30647750843667        6.21008691604786        6.17984102323635
H            4.07794944824244        5.12910135471182        7.37563020304868
H            2.07769979716715        4.26996113052391        6.52040459781366
H           -0.12432950922988       -4.17579449892913        6.13621205727042
H            1.21657081566046       -6.11508665972804        6.81200582295478
H            1.98228735814177       -7.36054019982940        8.52562117743944
B           -4.65706314656596       -2.51026792463484        0.83620183777402
B           -4.33715247721131       -1.17049805439575        0.04440729206383
B           -3.99539009555503       -0.01430977408577       -1.10919741051352
B           -3.16514171676214       -2.56329980388389        0.25622021227063
B           -2.67913135149118        0.19859526946860       -0.32312561303545
B           -4.24095578477574        0.48051507811543        0.60736711865761
B           -5.17751692935867        1.57620976986710        1.33542701484212
B           -4.67794993840325        3.11823040528595        1.46463164743543
B           -2.79046047082603        0.51128184132786        1.33968925800517
B           -3.55947499080371        3.51455076979932        2.57471077424565
B           -2.03036006804783       -3.76571453725291        0.02793461939336
B           -1.57416760998970       -2.23528478792341        0.11024182654043
B           -1.48387274942758       -0.62814262366716        0.44187224932127
B           -0.39753395437768       -3.36416151406316        0.16641782458246
B           -0.19940160948188       -0.58682832409853        1.47566698119464
B           -1.52002315131766       -0.05785840385566        2.13675010453711
B           -1.89411314522443        1.53305728353127        2.26404845656239
B           -2.10139792602460        3.07788001977609        2.08664640044298
B           -0.40080760778018        0.90346765351790        2.97289351804090
B           -0.95193328942922        4.11926195273675        1.47843144713398
B            1.00864008703128       -4.25102265140883        0.11202686264694
B            1.06495710790396       -2.73590279476087        0.62865258247662
B            1.25784925621401       -1.27918231868377        1.23433628252620
B            2.44132791201910       -3.64775862128489        0.76794102491277
B            2.64243535942854       -0.43656322291253        1.36369214838250
B            1.25766268913275        0.23063144919122        1.88765213828666
B            0.91181203674228        1.82194480354249        2.23634639829453
B            0.22454074823599        3.11645931253775        1.61136116401648
B            2.27701115275326        1.43575844417687        1.37737776376527
B            0.82738565077152        2.37474243101663        0.23785408628691
B            3.66949781653123       -4.35842244973334        1.63818651408694
B            3.86495104524218       -2.85389260635010        1.01752389886528
B            4.06649705086531       -1.25959100805424        0.92181292202085
B            4.92237966986324       -3.43788633533435        2.03740564651118
B            5.24248845207474       -0.25004720534898        0.28642417635870
B            4.06319624950181        0.37851938780196        1.19610329970540
B            3.73353941830239        2.16639338731035        0.93719848627474
B            2.40709587115819        2.57502373564627       -0.00297478428102
B            5.21526817885368        1.44781083912980        0.79059299586477
B            3.81806247506372        3.09488631455996       -0.36324987821811
H           -5.27356781631712       -3.07800048888664        1.65293035695095
H           -5.43897221123140       -1.87743653173214       -0.03023404833709
H           -4.60880651888137        0.17226979842349       -2.09315981224207
H           -6.16553268999360        1.22776943234472        1.88713337768672
H           -5.11628117402681        3.94754003620784        0.75061089687237
H           -3.85344297001222        3.97418667825393        3.61512615880994
H           -2.37059157961539       -4.87031216131107       -0.16761965363213
H           -1.13955021162621        5.17635201942476        1.01074157956193
H            1.09943088379853       -5.30093235210223       -0.39390795658604
H            0.13783597999764        1.79615620345062       -0.52675076653880
H            3.58510648412461       -5.47408951920760        1.97761607649104
H            5.90058088213036       -3.31875327512427        2.65823998910478
H            6.18467002159965       -0.59035295303985       -0.31278110646019
H            6.25897778504063        1.94495220275074        0.98302918622307
H            4.54229346175679        3.73224065205022       -1.01686668983240
102
 energy: -135.744896444402 gnorm: 0.010387608543 xtb: 6.7.1pre (5071a88)
C           -0.19308545785432       -4.74706995046614       12.19425554414791
O            0.40635295115327       -5.49694954454161       11.16711842885330
C            0.21772026046176       -5.09056967686957        9.87991824613566
C           -0.54744858712625       -4.00977489877426        9.48923532041533
C           -0.67441491771619       -3.64042364748660        8.13995318116707
C           -1.48734814078570       -2.49611088248257        7.81747392631759
C           -1.53335185838783       -1.81187125863362        6.65358518539863
C           -2.47306018895162       -0.71546908811320        6.49470770165186
O           -3.23563747980728       -0.33876562040142        7.37802841640287
C           -2.40142769227490        0.00185547268756        5.15677754614115
C           -1.16416852282920        0.84744838019481        5.29563166781188
O           -0.16162207994548        0.72166457054644        4.39529062069158
C           -1.06651626084794        1.80657554238740        6.28257540015783
C            0.00762566041833        2.67467489339654        6.38558642756986
C            0.15054371348177        3.73701638932736        7.30995154739122
C           -0.82083644575773        4.06231694494744        8.26867429503410
C           -0.63354697586486        5.12849992114816        9.12068244185494
C            0.51336841241890        5.90642477297889        9.06154630014719
O            0.71333688513069        6.97202903886533        9.89562786830116
C            1.51085778165310        5.59497871937594        8.11665445018600
O            2.61648695071267        6.40264377908612        8.13220784627573
C            3.64666726890521        6.13142542527793        7.22056382752457
C            1.31676397458039        4.53149947202647        7.26343555892563
C           -0.01902123688591       -4.40928252173675        7.17837305211961
C            0.73187031912176       -5.50678966250717        7.55647224209036
C            0.86537052915022       -5.85938272360581        8.89017490789198
O            1.60128896137396       -6.93316277123934        9.29062773382947
H            0.11024387310721       -5.22624332804931       13.12471402725902
H            0.15771892628967       -3.70908456161586       12.19369358961127
H           -1.28642620231059       -4.75968402840622       12.11976184853054
H           -1.05760930652747       -3.41067251290715       10.22682814867233
H           -2.12803677292370       -2.12637060060204        8.61007375641862
H           -0.90233577997724       -2.06709191463720        5.81184862359419
H           -3.29854148601745        0.61111019856090        5.01782426139079
H           -2.30062190483550       -0.70795309251267        4.33195266374622
H           -1.88356289643719        1.86370515024583        6.98610429714322
H            0.80700856593972        2.54600342999712        5.67085888909745
H           -1.72369112569366        3.47899313218631        8.34269220272779
H           -1.39331226057897        5.37228307383869        9.85321858044075
H           -0.05159950935423        7.05583923140055       10.47746762005399
H            4.41213302521205        6.88241901593512        7.40956043411623
H            3.30388914906330        6.21915918251407        6.18373822032244
H            4.07330416004665        5.13453423655576        7.37757339996904
H            2.06803262209824        4.27944953138344        6.53086299543970
H           -0.11207162406524       -4.16623323138061        6.13160463545343
H            1.22681041633155       -6.10831909179719        6.80455099190695
H            1.98209144369089       -7.36684647355035        8.51573152353638
B           -4.65254987691991       -2.51624957722392        0.82156766614966
B           -4.33511844928516       -1.17540648427728        0.02908851890761
B           -3.97466437452732       -0.02227623947796       -1.11777955317048
B           -3.16203169208483       -2.56989467265478        0.24102858882612
B           -2.66673078370349        0.20212058309801       -0.31921176101584
B           -4.23958696701833        0.47061991852440        0.60214973175725
B           -5.17893759266239        1.56971751116476        1.31939177843053
B           -4.68157217028974        3.11363989224651        1.44518891992264
B           -2.79190463269575        0.50685346987347        1.34159669859001
B           -3.57410597367197        3.51148322785221        2.56580593322652
B           -2.02551004308034       -3.76013913664601       -0.01101936223551
B           -1.57216738594364       -2.23198110792032        0.11081731021955
B           -1.47594698399406       -0.62919307290843        0.45251567622061
B           -0.39734298633707       -3.36327373037433        0.15651720470168
B           -0.20382822398696       -0.58694733369158        1.50223157376385
B           -1.53019861826528       -0.06105399921247        2.15032718975178
B           -1.89817444809864        1.53805601335405        2.26692694353267
B           -2.11321228465640        3.08198826391155        2.08354669604569
B           -0.41415618031066        0.93552467361002        2.99620128211447
B           -0.94588060021226        4.11663483344078        1.49310439782792
B            1.00926612748285       -4.24790949006401        0.09618728882021
B            1.05591991384997       -2.74720384353193        0.65174672607379
B            1.25730555014935       -1.29913069718521        1.26900959185790
B            2.43837272185880       -3.65570901345908        0.76241787173540
B            2.64334794609023       -0.45146104551447        1.37218739802660
B            1.26313435597009        0.22236596785222        1.89190074438621
B            0.91096900240240        1.81381634844301        2.23463444582466
B            0.24011814096371        3.11901558958562        1.62038056127796
B            2.27411036482778        1.42230103991227        1.37336931352109
B            0.82014431441007        2.36934379645275        0.24241817717814
B            3.66478070365684       -4.35885078667644        1.63891913323152
B            3.86380413734393       -2.86425517792558        1.00153651561053
B            4.06032531032230       -1.26996180242366        0.90967616438942
B            4.91104304200654       -3.43114001391509        2.03854699667096
B            5.23803284607898       -0.25703960206551        0.27906386067432
B            4.06269441065189        0.36698041889771        1.19723673081881
B            3.72727968310266        2.15144868112176        0.93463847715561
B            2.39922035380272        2.55281735908922       -0.00789432444393
B            5.21270793180359        1.43607474516058        0.78621751778599
B            3.81118375354161        3.06761031785416       -0.37527368390152
H           -5.26700977762860       -3.08229666509422        1.64130102139420
H           -5.43627787918683       -1.88473595175504       -0.04649737445570
H           -4.57939759942694        0.17488209051462       -2.10600045728853
H           -6.17157050963572        1.22369461975084        1.86151972956533
H           -5.10536751379201        3.93918151638065        0.71968186791495
H           -3.87618849130909        3.96597525880748        3.60680106054074
H           -2.36239855301767       -4.85817835047563       -0.23323501314803
H           -1.13018950346887        5.16669209894023        1.00084890600591
H            1.10123155772370       -5.29317308472592       -0.41844585843555
H            0.12102392134847        1.79962937498536       -0.52003026818087
H            3.57512915446764       -5.47195730301725        1.98450954579105
H            5.88627863566037       -3.30114804221049        2.65999764688836
H            6.17830975121697       -0.59742033104766       -0.32247966392861
H            6.25348595865476        1.94160995517037        0.97472525214232
H            4.52995436894254        3.70393756694435       -1.03619672906160
102
 energy: -135.745741300907 gnorm: 0.013624993125 xtb: 6.7.1pre (5071a88)
C           -0.19884460651699       -4.76203024399609       12.19038705184802
O            0.40106513803345       -5.50952806167433       11.16118467399483
C            0.21738254090821       -5.09699194517075        9.87446009170343
C           -0.54624720080420       -4.01428343849034        9.48584415064219
C           -0.66890022563614       -3.63902346340686        8.13741611601839
C           -1.48208711191615       -2.49359580200773        7.81723708313639
C           -1.53002779748209       -1.80867998133235        6.65374375330046
C           -2.47059353065191       -0.71182280205099        6.49884711401434
O           -3.23797995112364       -0.34468145424085        7.38261323259607
C           -2.39569075522638        0.01515696309059        5.16718323157285
C           -1.15883698420627        0.85816877317103        5.31515018407437
O           -0.15972810699988        0.75065670065121        4.40577193992365
C           -1.07209528733201        1.81698611687134        6.30419033186518
C           -0.00107183769549        2.68828270390165        6.41199509033305
C            0.14318939759134        3.75198062719016        7.33312120610897
C           -0.82361934088726        4.08054051584546        8.29601796187692
C           -0.62915036461480        5.14593149896103        9.14761413439401
C            0.51958288421868        5.92086604615031        9.08194609434567
O            0.72913022829079        6.98447856543091        9.91720995023378
C            1.51100175494127        5.60858774203222        8.13105066933086
O            2.61809755736208        6.41517302373731        8.13955891884538
C            3.64442448816632        6.13924780125211        7.22470710707490
C            1.31027405323868        4.54537305538346        7.27950371156932
C           -0.01008138261611       -4.40350814335092        7.17476661077072
C            0.73983210363430       -5.50269241693043        7.55046246024386
C            0.86809594473618       -5.86152131317748        8.88312986618556
O            1.60262273022404       -6.93721101857487        9.28155773823853
H            0.10212322904046       -5.24525270083407       13.11994614218764
H            0.15442204439225       -3.72471251127442       12.19497952718422
H           -1.29216494393353       -4.77224872627914       12.11428220377798
H           -1.05824033371880       -3.41890871233299       10.22527190935287
H           -2.12036793859538       -2.12410943911887        8.61200241008177
H           -0.90159026223262       -2.06406203271536        5.80886511759573
H           -3.28978049375650        0.62945768852986        5.02899006822158
H           -2.29761400436972       -0.68976079250636        4.33656967813152
H           -1.88925420786432        1.86964311995249        7.00871357297374
H            0.79821581229273        2.56045580078673        5.69701273449819
H           -1.72729945166751        3.49836193708327        8.37267377868695
H           -1.38379342579649        5.39171772098783        9.88492259371221
H           -0.03538578563018        7.07685740764275       10.49846120299263
H            4.41375734364156        6.88688219642266        7.41148365552952
H            3.29908449860999        6.22879953559608        6.18893778595236
H            4.06713292526657        5.14067947293265        7.38051505632711
H            2.05737986136244        4.29178348668663        6.54303501588683
H           -0.09868500177968       -4.15606892455966        6.12841599305383
H            1.23778535054699       -6.10058468833334        6.79759933650625
H            1.98155905255898       -7.37169746897113        8.50533353971240
B           -4.64775240774135       -2.52045383561893        0.80357770578242
B           -4.33189904741701       -1.17717492524953        0.01260683501087
B           -3.94828585447711       -0.02700623837916       -1.12539293946106
B           -3.15833937351000       -2.57351697769522        0.22214687036597
B           -2.65035555707075        0.20920563637321       -0.31117940924797
B           -4.23480102385799        0.46177900087582        0.59921041800507
B           -5.18169357709607        1.56503182047585        1.29885454567320
B           -4.68129687811925        3.10857797470576        1.41957607732081
B           -2.79101282109566        0.50196962711694        1.34871171081262
B           -3.59123796288154        3.50652454086606        2.55777192604428
B           -2.02075358479549       -3.75273572284885       -0.05642458975214
B           -1.56828451869686       -2.22712752509171        0.11058819461037
B           -1.46627974071000       -0.62966384828918        0.46621663287153
B           -0.39658903172932       -3.36298064368027        0.14556980749613
B           -0.20716613874231       -0.59284149526028        1.53406200009435
B           -1.53789264599232       -0.06728962092899        2.16863057697078
B           -1.90307239820008        1.53952577296454        2.28029354158833
B           -2.12423877179831        3.08281299738720        2.09166381525144
B           -0.42909701429476        0.96723954786652        3.02111268197789
B           -0.94876712276300        4.09826090833710        1.48039957982469
B            1.01111629538946       -4.24517416775291        0.07732945353706
B            1.04624935060526       -2.76029158480320        0.67741295208608
B            1.25710371069862       -1.32083503672539        1.30626664940490
B            2.43608971297927       -3.66545340966717        0.75593794852195
B            2.64501698054266       -0.46832786856175        1.37973264731476
B            1.26930816473053        0.21179983815041        1.89281973240412
B            0.90589098470588        1.80246756998693        2.23133604776899
B            0.25303608732976        3.11687930251566        1.61963816643038
B            2.27100021351980        1.40863327727902        1.36903084809291
B            0.81502226931399        2.35827659041409        0.24176083026874
B            3.66044961412824       -4.35900495423850        1.64299041507333
B            3.86333533149354       -2.87595509503946        0.98134551615409
B            4.05529151927300       -1.28179593559014        0.89449656640247
B            4.90844676248283       -3.42868816786906        2.02773004962450
B            5.23433541869934       -0.26489125385286        0.26878506891838
B            4.06329959090673        0.35374769158883        1.19692626377784
B            3.72260953922193        2.13409176526141        0.92994982710430
B            2.39341997949756        2.52906522968462       -0.01520836126561
B            5.21142323578356        1.42266216643862        0.78028619735193
B            3.80648938242807        3.03816645471272       -0.38914697712837
H           -5.26099135254278       -3.08419272911843        1.62608800157354
H           -5.43176359969106       -1.89005041498409       -0.06678277983832
H           -4.54094632372400        0.17760334853337       -2.12006918019267
H           -6.17797750743007        1.22286146972365        1.83613418530913
H           -5.09969883580880        3.93160252741764        0.68895216818619
H           -3.90706273009949        3.95819089793670        3.59614183147780
H           -2.35383011497350       -4.84506962127898       -0.31122149801544
H           -1.12094957288856        5.15938778267435        1.00488959804024
H            1.10369083148998       -5.28454582694929       -0.44873771096952
H            0.10537956067074        1.79520708164973       -0.51571659673530
H            3.56641023265169       -5.46999057451258        1.99428291889817
H            5.86738149052218       -3.27680496529256        2.67032292820390
H            6.17144234854064       -0.60661257530856       -0.33672943254569
H            6.24881152393391        1.93599844796650        0.96705678337616
H            4.52030177031148        3.67227032673651       -1.05750383658966
102
 energy: -135.746951152009 gnorm: 0.015695184435 xtb: 6.7.1pre (5071a88)
C           -0.20695732551642       -4.78372426975532       12.18288247206239
O            0.39328783703627       -5.52735271288968       11.15117992989422
C            0.21650928608321       -5.10626518231120        9.86600918220973
C           -0.54402259843859       -4.02042585802814        9.48040975258120
C           -0.66043746111549       -3.63685964087267        8.13390172868060
C           -1.47348134323121       -2.49022718036436        7.81743242922447
C           -1.52632752870083       -1.80305186406197        6.65596272965165
C           -2.46958218869559       -0.70704513291213        6.50799703837267
O           -3.24300826119516       -0.35512143168686        7.39192457719601
C           -2.39408766755964        0.03461549084765        5.18575378239550
C           -1.16353573554106        0.88343898465823        5.34272852292759
O           -0.16810619841646        0.79856954324770        4.42320734115583
C           -1.08041773932289        1.83304072860784        6.33859074022984
C           -0.01174700942987        2.70752552304354        6.44838684337539
C            0.13530706740819        3.77289742276883        7.36660110503973
C           -0.82512232830814        4.10482610928212        8.33491936560529
C           -0.62228101798400        5.16995800631759        9.18500914233667
C            0.52841180983844        5.94129451688870        9.11179976861511
O            0.74857287396058        7.00308158901178        9.94696332613802
C            1.51184512934935        5.62797430080277        8.15300437273710
O            2.61981906356716        6.43354491838931        8.15119644024716
C            3.64036506211490        6.15088049202999        7.23164495992330
C            1.30291117662025        4.56495137251487        7.30365329910289
C            0.00284810665760       -4.39551738269299        7.17017192321701
C            0.75055778765905       -5.49727553847941        7.54256751286351
C            0.87151038615824       -5.86500927796832        8.87326517133233
O            1.60358679479155       -6.94348556368536        9.26836579066373
H            0.09034421778525       -5.27339053571369       13.11012572156154
H            0.14922238676644       -3.74759129326613       12.19396799479284
H           -1.29979669411579       -4.79098112821564       12.10443094354317
H           -1.05960104854628       -3.43042395915749       10.22156869455506
H           -2.10909634649739       -2.12252329275139        8.61457993897247
H           -0.90132176182713       -2.05515704309342        5.80857040286967
H           -3.28862553363337        0.64811079797273        5.05039991331193
H           -2.29347993069895       -0.66192842647908        4.34803224416448
H           -1.89571623838082        1.87827345013356        7.04482394596336
H            0.78627962964931        2.58176074770866        5.73036688569013
H           -1.72989964469495        3.52458179449799        8.41515946321969
H           -1.37103686456429        5.41871670156777        9.92715725756296
H           -0.01487694993827        7.10483878770100       10.52787506302920
H            4.41516337723893        6.89398717109226        7.41487899331470
H            3.29091491733646        6.24217943108808        6.19727839111387
H            4.05763329617300        5.14969266930633        7.38570510901639
H            2.04323914081804        4.31033070431196        6.56078647676541
H           -0.08013882839211       -4.14215378785290        6.12495881378442
H            1.25229527978991       -6.09029219927182        6.78849030771936
H            1.98071573157143       -7.37720930860807        8.49118463840976
B           -4.64039391109830       -2.52422865588116        0.77696407828522
B           -4.32569605438638       -1.17662150291349       -0.01011962131915
B           -3.90814152505532       -0.03022062478773       -1.13450620733740
B           -3.15205088276441       -2.57503145680628        0.19407197642224
B           -2.62538637433719        0.22269706589490       -0.29708457460762
B           -4.22546541445952        0.45060347557373        0.59783758622681
B           -5.18480667522438        1.55840617544605        1.27336943816961
B           -4.68766588994916        3.10307441547871        1.38795908419048
B           -2.78803915173741        0.49488164101723        1.36221600842735
B           -3.61449235762201        3.50171398905724        2.54146480142335
B           -2.01328886381321       -3.74022073756394       -0.12032516408979
B           -1.56046524751850       -2.21903662320869        0.10952401004943
B           -1.45216432780511       -0.62938074887038        0.48625838577772
B           -0.39380894311063       -3.36272999205216        0.12979653341242
B           -0.21054430474195       -0.60823066830535        1.58076079621714
B           -1.54531410160204       -0.07807880284402        2.19554432244772
B           -1.90885307306581        1.53943530499099        2.30145175166635
B           -2.14152271289859        3.08041880104065        2.09343348384661
B           -0.45111921448795        1.01007012505059        3.05435384515244
B           -0.94679452682639        4.07970148119628        1.48726066351690
B            1.01593489974060       -4.24146081528700        0.04920690022488
B            1.03443324735920       -2.77957246617110        0.71186149822977
B            1.25782891658759       -1.35218917816002        1.35736484006096
B            2.43638393157099       -3.67958693142439        0.74277284823672
B            2.64825758635392       -0.49341012716034        1.38741451288915
B            1.27843781697052        0.19385991055985        1.88981242686353
B            0.89646144875728        1.78226354715694        2.22718326079154
B            0.26609514628087        3.10582387324312        1.61355394791861
B            2.26558560336247        1.38961965309730        1.36163938463843
B            0.80769447544213        2.33703133499726        0.23632912874266
B            3.65649106040775       -4.35922507806969        1.64889259911455
B            3.86622035257018       -2.89290661766716        0.94906608558328
B            4.04954630425630       -1.29863459742097        0.86826852944307
B            4.88243925579103       -3.40787714473333        2.04860040364113
B            5.23073693576834       -0.27528130507230        0.25134141478699
B            4.06510770113544        0.33427924137375        1.19388432461849
B            3.71675443004649        2.10807007839813        0.92057746432624
B            2.38548692436891        2.49726898659653       -0.02692179415212
B            5.21051753569534        1.40400528065420        0.77063931686587
B            3.80056620113669        2.99766005287900       -0.40929805496635
H           -5.25270851891845       -3.08344733077708        1.60357692724642
H           -5.42387822775722       -1.89456346313897       -0.09602677498823
H           -4.48328310709141        0.18443225077639       -2.13809386704989
H           -6.18992631578222        1.22213364843043        1.79851877774809
H           -5.09375670369629        3.92073607720951        0.64434827869253
H           -3.94753559151020        3.94726871343763        3.57730059131724
H           -2.34149007028939       -4.82453576353419       -0.42255383032924
H           -1.11167409429574        5.13858326119718        1.00244222938408
H            1.10833337721454       -5.27242368666392       -0.49305194907975
H            0.08651925423241        1.78148504304135       -0.51540346002042
H            3.55692391756418       -5.46695422737839        2.00981402253812
H            5.86149525231738       -3.25698528363874        2.65814538344136
H            6.16277923508924       -0.61975378293956       -0.36052029786996
H            6.24292311095909        1.92696075532325        0.95865074817060
H            4.50902114694490        3.62850118569338       -1.08623246220962
102
 energy: -135.748500690710 gnorm: 0.015429714422 xtb: 6.7.1pre (5071a88)
C           -0.21457600974873       -4.80608043762250       12.17284832601263
O            0.38570183271376       -5.54500797342791       11.13903149542161
C            0.21567903445791       -5.11538762460331        9.85665560728542
C           -0.54085489952358       -4.02598662486318        9.47444942255068
C           -0.65087373708697       -3.63388289711602        8.13085315046258
C           -1.46292543346470       -2.48628124992254        7.81910802078875
C           -1.52383466681659       -1.79512456029308        6.66150394611398
C           -2.47261928361495       -0.70277248888164        6.52211841680364
O           -3.25015649296054       -0.36774098079293        7.40594239669331
C           -2.40124674466449        0.05589844766166        5.21058574497316
C           -1.18419030750406        0.92239536861324        5.37207479190021
O           -0.19160391283707        0.85765354715371        4.44497369934295
C           -1.08940588441890        1.85146055415473        6.38007681494695
C           -0.02051261609737        2.72772914652956        6.48501377834078
C            0.13083122774797        3.79425653822549        7.40235832394135
C           -0.82312266367992        4.12798579498821        8.37568773340441
C           -0.61379041894090        5.19388245511121        9.22306994256694
C            0.53809132647544        5.96242675020046        9.14412651842676
O            0.76538892488959        7.02350977946184        9.97698087143773
C            1.51408350438213        5.64818560004710        8.17796432616530
O            2.62150162799992        6.45323470976609        8.16515807774693
C            3.63565550895557        6.16366255453922        7.24055838900878
C            1.29813064660817        4.58515724611931        7.33066783617750
C            0.01658246504169       -4.38676478207734        7.16631492443522
C            0.76123169301013       -5.49131208886934        7.53527991778458
C            0.87502363899235       -5.86836961069808        8.86330282707290
O            1.60409838582022       -6.94975392996479        9.25424966791938
H            0.07861987928383       -5.30309622233698       13.09647024634747
H            0.14370734786158       -3.77137064935804       12.18970023639993
H           -1.30642126583889       -4.81091198878856       12.09195139581581
H           -1.06121468836678       -3.44155736816177       10.21633513321541
H           -2.09749908650978       -2.12287321308252        8.61767055682257
H           -0.90283518312558       -2.03989723394975        5.81339446836918
H           -3.30238152678579        0.65860649347165        5.07996535040978
H           -2.28944266770521       -0.63016963468154        4.36701547296988
H           -1.89996176247966        1.88758998553535        7.08891954670351
H            0.77409629942342        2.60540171373717        5.76000182473966
H           -1.72879601825275        3.54999139140240        8.45987498090898
H           -1.35807171808936        5.44560011618263        9.96805867735950
H            0.00391498153884        7.13087683051510       10.55863892890399
H            4.41605406810814        6.90231578694072        7.41961447111334
H            3.28136468525656        6.25584811986111        6.20755190267988
H            4.04747421490097        5.15951142071025        7.39272653189742
H            2.03038601153223        4.33076205912567        6.58021353232761
H           -0.06142808057432       -4.12733803684304        6.12300173885049
H            1.26627789998202       -6.07951354365374        6.77999139683010
H            1.98065991768185       -7.38009161208919        8.47714075659519
B           -4.63264351477132       -2.52519071607986        0.74653956985270
B           -4.31760580833763       -1.17171987585593       -0.03389566445225
B           -3.86361063011024       -0.02817237549740       -1.14198561777868
B           -3.14478914674641       -2.57109367800790        0.16207855003625
B           -2.59803914266719        0.24158014032279       -0.27927374297504
B           -4.21317916440911        0.44037910322899        0.60019201462367
B           -5.18715968039989        1.55146483577959        1.25129999206759
B           -4.69799229852463        3.09792869246239        1.35799342012068
B           -2.78335785099294        0.48672482900182        1.38026307366163
B           -3.63760200201195        3.49729171539689        2.52079926615489
B           -2.00517532877569       -3.72342603527159       -0.18465162090326
B           -1.55009342065394       -2.20876350832372        0.10529833518918
B           -1.43811653186087       -0.62795352031167        0.50707970828645
B           -0.38999547512914       -3.36243094406169        0.11300353734850
B           -0.21268999354955       -0.63484826547541        1.63057089594894
B           -1.54833075676430       -0.09271188143545        2.22353917794167
B           -1.91506597816436        1.53516356633395        2.32709319844390
B           -2.16043394578449        3.07252848013561        2.08939016415893
B           -0.47565282368915        1.05212330420042        3.08584718950361
B           -0.94300565160030        4.06130699498382        1.50573718030214
B            1.02209338094649       -4.23772089482923        0.02055989760766
B            1.02209919529273       -2.80126093511770        0.74659461303615
B            1.25999637960508       -1.38636196662015        1.40842308131734
B            2.43652946687763       -3.69539755090847        0.73137299011759
B            2.65339851787141       -0.52237320196927        1.39272808242213
B            1.28787589165763        0.17056578019611        1.87875221908390
B            0.88192667619695        1.75471769554732        2.22217051904892
B            0.27261857915534        3.08396978148112        1.59778630160850
B            2.25764383891836        1.37028136626655        1.35152582655552
B            0.80096715563313        2.30709437311549        0.22390731334418
B            3.65245189830918       -4.35657095193138        1.66314865656084
B            3.86834114756907       -2.91069559897069        0.91213540290841
B            4.04856397481878       -1.31718046440489        0.84224575948632
B            4.89198251001722       -3.40758347960056        2.01587414405466
B            5.22905993367602       -0.28583387116601        0.23109527497169
B            4.06864930199061        0.31265981841924        1.18960607826069
B            3.71156212513609        2.07797430066549        0.90722787638822
B            2.37827252273367        2.46612779951974       -0.04166555478535
B            5.21082548321696        1.38456372760215        0.75988494058789
B            3.79617340371735        2.95608026677166       -0.43095867360488
H           -5.24501978072291       -3.07832341713641        1.57747067736531
H           -5.41422632450705       -1.89518628938519       -0.12824963849763
H           -4.41951927991936        0.19600177735493       -2.15461799421234
H           -6.20510278447223        1.22175969820311        1.75864101123345
H           -5.09181078771415        3.90960167089038        0.60007969334035
H           -3.98692235964868        3.93923225498021        3.55262158968919
H           -2.32845373138467       -4.79884091522652       -0.53442791663173
H           -1.10726163992508        5.10886093270240        0.99785493723106
H            1.11357835505243       -5.25947780776180       -0.53889056703043
H            0.07248907525820        1.75516876482869       -0.52246174271331
H            3.54850201539182       -5.46288085245988        2.02816699045728
H            5.83455451728269       -3.21344580869470        2.67594297680668
H            6.15393994971959       -0.63354221591959       -0.39047990376477
H            6.23784516619455        1.91607573166075        0.95282985495151
H            4.50147031712945        3.58355896241127       -1.11380046184665
102
 energy: -135.749956347438 gnorm: 0.015518873072 xtb: 6.7.1pre (5071a88)
C           -0.22056188305054       -4.82460371510831       12.16283147661096
O            0.38033239778931       -5.55894764707743       11.12777003325147
C            0.21509062513274       -5.12275649919200        9.84886508302000
C           -0.53812040110825       -4.03038512133471        9.47002296758207
C           -0.64333907409468       -3.63125035867636        8.12940463588508
C           -1.45434133359320       -2.48318205147614        7.82310080841243
C           -1.52324972000829       -1.78528512464893        6.67086665306801
C           -2.48024231552214       -0.69924467936717        6.54102718539948
O           -3.25810161259712       -0.37781394814619        7.42569911656385
C           -2.41737298778062        0.07388734435042        5.23767389151462
C           -1.21678691468051        0.96505749757204        5.39677154615782
O           -0.22601691288162        0.91187051305552        4.46725657203713
C           -1.09709867984241        1.86887531255996        6.42000235968931
C           -0.02530870543066        2.74533343184859        6.51235220346371
C            0.13185397451333        3.81044678304186        7.43209892902836
C           -0.81767437703994        4.14345415164780        8.40851868943748
C           -0.60609143633527        5.21152938914962        9.25221009604830
C            0.54522859819222        5.98013695771418        9.17024622449574
O            0.77278469337676        7.04263278717351        9.99853891990279
C            1.51703980773610        5.66508342705072        8.19994460127050
O            2.62274255990075        6.47009558927013        8.17898932162562
C            3.63160519222021        6.17619170891535        7.25026732889213
C            1.29787792985224        4.60129495000055        7.35450621542409
C            0.02712703885419       -4.37928645917672        7.16363594078133
C            0.76862226813186       -5.48642627507262        7.52956180857750
C            0.87746929452941       -5.87123763867714        8.85512367437394
O            1.60315457436926       -6.95542751560127        9.24197876083821
H            0.06901523495648       -5.32737532314077       13.08309653605038
H            0.13836040757331       -3.79088208073349       12.18382989278212
H           -1.31157083587142       -4.82783135072543       12.07934115327606
H           -1.06269457164213       -3.44983568947969       10.21156153334421
H           -2.09112160058163       -2.12690872830011        8.62212885871159
H           -0.90532375680711       -2.01990939532517        5.82255288484526
H           -3.33155182750254        0.65684785933115        5.11204348174005
H           -2.28664476665649       -0.60229005406979        4.39113316168166
H           -1.89943472359465        1.89490634549455        7.13536363579243
H            0.76257430975410        2.62735226824695        5.77749389198490
H           -1.72333416107322        3.56689530953573        8.49723510650485
H           -1.34882905405740        5.46468834286296        9.99753731926040
H            0.01462597414881        7.14736005066309       10.58390302187605
H            4.41564147861722        6.91205365238682        7.42505354176488
H            3.27274741830828        6.26789182993581        6.21842037484299
H            4.04013070734945        5.17005609573721        7.40113457297865
H            2.02364636882395        4.34794878326596        6.59815328006075
H           -0.04744677107219       -4.11396479016559        6.12244083946689
H            1.27551808917758       -6.07100245683015        6.77305102134389
H            1.98230659483490       -7.37959713900601        8.46549274483069
B           -4.62479394222432       -2.52230729352320        0.71752783683632
B           -4.30698497034667       -1.16274538890973       -0.05390485743460
B           -3.82765951486874       -0.01788433555675       -1.14644440692003
B           -3.13614691669170       -2.55962671356290        0.13303401056831
B           -2.57707085548427        0.26042310981004       -0.26369243957190
B           -4.20221919899534        0.43447139363606        0.60413446567483
B           -5.18895543899979        1.54618686484038        1.23669427745486
B           -4.70018172584559        3.09144024936984        1.33233621104901
B           -2.77977779790317        0.47785960118890        1.39653154692857
B           -3.65292773155438        3.49169508138473        2.50459422549675
B           -1.99577365196719       -3.70445296520218       -0.22703233291161
B           -1.53745017922243       -2.19882977803080        0.09473431226576
B           -1.43075720771280       -0.62611277822356        0.52203830574112
B           -0.38366751827847       -3.36109906274129        0.09938157406852
B           -0.21241432024500       -0.67016352909591        1.66602525204920
B           -1.54359110971337       -0.10772116993027        2.24120015281455
B           -1.92481980605328        1.52428118695771        2.34881671899908
B           -2.17186393247382        3.05892480778158        2.09254096736853
B           -0.49413167949703        1.07683865529407        3.10320319330447
B           -0.94995939387663        4.03205391132948        1.49054003991247
B            1.02911429694476       -4.23520891649061        0.00251278330426
B            1.01655836406318       -2.81972584795206        0.76589043423562
B            1.26352141519604       -1.41478346774219        1.44273330785178
B            2.44071361576339       -3.70768780155882        0.72037127376059
B            2.65760144991607       -0.54730106788510        1.39282709745268
B            1.29174199925823        0.14736673242346        1.86024206685966
B            0.86390317220061        1.72592510008042        2.21775000552444
B            0.26714975429435        3.05509671851493        1.57087102384715
B            2.24701702602479        1.35757961925071        1.34190421595290
B            0.79898536245188        2.27289171214036        0.20674047496557
B            3.65337957682971       -4.35307079093834        1.67509261757668
B            3.87286461189774       -2.92484547034512        0.88016213360163
B            4.04969817157628       -1.33192528408011        0.81870666849582
B            4.88338542746452       -3.39186215195822        2.01627526419044
B            5.22861791820475       -0.29419761745940        0.21139538532601
B            4.07206821260903        0.29342101796844        1.18376387777797
B            3.70881077021142        2.05023644812438        0.89353652320230
B            2.37550149151423        2.44433254195155       -0.05620986868991
B            5.21228978286830        1.36912464184532        0.75260995645375
B            3.79624031127987        2.92449551133440       -0.44743966722315
H           -5.23832282681987       -3.06958905483837        1.55152413747888
H           -5.40314870586752       -1.89001198935158       -0.15662104155887
H           -4.36730685287396        0.21351256076220       -2.16529829343963
H           -6.21598380864090        1.22007425674889        1.73041048954211
H           -5.09607883292722        3.90138704434141        0.57402536176074
H           -4.01482636009747        3.94415901896433        3.52667982400234
H           -2.31613483203275       -4.77048089345861       -0.60402685855695
H           -1.11053804216229        5.08882761493816        1.00754014463522
H            1.11820012873866       -5.24882788929100       -0.57130851015688
H            0.07294279173520        1.71635940519480       -0.53726241329311
H            3.54697023081707       -5.45879965192221        2.04182117107633
H            5.83527672277386       -3.19060027175878        2.65850580065253
H            6.14597706144828       -0.64324882471730       -0.42155070814437
H            6.23554025135792        1.90446405012431        0.95413912584557
H            4.50352512032677        3.54769181076163       -1.13159975463253
102
 energy: -135.751301839596 gnorm: 0.014178227067 xtb: 6.7.1pre (5071a88)
C           -0.22791779034679       -4.84633107001517       12.15425371069743
O            0.37509320265285       -5.57593681164224       11.11709052768794
C            0.21529144725199       -5.13155405043455        9.84094009636594
C           -0.53605456069958       -4.03643897377982        9.46630705423564
C           -0.63623740863849       -3.62856559644614        8.12771721834386
C           -1.44933739204244       -2.48077781036354        7.82765980405156
C           -1.52203838291325       -1.77312727426873        6.68114725883712
C           -2.48497503340339       -0.69011809162280        6.56459257973097
O           -3.26644226184755       -0.38455140128239        7.45238152622262
C           -2.42994041529430        0.09493306826348        5.26671900518778
C           -1.24031166213468        1.00185870526177        5.42488235185386
O           -0.25452788097409        0.96639191034745        4.48905578423734
C           -1.10599030342645        1.88826780697773        6.46279777384217
C           -0.03380223565213        2.76666384922884        6.54511405914182
C            0.13098532631205        3.82815120667635        7.46695938377380
C           -0.81367278061512        4.16140675541182        8.44768849714280
C           -0.59821206669360        5.23193849379139        9.28748748764781
C            0.55222908730131        6.00170341775352        9.19850584760044
O            0.78185439194357        7.06622137484167       10.02275764094619
C            1.51958548985228        5.68500067154349        8.22379755357915
O            2.62518300519088        6.48934552234582        8.19489195624289
C            3.62873328951304        6.19183532237929        7.26173527820917
C            1.29624395847319        4.61955807579124        7.38149300760027
C            0.03872809035166       -4.36966898373249        7.15901607960287
C            0.77763754835137       -5.47998667674236        7.52086313070510
C            0.88081575342385       -5.87418410862633        8.84460619467719
O            1.60265553483059       -6.96213833694909        9.22720693405477
H            0.05783186753521       -5.35410931758914       13.07294567129701
H            0.13259463194178       -3.81309254655880       12.18168298154816
H           -1.31904401003098       -4.84661928155731       12.06692538240407
H           -1.06370411626744       -3.45996125551079       10.20892833202823
H           -2.08727913829987       -2.13138348917051        8.62966611549861
H           -0.90430302787202       -1.99719181483126        5.82914379056793
H           -3.35525826063661        0.66249055879926        5.14504003285666
H           -2.28541119968833       -0.57198112917771        4.41522258618792
H           -1.89780902052899        1.90093432279963        7.19164933968647
H            0.74496674337620        2.65339328751458        5.80103007299709
H           -1.71910180641290        3.58564782907297        8.54263267784544
H           -1.33815197203889        5.48632069506245       10.03550972613361
H            0.02794379452450        7.16778777593786       10.61448260474378
H            4.41591463123459        6.92519523996196        7.43144828228220
H            3.26493168200610        6.28339418094241        6.23157648660352
H            4.03466412476915        5.18456172232970        7.41162308841920
H            2.01694339078150        4.36539249938066        6.62071489911947
H           -0.03106150032376       -4.09613412931709        6.11937619305179
H            1.28701625072102       -6.06006726462758        6.76239704121361
H            1.98657621083104       -7.38011746340856        8.44957755140109
B           -4.61606003578603       -2.52070126591891        0.68328857644933
B           -4.29360148425623       -1.15615521447839       -0.07968354454216
B           -3.79044506804595       -0.00757121714344       -1.15566417119824
B           -3.12625172989248       -2.54788436589774        0.10219460839054
B           -2.55614558230297        0.27529669944133       -0.25071290516139
B           -4.19407907065963        0.42624635971977        0.60156535263127
B           -5.19402074051914        1.53728639853617        1.21640166211822
B           -4.70658397948113        3.08175092063511        1.30743549684389
B           -2.77997737085028        0.46573477708061        1.40806221285407
B           -3.66836880358979        3.48861071279673        2.48397636051084
B           -1.98511876476198       -3.68527032513213       -0.27317017060652
B           -1.52328921234709       -2.18978297286584        0.08826744936981
B           -1.42553923384579       -0.62561238878867        0.54064033636649
B           -0.37712181048904       -3.36062791867003        0.08578696979764
B           -0.21226887763103       -0.70537421219063        1.70233992967035
B           -1.53897327406102       -0.11905649516482        2.25710316670815
B           -1.94185243614704        1.51487635018610        2.35857599427483
B           -2.18628349923960        3.04655468203433        2.08605750661907
B           -0.51145992507628        1.10398353508028        3.11975106581499
B           -0.95365629749641        4.00871454491518        1.48386309534897
B            1.03574714871008       -4.23379785381656       -0.01495604321557
B            1.00986688947755       -2.84167788813480        0.79041720190013
B            1.26680683810059       -1.44807322333870        1.48579316535196
B            2.44358156676385       -3.72112571145235        0.71199315380760
B            2.66032975375736       -0.57464076947064        1.39654120277297
B            1.29311946609957        0.12486690235357        1.84401393875672
B            0.84837715619353        1.69805414438630        2.21597451363208
B            0.26121279670194        3.02597251938457        1.54733649522546
B            2.23288341620991        1.34435376177047        1.33221491131202
B            0.79446386105216        2.23354929067206        0.19279396558713
B            3.65711189177550       -4.35099217048655        1.68158111300779
B            3.87563033161629       -2.94122885302739        0.84873350806218
B            4.04805676658430       -1.34855704916566        0.79579464732673
B            4.87932209876229       -3.37858811297339        2.00594687937447
B            5.22494685820417       -0.30533214311341        0.19067817417492
B            4.07377167955058        0.27093442228184        1.17887699369730
B            3.70314742758142        2.01812642819590        0.88068982799564
B            2.37021715708621        2.41725516330691       -0.07128384354842
B            5.21159606633439        1.35114889248303        0.74663330661654
B            3.79386504110676        2.88668326639409       -0.46549009270431
H           -5.23077708758279       -3.06350880688774        1.51921986625340
H           -5.39040885141098       -1.88615784651502       -0.19055026135447
H           -4.31374568917772        0.23901546647785       -2.17959644228758
H           -6.22332202484837        1.20980468246119        1.70208189722916
H           -5.09302246221578        3.88802710486468        0.53957823706529
H           -4.03848306481168        3.95145293111684        3.49827105923372
H           -2.30297922668772       -4.73951713756031       -0.68282015492509
H           -1.11346856023029        5.06863450383373        1.00717154839859
H            1.12417530523467       -5.23656366847991       -0.60819485930472
H            0.07350306484813        1.67371591014423       -0.55392508412563
H            3.54641990379618       -5.45536520809366        2.05168127046306
H            5.83352842302275       -3.15970452251152        2.63968069353685
H            6.13369768288372       -0.65239823858637       -0.45629400681973
H            6.23123995775654        1.89117058216486        0.95613476801132
H            4.50419538755600        3.50354421240479       -1.15283614101150
102
 energy: -135.752637019517 gnorm: 0.010300123800 xtb: 6.7.1pre (5071a88)
C           -0.23476035293813       -4.86779136530923       12.14712568290704
O            0.37200269280619       -5.59226431578783       11.10760336612387
C            0.21623788778849       -5.13965320247459        9.83383557489523
C           -0.53493742084876       -4.04248013254569        9.46425448647695
C           -0.63162498748365       -3.62538645562375        8.12734135777714
C           -1.44816683015578       -2.47773150289034        7.83474424986661
C           -1.52093753236218       -1.75732171813149        6.69503102852339
C           -2.48900441127794       -0.67703673474018        6.59184493227813
O           -3.26843951540137       -0.38066456740474        7.48591825400022
C           -2.44231386928422        0.11621726845759        5.29656752036388
C           -1.25882026504415        1.03167706074335        5.44971429241706
O           -0.28228863860938        1.01267298465083        4.50752294141144
C           -1.11257381014308        1.90526105790851        6.50191147262104
C           -0.04228539762112        2.78688140710093        6.57535509793649
C            0.13115619819112        3.84288290850677        7.50069645538618
C           -0.80886519683402        4.17576254501656        8.48634419249869
C           -0.59094351548528        5.24956850848388        9.32169538393304
C            0.55684618275728        6.02304882793324        9.22387195255081
O            0.78540996224930        7.09230756955864       10.04245557118942
C            1.52161624327641        5.70379128947218        8.24714523186041
O            2.62763657984538        6.50763231598321        8.21279021564657
C            3.62685841299858        6.20979338278345        7.27537035804533
C            1.29565330961001        4.63565395803478        7.40875993857795
C            0.04752165095867       -4.35880140776692        7.15453822259501
C            0.78495625621933       -5.47214830309259        7.51123024132990
C            0.88369893377842       -5.87596834641521        8.83319261456759
O            1.60170585957112       -6.96822696556028        9.21101314477443
H            0.04734114698005       -5.37938278618403       13.06546972854949
H            0.12677961718571       -3.83446945959507       12.18196062413072
H           -1.32638906496509       -4.86560914358738       12.05525369436095
H           -1.06420824086912       -3.46965067706192       10.20872688878006
H           -2.08998017485275       -2.13817694853971        8.63965927885129
H           -0.90069996037050       -1.96955098117917        5.83816550117029
H           -3.37640142046021        0.67170753574354        5.17821612379018
H           -2.29091071479062       -0.54464381683291        4.44162810031820
H           -1.89154136341723        1.90444892674831        7.24776001554664
H            0.72405749057516        2.68075996012635        5.82045513474650
H           -1.71301481048682        3.59938864717551        8.58920253738865
H           -1.32857011791283        5.50430429042025       10.07263257217980
H            0.03773465526702        7.18506657962260       10.64478376902706
H            4.41463520636639        6.94307559465495        7.43969568474597
H            3.25806529482378        6.30036315532365        6.24714307695555
H            4.03357269199735        5.20318611936193        7.42482289270354
H            2.01412756985817        4.37957935680061        6.64651442343926
H           -0.01796212929898       -4.07588981597831        6.11648102387884
H            1.29669989436180       -6.04747277219525        6.75035351163558
H            1.99460837395635       -7.37774713825037        8.43136040470429
B           -4.60849397025611       -2.51920085174650        0.64504512922766
B           -4.27603133215744       -1.15096265840030       -0.10866796150142
B           -3.76041965897383        0.00866153354571       -1.16649823401204
B           -3.11628700539078       -2.53348184277416        0.07209808705694
B           -2.54033872546765        0.28327428926290       -0.24299188978913
B           -4.18867207495319        0.41747992621018        0.59444338368461
B           -5.19582112447433        1.52344776572193        1.20521211673574
B           -4.70770221047729        3.06724879557540        1.28510696125073
B           -2.78191933312207        0.45082874257992        1.41240624783846
B           -3.67642600771963        3.48817557570380        2.46276253466717
B           -1.97317457248500       -3.66684579411938       -0.30654502952130
B           -1.50846479376252       -2.18381521094479        0.08536073942309
B           -1.42891696837791       -0.62774480034328        0.56043121010534
B           -0.37040449915175       -3.36052534065926        0.07932141602330
B           -0.21057375802808       -0.74153956812848        1.72607527512308
B           -1.52835190644690       -0.12581664766655        2.26472062835325
B           -1.96499817389908        1.50280410189603        2.35584938401783
B           -2.19497032530971        3.03329719228379        2.07810089613724
B           -0.51948727429640        1.11608084768253        3.12515194762220
B           -0.95965847387891        3.98883205832396        1.46842933635300
B            1.04150851236368       -4.23302116771946       -0.02568466111824
B            1.00595589039282       -2.86330689243462        0.80939086356436
B            1.26991045741029       -1.47680386697987        1.51730169737032
B            2.44557874234089       -3.73254893339045        0.70843394554864
B            2.65981626802176       -0.60009427925708        1.40220800154621
B            1.28654597148867        0.10529209963456        1.82485573368141
B            0.83259858865616        1.67338883081331        2.21780621055964
B            0.24697998182002        2.99609144522298        1.52377388071504
B            2.21181992470799        1.33775820086577        1.32433222689908
B            0.79017239034274        2.19159492811737        0.18221932319985
B            3.66584274365891       -4.34920292108599        1.68209004836203
B            3.87508753550994       -2.95593125994240        0.82557236228677
B            4.04425987720930       -1.36319407257633        0.77974608818344
B            4.88172838335719       -3.36716302367201        1.98647398396592
B            5.21722178146283       -0.31719686312177        0.17276708479402
B            4.07266450167669        0.24816094979675        1.17758388392978
B            3.69528039103795        1.98458729817602        0.87148740150897
B            2.36521744275582        2.39382876309109       -0.08334378934123
B            5.20800795466354        1.33432939453387        0.74576818118238
B            3.79220523165529        2.84872506706789       -0.48034235672281
H           -5.22542755671722       -3.06046917135829        1.47983403929893
H           -5.37609798445599       -1.88110331053624       -0.22760908171009
H           -4.27011312548301        0.27313097416215       -2.19214444214026
H           -6.23053739377405        1.19284907686052        1.67495447410122
H           -5.08782430448924        3.86943876502183        0.51001405537458
H           -4.04893335803975        3.96977213188777        3.46762012607349
H           -2.28940935556274       -4.70677845437868       -0.74302362631505
H           -1.12090271468901        5.05313404862590        0.99890870377688
H            1.13162786491707       -5.22386347406190       -0.63791781239705
H            0.08187314200177        1.62313736311782       -0.57175706753710
H            3.55228236222833       -5.45245142145776        2.05468437805139
H            5.83966741172893       -3.12898290915278        2.60752506647435
H            6.11546294829143       -0.65773765038046       -0.49227082694158
H            6.22558338806525        1.87565846257870        0.96388764808543
H            4.50952092327641        3.45626806448418       -1.16991169070437
102
 energy: -135.753711506589 gnorm: 0.012198243702 xtb: 6.7.1pre (5071a88)
C           -0.24384340524095       -4.89584377674590       12.13882559230876
O            0.36655840291411       -5.61392710941392       11.09575528772810
C            0.21655165443162       -5.15039064904457        9.82394148866911
C           -0.53378854542335       -4.05040530398287        9.46029087452435
C           -0.62571510845385       -3.62174595875500        8.12556702115625
C           -1.44471726870742       -2.47275322461868        7.84081156882139
C           -1.51749954405201       -1.74226678729885        6.70685164459287
C           -2.48757966543254       -0.66184139610059        6.61536106216151
O           -3.26580031714990       -0.37450037012831        7.51550695773031
C           -2.44425557771371        0.14187830686535        5.32551068628268
C           -1.26157523940554        1.05632038642491        5.48087474231839
O           -0.29695282846371        1.06374539719663        4.52610248755995
C           -1.11999220451976        1.92420082834341        6.54199834986286
C           -0.05519337243996        2.81139940692551        6.61673611501198
C            0.12500515098417        3.86444795301801        7.54277650696304
C           -0.80756311835536        4.19898510034349        8.53605745751288
C           -0.58290195341647        5.27439512260068        9.36807475496915
C            0.56373741652496        6.04865173821183        9.25844486884885
O            0.79819608114785        7.12078487803922       10.07319676972897
C            1.52232969799733        5.72692343358827        8.27627430969364
O            2.62969798184635        6.53007206637077        8.23341782237882
C            3.62321549356759        6.22985890276702        7.29020378588346
C            1.28972217727887        4.65717172263778        7.44179498202536
C            0.05866367872680       -4.34581333696836        7.14884096416326
C            0.79513191920621       -5.46237643496981        7.49905295742044
C            0.88744614405503       -5.87821833328515        8.81847191381276
O            1.60263088669793       -6.97476699149578        9.19053115115691
H            0.03425020363376       -5.41366375656504       13.05590944294291
H            0.11956381093650       -3.86293615480730       12.18332726597598
H           -1.33551466073878       -4.89126997882262       12.04259166800924
H           -1.06512319638304       -3.48368380063485       10.20832054863610
H           -2.08772881175307       -2.14122390758371        8.64897159973156
H           -0.89663082616153       -1.94641956999114        5.84538425606953
H           -3.37875635312535        0.69784034715256        5.21181331446811
H           -2.29751731733608       -0.51358742755334        4.46422656950331
H           -1.89121808617575        1.91233922922480        7.29765078652238
H            0.70282885220557        2.71289086638463        5.85366632343428
H           -1.71093050600697        3.62216283983528        8.64640365854571
H           -1.31463908965527        5.53076355221595       10.12483650133212
H            0.05560372763379        7.21388562381942       10.68251910953149
H            4.41317351294987        6.96206166789736        7.44904098761857
H            3.24859870045306        6.32053079873699        6.26423222719294
H            4.02938954424554        5.22312062999198        7.43828714913026
H            2.00443889520509        4.39860791040393        6.67623884639423
H           -0.00100792789266       -4.05296673843806        6.11246810951926
H            1.31101403202105       -6.03089932231485        6.73546418104215
H            2.00057980333075       -7.37844673996347        8.40850047952035
B           -4.60202497835279       -2.52298510939634        0.60075373699754
B           -4.25977203133709       -1.15077350444729       -0.14455380618355
B           -3.71791583185365        0.01702980223073       -1.18150091573564
B           -3.10792264212611       -2.52827196350091        0.03576879052884
B           -2.51535251897262        0.29156257439412       -0.23181437602754
B           -4.18056464303625        0.40355640502551        0.58393393989077
B           -5.20102921976194        1.50933961219648        1.17670040171889
B           -4.71051630911524        3.05208919585208        1.25311491990399
B           -2.78149806441787        0.43609514079228        1.42011575872668
B           -3.69296979560851        3.48407189067094        2.44084202349852
B           -1.96156081147508       -3.64989211050127       -0.36977911498601
B           -1.49650126359283       -2.17734785012228        0.08951960703926
B           -1.42500745873798       -0.63051122006970        0.59043553167827
B           -0.36642587884390       -3.36098543144974        0.06782713671911
B           -0.21223717822767       -0.76859428127782        1.76985861549805
B           -1.52755118498446       -0.13323699316297        2.28800264794521
B           -1.98366088034262        1.49610215330128        2.36468714357642
B           -2.20787177209505        3.02553750253594        2.07482511885352
B           -0.53473067803559        1.14438519488549        3.14831309751200
B           -0.96317308072907        3.96774396683513        1.45690026904074
B            1.04629947508443       -4.23034184916064       -0.04991000313305
B            0.99467566885320       -2.89019043140496        0.84891128651602
B            1.27146482466609       -1.51315503004593        1.57052105737338
B            2.44455465976330       -3.74855603236544        0.70118986473517
B            2.65936104193264       -0.63109267890309        1.41471255738688
B            1.28561429404659        0.08479744023907        1.81527396264819
B            0.81854321827575        1.65048455323307        2.21650381280667
B            0.24626490573942        2.97598539322174        1.50934927778907
B            2.19199765836505        1.32455868386995        1.31700022648355
B            0.78245494929917        2.15495820053853        0.17689331301282
B            3.67068833668414       -4.34839573661792        1.68344401877888
B            3.87494790252972       -2.97619814899251        0.79131954777854
B            4.03492178722678       -1.38258253048467        0.75362968454954
B            4.87893225460365       -3.35249194649972        1.96931252760455
B            5.20607290313958       -0.33131062885751        0.15145473715784
B            4.07081347466161        0.22112720023658        1.17782646183552
B            3.68427308687607        1.94680454197489        0.86442290581642
B            2.35675577897288        2.35846282585945       -0.09532330969048
B            5.20238210372815        1.31192448119437        0.74193816148538
B            3.78737543122984        2.79574616499027       -0.50070934846482
H           -5.22027674069152       -3.06285313246446        1.43546708107379
H           -5.36297790529922       -1.88231268183151       -0.27318264081524
H           -4.21015264747010        0.30188646565925       -2.21209309012893
H           -6.23870126788593        1.17791379689740        1.63692163788809
H           -5.07545087153823        3.84693751753674        0.46252631495340
H           -4.07456408148535        3.98068357416830        3.43618918854120
H           -2.27357251525689       -4.67417679808542       -0.85952519915465
H           -1.12032330680118        5.03307784950381        0.98365625267213
H            1.14102221875888       -5.20728572774461       -0.68488148646300
H            0.07538045872794        1.58482073261179       -0.57793048024253
H            3.55310729038453       -5.44764722333214        2.06773842796561
H            5.83579655017858       -3.09023664623361        2.58361473657328
H            6.09390921296413       -0.66722238927817       -0.52977267720809
H            6.21599867594251        1.85915205416018        0.96605402425355
H            4.50615955116131        3.39317852212407       -1.19841350712384
102
 energy: -135.754658321337 gnorm: 0.011338452654 xtb: 6.7.1pre (5071a88)
C           -0.24944197249521       -4.91754090620835       12.13244695017889
O            0.36530790121943       -5.62841819271736       11.08616338655330
C            0.21685319583230       -5.15665757394817        9.81627002973877
C           -0.53435844507275       -4.05522001230420        9.45880374825031
C           -0.62533386840832       -3.61739315916997        8.12664026051445
C           -1.44629637793044       -2.46698522259855        7.84943197344481
C           -1.51523852419568       -1.72623267692594        6.72192983193290
C           -2.48158232782042       -0.64210257601138        6.63830314284095
O           -3.25198657334127       -0.35230953544537        7.54449425333422
C           -2.44465685186742        0.16181800742767        5.34846518673278
C           -1.25796100268422        1.07037878914077        5.49747706188877
O           -0.30695543591456        1.09029727035731        4.53561572017637
C           -1.12116442473595        1.93763236796952        6.56254674022227
C           -0.06243208971802        2.82975388770907        6.64275292353669
C            0.12219511931871        3.87895134108867        7.57258773389296
C           -0.80430440354707        4.21225604738168        8.57271173052300
C           -0.57705214225992        5.28890582171282        9.40257450262535
C            0.56661896644629        6.06597180792658        9.28423645232797
O            0.80163408504958        7.14275293976784       10.09407923264697
C            1.52224435590151        5.74263041908475        8.30020657593537
O            2.62986857005665        6.54620996239720        8.25370090361130
C            3.61974694596768        6.24873823281465        7.30550831582278
C            1.28669008750218        4.67182593232279        7.46806522886075
C            0.06207663182559       -4.33334418497657        7.14637457383971
C            0.79957770418594       -5.45160092730635        7.48975524460111
C            0.88944902305721       -5.87684395736538        8.80613543234202
O            1.60442363658728       -6.97596034022524        9.17195632678119
H            0.02664097508933       -5.44047745412318       13.04771897858485
H            0.11301928603776       -3.88460973575096       12.18512755468833
H           -1.34069908590133       -4.91396032734280       12.03313341196070
H           -1.06627461272094       -3.49389931309634       10.21052335624612
H           -2.09106453794738       -2.14333582934443        8.65930014319771
H           -0.89209138233538       -1.92365874017125        5.85938912570653
H           -3.37589354375506        0.72369048424481        5.24048156555769
H           -2.31190455511893       -0.49571667033340        4.48600522517988
H           -1.88702835992626        1.91947145505576        7.32250210047819
H            0.68939662456833        2.74074718596654        5.87270558909327
H           -1.70553170974619        3.63297033529335        8.68913973196683
H           -1.30465472147703        5.54503699848572       10.16343055394903
H            0.06420781717509        7.23241600426552       10.71034281612343
H            4.40787437386101        6.98390264635871        7.46015230628286
H            3.23994098862779        6.33802081458561        6.28149451188816
H            4.03045130322195        5.24382911704054        7.45231606302084
H            2.00085230968014        4.41209943230092        6.70206734829906
H            0.00471916247200       -4.03308392979076        6.11201957330587
H            1.31831819625304       -6.01398590044934        6.72352965949649
H            2.00757231476060       -7.37313958310556        8.38822800504362
B           -4.60090981694402       -2.52744901594498        0.55894978219734
B           -4.24276641694955       -1.15233937074033       -0.17595868724005
B           -3.69120731798394        0.02915613810744       -1.19395505111177
B           -3.10320956662039       -2.52498881243389        0.00528173709790
B           -2.49952865918814        0.29103094523661       -0.22927961155699
B           -4.17376871971137        0.39272502065448        0.57074938917456
B           -5.20329969656578        1.49484882641981        1.15657914498577
B           -4.70931539275607        3.03590753931126        1.23473329883630
B           -2.77836394351091        0.42168572600615        1.41887137024558
B           -3.69592128641249        3.48189312626663        2.42197257426536
B           -1.95000246119959       -3.63787867811183       -0.40086947046977
B           -1.49027914530804       -2.17595397989608        0.09057802448622
B           -1.42929908006356       -0.63594379997977        0.61318823763450
B           -0.36439686658167       -3.35942322730145        0.06509411045263
B           -0.21159666736882       -0.78566613414412        1.78838602778753
B           -1.52244335029527       -0.13763146933469        2.30031522578602
B           -1.99495835104078        1.48627121459187        2.36505043380916
B           -2.21042521564059        3.01606598926087        2.06778316003100
B           -0.53600982507837        1.14125812954475        3.15676605841643
B           -0.96730780711593        3.95624781116538        1.44503014061148
B            1.04611099154707       -4.22813465631103       -0.05946842724287
B            0.99050790504211       -2.90693658754098        0.86174692870833
B            1.27214649087938       -1.53139824079299        1.58716574130564
B            2.44108996101055       -3.75839024297579        0.69852480037579
B            2.65549287097487       -0.65386799270876        1.42666143180706
B            1.27780354397071        0.06908412485871        1.80767087503603
B            0.80659763541935        1.63592192731868        2.21903070066740
B            0.23689766210966        2.95973760951688        1.50184216405636
B            2.16936644761189        1.32148042910814        1.31708138357643
B            0.77579501245428        2.12685406260152        0.17906086890636
B            3.67620514888063       -4.34640138525076        1.68120019301005
B            3.87047177927685       -2.98952516743248        0.77127118195443
B            4.02569132151093       -1.39532465185331        0.74059098708070
B            4.88473176937211       -3.34356500924746        1.94368862486558
B            5.19141864346899       -0.34173695062519        0.13843532868545
B            4.06586757244591        0.20006673816065        1.18419780403201
B            3.67242875103700        1.91677105286850        0.86596896983100
B            2.35010405242847        2.33548048474142       -0.09720213292841
B            5.19320458101175        1.29617054058250        0.74334421601134
B            3.78420898984306        2.75207242923264       -0.51106346791933
H           -5.22278439954105       -3.07089849027189        1.38843495921686
H           -5.35225691315262       -1.88165402675698       -0.31472651075251
H           -4.17366492677107        0.32806143319743       -2.22427703963126
H           -6.24105773391925        1.15983152739465        1.61101918866301
H           -5.06147785470489        3.82270629807290        0.43026815030117
H           -4.07829123601048        3.99495690345847        3.40894087058975
H           -2.25607157716772       -4.64726358552215       -0.91624156461550
H           -1.12463013192805        5.01644824260621        0.95818831167636
H            1.14486011473287       -5.19685718010364       -0.70306525293214
H            0.07337223700786        1.55443453470314       -0.57929626040065
H            3.56086226947570       -5.44232474813071        2.07577633323498
H            5.84139093098087       -3.06434176494845        2.54951088189018
H            6.06827799760295       -0.66965478966260       -0.56014653013153
H            6.20491074793307        1.84391239782186        0.97431461603207
H            4.50700130543646        3.33509520324884       -1.21735030376989
102
 energy: -135.755557307213 gnorm: 0.009831654167 xtb: 6.7.1pre (5071a88)
C           -0.25537431256063       -4.94288611376847       12.12383128540434
O            0.36321920663552       -5.64432017607923       11.07360078561620
C            0.21594252528108       -5.16350202970556        9.80678415276302
C           -0.53557183391729       -4.06015359631196        9.45658765444861
C           -0.62481708012705       -3.61185888843364        8.12820474050733
C           -1.44453276177232       -2.45842923166536        7.85941134917011
C           -1.51103728427536       -1.70862198637791        6.73841673167497
C           -2.47440364913366       -0.62155570462742        6.66144308347460
O           -3.23737286659374       -0.33027519536978        7.57260241353403
C           -2.44393722132687        0.18397110829827        5.37311723843158
C           -1.25494456994243        1.09143727771736        5.51456023164741
O           -0.31593831486559        1.12134626206191        4.54631538242025
C           -1.12022742783794        1.95463301412501        6.58352524256032
C           -0.06692954696743        2.85180915746905        6.66911638995706
C            0.11979749058250        3.89744708710137        7.60387953767839
C           -0.80022083048147        4.22742908843679        8.61100542784592
C           -0.57039975834315        5.30396096560315        9.44041150156826
C            0.57070119265931        6.08310660803942        9.31563207032647
O            0.80756293320238        7.16238909941016       10.12179222411521
C            1.52224495061756        5.76035752580590        8.32793400377385
O            2.62901091338197        6.56466963027011        8.27718764638417
C            3.61426748612831        6.26978334829322        7.32309216892176
C            1.28348241275413        4.69024501325689        7.49621034117279
C            0.06521561604357       -4.31912073496454        7.14440388184897
C            0.80387011822181       -5.43893736585928        7.48015570518593
C            0.89146806988212       -5.87471286376975        8.79265288446265
O            1.60771084404190       -6.97542770139927        9.15086171069997
H            0.01932678044059       -5.47322086945736       13.03500297978675
H            0.10505847479802       -3.91018820557870       12.18539845764597
H           -1.34579509638942       -4.94130254860857       12.02204449012526
H           -1.06912506020040       -3.50585478086658       10.21224205341000
H           -2.09011766103097       -2.14195762488016        8.67044056455788
H           -0.88841894816574       -1.90126114279926        5.87630854474709
H           -3.37260535736294        0.75162290053150        5.27372783187252
H           -2.32396965933239       -0.47488336215717        4.50924736096078
H           -1.88329376847170        1.92899664407006        7.34444862973811
H            0.68321736348423        2.77203564752701        5.89464174614064
H           -1.69923049490368        3.64542523896158        8.73184227715014
H           -1.29329203075113        5.55887325532009       10.20566029580944
H            0.07362472537782        7.25306885635282       10.74111547475372
H            4.40079724868278        7.00791779798346        7.47341819983524
H            3.22827132868169        6.35745542720152        6.30118995550776
H            4.02935838430620        5.26617215212305        7.46771102316880
H            1.99521799948743        4.43162237454052        6.72755324938707
H            0.00984034745462       -4.01148413385533        6.11254491869736
H            1.32558783959497       -5.99395057514664        6.71084371181206
H            2.01199163139854       -7.36690017884711        8.36584876343200
B           -4.60275453005660       -2.53419144804612        0.51133735336471
B           -4.22717411245628       -1.15390640153247       -0.20809584706985
B           -3.65833408914646        0.03897807177114       -1.20505505818602
B           -3.09993018394149       -2.52527518425893       -0.02913215960220
B           -2.47864320083978        0.29232172794221       -0.22445356292639
B           -4.16247802624838        0.38077367853236        0.55929643918829
B           -5.19713204489382        1.47753158004795        1.14360018178381
B           -4.70385778385566        3.01961181513850        1.20764455231023
B           -2.77172856614368        0.40580469006917        1.42030302067717
B           -3.70181512871305        3.47967120429161        2.39919706986071
B           -1.93890671343986       -3.62572944825004       -0.44097658211653
B           -1.48686953023730       -2.17517010646985        0.09357024865871
B           -1.42734100142494       -0.64180789250468        0.63608284737579
B           -0.36443416369822       -3.35907755238568        0.06136505580329
B           -0.21034420798303       -0.79735568502591        1.81405113998656
B           -1.52238795290811       -0.14595544538730        2.31991014518479
B           -1.99990786091823        1.47641765289444        2.37334509356401
B           -2.21500263484094        3.00490595365785        2.06100569436427
B           -0.54120630593138        1.13953084579967        3.17174869696640
B           -0.97246601382075        3.94020959595300        1.43280403036867
B            1.04431049828925       -4.22633631836328       -0.07077194531131
B            0.98244561594864       -2.92634996101412        0.88159107137992
B            1.27292803041175       -1.55302522352952        1.61108933830967
B            2.43570473894395       -3.77000036826699        0.69529344359609
B            2.65305497859017       -0.67953232344306        1.43924039785410
B            1.27511752488037        0.05073877769058        1.80503695854930
B            0.79500746622167        1.62124052032974        2.22064126057107
B            0.23097941606644        2.94462453170089        1.49781126817982
B            2.14942015340235        1.31697414007747        1.31969050018863
B            0.76823363824724        2.10295243973751        0.18241703280488
B            3.67796888801860       -4.34339521765709        1.68305799774100
B            3.86527009810071       -3.00377342121078        0.74641639716028
B            4.01818137145753       -1.40987684900557        0.72593176519191
B            4.88733471213780       -3.33299968483823        1.91955679993587
B            5.17598526267882       -0.35193655844410        0.12276516832699
B            4.06145083990111        0.17774988187395        1.18975930365821
B            3.66047437533358        1.88595804593029        0.86674074139555
B            2.34318199446963        2.30953075807223       -0.09907084307032
B            5.18373889423808        1.27893835725170        0.74016784421775
B            3.78136311192090        2.70133481341973       -0.52445421246895
H           -5.22972529803031       -3.08244201043935        1.33387688012503
H           -5.34368982602303       -1.88048476003661       -0.36083633619403
H           -4.12804687170886        0.34819228836050       -2.23761578225209
H           -6.25298536433866        1.14665486876899        1.56816793985103
H           -5.05116901941685        3.79740690954486        0.39406659987192
H           -4.09050177990591        4.00165074184033        3.37874375246815
H           -2.23482223451960       -4.61902733323190       -0.99395783381113
H           -1.12747479494961        4.99456025690799        0.93322697238003
H            1.14611996656556       -5.18612997803601       -0.72703172505546
H            0.06350166509915        1.53207333525588       -0.57438624224248
H            3.56783155201007       -5.43540306205334        2.08982177475353
H            5.84503240476023       -3.04077184978392        2.51603674643919
H            6.04107553646832       -0.67356459153033       -0.59306137079102
H            6.19250609159098        1.82817036517425        0.97999102914278
H            4.50502506596535        3.26849735676527       -1.24226236673200
102
 energy: -135.756420923393 gnorm: 0.009073265669 xtb: 6.7.1pre (5071a88)
C           -0.26086885371031       -4.97062768527828       12.11423901747928
O            0.36155606652286       -5.65999366928500       11.05905460118122
C            0.21410730150102       -5.16939788078867        9.79658204473036
C           -0.53821722736551       -4.06412946698275        9.45517217089068
C           -0.62566157563919       -3.60401815495582        8.13154338307839
C           -1.44231550780356       -2.44679745088616        7.87218686550867
C           -1.50588322235542       -1.68763443010314        6.75806194761399
C           -2.46605405368158       -0.59772608025232        6.68711960107076
O           -3.22110594368071       -0.30432020958471        7.60293601733193
C           -2.44379848827631        0.20758147593453        5.39928802707093
C           -1.25280897197010        1.11694580935067        5.52840373868540
O           -0.32515600495861        1.14981725015321        4.55458779975889
C           -1.11408636534285        1.97370096566409        6.60092451697663
C           -0.06531258898328        2.87513123036141        6.69008336396344
C            0.12082580610831        3.91663738470751        7.63174173915214
C           -0.79387498360487        4.23971684437812        8.64509916768176
C           -0.56348195158117        5.31465741396875        9.47660839858932
C            0.57430300150940        6.09736344337646        9.34872855321803
O            0.81163090082765        7.17714204536248       10.15308271862144
C            1.52250203876065        5.77863502638896        8.35684980816209
O            2.62699820597206        6.58458337442197        8.30383753294138
C            3.60771409327418        6.29461201768424        7.34358934901250
C            1.28248166069512        4.71078593555907        7.52293717923488
C            0.06631514791959       -4.30182900663388        7.14335995571684
C            0.80657505078752       -5.42301829985240        7.47031383766313
C            0.89313636644408       -5.87027030773341        8.77835070756726
O            1.61226665160771       -6.97166554564980        9.12739977680914
H            0.01348389500514       -5.50993627287291       13.01951038977915
H            0.09600896823199       -3.93796906469866       12.18589112760379
H           -1.35047512704636       -4.97199977407994       12.01037209969964
H           -1.07409543101540       -3.51821799921968       10.21507898376967
H           -2.08817151552073       -2.13698569051994        8.68433459296061
H           -0.88401041520381       -1.87561646087081        5.89757471472957
H           -3.37074937290502        0.77971140252205        5.31036581758802
H           -2.33569316044413       -0.45285988483675        4.53520504673823
H           -1.87577671970936        1.94021279839848        7.36136983391191
H            0.68628051407594        2.80433713620265        5.91395162073317
H           -1.69002282075890        3.65388572148900        8.76848040449888
H           -1.28240884198934        5.56565879730363       10.24617752740909
H            0.07973443667270        7.26960111654180       10.77326891802334
H            4.39120243097761        7.03708409215221        7.48966644802169
H            3.21487861538181        6.37996584382094        6.32398679966909
H            4.02892833029168        5.29276936509529        7.48538034466056
H            1.99149631465662        4.45625988411055        6.75073818847631
H            0.01166895478269       -3.98649582008004        6.11439196417797
H            1.33058096503521       -5.96971630563676        6.69705135372907
H            2.01617782460059       -7.35633347900918        8.34077798335642
B           -4.60874832624473       -2.54293834887710        0.45916011013015
B           -4.21123785950963       -1.15603911345857       -0.23792800733039
B           -3.62376197469532        0.04464082179264       -1.21566408868703
B           -3.09857360937505       -2.52886511094025       -0.06365323646438
B           -2.45670238804379        0.29037244636954       -0.21929342781074
B           -4.14950614808120        0.37027588758914        0.54378829816618
B           -5.20001035838709        1.46457822508869        1.10813488199574
B           -4.70077125669263        3.00304052382392        1.18210653259482
B           -2.76490328588556        0.38763647233871        1.42130245084547
B           -3.70820710390217        3.46766013847579        2.37785480124148
B           -1.92838345448940       -3.61574381150688       -0.47867621528837
B           -1.48755298536820       -2.17811715644948        0.09761338363316
B           -1.42345346352239       -0.65056089305715        0.65759230964158
B           -0.36711617928575       -3.36131180403249        0.06430690959710
B           -0.20734457165884       -0.80084926770800        1.83757658970642
B           -1.52649954276973       -0.15596066118487        2.34135227957331
B           -2.00118753498118        1.46535205404981        2.38078533944542
B           -2.22071082216563        2.98990821148501        2.05001529379347
B           -0.54675798615745        1.12900483300138        3.18363308311564
B           -0.98090862609453        3.92378666530809        1.42043501292120
B            1.04029871928987       -4.22561591545367       -0.07820230978030
B            0.97240123205271       -2.94561709090458        0.90188968772541
B            1.27328316026704       -1.57245299109129        1.63256302407619
B            2.42810185022759       -3.78052697292995        0.69426174145172
B            2.65091175905613       -0.70498307968130        1.45327514746202
B            1.27428074914371        0.03281466629610        1.80783147439635
B            0.78495745530931        1.61010332784706        2.22426240354893
B            0.22203745149772        2.93064884448484        1.49822594992272
B            2.13104238679441        1.31583013717628        1.32789500133082
B            0.76049506333936        2.08541741940605        0.18793900623934
B            3.67817255246701       -4.34013139562555        1.68416801909400
B            3.85847117602946       -3.01733963473894        0.72207087625002
B            4.01257826801554       -1.42436328358877        0.71467803551377
B            4.88904749559974       -3.32371788653236        1.89422943897337
B            5.15934903678908       -0.36138765283162        0.10725574340501
B            4.05655543452425        0.15555636515224        1.19517417732931
B            3.64815920196204        1.85674247488079        0.86891267488758
B            2.33690341660091        2.28608720111276       -0.09833275413195
B            5.17290526071042        1.26276230586584        0.73340856736036
B            3.77974406856908        2.64789323437294       -0.53679575172010
H           -5.24435001732902       -3.09955967235472        1.26964787748198
H           -5.33689769949940       -1.87693764855501       -0.40921295276214
H           -4.08056480651249        0.36259850906602       -2.25061711815611
H           -6.24814882725044        1.13021052735992        1.53838621504747
H           -5.03605164688592        3.77402839970408        0.35745303198811
H           -4.10034152673603        4.00827148957285        3.34562169180026
H           -2.21101347115737       -4.59050916051831       -1.06843589247210
H           -1.13371124694595        4.97070334867652        0.90770538043515
H            1.14514471153487       -5.17732692952884       -0.74603640572662
H            0.05232068764118        1.51479406328537       -0.56457508053260
H            3.57735316176117       -5.42824992450681        2.10323243905029
H            5.85172565812337       -3.02625645899120        2.47774632502592
H            6.01157956863738       -0.67696454223844       -0.62614270426039
H            6.17925313473102        1.81178000206613        0.98346078537697
H            4.50286466057067        3.19504737652873       -1.26983702584625
102
 energy: -135.757175065222 gnorm: 0.008992527592 xtb: 6.7.1pre (5071a88)
C           -0.26733956824229       -5.00144663065759       12.10452051329762
O            0.35854910204593       -5.67793954289415       11.04358356329441
C            0.21224286781661       -5.17571255755433        9.78614750118847
C           -0.54081084010486       -4.06807149885982        9.45415496287874
C           -0.62495023421589       -3.59456186237792        8.13526629280932
C           -1.43927442736561       -2.43423894494903        7.88556439767703
C           -1.50110517281593       -1.66547747047393        6.77782029981886
C           -2.46009617766366       -0.57402210383003        6.71491582559786
O           -3.21055186760859       -0.28341483358511        7.63508480082031
C           -2.44666639051455        0.23303555373823        5.42800787460313
C           -1.25634203907060        1.14748402579741        5.54517020148765
O           -0.33828461131088        1.18230749607465        4.56390073271741
C           -1.10621879184458        1.99469302559005        6.62315978698167
C           -0.05975881219198        2.89840691082646        6.71079109291207
C            0.12517935940890        3.93604194106625        7.65841644476950
C           -0.78604337250448        4.25097961709942        8.67663184438141
C           -0.55589162357963        5.32361431754530        9.51168932439303
C            0.57846539000772        6.11111331348182        9.38255629900499
O            0.81604192991091        7.18895797994937       10.18799173944209
C            1.52375385369977        5.79910715113172        8.38546341584515
O            2.62534676689045        6.60758193259606        8.33066311760344
C            3.60173950826876        6.32269665976886        7.36474911523728
C            1.28371199207946        4.73392721080499        7.54812964923990
C            0.06939526575752       -4.28229336412505        7.14161556101327
C            0.81029978841735       -5.40560911947490        7.45936672208407
C            0.89526679558547       -5.86550236467008        8.76324766210245
O            1.61641759565966       -6.96825189295250        9.10278810516304
H            0.00632101593704       -5.55038064962480       13.00379603697112
H            0.08670235763986       -3.96871307618285       12.18775869204519
H           -1.35671603549383       -5.00409434094592       11.99814537610230
H           -1.07995167218971       -3.53112850737680       10.21814328089448
H           -2.08486374757206       -2.13027785191177        8.69995982040217
H           -0.87907591720737       -1.84699561484726        5.91727759410108
H           -3.37490271932847        0.80410865555759        5.34805263267758
H           -2.34349283964209       -0.42574108964522        4.56280794228951
H           -1.86520971047632        1.95312913997959        7.38619302113030
H            0.69196625390988        2.83457192796890        5.93331273196321
H           -1.67954878608403        3.66149980798533        8.80160017316257
H           -1.27198716527565        5.56893233021885       10.28558607161818
H            0.08499276630504        7.28244522225911       10.80870159796420
H            4.38256579664048        7.06868776653293        7.50654953047513
H            3.20233807139121        6.40608589672128        6.34749238972293
H            4.02817977168996        5.32242402286958        7.50365797620613
H            1.98937917126288        4.48520766201940        6.77133630767347
H            0.01598542710371       -3.95767451975449        6.11548543622083
H            1.33614561170766       -5.94381247723748        6.68151814792561
H            2.02116304459853       -7.34444716749366        8.31336227900075
B           -4.61495505057330       -2.55335144819921        0.40389906069521
B           -4.19712145068061       -1.15790742971112       -0.26596404319591
B           -3.58761177996684        0.04881731884461       -1.22400814220091
B           -3.09701309600767       -2.53276295006483       -0.09887353396481
B           -2.43444061047697        0.28885425606362       -0.20977563492600
B           -4.13675243892697        0.35862519513959        0.53157530802478
B           -5.19329325386306        1.44695070867724        1.09098936318697
B           -4.69797010119721        2.98700188577210        1.15350304351458
B           -2.76204389153408        0.36738006450046        1.42652392410015
B           -3.71734841368905        3.46330954948994        2.35221556951924
B           -1.91825385805674       -3.60629125798943       -0.51999346098659
B           -1.48851830293569       -2.18256657246428        0.10261781402632
B           -1.41735092159236       -0.66090325655529        0.67856654595438
B           -0.37003698855762       -3.36658663426920        0.06939298804268
B           -0.20396014625927       -0.80193010802791        1.86420720490319
B           -1.53368018623426       -0.16681382569770        2.36438744070492
B           -2.00708423201757        1.45532693608098        2.38701983388822
B           -2.22965831689526        2.97505162858731        2.03907779169377
B           -0.55822640325300        1.12442989215032        3.19452419147122
B           -0.99046907066670        3.90587806441647        1.40762295084500
B            1.03739706370339       -4.22582701219906       -0.08419686158344
B            0.96000398014952       -2.96556391139714        0.92708006245946
B            1.27341652754229       -1.59326527990111        1.65964630498906
B            2.42076030315353       -3.79072031719890        0.69461527337732
B            2.65078369523216       -0.73064795027136        1.46744323955824
B            1.27680031161496        0.01578713789417        1.81169954293909
B            0.77586156743798        1.59870591575360        2.22944049898222
B            0.21349098558365        2.91628492318887        1.49814722823619
B            2.11692259417762        1.31443947294050        1.33785792325485
B            0.75405959030113        2.06960795453750        0.19068485136215
B            3.67717788578363       -4.33728254887604        1.68644889848878
B            3.85264438021034       -3.03219429665175        0.69658479123220
B            4.00890939431099       -1.44038269133524        0.70267095676511
B            4.88821395254672       -3.31553656077840        1.87160430689284
B            5.14548259660760       -0.37167387308322        0.08992775694878
B            4.05354108833043        0.13259000747273        1.19688869538838
B            3.63755621113251        1.82828568397012        0.86861048593226
B            2.33171428036362        2.26303938698476       -0.09977995089743
B            5.16401773744891        1.24646050902903        0.72225957999578
B            3.77937590922144        2.59406421272986       -0.55063477605022
H           -5.25935678045786       -3.11781838703876        1.20231688998400
H           -5.33126883860447       -1.87215189682436       -0.45762737008417
H           -4.02749565963862        0.37478160156489       -2.26458842329442
H           -6.25881221211846        1.11577386567564        1.48983558907366
H           -5.02253122993749        3.74963275511708        0.31534793479178
H           -4.11612907087286        4.00925803143405        3.31274661937695
H           -2.18687393576877       -4.56067109530590       -1.15158624317154
H           -1.14102925669919        4.94808927844413        0.88753493250187
H            1.14506696291056       -5.17007105632647       -0.76236543538598
H            0.04377023028098        1.49681805827827       -0.55738006153781
H            3.58415837820747       -5.42210986896618        2.11575364309219
H            5.85855803444395       -3.01566512388998        2.44165443034621
H            5.98506709254273       -0.68377899275487       -0.65950374809070
H            6.16842441943299        1.79564838709242        0.98098666832423
H            4.50038834309366        3.12080657781928       -1.30056133455566
102
 energy: -135.757834260224 gnorm: 0.008104590860 xtb: 6.7.1pre (5071a88)
C           -0.27413453134211       -5.03316513385560       12.09565839508177
O            0.35522517330575       -5.69589990751795       11.02828174460645
C            0.21084922941125       -5.18026714162669        9.77633019976204
C           -0.54315414477311       -4.07010406282999        9.45438672942883
C           -0.62398113095238       -3.58241303470328        8.14026565921726
C           -1.43632620099326       -2.41913936186232        7.90029483092610
C           -1.49742195079547       -1.64196162038940        6.79790117433965
C           -2.45692559289850       -0.55068951913225        6.74237298805307
O           -3.20283155890772       -0.26214511057479        7.66701328757398
C           -2.45171921296294        0.25773789351489        5.45567931282777
C           -1.26163195113496        1.17506283680510        5.56066321367027
O           -0.35189615303089        1.20598960936807        4.57167054586908
C           -1.09532824236907        2.01494523043102        6.64228006435345
C           -0.04884340858626        2.91827840273945        6.72603251896969
C            0.13415228794657        3.95249225590562        7.67873805463508
C           -0.77592494981731        4.25775147553186        8.70043932892268
C           -0.54810100277762        5.32709965860611        9.54088279084999
C            0.58218825257547        6.12096820102798        9.41329420782560
O            0.81824439128950        7.19470632113558       10.22350068413630
C            1.52595298042819        5.81888177833511        8.41110715443080
O            2.62355670749331        6.63211857155464        8.35642428663346
C            3.59705474996521        6.35473712537986        7.38578980124740
C            1.28835697953192        4.75687038204237        7.56869489049274
C            0.07212784308422       -4.26020042949150        7.14034346874261
C            0.81339080740300       -5.38590696770218        7.44820919000454
C            0.89750171968898       -5.85847733458977        8.74799722975678
O            1.62028815323261       -6.96307192832152        9.07765638980702
H           -0.00110601840966       -5.59183678136599       12.98905078955965
H            0.07733319072312       -4.00031794032228       12.19169867327875
H           -1.36364859006942       -5.03632780380115       11.98683771681813
H           -1.08550609473365       -3.54223614910147       10.22244361702331
H           -2.08214903935080       -2.12059443171672        8.71702503731813
H           -0.87510582632996       -1.81747034891151        5.93577385848309
H           -3.38179750129693        0.82613244755775        5.38252328432865
H           -2.35129543324592       -0.39933097679353        4.58966785128225
H           -1.85067634672001        1.96899266326115        7.40937669430589
H            0.70098750272449        2.85950253637733        5.94692034434491
H           -1.66671465030748        3.66431512669813        8.82550534854259
H           -1.26327026847423        5.56453975706139       10.31835173280180
H            0.08668671945719        7.28657211553745       10.84427391617373
H            4.37431541684340        7.10463655681774        7.52456569573270
H            3.19221534682820        6.43697416026289        6.37068504390008
H            4.02946769936174        5.35649061119939        7.52135569913755
H            1.99154456081423        4.51599689390578        6.78745673395467
H            0.01979410690351       -3.92526208033381        6.11721103665839
H            1.34049893431514       -5.91573840571009        6.66536545930251
H            2.02724565908944       -7.32923826211721        8.28432719059685
B           -4.62173407244699       -2.56637433329048        0.34925247137501
B           -4.18463993418229       -1.16163343238753       -0.28944509127484
B           -3.55448615006501        0.04845381715353       -1.23001751127505
B           -3.09596138238578       -2.53864191720868       -0.12984623605943
B           -2.41572176218082        0.28347022208140       -0.19724760417875
B           -4.12715970453670        0.34677347456420        0.51922572522812
B           -5.19375975049855        1.43361570057830        1.06187318210119
B           -4.69203632043825        2.97121310658792        1.11996881221665
B           -2.76520029543148        0.34644278841452        1.43459711961184
B           -3.72795500326805        3.45539949159236        2.32868435461395
B           -1.90777476332883       -3.60014570534342       -0.55192511661766
B           -1.49165962904168       -2.19008820158755        0.10763811821810
B           -1.41213863511028       -0.67400918882120        0.69782262089998
B           -0.37319368342344       -3.37378883034484        0.07460769630221
B           -0.20042287469169       -0.79647764631662        1.88676443590549
B           -1.54294283716160       -0.17605593327513        2.38558455497433
B           -2.01644125940487        1.44682175907713        2.38854610768892
B           -2.23958540284664        2.96150279984343        2.02780949698905
B           -0.57190054405154        1.11758904944162        3.20156741309941
B           -1.00016391483120        3.89265198874316        1.39908186425981
B            1.03421543259413       -4.22801056748778       -0.08371149867875
B            0.94774375101284       -2.98199543556659        0.94825566931332
B            1.27246505229610       -1.60853922036770        1.67996594617732
B            2.41292623214707       -3.79867977910984        0.69862815796512
B            2.65147811896183       -0.75231457149612        1.48060074247235
B            1.28103087056866        0.00275339447078        1.81780503760715
B            0.76813122538879        1.58963543664615        2.23714388958674
B            0.20265722204921        2.90355823460003        1.50009682668812
B            2.10742399335752        1.31562156224431        1.35200625542267
B            0.74932465174815        2.05956748559373        0.19254866518660
B            3.67524723966337       -4.33561618277423        1.68859452641041
B            3.84615676094567       -3.04624228851036        0.67759062422081
B            4.00651676459217       -1.45567098546541        0.69517542194238
B            4.88784609181392       -3.31204501797318        1.85059510346081
B            5.13391171906987       -0.38229708562148        0.07385955953278
B            4.05151953016804        0.11151392902118        1.19546279159305
B            3.62857527257562        1.80466476727616        0.86916713890252
B            2.32793015210059        2.24443479613781       -0.10023994987107
B            5.15625563055957        1.23240025115339        0.70757596600216
B            3.78007023146923        2.54386151393454       -0.56282551156900
H           -5.27657797079711       -3.14025462178797        1.13274221976498
H           -5.32607419596878       -1.86790342331793       -0.50359670403844
H           -3.97682870745250        0.38126425210460       -2.27645792659982
H           -6.26033230859278        1.10154333551152        1.45204969233061
H           -5.01455397390998        3.73124643350910        0.28192176599157
H           -4.13371432189475        4.01207457474377        3.28028911496035
H           -2.16081385608155       -4.53329105181959       -1.21886206572182
H           -1.15033354960479        4.92941983078047        0.86897617648668
H            1.14432142603624       -5.16800662715475       -0.76642709934388
H            0.04000552474973        1.48120932303321       -0.55196788222893
H            3.58913449030760       -5.41833630225848        2.12423874252760
H            5.86788743113885       -3.01542599255218        2.40720269431290
H            5.96220262793165       -0.69412683961589       -0.68749957278576
H            6.16007412642818        1.78102059507539        0.97160435881436
H            4.49691162153159        3.05070638928783       -1.33017015677453
102
 energy: -135.758390131467 gnorm: 0.007842403499 xtb: 6.7.1pre (5071a88)
C           -0.28195909944968       -5.06626852612259       12.08661450382732
O            0.35103072839695       -5.71462856811912       11.01243524656127
C            0.20995510517878       -5.18348338522406        9.76636834878098
C           -0.54440596053119       -4.07023719965701        9.45510153063187
C           -0.62226665866909       -3.56784378964539        8.14589929044022
C           -1.43387461891177       -2.40223836753265        7.91563436434827
C           -1.49587611925249       -1.61801589538026        6.81767955454682
C           -2.45610170183723       -0.52733325304852        6.76923742192008
O           -3.19792938051226       -0.24012134474485        7.69799032671770
C           -2.45858429726143        0.28158449163811        5.48203994993966
C           -1.26760651675047        1.19776356911138        5.57605511959011
O           -0.36480769736648        1.22101500705711        4.57964709807958
C           -1.08394388950976        2.03458971061902        6.65819109016641
C           -0.03541359805354        2.93554888042152        6.73712285168232
C            0.14646323055514        3.96642334786315        7.69412632968771
C           -0.76374624269591        4.26119145753062        8.71894219195051
C           -0.53969261660608        5.32639526970905        9.56594318381401
C            0.58605753416812        6.12744435743216        9.44171269440665
O            0.81911819777982        7.19546371338568       10.26006948051575
C            1.52895478121850        5.83765866521581        8.43452205039210
O            2.62143175787485        6.65831010482723        8.38120869612363
C            3.59365841999889        6.39132367328134        7.40665802203718
C            1.29555536059744        4.77914448865124        7.58597125925113
C            0.07532689239199       -4.23555179609522        7.13934667495249
C            0.81656040758127       -5.36400228389430        7.43647219184610
C            0.89977199916449       -5.84957325764685        8.73191648835836
O            1.62353198689616       -6.95671486818345        9.05132511713223
H           -0.00987407519238       -5.63491131197921       12.97427166936760
H            0.06746970774490       -4.03366383305864       12.19651085295894
H           -1.37167569205212       -5.06941991316477       11.97533778640081
H           -1.08941991335889       -3.55131324014831       10.22737118788625
H           -2.07896783050811       -2.10796035370758        8.73519018434191
H           -0.87391008874675       -1.78838542178197        5.95265092223519
H           -3.39047873840362        0.84725248110940        5.41355862773154
H           -2.36078517878092       -0.37479904783702        4.61547545280125
H           -1.83396359555280        1.98822867130681        7.43140424220787
H            0.70990717794062        2.88017925793018        5.95494527929032
H           -1.65182849938517        3.66368472872079        8.84310996977457
H           -1.25542190701550        5.55462116025901       10.34613206315111
H            0.08623904290762        7.28219631834112       10.88087005344850
H            4.36649182706764        7.14549414883297        7.54472762681354
H            3.18485380715959        6.47432452459373        6.39337300272569
H            4.03282507559286        5.39547831021388        7.53763003964881
H            1.99726410878093        4.54753004698191        6.80065870614998
H            0.02410411970391       -3.88942136305078        6.11960054798915
H            1.34468423687731       -5.88558042696435        6.64854323882270
H            2.03374694993295       -7.31197822283139        8.25362624146175
B           -4.62770206500290       -2.58208980133058        0.29415679916821
B           -4.17384823209936       -1.16653873559559       -0.30984767170052
B           -3.52380516112598        0.04655366497001       -1.23216821830823
B           -3.09449885954862       -2.54497677447967       -0.15767412628306
B           -2.40033965129212        0.27591898834815       -0.18009259082059
B           -4.12060085985269        0.33410947384214        0.51038283313396
B           -5.19520586979839        1.42129602476985        1.03728454078555
B           -4.69962804230652        2.95957296699137        1.09943121970173
B           -2.77413609577871        0.32542429700400        1.44756469007902
B           -3.74060929873844        3.44854161641680        2.30790129066602
B           -1.89668542035223       -3.59591190325783       -0.58068142409795
B           -1.49478688754069       -2.19948540439379        0.11693866553004
B           -1.40854631339232       -0.68888965323836        0.71782803613306
B           -0.37563628634073       -3.38279367703793        0.08390494585773
B           -0.19764423777234       -0.78802249312672        1.90829603339544
B           -1.55236795527426       -0.18346670085405        2.40607480570409
B           -2.03080491480932        1.44005334249395        2.38852275045278
B           -2.25258054945366        2.95026913560125        2.01513105005228
B           -0.58762778453878        1.11202057501881        3.20806360104297
B           -1.01167584146896        3.88022224938575        1.38633314236636
B            1.03197189026269       -4.23216361635944       -0.07780574012648
B            0.93713651832519       -2.99520978651162        0.96665519671715
B            1.27036462849351       -1.61975469508942        1.69539841345766
B            2.40567857900150       -3.80623422355640        0.70732865028010
B            2.65243431047572       -0.77009801826650        1.49106027751928
B            1.28671114498524       -0.00662746370167        1.82417653217400
B            0.75942997600071        1.58077520636220        2.24552634453053
B            0.18953455013052        2.89112215067352        1.50053189651166
B            2.10179385671149        1.31830318190418        1.36871726013036
B            0.74649189311708        2.05266925082429        0.19223839297081
B            3.67416127560522       -4.33551562664864        1.69303890044122
B            3.83996496335917       -3.06061858372042        0.66474652502143
B            4.00377300765452       -1.47084567091801        0.68993666126522
B            4.88959570189811       -3.31199927388273        1.83226276459107
B            5.12570607312881       -0.39466185056107        0.05959449655474
B            4.05063879882066        0.09200266165518        1.18995468371782
B            3.62122467791952        1.78532977933735        0.87118794909411
B            2.32538094683789        2.22931031645523       -0.09981807420254
B            5.14973728104800        1.21967623562670        0.68900262102648
B            3.78131519460744        2.49753430154190       -0.57303504992785
H           -5.29403161697034       -3.16711224795808        1.05996782264501
H           -5.31979353267860       -1.86495592352785       -0.54900715367441
H           -3.92780393269471        0.38646379714904       -2.28394401654077
H           -6.26669648258092        1.08698253370847        1.41053932130522
H           -4.99365014787580        3.71169715059610        0.23504818260847
H           -4.15005714676821        4.01656116186331        3.25084659417448
H           -2.13440598274694       -4.50623493399561       -1.28488577324384
H           -1.15921515313647        4.91741723998142        0.85653003901376
H            1.14351434441150       -5.17100088937177       -0.76125508509729
H            0.04129665280156        1.46558005425981       -0.54982139500778
H            3.59205801118497       -5.41677702720908        2.13313158515535
H            5.87935393465257       -3.02126117136119        2.37657095194600
H            5.94387280603944       -0.70967569306888       -0.71094555813873
H            6.15400092732421        1.76804925922228        0.95410746335140
H            4.49211883775032        2.98452150783915       -1.35894582616453
102
 energy: -135.758822189740 gnorm: 0.006749186885 xtb: 6.7.1pre (5071a88)
C           -0.29030028617876       -5.09793073387678       12.07717709909699
O            0.34642148488532       -5.73240887553387       10.99667122932868
C            0.20932419793446       -5.18535877240656        9.75651042397897
C           -0.54443274291482       -4.06856921647643        9.45589675770879
C           -0.62009855695464       -3.55218350678946        8.15157469858558
C           -1.43198204442551       -2.38481168965474        7.93053346517628
C           -1.49656482845317       -1.59534399148372        6.83600810997049
C           -2.45680716353405       -0.50488310990339        6.79370368746824
O           -3.19455949036927       -0.21730840066810        7.72611466223660
C           -2.46594299373229        0.30299297273174        5.50519479070427
C           -1.27207934312783        1.21374735801750        5.58995885019016
O           -0.37445605910205        1.22801231515604        4.58757695595858
C           -1.07450008929179        2.05228948464720        6.66932770358047
C           -0.02315873276645        2.95047973616399        6.74400079771870
C            0.15933542613047        3.97779887654499        7.70487898352763
C           -0.75096364537471        4.26222003641312        8.73324635667785
C           -0.53102989219518        5.32271909172150        9.58711313529597
C            0.59020392139163        6.13063503998707        9.46665107843329
O            0.81943105249761        7.19262205642362       10.29469030611145
C            1.53215208036152        5.85364436554994        8.45478636349443
O            2.61886031912688        6.68331660644423        8.40381039967712
C            3.59136638742482        6.42943723190690        7.42600672253482
C            1.30346334115427        4.79876967153741        7.59981695276205
C            0.07879119007533       -4.21002420398433        7.13878245391432
C            0.81990132849704       -5.34122592655764        7.42501941371482
C            0.90170774968315       -5.83959974110500        8.71591711251516
O            1.62599280459716       -6.94956208434581        9.02533325566882
H           -0.01946136600010       -5.67627288485989       12.95938676789837
H            0.05749307633703       -4.06606297701567       12.20066497468954
H           -1.38000365392219       -5.10118898564056       11.96342363772128
H           -1.09102085507514       -3.55778194438798       10.23249622295356
H           -2.07490454209504       -2.09359384940461        8.75331949416208
H           -0.87651823665877       -1.76244836454407        5.96751826807632
H           -3.39853412645116        0.86806447631568        5.44012342817743
H           -2.37323196838164       -0.35473837260516        4.63866045274283
H           -1.81838870535333        2.00900134060524        7.44935233112348
H            0.71628504050105        2.89754938749510        5.95738692818570
H           -1.63639402849316        3.66065949308710        8.85613522501294
H           -1.24779477830080        5.54161396621619       10.36946456559013
H            0.08539856261234        7.27089963185721       10.91608917131076
H            4.35900172577166        7.18828106724824        7.56653762870680
H            3.18016762332322        6.51563333921219        6.41406491176588
H            4.03800125406895        5.43620493659768        7.55064799863850
H            2.00480635773822        4.57659051423170        6.81124642448790
H            0.02877851953408       -3.85285020770577        6.12264565175618
H            1.34915738209144       -5.85490559689443        6.63243870769135
H            2.03946182127759       -7.29470699635500        8.22389718689960
B           -4.63163955325119       -2.59969173268048        0.24186249786118
B           -4.16491844171920       -1.17315973291633       -0.32810126362999
B           -3.49704367371012        0.04378401730795       -1.23151570556181
B           -3.09231310041892       -2.55135739423931       -0.18265574062952
B           -2.38889902479178        0.26733851388489       -0.16087502819648
B           -4.11748132012556        0.31977501146397        0.50493607893071
B           -5.19923761428695        1.41224631168858        1.00955150847506
B           -4.69333410879063        2.94702866635445        1.06350935339046
B           -2.78648590641132        0.30676157161448        1.46305163502377
B           -3.75188614351535        3.44858541272832        2.28397507099077
B           -1.88447162141832       -3.59247942626944       -0.60509707125822
B           -1.49765959681883       -2.20806650891962        0.12307488885831
B           -1.40706437025177       -0.70326644192893        0.73756946939916
B           -0.37676965804424       -3.39007623435746        0.08889922784746
B           -0.19612426786923       -0.78123517049986        1.92861594062458
B           -1.55983155945378       -0.18872166409295        2.42389644210299
B           -2.04793913185988        1.43470742203242        2.39001756385715
B           -2.26248858860147        2.94315342314828        2.00691229194336
B           -0.60262894421028        1.10789728209427        3.21467188612024
B           -1.01841735058969        3.87321684393158        1.38229368467458
B            1.03059619958620       -4.23825467698946       -0.06924528540368
B            0.92899132124317       -3.00635714545352        0.98478292114604
B            1.26770666683376       -1.62880548381978        1.70868907654221
B            2.40020929265600       -3.81482179061324        0.71934713434232
B            2.65293980820170       -0.78398791067984        1.49767020883269
B            1.29262667563324       -0.01332005698921        1.82983268347090
B            0.75014671962772        1.57090125168370        2.25312509296448
B            0.17749703264059        2.87877497310461        1.49986594076306
B            2.09843401654286        1.32088553830879        1.38480221369310
B            0.74416736037419        2.04600304884335        0.19055714010021
B            3.67525624842544       -4.33754781971600        1.70033627861678
B            3.83507948550195       -3.07503885157408        0.65799775692969
B            4.00024377254030       -1.48521497351113        0.68574243417113
B            4.89406652710794       -3.31451468587220        1.81837257437400
B            5.11949345914377       -0.40796039128528        0.04526968021312
B            4.05046031941917        0.07492390630638        1.18089193581471
B            3.61510822072271        1.77000100419894        0.87408012595350
B            2.32285451028504        2.21685790272392       -0.09876811745897
B            5.14410597595294        1.20830978111490        0.66828905229559
B            3.78170587505715        2.45636783618666       -0.58206287565079
H           -5.30919311817036       -3.19683115652809        0.98867105750044
H           -5.31217160438892       -1.86453247556502       -0.59187616044336
H           -3.88376469222047        0.39256769051666       -2.28682295548998
H           -6.27299182606751        1.07946000386791        1.37370255403940
H           -4.99627099931549        3.69947516100584        0.21232163372908
H           -4.17177063145647        4.01653070250562        3.22215422812529
H           -2.10798858193971       -4.48107942172610       -1.33627792955181
H           -1.16581259220236        4.90832184254560        0.84617528752238
H            1.14333323562110       -5.17861856155602       -0.75066965015465
H            0.04484472646552        1.44925557608893       -0.55012871990097
H            3.59432629095135       -5.41726433514064        2.14533358933859
H            5.89171053945202       -3.02886567933753        2.35240591853525
H            5.93101478484773       -0.73034329336327       -0.72826758303824
H            6.14937175223079        1.75709059427039        0.93133170389199
H            4.48527768668819        2.92622616222690       -1.38481842041409
102
 energy: -135.759143707614 gnorm: 0.006256210586 xtb: 6.7.1pre (5071a88)
C           -0.29825781404771       -5.12520644609224       12.06724494431398
O            0.34234523058207       -5.74737362035418       10.98170315952966
C            0.20842066683069       -5.18671460482240        9.74692916868604
C           -0.54410887841739       -4.06647807398644        9.45609161129206
C           -0.61840216737626       -3.53798993432338        8.15636988086246
C           -1.43025551208960       -2.36869525422564        7.94387786594592
C           -1.49806691720482       -1.57549459525148        6.85213369019416
C           -2.45730943057897       -0.48451257352477        6.81430358267763
O           -3.18941722781349       -0.19366394843983        7.75031896392652
C           -2.47153124112566        0.32104994366923        5.52408878337515
C           -1.27273955228086        1.22449677385350        5.60054685947283
O           -0.37913736056363        1.23159391389975        4.59482103268074
C           -1.06870579833893        2.06716813997763        6.67590897595144
C           -0.01608340612087        2.96447210611956        6.74859481404833
C            0.16861589903287        3.98778802418567        7.71357310328361
C           -0.74015889933047        4.26299982626722        8.74651847565756
C           -0.52311821832063        5.31885859485579        9.60638532106034
C            0.59418368343305        6.13220471182713        9.48806147926861
O            0.81996531891194        7.18979977081049       10.32368120268340
C            1.53435060969123        5.86579806274185        8.47208757893253
O            2.61579484286491        6.70343811913610        8.42387940117002
C            3.58907084268510        6.46371093424333        7.44296137733398
C            1.30904206102215        4.81449757244950        7.61146422075704
C            0.08168991496338       -4.18663097512484        7.13844672035454
C            0.82303595571087       -5.32011151899094        7.41473592278586
C            0.90284116587033       -5.83040741479918        8.70106529344030
O            1.62758137472240       -6.94283085038159        9.00141643995131
H           -0.02878942199025       -5.71236540760176       12.94435147972975
H            0.04778941727265       -4.09435081052737       12.20260921085647
H           -1.38755989269096       -5.12937194928501       11.95081666044327
H           -1.09113879004621       -3.56261265206943       10.23700163776154
H           -2.07045054804082       -2.08047863146545        8.76975687857081
H           -0.88169103142029       -1.74155733294088        5.98078562872675
H           -3.40255593573714        0.88965620410744        5.46305044623759
H           -2.38848054312994       -0.34020137200524        4.65847809913108
H           -1.80786963521723        2.02787269232382        7.46045053514623
H            0.71881671885865        2.91441082090756        5.95757583339737
H           -1.62290782168148        3.65740040823788        8.86871842956525
H           -1.23965229830280        5.52970747162511       10.39126363612596
H            0.08637112329209        7.25842678630568       10.94697336661080
H            4.35119597987102        7.22745328065561        7.58840243080101
H            3.17624629451035        6.55475244224592        6.43203763812767
H            4.04344281879158        5.47304891389821        7.55989618275259
H            2.01073941856090        4.60025298650630        6.82069461861938
H            0.03316225218336       -3.81973163992172        6.12575064090532
H            1.35397985563385       -5.82627763121010        6.61834813114800
H            2.04310686360281       -7.28025863373870        8.19776451636184
B           -4.63391388267287       -2.61491981221083        0.19515970139478
B           -4.15685783410666       -1.17843967143274       -0.34566080542941
B           -3.47563920119655        0.04506870258594       -1.22993542957848
B           -3.08942596769137       -2.55523153379217       -0.20449160483197
B           -2.38054117716112        0.26145493944424       -0.14452699228727
B           -4.11575520500015        0.30721307420387        0.50228704925110
B           -5.20273631142867        1.40365212106055        0.99042577962500
B           -4.69691775682808        2.93761693821944        1.04414845875904
B           -2.79626861811527        0.29217771940899        1.47631914209557
B           -3.76153503415714        3.44268785786289        2.26839480302543
B           -1.87237901538191       -3.58772805963816       -0.62472197813659
B           -1.49836386883744       -2.21380885822811        0.13105054801944
B           -1.40784131527612       -0.71364837540725        0.75559074779459
B           -0.37633887665758       -3.39441389684177        0.09366175174796
B           -0.19525257484842       -0.78055797307258        1.94557582885691
B           -1.56290353202402       -0.19349610769581        2.43731986207331
B           -2.06234167253718        1.42838810805100        2.39496828672863
B           -2.27093220163449        2.93602239042207        2.00162325913287
B           -0.61240313429068        1.10266165095769        3.22136268902272
B           -1.02483866662629        3.86461725898373        1.37703396325982
B            1.02960253584129       -4.24514141885952       -0.05941360401656
B            0.92577513602772       -3.01482174634216        0.99575860972701
B            1.26572027582408       -1.63644749923996        1.71746550011961
B            2.39712846678702       -3.82405048965504        0.73113565372131
B            2.65216917349040       -0.79540732733369        1.50074101739038
B            1.29614688852963       -0.02014387252231        1.83323815854294
B            0.73990614535981        1.55966058146751        2.25731626044497
B            0.16682729178079        2.86632407245358        1.49729575515871
B            2.09316514500283        1.32201591882451        1.39636397149888
B            0.74094337692240        2.03658367446563        0.18959257846769
B            3.67771535223700       -4.33997004023804        1.71086744599614
B            3.83178906177640       -3.08782378587407        0.65599658367427
B            3.99609369830263       -1.49744439267176        0.68257591938473
B            4.89996395302080       -3.31723643685266        1.80953773977051
B            5.11350617247590       -0.42053970556286        0.03248217603335
B            4.05004855062213        0.06092231869804        1.17287367779899
B            3.60901087724223        1.75638826653961        0.87690291568669
B            2.31943579406868        2.20514249297321       -0.09769122874269
B            5.13818712330783        1.19824604625106        0.64962220521573
B            3.78018679012452        2.42110644747797       -0.59001623233008
H           -5.32117511869881       -3.22372138813731        0.92390487721942
H           -5.30360086369462       -1.86392102336372       -0.63118274559917
H           -3.84851880085342        0.40396336076715       -2.28629215336008
H           -6.28265578463049        1.07281258812557        1.33972956909886
H           -4.98203599650227        3.68427876091427        0.17779707962177
H           -4.18726354951844        4.02585300294373        3.19676691984524
H           -2.08332230694434       -4.45752724266372       -1.38686393321158
H           -1.17033606033350        4.90108507074724        0.84214107545673
H            1.14221165688527       -5.18972609238768       -0.73434618519423
H            0.04693998558979        1.43251997726585       -0.55043229162532
H            3.59736640071297       -5.41725534525260        2.16296247506865
H            5.90342414681750       -3.03287238812595        2.33333563234326
H            5.92102369592378       -0.75020041332566       -0.74218268986009
H            6.14429669766903        1.74775158365240        0.90981054113313
H            4.47745496799020        2.87719434223040       -1.40610920581442
102
 energy: -135.759404930488 gnorm: 0.007414622467 xtb: 6.7.1pre (5071a88)
C           -0.30685022251572       -5.15019621003917       12.05559165548865
O            0.33814685079083       -5.75949784718066       10.96553778485574
C            0.20700868239946       -5.18567946774594        9.73666683968428
C           -0.54358686284692       -4.06176232343266        9.45603298251805
C           -0.61695921544641       -3.52161216891678        8.16132480686216
C           -1.42864879809222       -2.35053556190183        7.95726855418735
C           -1.50152253272545       -1.55621275317232        6.86692536968162
C           -2.45799475830313       -0.46337818111729        6.83180897119038
O           -3.18333310224197       -0.16624209161734        7.77106192692439
C           -2.47679477653152        0.33699092100834        5.53829113214626
C           -1.27014336496178        1.23002863218325        5.60536030432454
O           -0.37798161462102        1.22527415929884        4.59929174464636
C           -1.06443771472081        2.08056847851051        6.67397263490150
C           -0.01069118863556        2.97736241177694        6.74584872818989
C            0.17697254377880        3.99598113782932        7.71539877417598
C           -0.72945956106272        4.26054781784248        8.75382332100108
C           -0.51507395558631        5.30999251727883        9.62142160581365
C            0.59834496748112        6.12858184986753        9.50575163833616
O            0.82054860846343        7.18111309953068       10.34985542307238
C            1.53593523435165        5.87407270872855        8.48515678146011
O            2.61145025353083        6.72015825994815        8.44208136899166
C            3.58660121301694        6.49908131456409        7.45822758652268
C            1.31394852239768        4.82776086771356        7.61725137140146
C            0.08435245972574       -4.16067338517043        7.13876291037958
C            0.82609606278260       -5.29615441727489        7.40488293561299
C            0.90318141911981       -5.81884593034636        8.68594877707492
O            1.62811988524842       -6.93369700640455        8.97697158310417
H           -0.03890258114690       -5.74657803469688       12.92690867028691
H            0.03702928154795       -4.12083790813291       12.20314861990347
H           -1.39546007699732       -5.15576256740595       11.93585522611392
H           -1.09020079069530       -3.56461607050128       10.24153627906982
H           -2.06363174016623       -2.06380438905997        8.78711121139596
H           -0.89095068741060       -1.72394281004683        5.99272180775720
H           -3.40336312641201        0.91387046832626        5.48207679675368
H           -2.40833483169182       -0.33043353809665        4.67537473404843
H           -1.80070757992511        2.04829798025513        7.46074892456449
H            0.72159012804658        2.92914916056772        5.95185659658196
H           -1.60910079654583        3.65016399078480        8.87441899921699
H           -1.23040184210989        5.51142654110599       10.40971660897924
H            0.08858941116822        7.23703367968183       10.97617335704870
H            4.34184837204334        7.26840292639975        7.61323651552017
H            3.17335222607732        6.59837981727049        6.44809104574638
H            4.04997993101661        5.51135037530142        7.56396185425127
H            2.01678299134195        4.62267951475513        6.82462237008247
H            0.03753602233111       -3.78435480338733        6.12982957686914
H            1.35910166881615       -5.79432646191199        6.60505841859174
H            2.04481437863872       -7.26442630948150        8.17196959379361
B           -4.63281423130656       -2.62956574782875        0.15161795535303
B           -4.15040692643822       -1.18325530632123       -0.36060985530694
B           -3.46082216792059        0.04768915899064       -1.22582260658002
B           -3.08512776966870       -2.55845829772410       -0.22492729735826
B           -2.37683443664976        0.25616604966397       -0.12967408062721
B           -4.11665424127732        0.29597016816715        0.50213834707403
B           -5.20610843728880        1.39619083421495        0.97652405239935
B           -4.70059724883894        2.92975988114909        1.02931223768594
B           -2.80649533616169        0.28129780312810        1.48825396927139
B           -3.76840687072917        3.44116973050878        2.25336454547151
B           -1.85935930865183       -3.58321523351936       -0.64081062198879
B           -1.49881612446364       -2.21803726550947        0.13051191927206
B           -1.41035753989174       -0.72226430728002        0.76976502261779
B           -0.37512708310321       -3.39704264142214        0.09691528673769
B           -0.19520186862698       -0.78245833515990        1.95829008831756
B           -1.56430642435334       -0.19813024232310        2.44538831671437
B           -2.07571833100064        1.42126784763185        2.40324790136847
B           -2.27741523983984        2.92925348580102        1.99962917296525
B           -0.61904980745549        1.09451387409569        3.22630950775750
B           -1.02908616067905        3.85634063198156        1.37626717906847
B            1.02818944587772       -4.25622332907359       -0.04330027707908
B            0.92559362072615       -3.02091900269668        1.00553132497045
B            1.26317653901256       -1.64092404578251        1.72202281644268
B            2.39579639330722       -3.83443070838653        0.74825212068488
B            2.65034302006441       -0.80264588170383        1.49894090300423
B            1.29919473720544       -0.02522611328243        1.83815655522211
B            0.73034245607891        1.54792259811943        2.25940163644572
B            0.15879051082441        2.85478561434869        1.49542739760055
B            2.08924545087858        1.32186993794872        1.40539396989747
B            0.73680284327718        2.02689354728537        0.18977644486180
B            3.68181634379342       -4.34607854434995        1.72500077657069
B            3.83002721523080       -3.09993274365897        0.66464214020785
B            3.99208976382302       -1.50845855791923        0.68370797679616
B            4.90731650158427       -3.32564922873000        1.80917410900801
B            5.10999800045959       -0.43467729160061        0.02347690285636
B            4.04996675916734        0.05084956971548        1.16246852468895
B            3.60329341112341        1.74685709404879        0.87881047629544
B            2.31502976743385        2.19459023390516       -0.09701244625875
B            5.13159717402977        1.19015787082444        0.62664971849820
B            3.77523704093838        2.39387399188233       -0.59570103998981
H           -5.32987780230455       -3.25253902431836        0.85872732109636
H           -5.29330216172775       -1.86222962936081       -0.66627169031836
H           -3.82275749281960        0.41735571642369       -2.28056139379585
H           -6.29251961787542        1.06965154475888        1.31124924193974
H           -4.96819881788905        3.66982375174785        0.14807469356874
H           -4.20004579653002        4.02671764448458        3.17597907040567
H           -2.05966248526205       -4.43641491039897       -1.40766063806366
H           -1.17225416399534        4.89627087514971        0.84772959915110
H            1.13943553401143       -5.20928540041968       -0.70764955822845
H            0.04731491258512        1.41662609509730       -0.54901437819870
H            3.60192288906575       -5.42004420637702        2.18511906347142
H            5.91486739534748       -3.04188403457488        2.32366592751632
H            5.91730919073757       -0.77310616990926       -0.74817738808011
H            6.13895986797306        1.74082110708594        0.88102136358781
H            4.46421271518664        2.83816814802351       -1.42447202427087
102
 energy: -135.759624396330 gnorm: 0.008010366781 xtb: 6.7.1pre (5071a88)
C           -0.31662176975183       -5.17594704648501       12.04181310201927
O            0.33320829111253       -5.77250485792146       10.94763900466114
C            0.20506219659376       -5.18618787108939        9.72459682295283
C           -0.54333362266634       -4.05850531204667        9.45399183490382
C           -0.61470605190731       -3.50624593641949        8.16440185853892
C           -1.42614416322078       -2.33331513284763        7.96910769532500
C           -1.50450934420012       -1.53753141394276        6.88035939818871
C           -2.45761685119227       -0.44184698115448        6.84896221966415
O           -3.17590066711503       -0.13955628529810        7.79179876823700
C           -2.48134127078001        0.35458239183090        5.55292933135121
C           -1.26735530273327        1.23922488799000        5.61110471558033
O           -0.37661329819502        1.22628977257642        4.60563554946888
C           -1.06384674287669        2.09531581823079        6.67556134480905
C           -0.01068782296239        2.99328519931260        6.74761872342516
C            0.18073510431405        4.00686133206561        7.72178136806326
C           -0.72118939926000        4.26132450526273        8.76702233986710
C           -0.50709828509872        5.30443865652123        9.64155781549142
C            0.60290083460246        6.12738586502965        9.52580964540707
O            0.82375798913268        7.17597564754273       10.37571096509001
C            1.53625384685127        5.88303562386537        8.49962431859227
O            2.60695028979763        6.73515458314695        8.46073437458687
C            3.58242385042049        6.53162189476916        7.47305562764708
C            1.31506100497928        4.84196620310972        7.62512999846900
C            0.08913459956251       -4.13482762900198        7.13763483456812
C            0.83088911813953       -5.27255878115276        7.39392928160477
C            0.90347191122603       -5.80887987151031        8.66939091867032
O            1.62734188489601       -6.92683757396311        8.95100832978057
H           -0.05129773756593       -5.78214165493501       12.90712375658520
H            0.02549306773989       -4.14825047784911       12.20219023126914
H           -1.40440302129553       -5.18215098912758       11.91753467103587
H           -1.08999603860778       -3.56848186528456       10.24410202662854
H           -2.05516263060975       -2.04866222761871        8.80365687251806
H           -0.90018021591622       -1.70650948342941        6.00317122094417
H           -3.40257651023225        0.94116613377470        5.50332327632886
H           -2.42854145484031       -0.31795239316876        4.69248169217490
H           -1.79862076525363        2.06738109312571        7.46318934661456
H            0.72032704520157        2.94780977516895        5.95125647082621
H           -1.59759309116211        3.64614210326573        8.88722466295013
H           -1.21880669427926        5.49722268017922       10.43499187715558
H            0.09587368295506        7.21984342815490       11.00732055014785
H            4.33186692558063        7.30530440158777        7.63768121509846
H            3.16786854241295        6.64006705752053        6.46414484071893
H            4.05353619203678        5.54638106866018        7.56663997885642
H            2.01787230334901        4.64508308271999        6.82997622028796
H            0.04545508274414       -3.74873392159271        6.13246378683063
H            1.36688007707520       -5.76197925729090        6.59089746694526
H            2.04574014112406       -7.25089339100405        8.14497103929086
B           -4.63003283201592       -2.64105828028904        0.10801667109697
B           -4.14250042445544       -1.18587519329105       -0.37899288664603
B           -3.44345413157702        0.05347714229176       -1.22453120852926
B           -3.07862492704323       -2.55879709057318       -0.24532236095697
B           -2.37063521559872        0.25482376652552       -0.11713725813554
B           -4.11596132924592        0.28536630174601        0.50106577500237
B           -5.21048485938386        1.38829814633204        0.95920283429364
B           -4.69756466341712        2.91934571339332        1.00797827621284
B           -2.81204725566135        0.27267229805319        1.49742546032333
B           -3.77516051613055        3.43792164507571        2.23771748713480
B           -1.84608588962634       -3.57540475874248       -0.66515674605355
B           -1.49433238378539       -2.22061532101875        0.14291553724199
B           -1.41238952047418       -0.72797683090458        0.78609819782263
B           -0.37248505757065       -3.40099056263977        0.10703526630189
B           -0.19505071512248       -0.79319012366493        1.97504908928994
B           -1.56313473545570       -0.20486939485793        2.45324584238881
B           -2.08586037912921        1.41225488360797        2.41578063857229
B           -2.28296326460727        2.92037778521211        2.00175479543799
B           -0.62316898978224        1.09038553235915        3.23441589364403
B           -1.03137633102683        3.84489826732997        1.38069784036116
B            1.02803056638158       -4.26853594874266       -0.02643408196385
B            0.92642923790879       -3.02958860066722        1.01778420761102
B            1.26153525210670       -1.64939242588953        1.73145525639932
B            2.39606356785775       -3.84673166922329        0.76596866856165
B            2.64811503862309       -0.81305839707482        1.49655907189338
B            1.30086768584437       -0.03409161659300        1.84114073382260
B            0.72045697434066        1.53261230168680        2.25943986727833
B            0.15439121489441        2.84104667340503        1.49263246700075
B            2.08147709517587        1.31757019729310        1.40766711286326
B            0.73010146121745        2.01003922675788        0.19128204656229
B            3.68586150092240       -4.35171484205615        1.74434785982259
B            3.83010441399514       -3.11282074106667        0.67324011106820
B            3.98760234439293       -1.52030220095227        0.68219830795662
B            4.91386164007849       -3.33255703236625        1.81292674510717
B            5.10497472664371       -0.44961880982026        0.01290201286972
B            4.04978412393810        0.03990952371445        1.15402290386682
B            3.59645568124334        1.73271610517273        0.87613765919955
B            2.30794588326980        2.18000657751502       -0.09876822924398
B            5.12428008573474        1.18008905773098        0.60485806712336
B            3.76770935862132        2.36363097314115       -0.60661930511109
H           -5.33542789795245       -3.27519068598439        0.79591524484191
H           -5.28122925210647       -1.85788110072588       -0.70303432522419
H           -3.79481619368531        0.43697679513550       -2.27734396595366
H           -6.29928658306266        1.06754669396402        1.28690549031596
H           -4.96010184672467        3.65544386168934        0.12552052561775
H           -4.21574581459559        4.02759232478440        3.15275127936794
H           -2.03372820992360       -4.41118151816999       -1.47707876437328
H           -1.17250916237166        4.88744729271423        0.85705125650065
H            1.13659674832229       -5.22958858572402       -0.68127705056098
H            0.04289196113032        1.39723721810193       -0.54659692998050
H            3.60591224959433       -5.42115406761236        2.21457994299529
H            5.92378615749256       -3.04232749994858        2.31744831571210
H            5.91346246283113       -0.79481328845713       -0.75566704405218
H            6.13196432509474        1.73300603641408        0.85400057002679
H            4.44888039346818        2.79872839467228       -1.44622156305492
102
 energy: -135.759829188459 gnorm: 0.006297315543 xtb: 6.7.1pre (5071a88)
C           -0.32239056058074       -5.18902007674020       12.03433417345377
O            0.33013393283280       -5.77823110991965       10.93781933322856
C            0.20369911077197       -5.18534670776304        9.71793869930973
C           -0.54399951637278       -4.05590279489802        9.45249907940234
C           -0.61320681321651       -3.49664078725620        8.16570573766655
C           -1.42389072637093       -2.32260031437402        7.97492200838139
C           -1.50539543880488       -1.52672778435405        6.88643255772562
C           -2.45734228792621       -0.42988812229731        6.85688910660292
O           -3.17196155992996       -0.12560844744698        7.80171945124438
C           -2.48411319530599        0.36473373602986        5.55957951749730
C           -1.26706047458828        1.24697772317354        5.61253704713430
O           -0.37610438928310        1.22690825683157        4.60778835392679
C           -1.06262709761105        2.10412287549241        6.67575000368165
C           -0.00950059576112        3.00194320572356        6.74699386930759
C            0.18210197152159        4.01338084990304        7.72341845821973
C           -0.71743723595529        4.26115920710405        8.77209493670340
C           -0.50296008022496        5.30026030827367        9.65130861115366
C            0.60522813666770        6.12592823639545        9.53593195158239
O            0.82687087088377        7.17123583951363       10.38920087511227
C            1.53609537236486        5.88811318211151        8.50571229045999
O            2.60475892098387        6.74212979463755        8.46923416274520
C            3.57902223239743        6.54694218534406        7.47900613268379
C            1.31468154756201        4.85080196777809        7.62666666634806
C            0.09261135608703       -4.11945747397813        7.13670762861417
C            0.83402902399424       -5.25849756008684        7.38812655985424
C            0.90383407703124       -5.80248584151885        8.66057292279934
O            1.62637697118944       -6.92251538379910        8.93698395756841
H           -0.05916672287584       -5.80114600628898       12.89604046117259
H            0.01902144108352       -4.16212572104545       12.20257583187399
H           -1.40988937866679       -5.19437464372181       11.90689518118227
H           -1.09189882258246       -3.57041920914804       10.24465816583486
H           -2.04951359239860       -2.03856623522737        8.81219389697877
H           -0.90442531286804       -1.69660276663862        6.00729326549894
H           -3.40259943170232        0.95543875513479        5.51416405031486
H           -2.43743854064198       -0.30861831047877        4.70044002417515
H           -1.79892668738880        2.07767675553477        7.46196433251345
H            0.72264475041029        2.95728992796366        5.95134148231591
H           -1.59192730746892        3.64312359743652        8.89171243625944
H           -1.21192960035823        5.48735495853681       10.44850386095657
H            0.10200192053916        7.21001389330942       11.02431386461384
H            4.32642197233134        7.32165342547112        7.64758064569380
H            3.16267587204393        6.66020906622709        6.47135971959349
H            4.05301504919995        5.56263143624707        7.56587962417083
H            2.01605999608920        4.65933343260168        6.82879757034526
H            0.05124701048186       -3.72783068688088        6.13346119883190
H            1.37174521135400       -5.74286079402794        6.58322208949285
H            2.04656042965975       -7.24165643420953        8.12972569121117
B           -4.62701334851663       -2.64431882588445        0.08649183434528
B           -4.13768600965749       -1.18529388730554       -0.38838509023357
B           -3.43464978358039        0.05713271514059       -1.22635267638638
B           -3.07380165370549       -2.55908305804795       -0.25721830564234
B           -2.36589646950033        0.25557527663236       -0.11443681023784
B           -4.11346018948058        0.28217810350883        0.49821706828488
B           -5.21045180712248        1.38239472530632        0.95389372210937
B           -4.69426957187241        2.91244975347787        0.99952654345252
B           -2.81131275420438        0.26829025878090        1.49828797632597
B           -3.77951161179542        3.42795216164630        2.23589070312844
B           -1.83786918872619       -3.57158486224993       -0.67148337126684
B           -1.49204640752565       -2.22116114614008        0.13726340619328
B           -1.41066459086052       -0.73083466764758        0.78976897763047
B           -0.37067198269628       -3.40222246288858        0.10433320359010
B           -0.19407425278729       -0.79988865068022        1.98232058886676
B           -1.56364096133160       -0.21156769170434        2.45569440730755
B           -2.08658170815135        1.40550659386116        2.42215913180946
B           -2.28667645397773        2.91215081765481        2.00616130331287
B           -0.62424896102848        1.08623374017765        3.23750715301775
B           -1.03406092302476        3.83737824033428        1.38745429804049
B            1.02682557856603       -4.27718758357136       -0.01597968436902
B            0.92577902608743       -3.03491746069136        1.02470155012848
B            1.26098202097747       -1.65486895048693        1.73936313588777
B            2.39551862890120       -3.85365140921391        0.77655034367151
B            2.64705865890071       -0.81860607001971        1.49623184782725
B            1.30177318500772       -0.03907037176200        1.84558381413128
B            0.71803638308040        1.52632452652549        2.25985098715941
B            0.15328764133257        2.83487639217923        1.49416099795003
B            2.07770832219441        1.31377104458410        1.40626335981324
B            0.72516556147710        2.00189869837529        0.19382835510253
B            3.68488762378269       -4.35574436309949        1.75714757545050
B            3.83010994334442       -3.11941514872521        0.68069439396788
B            3.98577223565286       -1.52654873471826        0.68190852696257
B            4.91467187280848       -3.33864988519880        1.82004779650163
B            5.10089627691414       -0.45752054605116        0.00665200860771
B            4.04932675028297        0.03493226141738        1.15024584426202
B            3.59285415454008        1.72513192819024        0.87027294048472
B            2.30274470961218        2.17210899031699       -0.10109124886125
B            5.12007169256260        1.17474329518429        0.59307103985572
B            3.76238043053643        2.34745385552142       -0.61721112228668
H           -5.33700778065800       -3.28379071478374        0.76432646628327
H           -5.27438017356119       -1.85209921302551       -0.72051341489522
H           -3.78190372168587        0.44615207503832       -2.27885605624025
H           -6.30455508809836        1.06521093825060        1.27242662374715
H           -4.95175713574275        3.64710772932253        0.11495582368090
H           -4.22456249107091        4.03444131894348        3.14113881988363
H           -2.01814615343906       -4.40161344738148       -1.48475679917177
H           -1.17470430812145        4.88083975672611        0.86593209560431
H            1.13389018739302       -5.24405395482522       -0.66175910854481
H            0.03695122234642        1.38913141237561       -0.54262157232674
H            3.60594817390285       -5.42285622850371        2.23195377876293
H            5.92629092232450       -3.04514758692565        2.31966061096207
H            5.91229058800782       -0.80584265023823       -0.75652138274298
H            6.12798846182898        1.72873403861743        0.83872577624970
H            4.43860842067797        2.77965651904767       -1.46227067274506
102
 energy: -135.760112026159 gnorm: 0.005701975540 xtb: 6.7.1pre (5071a88)
C           -0.33284942013145       -5.20821269536669       12.02101971446872
O            0.32448049785620       -5.78520387709082       10.92111230316790
C            0.20130617212791       -5.18198322391131        9.70627113232870
C           -0.54558863211806       -4.05012603527369        9.44842605596408
C           -0.61040877611603       -3.47977872821996        8.16625136280114
C           -1.41928616335991       -2.30388799530507        7.98204374935427
C           -1.50623393485250       -1.50928634027765        6.89289879878644
C           -2.45700898578833       -0.41119704788735        6.86581956175721
O           -3.16555107096589       -0.10364760078502        7.81402037763197
C           -2.48878720901552        0.38072278964166        5.56656374587151
C           -1.26706274079527        1.25953446802298        5.61225507096359
O           -0.37413300864440        1.22468587632760        4.60932732059559
C           -1.06025709339039        2.11862622714963        6.67284645331805
C           -0.00649699278821        3.01477525343960        6.74299595331227
C            0.18331427577099        4.02353360312108        7.72276290959085
C           -0.71244447433122        4.25935194833087        8.77661739303586
C           -0.49682312154101        5.29134375937495        9.66420037306645
C            0.60839468517949        6.12155269583882        9.55029938976501
O            0.83316619950876        7.15983948816447       10.41003770275887
C            1.53516725298498        5.89545843119707        8.51298988534105
O            2.60128637525925        6.75135238295822        8.48044569571685
C            3.57163061697809        6.56829318216773        7.48506279097424
C            1.31263593014580        4.86536959798251        7.62555245556777
C            0.09905441392150       -4.09385556610571        7.13430172684922
C            0.83937880805241       -5.23498994276938        7.37860172015746
C            0.90459622301127       -5.79069670581979        8.64608055570937
O            1.62417435320302       -6.91430613029382        8.91430461883104
H           -0.07389979786745       -5.83010169904891       12.87663825331655
H            0.00788604230986       -4.18299364173908       12.20258460954594
H           -1.41998029530426       -5.21081638552182       11.88790727617875
H           -1.09652104609368       -3.57222596086987       10.24296380372258
H           -2.03899170957410       -2.01952079986389        8.82373023471009
H           -0.91107632748930       -1.68170988759409        6.00999525676711
H           -3.40307333171482        0.97703987317539        5.52845781530677
H           -2.44989107084555       -0.29205673281083        4.70905755481006
H           -1.80198060685354        2.09473686476589        7.45436281842483
H            0.72904160318295        2.97033354841480        5.95056212515135
H           -1.58365610112951        3.63653873986549        8.89495835979635
H           -1.20081553098293        5.46831693029665       10.46795523712614
H            0.11428039037584        7.19145908940304       11.05191001104464
H            4.31743762474638        7.34295088248843        7.65809928869530
H            3.15081929554148        6.68957901987086        6.48033041818077
H            4.04853095774114        5.58476462359746        7.56053579195343
H            2.00997467422224        4.68370846739319        6.82196374974418
H            0.06217070469582       -3.69350324821387        6.13424838421198
H            1.37994541985982       -5.71129005088240        6.57096852500828
H            2.04759092894110       -7.22486446001040        8.10479548567330
B           -4.61894383962208       -2.64571916270070        0.05758017426950
B           -4.12959515140647       -1.18202866483114       -0.39988356584167
B           -3.42390834673625        0.06316753472640       -1.23045221670660
B           -3.06339730653069       -2.55861978286764       -0.27400624447694
B           -2.35854804320840        0.25718819293305       -0.11515585400608
B           -4.10761144221490        0.28082783544985        0.49240609557273
B           -5.20985815214395        1.37331553385048        0.94781789471374
B           -4.68918709583765        2.90218641190809        0.99265563906706
B           -2.80579950691936        0.26356683874660        1.49442945519355
B           -3.78440262046526        3.42021794216528        2.23330683127606
B           -1.82530489140721       -3.56690561918367       -0.68668732004456
B           -1.48515680199300       -2.22278055381616        0.13112469388506
B           -1.40640931519293       -0.73483339755371        0.79065480465939
B           -0.36719139077778       -3.40869011367428        0.11044396649576
B           -0.19240762615494       -0.80999509199480        1.99030350660861
B           -1.56549146662108       -0.22379678746020        2.45705868409643
B           -2.08259443965390        1.39455043870204        2.43087083573636
B           -2.29298872894893        2.89833375011695        2.01457720280087
B           -0.62343531207763        1.07895865917088        3.24065426812418
B           -1.03867037417145        3.82569716326226        1.40071513595633
B            1.02481488602871       -4.29485784007317        0.00956059725964
B            0.92467885459727       -3.04251950295689        1.03648318516962
B            1.25915693763034       -1.65996828065508        1.74806882528901
B            2.39467250368210       -3.86372651245757        0.79942433176727
B            2.64486370557601       -0.82532282522745        1.49600435642135
B            1.30232085165475       -0.04560427939537        1.85679715648225
B            0.71889476947904        1.52040520814120        2.26132822500322
B            0.15404049737799        2.82789188706391        1.49930551701197
B            2.07256128335450        1.30553985685532        1.39955068909591
B            0.71684607568764        1.99002150624406        0.19933801399336
B            3.68118079500267       -4.36462660656238        1.78024511199366
B            3.83090506075585       -3.12889451965526        0.70178716996021
B            3.98286109919334       -1.53588636648105        0.68553205964036
B            4.91449472284974       -3.35402797580292        1.84019715055242
B            5.09585065987558       -0.47231795623330        0.00331567340915
B            4.04801008600570        0.02929868859911        1.14553326949160
B            3.58720719527090        1.71422093090129        0.85598149583639
B            2.29355983447874        2.15828059682379       -0.10832686946750
B            5.11281024703359        1.16694797669739        0.57320898575123
B            3.74989513762786        2.33097197187172       -0.63286377887048
H           -5.33687335190514       -3.29346881066132        0.71860995108228
H           -5.26130751350915       -1.83981553515483       -0.74402150910117
H           -3.76827658704105        0.45578599694701       -2.28224921083917
H           -6.30512314345227        1.05701410318899        1.26020421577939
H           -4.93671844567046        3.63403440020629        0.10272298451832
H           -4.23393530670612        4.02734086604207        3.13240132528535
H           -1.99662188465499       -4.38948415303520       -1.49574120709582
H           -1.17886090537688        4.87271530813258        0.88719750588950
H            1.12819227317939       -5.27233046077218       -0.62041813325560
H            0.02366880390543        1.37976373357782       -0.53396842326758
H            3.60330791799295       -5.42870143022377        2.25961252353847
H            5.92716386800923       -3.05630883424996        2.33493774064390
H            5.91111006939458       -0.82077727328623       -0.75670135016091
H            6.12138714386983        1.72290651668522        0.81107450373308
H            4.41806270668116        2.75770250067296       -1.48847488713494
102
 energy: -135.760332305782 gnorm: 0.005986878117 xtb: 6.7.1pre (5071a88)
C           -0.34627872753331       -5.23252668920105       12.00436216368525
O            0.31690404732490       -5.79557186489185       10.90076693495608
C            0.19884634680286       -5.17898536302090        9.69184107566435
C           -0.54632056411715       -4.04381651754239        9.44287797726180
C           -0.60612717160372       -3.46030724796303        8.16617716129157
C           -1.41404879401974       -2.28269898162515        7.98963307339842
C           -1.50731646963397       -1.48841372429148        6.90051810397030
C           -2.45690017916665       -0.38922086891239        6.87775701514239
O           -3.15878645247927       -0.07868123426835        7.83009586061084
C           -2.49514711070034        0.40067598924903        5.57703330422211
C           -1.26848370730736        1.27364990731398        5.61669685599734
O           -0.37403945586292        1.22517538685259        4.61482219697451
C           -1.05842365725751        2.13666459661306        6.67326712243213
C           -0.00327289892506        3.03044633328785        6.74266003047561
C            0.18592027900918        4.03603622233655        7.72623110053015
C           -0.70526798017750        4.25926614946881        8.78647945336972
C           -0.48852137281246        5.28397725318040        9.68232467769094
C            0.61304897783708        6.11909343840958        9.56978100079657
O            0.84099537938113        7.14930668792339       10.43790108378611
C            1.53493332853197        5.90602939428253        8.52481833991847
O            2.59794465789142        6.76553726303782        8.49493468320194
C            3.56301463679991        6.59567065407516        7.49227240043702
C            1.31117083513709        4.88342441048135        7.62892128781424
C            0.10755834105185       -4.06421939088521        7.13082327262791
C            0.84639457736553       -5.20807223339239        7.36634720294384
C            0.90595521561130       -5.77740380313584        8.62810497208600
O            1.62263329316759       -6.90494898421037        8.88693109923768
H           -0.09277507664175       -5.86573715365634       12.85331204177015
H           -0.00573229905811       -4.20978736110394       12.20133638269839
H           -1.43282059588098       -5.23205371163756       11.86497980145351
H           -1.10050353908015       -3.57441173271858       10.24013608455503
H           -2.02738630630887       -1.99800771679686        8.83603543262837
H           -0.91852004758856       -1.66268486298050        6.01314534719993
H           -3.40631822687585        1.00165829715745        5.54637287660321
H           -2.46479120808765       -0.27171959435249        4.71987651756322
H           -1.80361364324268        2.11639322472875        7.45215305036862
H            0.73281172694470        2.98679560275874        5.95087523052883
H           -1.57291600918087        3.63154206868958        8.90455025610876
H           -1.18787765264640        5.45038751267915       10.49231182959435
H            0.12835594132861        7.17184743335879       11.08744596726482
H            4.30762854935110        7.37053613922125        7.66862381005819
H            3.13604480373161        6.72587423886944        6.49114037053006
H            4.04324172486393        5.61267431484263        7.55476363796303
H            2.00370326298273        4.71226186014708        6.81896256762354
H            0.07590047098225       -3.65326613907411        6.13482307490400
H            1.39025466908503       -5.67543002784026        6.55567651069422
H            2.04932409521149       -7.20623868066560        8.07533688464680
B           -4.60955111896961       -2.64990722672687        0.02099238438801
B           -4.11849774703535       -1.18064462481147       -0.41509029229965
B           -3.40627507117466        0.06915785774080       -1.23458571983052
B           -3.05088610248475       -2.55893190060085       -0.29410900022543
B           -2.34779160620264        0.25750563742276       -0.11199294246852
B           -4.10007516917597        0.27549345141567        0.48732055823346
B           -5.21025630275929        1.36265482836788        0.93658925466992
B           -4.68563037603603        2.88980574080539        0.98246585574845
B           -2.80115625877648        0.25536416583690        1.49430821991202
B           -3.79258191584142        3.41201624484276        2.22882400948613
B           -1.80826182305840       -3.56126810580846       -0.70372012988196
B           -1.47659176736151       -2.22513847902886        0.12858442306207
B           -1.40216039200171       -0.74111528102717        0.79675080382647
B           -0.36210985873194       -3.41553325219765        0.11382612393016
B           -0.19147775998396       -0.82217324039810        2.00426384889478
B           -1.56688442119474       -0.23671832813033        2.46283163745505
B           -2.08191427812331        1.38295846103210        2.43980238224364
B           -2.30166761219296        2.88473863306551        2.02285604524239
B           -0.62434225876744        1.07512608911586        3.24734575872543
B           -1.04508119501608        3.81385197168766        1.41185679314320
B            1.02408482442312       -4.31319484506576        0.03494537171615
B            0.92217998058547       -3.05340325881548        1.05569568671734
B            1.25675069686565       -1.66792850755955        1.76170081728382
B            2.39346181375863       -3.87697058373756        0.82709924961607
B            2.64211628405783       -0.83426323294637        1.49731075168614
B            1.30282785020523       -0.05284818317017        1.86796798207064
B            0.71737556078138        1.51311588499648        2.26360124600080
B            0.15137311783783        2.81855267792972        1.50135491312998
B            2.06559040868092        1.29649624155798        1.39232070485883
B            0.70751703715083        1.97626437420677        0.20209706065250
B            3.67739297410366       -4.37487997875100        1.80847882914761
B            3.83077389275302       -3.14212244402755        0.72550701044413
B            3.97762274095565       -1.54875450916774        0.68867998061571
B            4.91590935518036       -3.37111892587912        1.86135878870029
B            5.08783621354283       -0.49157375685451       -0.00447995643420
B            4.04568729871972        0.01977326453081        1.13858884772393
B            3.58025551217762        1.69911505452899        0.83980635157181
B            2.28266104775755        2.14194923998862       -0.11691703374433
B            5.10485204768382        1.15504826483835        0.55109637905038
B            3.73648701433179        2.30521914950322       -0.65442535651498
H           -5.33629955008086       -3.30532773543520        0.66440613246162
H           -5.24412955104557       -1.82930756926313       -0.77617753711198
H           -3.74545914064706        0.46754083729920       -2.28629653346744
H           -6.30739957030703        1.04518930320972        1.23982027128951
H           -4.91905059870320        3.61812083361448        0.08490511851056
H           -4.24882863998197        4.02706874689968        3.11866931071872
H           -1.96540442445258       -4.37301978807908       -1.53112816313544
H           -1.18551541284974        4.86574741492259        0.90808322074186
H            1.12564379069288       -5.30093698005114       -0.58040442461436
H            0.01034437792067        1.36677419303451       -0.52814458576784
H            3.59817593241920       -5.43630516924746        2.29277809609581
H            5.92936315654992       -3.06872456632849        2.35128461005843
H            5.90604534786699       -0.84240306545916       -0.76051243394745
H            6.11446094595485        1.71304314373878        0.78024302955935
H            4.39543968551281        2.73055833768176       -1.51546587538116
102
 energy: -135.760560141920 gnorm: 0.005401332216 xtb: 6.7.1pre (5071a88)
C           -0.36244773388363       -5.25600110490655       11.98430398791326
O            0.30749360546650       -5.80504812941673       10.87801245715337
C            0.19598060440268       -5.17450049466056        9.67530730387193
C           -0.54673901021594       -4.03583764782608        9.43486940978844
C           -0.60072121480690       -3.43912370412109        8.16398625984858
C           -1.40795989882283       -2.26006014450090        7.99447247764371
C           -1.50810141953706       -1.46643940787257        6.90520153003664
C           -2.45703611524667       -0.36695444881241        6.88728759695098
O           -3.15191155889159       -0.05321905350452        7.84408158371824
C           -2.50254487998240        0.42151952985156        5.58567775336920
C           -1.27120243528859        1.28678176157436        5.62181136112295
O           -0.37381502127150        1.22376628802430        4.62168698347944
C           -1.05738548856137        2.15592283047601        6.67274257987837
C            0.00027380173157        3.04599423651807        6.74244631809178
C            0.18885366001310        4.04857015558436        7.72988912920294
C           -0.69726882559740        4.25930942646717        8.79676207513040
C           -0.47887214175343        5.27671271294005        9.70051965598190
C            0.61893726264107        6.11646219287534        9.58975148385828
O            0.85096432512774        7.13711156525058       10.46799517061156
C            1.53501894743935        5.91735136878911        8.53672374165336
O            2.59512903774528        6.78104263346838        8.50773714460617
C            3.55245924062560        6.62328707981878        7.49568837851851
C            1.30933523899777        4.90240289331832        7.63272966466869
C            0.11762868834369       -4.03309778008280        7.12589743391534
C            0.85452120487173       -5.17974078002188        7.35275619931795
C            0.90760965588498       -5.76240007535122        8.60861710452884
O            1.62172501169057       -6.89349226267136        8.85831362241117
H           -0.11561806105777       -5.90072783316711       12.82649929153328
H           -0.02160056612298       -4.23668157910542       12.19721519909759
H           -1.44818020725193       -5.25181616669509       11.83818314051872
H           -1.10456056126540       -3.57470345404985       10.23417731926131
H           -2.01524315763889       -1.97422648541973        8.84496650568214
H           -0.92608399438815       -1.64276130584567        6.01313356293839
H           -3.41173081730610        1.02549354911392        5.56157506504742
H           -2.47957086849769       -0.25005411684769        4.72769526146920
H           -1.80591369177418        2.14101986831635        7.44925190333486
H            0.73562373444038        3.00272200180769        5.95046525456840
H           -1.56134716846213        3.62703759941955        8.91553337252845
H           -1.17401555261039        5.43262168817310       10.51602815387959
H            0.14465891890600        7.15040244534629       11.12506952652205
H            4.29747125586446        7.39749532779667        7.67280939344271
H            3.11692622422665        6.76246592296162        6.49937099158354
H            4.03477817799007        5.64029241144352        7.54459222313892
H            1.99571242075534        4.74182475058379        6.81577743643140
H            0.09197867532560       -3.61118739663017        6.13444801398632
H            1.40188516145463       -5.63857527141952        6.53960346939182
H            2.05152268368891       -7.18579166197620        8.04515439608491
B           -4.59598260288827       -2.65448472606256       -0.01394432889293
B           -4.10523179666419       -1.18055492039908       -0.42911234834240
B           -3.38710351037755        0.07386401552536       -1.23928747867766
B           -3.03469609247523       -2.55964076564833       -0.31418319773475
B           -2.33546757636266        0.25611901731241       -0.11011049439174
B           -4.09037187215045        0.26899683564834        0.48249108852037
B           -5.20883499805033        1.35127212977123        0.92594049047942
B           -4.68120902772230        2.87643670373654        0.97399092355427
B           -2.79451662207853        0.24605879129857        1.49358104634959
B           -3.80147674613123        3.40251587518610        2.22797353241562
B           -1.78817997427746       -3.55722229715180       -0.72346645014234
B           -1.46407434060155       -2.22824872660945        0.12859479241108
B           -1.39687844876767       -0.74832638302401        0.80163078243135
B           -0.35458579993956       -3.42517259854893        0.12496737189701
B           -0.19150354221979       -0.83482401310006        2.01789199829412
B           -1.56804917096686       -0.25003052747596        2.46920132776521
B           -2.07960707499318        1.37150280575279        2.44614885613398
B           -2.31069450479181        2.87230410823558        2.03292543700411
B           -0.62386129515314        1.07285017044180        3.25472189432924
B           -1.05257865431213        3.80517989340216        1.42368349223798
B            1.02449877951261       -4.33298169028919        0.06541962356796
B            0.92196510390717       -3.06234756724112        1.07038038238128
B            1.25373746617422       -1.67443271668931        1.77304105737871
B            2.39238836254230       -3.89123497291786        0.86074590751508
B            2.63834263195441       -0.84152407097578        1.49999251812025
B            1.30209553833013       -0.05885202238945        1.88193800061309
B            0.71720453656002        1.50898616047072        2.26715814206722
B            0.14639711915662        2.81062367128015        1.50286641903786
B            2.05830447833391        1.28585066544804        1.38283956043157
B            0.69743647973248        1.96527561809759        0.20294089470534
B            3.67086284240729       -4.38700738922204        1.84393699342276
B            3.83140078478315       -3.15703250940011        0.75685699086847
B            3.96994382519151       -1.56310992118153        0.69339272101561
B            4.91745495817094       -3.39290524069638        1.89081817679250
B            5.07758155252902       -0.51440986466895       -0.01221852743967
B            4.04127930362238        0.00970851485262        1.13062534137975
B            3.57280270233719        1.68429025908389        0.82242167268128
B            2.27024407167913        2.12674564723278       -0.12585133178078
B            5.09585420813555        1.14097535255299        0.52867314779150
B            3.71977007911061        2.28612161046240       -0.67357582381451
H           -5.33064602560572       -3.31568440864381        0.61330669184678
H           -5.22277556105308       -1.82086470766148       -0.80835424987206
H           -3.72339156373412        0.47553355625216       -2.29103306332962
H           -6.30795103293527        1.02917921489391        1.21816652527337
H           -4.90264911055655        3.60261644110881        0.07328774231620
H           -4.26428391244912        4.03113667163568        3.10682467963420
H           -1.93371714138025       -4.35828123356317       -1.56647201195770
H           -1.19561447048043        4.86247094435397        0.93063872067280
H            1.12432078814770       -5.33333713300117       -0.52982232786038
H           -0.00473565188113        1.35734551211115       -0.52437333675909
H            3.58750426470426       -5.44682386918382        2.33206022584627
H            5.93150040663673       -3.08842254610442        2.37781287664258
H            5.89793775779224       -0.86758145105531       -0.76468696902627
H            6.10759023199595        1.69975569996595        0.74643368547097
H            4.37297769987230        2.70090945182426       -1.54744267915095
102
 energy: -135.760756867952 gnorm: 0.005336997923 xtb: 6.7.1pre (5071a88)
C           -0.37959845033464       -5.27537551618810       11.96293050254145
O            0.29728306009879       -5.81264256156228       10.85549301686475
C            0.19298806996028       -5.16977201392564        9.65850014262378
C           -0.54684911128151       -4.02789193031353        9.42506966122220
C           -0.59479229756950       -3.41981358430282        8.15947149132726
C           -1.40174644209691       -2.23976511269307        7.99539464943057
C           -1.50807035765963       -1.44625467660200        6.90643281485805
C           -2.45711836019237       -0.34749013903970        6.89357683934361
O           -3.14534220087602       -0.03100980213961        7.85456160314075
C           -2.50986386569257        0.44067404615477        5.59206366491293
C           -1.27536017401357        1.29836322573290        5.62714380476724
O           -0.37453713945996        1.22393694948131        4.62901390066731
C           -1.05835044568870        2.17386763777226        6.67272877857826
C            0.00208707854591        3.06016250201489        6.74407253117462
C            0.19121811349362        4.05969113587978        7.73527413109538
C           -0.68938139495303        4.26052713816239        8.80859027293085
C           -0.46840136538443        5.27191664113553        9.71832349544897
C            0.62628311582705        6.11517140290852        9.60845132199707
O            0.86241445826466        7.12699916296036       10.49604241013689
C            1.53563174762331        5.92824856237903        8.54771420764914
O            2.59332024119678        6.79612008064758        8.51673891881664
C            3.54135830983235        6.64744897249278        7.49449923035068
C            1.30714590493861        4.91943328075823        7.63789402665625
C            0.12831866044112       -4.00514699488253        7.11971755736859
C            0.86325305380591       -5.15421204873524        7.33932489416876
C            0.90945661360973       -5.74828234928199        8.59000629930489
O            1.62192328931394       -6.88196023168783        8.83236283925180
H           -0.14008477912844       -5.93034656038096       12.79935218264002
H           -0.03816816544519       -4.25979990885758       12.19033403610997
H           -1.46430728801566       -5.26752061340157       11.80999899637797
H           -1.10814662512630       -3.57349555629053       10.22564248437926
H           -2.00504365496003       -1.95322567993478        8.84843505911975
H           -0.93205101293531       -1.62368205945521        6.01053766413164
H           -3.41862425852363        1.04545586661171        5.57239431528041
H           -2.49218216029520       -0.23026265407004        4.73259770194241
H           -1.80850894338466        2.16500066040390        7.44817014133688
H            0.73546025855050        3.01738428732604        5.95070136072642
H           -1.55056078905832        3.62499107515253        8.92965179904734
H           -1.16004382265614        5.41937978078944       10.53821762136380
H            0.16117018954515        7.13236933065805       11.15856953762538
H            4.28793333365045        7.42067798314360        7.66965200019612
H            3.09594012948206        6.79391281420695        6.50367279252189
H            4.02454479551109        5.66427771684146        7.53154412193596
H            1.98705952177328        4.76738964428741        6.81443213717104
H            0.10880915067466       -3.57329744484937        6.13265937585960
H            1.41422419389162       -5.60614331150402        6.52477267308666
H            2.05488620307004       -7.16673509652082        8.01854983507319
B           -4.58028726523728       -2.65925110721480       -0.04292138608861
B           -4.09025689091635       -1.18187113771810       -0.44081861025415
B           -3.36698850670284        0.07641479758449       -1.24439919120997
B           -3.01724272003635       -2.56084400828305       -0.33149221921416
B           -2.32239756467791        0.25359611243772       -0.10911134729905
B           -4.08017699636915        0.26238767918803        0.47751643416422
B           -5.20643934582773        1.34112574161064        0.91537464694968
B           -4.68026618628042        2.86522034986319        0.96991978694236
B           -2.78806345677524        0.23723775791813        1.49316368518224
B           -3.80876534079695        3.40028395231405        2.22605058869825
B           -1.76642559074086       -3.55448241599555       -0.73844152079144
B           -1.45062555715956       -2.23010989986080        0.12582863631132
B           -1.39160503542614       -0.75488960555559        0.80605121901127
B           -0.34536086566312       -3.43247175249656        0.12777687323036
B           -0.19341681194580       -0.84611511860783        2.03125286619653
B           -1.56934010020597       -0.26009834712337        2.47639772133930
B           -2.07835829979821        1.36297770299771        2.44946165606307
B           -2.31846682775154        2.86447102666432        2.04057139254752
B           -0.62294996159755        1.07457044064433        3.26179319954341
B           -1.05966137033570        3.80169953725076        1.43188919516246
B            1.02631910936316       -4.34966978056352        0.09397113804717
B            0.92094743730809       -3.07126591626865        1.08945377415620
B            1.25040580305666       -1.67961216640682        1.78416149093883
B            2.39124608932012       -3.90500402727612        0.89695571616795
B            2.63382808080878       -0.84658007506798        1.50549857489898
B            1.29979002945296       -0.06266969200467        1.89662342296193
B            0.71727961608299        1.50873718921435        2.27162358351719
B            0.13936859384591        2.80584691888401        1.50314157693059
B            2.05062849208915        1.27546455901852        1.37293787969887
B            0.68666927325106        1.95964701646792        0.20090207932617
B            3.66301353463876       -4.40025600488759        1.88190077031185
B            3.83245975423038       -3.17231099040630        0.79349163375415
B            3.96108660786004       -1.57824517236677        0.70296250192694
B            4.91880992797148       -3.41745179860444        1.92532582606388
B            5.06572840108423       -0.53927983306250       -0.01741305667960
B            4.03482609919377       -0.00090815549006        1.12404480799395
B            3.56529895144441        1.66947850747573        0.80323865798932
B            2.25695166920498        2.11268107567021       -0.13643386535684
B            5.08711182624386        1.12422363112309        0.51025496048431
B            3.70315876099167        2.26533751410527       -0.69778181369855
H           -5.32198739611804       -3.32505915050634        0.57071438611742
H           -5.19946665645096       -1.81664494498492       -0.83754133264245
H           -3.70259682585949        0.47883885290503       -2.29628499557041
H           -6.30288609659335        1.00978556610367        1.20128719719588
H           -4.88727043662541        3.58847979483261        0.06289364495988
H           -4.27487767445203        4.02494576516867        3.10175252670430
H           -1.90228521683516       -4.34732768978836       -1.59428215654852
H           -1.20690786282493        4.86395658178128        0.94951232588609
H            1.12857842652895       -5.35995869948227       -0.48405472733433
H           -0.02135435233500        1.35366481403551       -0.52302260418235
H            3.57404249475483       -5.45984552554994        2.37118288661467
H            5.93382362642046       -3.11438209815462        2.41102675420615
H            5.88367808600352       -0.89356980589215       -0.77302494735160
H            6.10139320183695        1.68253708965918        0.71632305957449
H            4.35205193070233        2.68174789346699       -1.56927914626609
102
 energy: -135.760911905272 gnorm: 0.005263341374 xtb: 6.7.1pre (5071a88)
C           -0.39603343621948       -5.29392134172742       11.94250762016818
O            0.28765661636131       -5.82054709258772       10.83398734357075
C            0.19018543102044       -5.16646060674138        9.64234739274683
C           -0.54716297236948       -4.02161315657888        9.41563864118022
C           -0.58953073590321       -3.40308050868788        8.15477448693469
C           -1.39653798499214       -2.22229467076109        7.99598242709685
C           -1.50764872345693       -1.42720048332171        6.90860492671301
C           -2.45653547385326       -0.32882912590372        6.90119244160924
O           -3.13854314187319       -0.01035382556039        7.86612429615130
C           -2.51624217083044        0.45865801524645        5.59960534883704
C           -1.27910096460508        1.31051486550382        5.63216312249453
O           -0.37625093019405        1.22771893302381        4.63555966065904
C           -1.06023720982157        2.19042665260153        6.67417349493012
C            0.00178526608131        3.07472771227435        6.74740583731199
C            0.19321894877859        4.07025616095621        7.74274854736489
C           -0.68137904548132        4.26286132914540        8.82298848360237
C           -0.45730110671115        5.26901259459279        9.73789800228400
C            0.63474218573414        6.11550068558762        9.62723728797252
O            0.87363467094196        7.12088981964547       10.52177401784415
C            1.53677392463624        5.93875753733746        8.55880605927410
O            2.59165124663668        6.81091174947311        8.52497751459988
C            3.53164043323559        6.67127944693837        7.49361504555941
C            1.30542205666599        4.93460521174940        7.64444325516964
C            0.13832628367614       -3.97973624793051        7.11327297923233
C            0.87204162321571       -5.13084105418715        7.32616602296546
C            0.91152144076372       -5.73584716454739        8.57219254406214
O            1.62303985697163       -6.87176104454767        8.80810791269297
H           -0.16344805700165       -5.95851079968117       12.77379465930716
H           -0.05462129930145       -4.28136219613200       12.18362684179895
H           -1.47964245297474       -5.28323990494042       11.78241536899138
H           -1.11145858474675       -3.57330877008641       10.21787469531307
H           -1.99723348024523       -1.93686335712983        8.85113182644785
H           -0.93629480304556       -1.60388319597057        6.01002384820805
H           -3.42440768596822        1.06487250731188        5.58354298229161
H           -2.50436993378262       -0.21319425355859        4.73978565815323
H           -1.80984483344094        2.18659737540446        7.45002839575928
H            0.73358326716364        3.03343151002131        5.95249890031316
H           -1.54017190939886        3.62459910153725        8.94690863564721
H           -1.14523507685386        5.40929258050115       10.56262297615819
H            0.17587656749667        7.11899780254730       11.18787825971739
H            4.27814979760950        7.44515725161704        7.66756204032812
H            3.07747766477379        6.82370169634725        6.50772610307366
H            4.01718644432831        5.68875975284830        7.52017515709395
H            1.98027200406393        4.78966364350672        6.81536729884764
H            0.12427003879025       -3.53861183978309        6.13016727451049
H            1.42693815598892       -5.57627100697685        6.51046610934583
H            2.05980371206384       -7.14954892300982        7.99393612446759
B           -4.56701613409468       -2.66756334626876       -0.07321295611152
B           -4.07561025551700       -1.18502734613243       -0.45318440656147
B           -3.34575730820024        0.07738936993555       -1.24844121520284
B           -3.00187297997613       -2.56275669679551       -0.34941687006213
B           -2.30954532359661        0.24968775619020       -0.10566853490893
B           -4.07164547912117        0.25428380476058        0.47223503120011
B           -5.20300247848965        1.33130666255120        0.90416540470941
B           -4.67823455486490        2.85462310023355        0.96181747741516
B           -2.78498110540837        0.22842149233641        1.49515905681962
B           -3.81460713546665        3.39350318301971        2.22303757880150
B           -1.74628082107044       -3.55161430593693       -0.75522673419516
B           -1.43908942678266       -2.23199906749449        0.12264712319606
B           -1.38697107802953       -0.76149461421028        0.81305646759041
B           -0.33708350419930       -3.43821671284927        0.13165096238084
B           -0.19595719444775       -0.85503379802854        2.04564701489594
B           -1.57119520879094       -0.26676748380916        2.48488940358565
B           -2.07998342155886        1.35639201634526        2.45282878177521
B           -2.32292007083056        2.85872200976507        2.04557974708408
B           -0.62375312510870        1.07644802919325        3.26836306864034
B           -1.06469147728871        3.79979677085487        1.43699547704533
B            1.02880432011063       -4.36161338240645        0.11732896120708
B            0.91968297676045       -3.08013013689464        1.10899058950891
B            1.24780941121661       -1.68592537349834        1.79656933865436
B            2.38995821664992       -3.91734809541357        0.93026429808329
B            2.62986755388219       -0.85267885730913        1.51274371093759
B            1.29781570850094       -0.06754359044337        1.91011830195086
B            0.71498078776680        1.50695498546347        2.27609557722813
B            0.13196980757576        2.80130964557537        1.50382388787627
B            2.04239606123172        1.26657186419765        1.36821304219709
B            0.67606668390774        1.95618170552064        0.19867473763689
B            3.65639232268271       -4.41170594844075        1.91793596896492
B            3.83397037377728       -3.18730739761777        0.82623813224692
B            3.95357043762965       -1.59375141086547        0.71363017969712
B            4.92075403769490       -3.43939840665658        1.95569689315416
B            5.05249734421079       -0.56188127965887       -0.02459807251321
B            4.02783879290554       -0.01270695775761        1.11775444447169
B            3.55697963926880        1.65519016155418        0.79078804692242
B            2.24489950656475        2.09892091525180       -0.14436139486596
B            5.07737043435373        1.10727125623631        0.49216916242335
B            3.68702764660709        2.24999805905767       -0.71100867349593
H           -5.31460677796030       -3.33965807179286        0.52786415394112
H           -5.17909509215036       -1.81608347458879       -0.86653122438360
H           -3.67832106042064        0.48161044054058       -2.30100835726146
H           -6.30161612509624        0.99503420488702        1.17880781199044
H           -4.87387169472842        3.57548806629147        0.05013589119538
H           -4.28620794602067        4.02633496227018        3.09176838540761
H           -1.87545993712536       -4.33510755892855       -1.62156893500179
H           -1.21569522427489        4.86348362887410        0.95905615811641
H            1.13537798448133       -5.37846493022922       -0.44872122550042
H           -0.03727965055055        1.35217334423960       -0.52167821227919
H            3.56344567840347       -5.47070736435800        2.40882202919215
H            5.93818833674129       -3.14013962264153        2.43889604387168
H            5.86569886025657       -0.91983701539429       -0.78320698151527
H            6.09381104148980        1.66459071599434        0.68889503050619
H            4.33655700229303        2.65131772996363       -1.59414244763051
102
 energy: -135.761067281750 gnorm: 0.005397364394 xtb: 6.7.1pre (5071a88)
C           -0.41361241598115       -5.30441743333737       11.92039710949765
O            0.27758448260634       -5.82335889725389       10.81321024457165
C            0.18741394617867       -5.16142605603950        9.62607124205858
C           -0.54764346140394       -4.01464745884209        9.40344076189341
C           -0.58432083458618       -3.38918207512734        8.14643571668930
C           -1.39167592605869       -2.20848095378737        7.99076166198249
C           -1.50663890707268       -1.41163941645792        6.90527691772157
C           -2.45595810899474       -0.31414516055120        6.90299129175381
O           -3.13248214508033        0.00527763370126        7.87124742209031
C           -2.52209195978842        0.47268085707190        5.60151030702460
C           -1.28389130693062        1.32135504638793        5.63261739392490
O           -0.37781584600194        1.23158139748734        4.63892315220694
C           -1.06537464906470        2.20395556863085        6.67257418843271
C           -0.00208523902953        3.08680926291203        6.74881753808873
C            0.19308292470983        4.07788062661382        7.74805423239174
C           -0.67444013930392        4.26475308623839        8.83509982677415
C           -0.44532927533362        5.26655413499256        9.75355060399568
C            0.64499225263237        6.11519118594673        9.64029241217160
O            0.88712921132122        7.11585710223585       10.53927094072126
C            1.53826417211658        5.94595140538532        8.56428794928363
O            2.59065125598420        6.82135128986664        8.52535985602142
C            3.52168228538472        6.68872901549765        7.48510749405283
C            1.30253381780956        4.94506215564932        7.64739747391925
C            0.14857194286466       -3.95910647777770        7.10516188560626
C            0.88141564477864       -5.11117324394856        7.31426840256563
C            0.91416081200810       -5.72372823522556        8.55641262480016
O            1.62512340960658       -6.86078655163629        8.78886353571602
H           -0.18817018852118       -5.97575147581072       12.74775285830911
H           -0.07276614371506       -4.29498522715751       12.17214567805694
H           -1.49580312280584       -5.29099559348423       11.75232074723150
H           -1.11480123720841       -3.57026692910687       10.20586539980497
H           -1.99123544716058       -1.92470495498714        8.84704237811039
H           -0.93880242945715       -1.58636662426905        6.00504937956440
H           -3.42998356613382        1.07949815166837        5.58733374777203
H           -2.51379426634849       -0.20045150160320        4.74226688442445
H           -1.81426392016266        2.20504274136928        7.44856284833403
H            0.72951366243108        3.04696420023314        5.95335249046019
H           -1.53165343390933        3.62503876631903        8.96283238345334
H           -1.12874074708075        5.40178839092170       10.58307437298312
H            0.19213466387472        7.10811018203018       11.20768160334282
H            4.26818764131585        7.46336580943679        7.65674020099359
H            3.05837432361238        6.84546644575300        6.50454916424874
H            4.00908864220374        5.70725524830259        7.50250531405812
H            1.97241600273487        4.80512690428266        6.81344353066216
H            0.13980956735638       -3.51129762997965        6.12552106238424
H            1.44085384437573       -5.55194505163086        6.49930456272725
H            2.06610866681092       -7.13367428829233        7.97572355973569
B           -4.55127495172576       -2.67519867318071       -0.09213449319946
B           -4.06188441459957       -1.18969796574379       -0.46095616461513
B           -3.32900940800288        0.07450724194685       -1.25243069633118
B           -2.98537736431752       -2.56422594710254       -0.35955687732412
B           -2.29899494496077        0.24383522445764       -0.10593042374728
B           -4.06439565535665        0.24754138093469        0.46599564871402
B           -5.19664276121294        1.32387742696565        0.89605883782753
B           -4.67470466799396        2.84728986570059        0.95699251828549
B           -2.78209104196749        0.22370380037261        1.49387405923135
B           -3.81556975641602        3.38580175270226        2.22254925847120
B           -1.72653940061072       -3.55133197264684       -0.75938924378545
B           -1.42568963991047       -2.23358531656475        0.12181181358107
B           -1.38156581659956       -0.76609880854777        0.81537273101048
B           -0.32677766561031       -3.44335284713662        0.14018778116733
B           -0.20046425975843       -0.86231072429988        2.05539052182830
B           -1.57339304023270       -0.26899600817006        2.48944218086196
B           -2.07978844296127        1.35321215673963        2.45251180046027
B           -2.32217266413561        2.85699460319594        2.04800749958081
B           -0.62314777059343        1.08003186657948        3.27154185061126
B           -1.06606019231566        3.80355092841189        1.44166716571416
B            1.03358651508812       -4.36987202811222        0.13942926914587
B            0.92191771002313       -3.08448361105585        1.12036481572325
B            1.24540911818669       -1.68954538898536        1.80588889825713
B            2.38956900905118       -3.92749888463065        0.96630366232787
B            2.62544749063270       -0.85511908898065        1.52167136910785
B            1.29437249011272       -0.07071639211941        1.92554953252089
B            0.71474697461971        1.50839770451992        2.28031099799556
B            0.12663303704763        2.80180520351476        1.50754789451499
B            2.03529728954406        1.25663113700858        1.36293125659827
B            0.66335743657856        1.96048597946311        0.19605760194819
B            3.64696239974301       -4.42468711245346        1.95972210603320
B            3.83812207766898       -3.20131057209948        0.86835284969661
B            3.94699285374367       -1.60925403848324        0.73149354603165
B            4.92184615636712       -3.46661651873283        1.99663867014919
B            5.03768519031263       -0.58457741374275       -0.02842256147938
B            4.01901219566675       -0.02290872474150        1.11339932741334
B            3.54876536876842        1.64338599414504        0.77627902848423
B            2.23098693108565        2.08834922308369       -0.15235992843087
B            5.06735866359634        1.08876197907426        0.47764695093784
B            3.66942675968768        2.23794744965187       -0.72761200567000
H           -5.29970042879409       -3.35033034313485        0.50226074403859
H           -5.16009751882518       -1.82055870974066       -0.88493185351837
H           -3.66118343947372        0.47715749209947       -2.30547864262036
H           -6.29644047364036        0.98406542271033        1.16278066805157
H           -4.86694693775210        3.56841644985089        0.04788380608742
H           -4.29159166623915        4.02229984106253        3.08763126006874
H           -1.85241192032874       -4.33010652915301       -1.62742162162949
H           -1.22085306374718        4.86678581656259        0.96558440620659
H            1.14606647033391       -5.39322403801344       -0.41269753625127
H           -0.05816747271437        1.36083191904028       -0.51938509292733
H            3.54975290000788       -5.48367141494788        2.45026931678889
H            5.94122681877236       -3.17615393682281        2.48091111466863
H            5.84386821019970       -0.94838550857648       -0.79017594167159
H            6.08599573273427        1.64460473351224        0.66430267105837
H            4.32015752536136        2.63988755203477       -1.60499770078011
102
 energy: -135.761159212006 gnorm: 0.003204666103 xtb: 6.7.1pre (5071a88)
C           -0.41523326341820       -5.30432040111557       11.91829026666597
O            0.27692176784752       -5.82330828064961       10.81155567681537
C            0.18761980233154       -5.16120622604770        9.62447373292074
C           -0.54801551417268       -4.01466465567623        9.40141234706127
C           -0.58419128733534       -3.38903254848203        8.14432639061221
C           -1.39163656421755       -2.20840356745709        7.98911135748643
C           -1.50643237495600       -1.41089400939010        6.90421186469041
C           -2.45646830059172       -0.31371024118021        6.90245146226870
O           -3.13244279655803        0.00462553058582        7.87122721372734
C           -2.52273661589881        0.47360402262945        5.60110031951329
C           -1.28514840241914        1.32489794743675        5.63131613469285
O           -0.37996915353084        1.23637672728004        4.63716360847107
C           -1.06683264061632        2.20495434162391        6.67289874762566
C           -0.00402097389020        3.08827005914104        6.74849108999201
C            0.19214576905111        4.07853303819567        7.74780583708788
C           -0.67408179071844        4.26476468268819        8.83568376678280
C           -0.44379969803745        5.26622454624693        9.75415314264812
C            0.64635394170706        6.11518620822762        9.63957438685931
O            0.88912952559809        7.11661398994158       10.53748260288057
C            1.53892209163395        5.94534538853438        8.56299380798458
O            2.59089906259073        6.82038748611085        8.52371152254423
C            3.52127491053814        6.68942023777202        7.48301351467576
C            1.30235063868507        4.94461697527025        7.64601571094486
C            0.14963018312798       -3.95832000742123        7.10336447831088
C            0.88324406581934       -5.10999297377703        7.31322307357184
C            0.91530248069821       -5.72311769739724        8.55515173484982
O            1.62596270233582       -6.86034428177781        8.78803012366467
H           -0.19076436713990       -5.97596157993623       12.74559579803970
H           -0.07473189801485       -4.29457061758336       12.17035204397662
H           -1.49714417449803       -5.29031332337976       11.74854305939618
H           -1.11595670342184       -3.57071342539844       10.20349420560036
H           -1.99139881541852       -1.92595689792518        8.84577211331803
H           -0.93835331621781       -1.58466899805048        6.00369622932610
H           -3.43015026808920        1.08076645755704        5.58835536226622
H           -2.51472867780706       -0.19881050801814        4.74212269761549
H           -1.81594346374837        2.20444596737492        7.44867806316909
H            0.72846199835099        3.04883133009792        5.95357655773084
H           -1.53110940297835        3.62474888098645        8.96358821433325
H           -1.12506780850278        5.40088858273880       10.58520967065516
H            0.19471393809288        7.10899403533462       11.20670730723848
H            4.26665533913932        7.46480049148972        7.65505510499550
H            3.05731343324369        6.84604219109965        6.50270838264242
H            4.01010546081191        5.70879224282052        7.49920551405818
H            1.97219703298722        4.80471404675737        6.81189278912439
H            0.14111544526211       -3.51050776830963        6.12353105435733
H            1.44378672893010       -5.54996269004648        6.49867454635078
H            2.06817808801637       -7.13283902961889        7.97522426482176
B           -4.55090373764827       -2.67618185132761       -0.09085934554040
B           -4.06233822819287       -1.19019153607089       -0.46228278537251
B           -3.32849343304133        0.07341410450667       -1.25278721070397
B           -2.98549690738471       -2.56408749198737       -0.35762035674450
B           -2.29900879806661        0.24397203866279       -0.10548007736565
B           -4.06513246545901        0.24778256447912        0.46389475956233
B           -5.19686064577273        1.32472249085297        0.89249858354108
B           -4.67387935398466        2.84841992668345        0.95395727050958
B           -2.78376954840609        0.22466783260031        1.49353865548472
B           -3.81289306770105        3.38615977709605        2.21846952584481
B           -1.72648933329664       -3.55063552413993       -0.75815214430161
B           -1.42581872001776       -2.23352869679590        0.12381247556577
B           -1.38081527133575       -0.76505658568867        0.81678769039260
B           -0.32469218424777       -3.44128435581951        0.13860363498042
B           -0.20180871534446       -0.86312453000019        2.05752107094695
B           -1.57453347038555       -0.26760626402951        2.48986669253009
B           -2.08104341432452        1.35388695849972        2.45213544626890
B           -2.31993690769158        2.85629086165348        2.04280012238362
B           -0.62505463293292        1.08050140239442        3.27069575046298
B           -1.06340519747024        3.80297483029669        1.44086509157130
B            1.03572853226226       -4.36818456241099        0.14037727950158
B            0.92082700485540       -3.08756974521487        1.12716272081228
B            1.24497891240855       -1.69123936800836        1.81155298668673
B            2.39016817788915       -3.92722937586035        0.96989240612208
B            2.62513689316329       -0.85664867264070        1.52449739885331
B            1.29386827390317       -0.07268493393646        1.92711145131684
B            0.71394773826395        1.50578070676270        2.27974498459582
B            0.12901386034225        2.80128997019543        1.50962897786738
B            2.03485671544971        1.25441829525198        1.36370883648852
B            0.66194629910423        1.95995685201993        0.19740775179714
B            3.64680424469088       -4.42696082373593        1.96371910058636
B            3.84004292472958       -3.20189731103163        0.87384344710907
B            3.94862589562822       -1.61070658644719        0.73621319505897
B            4.92166460037414       -3.46880553101547        2.00345220622107
B            5.03617034374616       -0.58530567434536       -0.02685592572302
B            4.01857621007358       -0.02349120972535        1.11551039097565
B            3.54763255529387        1.64258236567337        0.77661689901293
B            2.22960310502052        2.08730137200346       -0.15145103614788
B            5.06561149511480        1.08719454061628        0.47667785010740
B            3.66814936040873        2.23905935164546       -0.72647292725057
H           -5.29839559579227       -3.35309999252985        0.50336068274774
H           -5.16324856093972       -1.82264390495324       -0.88124889577381
H           -3.65714831113888        0.47671572456814       -2.30637998727118
H           -6.29600225858001        0.98790579609679        1.16472915018987
H           -4.87304504032336        3.57240513647318        0.04667650182600
H           -4.29007879358462        4.01398968637584        3.08875148266037
H           -1.84940048102661       -4.32913169631307       -1.62665620050192
H           -1.21519048413791        4.86615390866325        0.96420433448645
H            1.14980532049351       -5.38894178550867       -0.41601036272713
H           -0.06111128316258        1.36239193761494       -0.51781261759384
H            3.54958637573971       -5.48510694517091        2.45498027575128
H            5.94187804562237       -3.18057328686952        2.48817807967031
H            5.83985989865917       -0.95145989917112       -0.79005624457421
H            6.08401070382766        1.64385299453965        0.66208845602451
H            4.31892021944534        2.63881803526943       -1.60641939345582
102
 energy: -135.761260665851 gnorm: 0.003270682340 xtb: 6.7.1pre (5071a88)
C           -0.42011148397299       -5.30409621923244       11.91182197030969
O            0.27497008074964       -5.82294455361016       10.80650893239730
C            0.18795500389405       -5.16052445846763        9.61953661584900
C           -0.54891528839574       -4.01474856955230        9.39537651516994
C           -0.58343227320328       -3.38848954557720        8.13836090421558
C           -1.39194594180328       -2.20851810403574        7.98397150336296
C           -1.50627170713826       -1.40896071816721        6.90079960381862
C           -2.45763722351742       -0.31216816139589        6.90099434908691
O           -3.13317921918831        0.00278622412867        7.87077569883040
C           -2.52535996485438        0.47650430999176        5.60038162571557
C           -1.28902885916487        1.33295606377681        5.62872037106175
O           -0.38637257336397        1.24826624271568        4.63322389475176
C           -1.07081010223958        2.20753169524173        6.67403000765867
C           -0.00871426089606        3.09171539848595        6.74800696908749
C            0.19063690518778        4.08013806780723        7.74770337828439
C           -0.67223139638232        4.26514600252657        8.83804521417906
C           -0.43890607658443        5.26574232358302        9.75652270479050
C            0.65060172724829        6.11544438368847        9.63812009833576
O            0.89519906382426        7.11866136711604       10.53338853728395
C            1.54092439760779        5.94472925679168        8.55961423391813
O            2.59229505554051        6.81886204131388        8.51919906211685
C            3.52040381835456        6.69178165494636        7.47659187367504
C            1.30207596201586        4.94427519144748        7.64276325948605
C            0.15326935486630       -3.95593718416935        7.09849057698847
C            0.88853337821990       -5.10661233070662        7.30996467436693
C            0.91853564169556       -5.72105317176894        8.55128412194134
O            1.62893665792388       -6.85827100534518        8.78527416416910
H           -0.19825249056760       -5.97631808815473       12.73914208639951
H           -0.08018202038228       -4.29403732663247       12.16504727393258
H           -1.50137204585140       -5.28901788361943       11.73813139555381
H           -1.11901715828661       -3.57192518163494       10.19647329054070
H           -1.99242343599020       -1.92929552857087        8.84130857883503
H           -0.93717055952477       -1.57980640086992        6.00001003774080
H           -3.43218780415209        1.08406692157651        5.59066191214673
H           -2.51766799728447       -0.19443398326085        4.74163655849934
H           -1.81969409065184        2.20327712314903        7.44992059211232
H            0.72390452238188        3.05392206663368        5.95283770052064
H           -1.52876659062133        3.62451719543781        8.96670624505509
H           -1.11563433710670        5.39971922549235       10.59097719537118
H            0.20259402226825        7.11127756003003       11.20479601556812
H            4.26337445982208        7.46915693194588        7.64856995227958
H            3.05404704913657        6.84805216456053        6.49725677294076
H            4.01259947915760        5.71292888303537        7.48978239445427
H            1.97126308659948        4.80436051574054        6.80798720543873
H            0.14577129266476       -3.50800458240243        6.11846615296326
H            1.45201630156682       -5.54458285132290        6.49646048837493
H            2.07450181358667       -7.12950277498631        7.97356478051082
B           -4.54934041887408       -2.67927991760768       -0.08799407936697
B           -4.06189868988567       -1.19248170488868       -0.46502534962145
B           -3.32644689933544        0.06928430817011       -1.25385624101679
B           -2.98481037618154       -2.56484145427192       -0.35416841185680
B           -2.29835966525445        0.24347046598813       -0.10437628627522
B           -4.06629442945730        0.24796220946475        0.45851457761112
B           -5.19490066013291        1.32622188028135        0.88920015230727
B           -4.67542337193810        2.85252590567096        0.94943495093197
B           -2.78793996290827        0.22734255299462        1.49249403861078
B           -3.80953576301005        3.38206491196464        2.21339727950083
B           -1.72473444213912       -3.54929009039633       -0.75555572832238
B           -1.42571718235231       -2.23419873490451        0.12886193980799
B           -1.38011310448430       -0.76387868361026        0.82092693511087
B           -0.32198644772078       -3.43930329647833        0.14155770831848
B           -0.20553021821851       -0.86406762129800        2.06256115197722
B           -1.57768612240393       -0.26309940289736        2.49102411873484
B           -2.08459411225310        1.35674031083105        2.45006887719366
B           -2.31484806475274        2.85747819259171        2.03309214137878
B           -0.63029255312865        1.08257643433185        3.26865414532711
B           -1.05787763415765        3.80195345253737        1.43572765296229
B            1.04219509175468       -4.36161573617804        0.13975042016927
B            0.92015869807147       -3.09263482011469        1.14114495247861
B            1.24333884020553       -1.69442490099490        1.82491999624998
B            2.39116201858591       -3.92844466326448        0.98091223837848
B            2.62383953036798       -0.85983841698556        1.53302304616600
B            1.29229649511633       -0.07650733106405        1.93164260914570
B            0.71238812879749        1.50061814002018        2.27905983004998
B            0.13343395694742        2.80004825490237        1.51449818934694
B            2.03399883773506        1.24931423882824        1.36554194417463
B            0.65859426051965        1.95882619879000        0.20056542409123
B            3.64506749825206       -4.43249437431693        1.97730200849141
B            3.84370949347947       -3.20479970230503        0.88990807511587
B            3.95082901380951       -1.61522672839911        0.74948615917215
B            4.92396753794060       -3.47917488566188        2.01816861912549
B            5.03202901441127       -0.58921187398385       -0.02202187277884
B            4.01722325477097       -0.02585232513307        1.12160643189178
B            3.54497878691140        1.63932615846800        0.77595917808955
B            2.22613062211217        2.08290740584759       -0.15055328127542
B            5.06212052584929        1.08144402233213        0.47474246166803
B            3.66397165752673        2.23210996517021       -0.72839760162780
H           -5.29369726925403       -3.35904327607532        0.50819427062679
H           -5.16834517105899       -1.82929430561084       -0.87433495150547
H           -3.64723666890179        0.47442954009709       -2.30882125243510
H           -6.29525741675751        0.99598563544490        1.16299790182682
H           -4.88298433139375        3.57994541053886        0.04357739359961
H           -4.28523734154576        4.00193111291812        3.08924495870607
H           -1.84210855511347       -4.32680768845122       -1.62529299973027
H           -1.20204420584270        4.86515779032359        0.95743671623730
H            1.15916892606512       -5.37748531219402       -0.42474785315199
H           -0.06827252672396        1.36572229541157       -0.51374025793356
H            3.54688264941365       -5.48937916725349        2.46929092825723
H            5.94021769411559       -3.18893530188923        2.51140901920067
H            5.82939797289447       -0.96070170886400       -0.78937056452777
H            6.07995908745628        1.64027638924082        0.65718860024134
H            4.31467483860488        2.64453705430284       -1.60483280110839
102
 energy: -135.761305761856 gnorm: 0.004293440147 xtb: 6.7.1pre (5071a88)
C           -0.42502960368710       -5.30445007373209       11.90536080710206
O            0.27287186354615       -5.82277105196117       10.80141704263198
C            0.18782786432716       -5.16001301217273        9.61456614326232
C           -0.54976953169184       -4.01493033926317        9.38959101985251
C           -0.58255979362699       -3.38784876656178        8.13293937676728
C           -1.39234117171478       -2.20860811393350        7.97898102170784
C           -1.50647015011573       -1.40719564726297        6.89730397202290
C           -2.45913591508908       -0.31109505224817        6.89945262424354
O           -3.13476978902188        0.00100836960189        7.86999786682549
C           -2.52848894672217        0.47935926787906        5.60016334586135
C           -1.29288163042576        1.33809823215356        5.62776127607069
O           -0.39230966339679        1.25682284631340        4.63103708850128
C           -1.07412061533403        2.20972353566521        6.67533139599998
C           -0.01217216057832        3.09431250499978        6.74799028805025
C            0.19023144133884        4.08156350700756        7.74810780179458
C           -0.66987293432579        4.26591974804888        8.84074879338403
C           -0.43425903428862        5.26604843173340        9.75905702275229
C            0.65460519330476        6.11617999479310        9.63745049070028
O            0.90088082793885        7.12042909805154       10.53101951407153
C            1.54280609551771        5.94533423954839        8.55710160287329
O            2.59401784260759        6.81904335944986        8.51531495387544
C            3.51949929059223        6.69456695753161        7.47020458536748
C            1.30196841784225        4.94501666523244        7.64062494320577
C            0.15686893384980       -3.95362779874137        7.09416168067514
C            0.89313578026269       -5.10357678800131        7.30655629745610
C            0.92121264323360       -5.71901601178580        8.54735437807810
O            1.63200468668141       -6.85578709292078        8.78215878428881
H           -0.20540569392558       -5.97709750602195       12.73280231689189
H           -0.08544872380109       -4.29457461144381       12.15993427669616
H           -1.50580754511987       -5.28898172786779       11.72877779419126
H           -1.12182935103131       -3.57312973245751       10.18980967528799
H           -1.99401280801750       -1.93194833371495        8.83632331933683
H           -0.93646690590248       -1.57547202085328        5.99658050094536
H           -3.43553767370725        1.08659793551823        5.59222199399622
H           -2.52072985153126       -0.19051963198631        4.74085404570895
H           -1.82179877702614        2.20292295034512        7.45223063481016
H            0.71851525292179        3.05807863709558        5.95100284620037
H           -1.52589797512735        3.62484404809969        8.97057133118183
H           -1.10830661169311        5.39997426071812       10.59568573045904
H            0.20992193282340        7.11321335932269       11.20414558144269
H            4.26113323522089        7.47351376581575        7.64082234837685
H            3.05032052090310        6.85041939742504        6.49208158953722
H            4.01402570123111        5.71678167607558        7.48120625141936
H            1.96984818496954        4.80513635573089        6.80484715705465
H            0.15078774484358       -3.50523064912430        6.11434929178509
H            1.45906337158512       -5.54001342793756        6.49389125587537
H            2.08033438003700       -7.12574750712730        7.97150643236530
B           -4.54743403859340       -2.68218304353853       -0.08574088185186
B           -4.06010515916511       -1.19534197896965       -0.46612077754190
B           -3.32364704757697        0.06409743944216       -1.25491671400298
B           -2.98315631742114       -2.56618788401410       -0.35233823309628
B           -2.29703688029012        0.24190945980339       -0.10354717756757
B           -4.06653096684505        0.24770025620265        0.45406306202675
B           -5.19295305731944        1.32784065023543        0.88383019699697
B           -4.67497619112568        2.85548212958378        0.94509046946139
B           -2.79083587463374        0.22929680255633        1.49149458247870
B           -3.80757572145749        3.38120354185809        2.20899132127470
B           -1.72178908750062       -3.54886945182909       -0.75345186278816
B           -1.42463880883895       -2.23516417358338        0.13281379989301
B           -1.38028580053853       -0.76430586469714        0.82474318893924
B           -0.31969107963541       -3.43878490633166        0.14611114365178
B           -0.20880669469183       -0.86424142933956        2.06675372437065
B           -1.58048684019261       -0.25902318726380        2.49238173874610
B           -2.08763642178822        1.36002634790634        2.44670968156795
B           -2.31093876339499        2.86143565040373        2.02724082059138
B           -0.63479770427922        1.08478643501718        3.26741998617080
B           -1.05284755333207        3.80372872889152        1.43335164448489
B            1.04778897667450       -4.35649910384260        0.13894016205440
B            0.92084807614870       -3.09521468416876        1.14997783374297
B            1.24117049720957       -1.69643886758127        1.83429843898304
B            2.39201388326439       -3.93041017699823        0.99059743861751
B            2.62206013674098       -0.86195324844843        1.54065648933565
B            1.29043010332005       -0.07878828157642        1.93609487302451
B            0.71148071703064        1.49792654066430        2.27959398701770
B            0.13584526946253        2.79942219693953        1.51845816345327
B            2.03328285517655        1.24534343518664        1.36740637960636
B            0.65660343863024        1.95840028224128        0.20273947431213
B            3.64211692014111       -4.43678271480762        1.99042798524975
B            3.84653258904842       -3.20769295203109        0.90529873914188
B            3.94914688152121       -1.61874154800946        0.75879398509895
B            4.91823453696914       -3.47964791033456        2.04179417099540
B            5.02769000364233       -0.59353344799290       -0.01883116464040
B            4.01526248812600       -0.02830154943190        1.12594274152370
B            3.54324717689333        1.63693165392245        0.77740397915655
B            2.22416215042061        2.07939804921258       -0.14904496574360
B            5.05918860260510        1.07644888279094        0.47259803772378
B            3.66220937806474        2.23775917122768       -0.72350987526402
H           -5.28884109593910       -3.36243696271254        0.51397455751326
H           -5.16908355399600       -1.83616427267916       -0.87160213310577
H           -3.63969607705763        0.47011098044937       -2.31104537087424
H           -6.29288582488336        1.00033272963999        1.16299239469894
H           -4.89115750652004        3.58558908306746        0.04310509978194
H           -4.28306424077359        3.99292129409657        3.09072678301318
H           -1.83659185008538       -4.32555606748208       -1.62407943228059
H           -1.19326950742593        4.86409532788867        0.94771989939982
H            1.16763239898531       -5.36902022360736       -0.43096167068983
H           -0.07269443853379        1.36754821608967       -0.51078986367602
H            3.54341849242899       -5.49353819411017        2.48236666318374
H            5.94416050740842       -3.20570857023585        2.52456916953021
H            5.82096360944541       -0.96935419907834       -0.78851957501047
H            6.07723623980605        1.63595569751810        0.65264551837414
H            4.31161482571801        2.63537666487275       -1.60781211821110
102
 energy: -135.761379972743 gnorm: 0.003912849474 xtb: 6.7.1pre (5071a88)
C           -0.43042647945498       -5.30488743020024       11.89794084104733
O            0.27070534084115       -5.82224063600875       10.79553992545136
C            0.18771603497105       -5.15900697535238        9.60885348819419
C           -0.55060379346168       -4.01474762556265        9.38307650561955
C           -0.58143406698879       -3.38659747476224        8.12699226823346
C           -1.39278568066216       -2.20829105615227        7.97325267838986
C           -1.50704027979848       -1.40495509449984        6.89307287460758
C           -2.46147622242383       -0.31018924388516        6.89744320046469
O           -3.13732610446823       -0.00096534596531        7.86885045197504
C           -2.53256316362509        0.48281606272242        5.60012370502153
C           -1.29754661969451        1.34236107753188        5.62768445958154
O           -0.39885719961453        1.26455557194903        4.62970699922585
C           -1.07751964655533        2.21219093635242        6.67688342935896
C           -0.01540801805094        3.09690464855575        6.74815039433966
C            0.19050825583694        4.08314780014825        7.74876359548595
C           -0.66659436040316        4.26703791327810        8.84404031875989
C           -0.42869522010335        5.26692362633166        9.76199852636588
C            0.65957530934397        6.11722008246239        9.63724347536516
O            0.90792815009726        7.12194113883270       10.52969488120169
C            1.54531038634306        5.94658574777008        8.55478591969784
O            2.59662742766611        6.82015807006214        8.51105244622805
C            3.51857656945369        6.69772746665443        7.46246975737558
C            1.30211266804245        4.94647065995286        7.63878448376447
C            0.16113748080182       -3.95046230790553        7.08947241403538
C            0.89834800430916       -5.09966489108978        7.30255148330930
C            0.92435984945757       -5.71608330624960        8.54284513752929
O            1.63620513677459       -6.85196791682742        8.77840629588558
H           -0.21310242222620       -5.97800275880783       12.72557837141490
H           -0.09138549885340       -4.29539269327662       12.15417928155444
H           -1.51072901043739       -5.28950162719905       11.71857460079963
H           -1.12494304094375       -3.57417973363346       10.18232267892376
H           -1.99621654623962       -1.93415249343601        8.83013135621607
H           -0.93616670053851       -1.57053814654969        5.99254100616959
H           -3.44039393458022        1.08909397505263        5.59354783455718
H           -2.52465374131980       -0.18587703605745        4.73949853443461
H           -1.82306996359188        2.20325156107479        7.45568018076483
H            0.71191159786197        3.06213683825261        5.94817394790365
H           -1.52203001165944        3.62557761946153        8.97566261840517
H           -1.10067429778163        5.40100335138948       10.60043771819952
H            0.21874607464008        7.11494978186461       11.20452383164928
H            4.25947302505046        7.47807325209271        7.63054594307884
H            3.04565320171769        6.85305563006680        6.48603793491414
H            4.01501394960870        5.72074163534858        7.47143574517079
H            1.96788790227558        4.80669832813872        6.80140647089561
H            0.15696734234863       -3.50122227648946        6.11013902883683
H            1.46682798987370       -5.53459549509595        6.49077952669074
H            2.08735002654872       -7.12042590603579        7.96891503403692
B           -4.54530822050179       -2.68517377638158       -0.08362816731366
B           -4.05754132432586       -1.19881877954604       -0.46641816981492
B           -3.31985005474109        0.05752518299151       -1.25629189740717
B           -2.98095424517521       -2.56785024218136       -0.35121395716134
B           -2.29501977569211        0.23942323320366       -0.10300749843832
B           -4.06611156717235        0.24710103868892        0.44958856420995
B           -5.19050024676019        1.32949410785441        0.87766382994353
B           -4.67406997882156        2.85823950375360        0.94093861308036
B           -2.79304714864253        0.23091321789723        1.49025744894312
B           -3.80619856915894        3.38283410588785        2.20436502819909
B           -1.71803187477831       -3.54890290576077       -0.75137214900435
B           -1.42297858080094       -2.23628701254623        0.13673287636900
B           -1.38068776580303       -0.76559674702678        0.82869144238604
B           -0.31690559195207       -3.43827802867495        0.15053846979944
B           -0.21200343021526       -0.86353421455258        2.07113381588923
B           -1.58330493497533       -0.25459923867509        2.49410530035529
B           -2.09065352902823        1.36412041397223        2.44164361630604
B           -2.30757880758035        2.86747353613983        2.02229549442165
B           -0.63919607422955        1.08753168093144        3.26646876962752
B           -1.04807357597180        3.80664272038917        1.42992360927273
B            1.05215216212372       -4.35322896547120        0.14113467658772
B            0.92059651311921       -3.09694614060128        1.15839234511408
B            1.23820324049782       -1.69782386780175        1.84257555349926
B            2.39109214806681       -3.93296322895190        1.00321057029614
B            2.62014226832198       -0.86395692156204        1.54928994592588
B            1.28844610993419       -0.08005864490979        1.94127724793212
B            0.71141421505716        1.49701375951413        2.28122928551782
B            0.13743033055219        2.79936055134165        1.52211870445754
B            2.03290628207169        1.24166744445299        1.36905065132424
B            0.65487984597916        1.95759227981441        0.20481254669396
B            3.63781425914130       -4.44045393761483        2.00566927187004
B            3.84731597810613       -3.21159653472737        0.92142027317209
B            3.94695189974752       -1.62281132480824        0.77040448496731
B            4.92100717101170       -3.49208563820948        2.05319489555468
B            5.02291621573388       -0.59949823155525       -0.01499738042944
B            4.01329943478081       -0.03138404227715        1.13138796383746
B            3.54184695451977        1.63340339894194        0.77762450793265
B            2.22217668194740        2.07488225805580       -0.14846390660383
B            5.05728989001839        1.07019235128731        0.47166057283416
B            3.65973642196102        2.23419231558597       -0.72308485609490
H           -5.28365634891199       -3.36466157216722        0.52063092764342
H           -5.16750789800003       -1.84411623133159       -0.87121959247056
H           -3.63246100371809        0.46312337329633       -2.31383387271107
H           -6.28927576735088        1.00250717671624        1.16333624287035
H           -4.89878053362064        3.59024155672013        0.04381208770041
H           -4.28250039411961        3.98424911373394        3.09341357177877
H           -1.83115672622407       -4.32479521457792       -1.62285347825750
H           -1.18584570121536        4.86338756439353        0.93537741693023
H            1.17656917132066       -5.36223365726482       -0.43412364389763
H           -0.07683203198939        1.36798517563524       -0.50743663965425
H            3.53709389724467       -5.49772840503284        2.49665469339086
H            5.93816624535518       -3.21050862962774        2.54928345972557
H            5.81254234109303       -0.97984850089908       -0.78640300625800
H            6.07579518762416        1.62990096384205        0.64921699672947
H            4.30829213548440        2.63252430544078       -1.60676415887843
102
 energy: -135.761482867868 gnorm: 0.003551268305 xtb: 6.7.1pre (5071a88)
C           -0.44090717368696       -5.30686621280408       11.88301221454603
O            0.26650111477848       -5.82163000237106       10.78345438390853
C            0.18736881487803       -5.15698090301392        9.59728874202140
C           -0.55240314988543       -4.01428281595898        9.37026499367801
C           -0.57945250921377       -3.38369571841659        8.11547398397786
C           -1.39383990182746       -2.20734361060694        7.96195714264235
C           -1.50862971871507       -1.40035842723278        6.88448727929520
C           -2.46645057183864       -0.30860603703424        6.89340086216811
O           -3.14294970770535       -0.00489184523323        7.86644467663615
C           -2.54063517645732        0.48992552710851        5.60022957077834
C           -1.30672943520744        1.34930956135344        5.62874866331310
O           -0.41061357895069        1.27709805734729        4.62880083624885
C           -1.08332673903627        2.21714996845054        6.68006193051143
C           -0.02077556317358        3.10182979561867        6.74871284586928
C            0.19162253381341        4.08648194235356        7.75014141912551
C           -0.65971673867354        4.26957522479590        8.85046741513010
C           -0.41772705865090        5.26938650703428        9.76753373985833
C            0.66958548285449        6.11974527987292        9.63747584934789
O            0.92215731714328        7.12440982847556       10.52892204819345
C            1.55033163853026        5.94990390888547        8.55083929718994
O            2.60194584965539        6.82378679239699        8.50262014201082
C            3.51623886125048        6.70421353917901        7.44654447789687
C            1.30244241287182        4.95027533085243        7.63571267515023
C            0.16927928298919       -3.94359521883793        7.08026885417956
C            0.90820638115272       -5.09147416304086        7.29420590595793
C            0.93037112647989       -5.70994612707642        8.53354225670262
O            1.64487686188768       -6.84384391766575        8.77015180427226
H           -0.22766348759632       -5.98112862885236       12.71090220709799
H           -0.10349130977375       -4.29806963806797       12.14279127069640
H           -1.52034104497810       -5.29224006564953       11.69859529838156
H           -1.13131861968178       -3.57639991263245       10.16771113523213
H           -2.00072495658942       -1.93734275609104        8.81763698759129
H           -0.93617315555094       -1.56084180031668        5.98434566903402
H           -3.45044256318637        1.09366791939367        5.59585333871596
H           -2.53259492201636       -0.17604958618806        4.73621007644762
H           -1.82417750339687        2.20508420097583        7.46321413862645
H            0.69949707170169        3.06923217450419        5.94250355383799
H           -1.51401497599122        3.62751168779165        8.98627812863862
H           -1.08658379665661        5.40363507837874       10.60880082385963
H            0.23622795002676        7.11784089262544       11.20678494144537
H            4.25654978532402        7.48673254687084        7.60857764010456
H            3.03527321625497        6.85842123832027        6.47388176437222
H            4.01549597397630        5.72842607512249        7.45198982244242
H            1.96345837063630        4.81083767302024        6.79460216748709
H            0.16904776099064       -3.49216193210836        6.10210396716720
H            1.48134243689957       -5.52364567792884        6.48409659030954
H            2.10100540620182       -7.10922796282686        7.96269495201432
B           -4.54111745194321       -2.69008782725476       -0.07965111386940
B           -4.05209901377435       -1.20530171675447       -0.46579994679579
B           -3.31156872766921        0.04499209716460       -1.25907282342528
B           -2.97623385439057       -2.57102153955878       -0.34946761618395
B           -2.29015150322107        0.23417209362571       -0.10262748343498
B           -4.06401936351122        0.24561250317445        0.44221268994514
B           -5.18385827707998        1.33143822842870        0.87284703088169
B           -4.67580048851196        2.86366801079048        0.93792055196195
B           -2.79523375798714        0.23309849120611        1.48784004337554
B           -3.80602224893940        3.38423650785412        2.20083743344122
B           -1.71032802776065       -3.54952806022187       -0.74750655820034
B           -1.41904805972919       -2.23855804233509        0.14396890296618
B           -1.38108763471167       -0.76876635730894        0.83555710100034
B           -0.31063044733709       -3.43735026556324        0.15720717204180
B           -0.21712319515690       -0.86123428719032        2.07955252664432
B           -1.58787022366693       -0.24672015143379        2.49790116287405
B           -2.09509462552676        1.37208852145735        2.43079163805155
B           -2.30335766802348        2.87942951825390        2.01487695698553
B           -0.64595152782341        1.09263709714332        3.26553188223323
B           -1.04233166551219        3.81117835286007        1.41786747737768
B            1.05882478297354       -4.35013112375487        0.14895034680749
B            0.91981777861454       -3.09865931362224        1.17182372972828
B            1.23215351257584       -1.69910368586061        1.85588291936912
B            2.38902883044877       -3.93726354813057        1.02736639917315
B            2.61606967622445       -0.86651184524132        1.56460814971282
B            1.28475936186231       -0.08032783274289        1.95199448943857
B            0.71228634971252        1.49869810303096        2.28558090784613
B            0.13850862003206        2.80047564770819        1.52751783368954
B            2.03273860341851        1.23620354801942        1.37182587495325
B            0.65237629702052        1.95574429915640        0.20844341620139
B            3.62775712787485       -4.44726334376433        2.03484248371662
B            3.84867067307950       -3.21857022660233        0.95365418768698
B            3.94019768569465       -1.62957711799109        0.79106171408707
B            4.91667635221115       -3.50590941560550        2.08788331314510
B            5.01366971327395       -0.61195187599811       -0.00827207717963
B            4.00935323777460       -0.03708036720271        1.14086620524530
B            3.54002379502001        1.62619966341248        0.77600231025648
B            2.21865574484384        2.06647688850182       -0.14854419020060
B            5.05535172733446        1.05782950973318        0.47119412550621
B            3.65430826776537        2.21443216993887       -0.72946235290181
H           -5.27455474887699       -3.36705111595233        0.53275206949391
H           -5.16240291372245       -1.85887259070075       -0.87242023207816
H           -3.61971969859419        0.44687578751939       -2.31979157704855
H           -6.28249549678585        1.00326332044643        1.15932441570969
H           -4.90708141138097        3.59557801447020        0.04565412563479
H           -4.28168328242641        3.97535752646473        3.09793143172317
H           -1.82127054113225       -4.32413433547654       -1.62045220126131
H           -1.17478502545763        4.86380354874524        0.91265629879621
H            1.19225751839493       -5.35354600692085       -0.43426216698478
H           -0.08364755794531        1.36712553066361       -0.50074506200780
H            3.52391715312963       -5.50612980461392        2.52344760313839
H            5.93392281679420       -3.23230086295288        2.58716254262041
H            5.79774345683906       -1.00097900652924       -0.78119224923914
H            6.07513443520920        1.61662591280609        0.64475215386022
H            4.30256762834643        2.63728998398480       -1.59995745080110
102
 energy: -135.761553036579 gnorm: 0.004023750193 xtb: 6.7.1pre (5071a88)
C           -0.44975687583475       -5.30973107432757       11.86979575850043
O            0.26305567658705       -5.82149839956011       10.77239882975449
C            0.18715035845272       -5.15498325532676        9.58698687397304
C           -0.55432184821725       -4.01364420130851        9.35922758118384
C           -0.57824719309078       -3.38060344493228        8.10562599576483
C           -1.39511268133674       -2.20609040356517        7.95233181969662
C           -1.51046837507645       -1.39608441941517        6.87702741531044
C           -2.47064383118448       -0.30673236508544        6.88997677266107
O           -3.14785590318400       -0.00794631335168        7.86427103561704
C           -2.54725331601255        0.49649594871083        5.60001425599006
C           -1.31442037014739        1.35564601354332        5.62964375398989
O           -0.41926611329233        1.28644381585495        4.62865405416093
C           -1.08766653393151        2.22178174612569        6.68243250840021
C           -0.02488777096852        3.10630689626043        6.74902737906346
C            0.19237583970024        4.08960951539992        7.75095995936533
C           -0.65390892690529        4.27180283199221        8.85543660696980
C           -0.40821009018167        5.27147198643886        9.77185706480180
C            0.67847188219945        6.12188461666641        9.63786204754426
O            0.93488972818136        7.12578680973122       10.52923354686282
C            1.55448194996719        5.95292922329662        8.54732881659754
O            2.60613162831289        6.82727844242480        8.49473278936865
C            3.51350017149425        6.70959690294373        7.43214584559825
C            1.30243828235600        4.95391828953806        7.63271102441955
C            0.17582035541598       -3.93664547055453        7.07216255642051
C            0.91653750590049       -5.08330534691235        7.28663397409604
C            0.93560826107038       -5.70399882840556        8.52503346602278
O            1.65258704390969       -6.83624538024413        8.76211984753150
H           -0.23944002501044       -5.98528324305450       12.69754141881433
H           -0.11469414372616       -4.30111088988442       12.13292017639585
H           -1.52844867245498       -5.29620664839411       11.68094590082492
H           -1.13734770816099       -3.57852150900936       10.15524109128860
H           -2.00439314582697       -1.93898641384503        8.80722266347696
H           -0.93674063084312       -1.55225533748565        5.97701176196449
H           -3.45851573877507        1.09818744576366        5.59800676437774
H           -2.53960759600752       -0.16657384514058        4.73299237800919
H           -1.82509112384333        2.20789012540049        7.46889071454806
H            0.69061956820493        3.07497893300873        5.93851091170003
H           -1.50741509981292        3.62948311533661        8.99513890866204
H           -1.07425697624569        5.40530869823188       10.61551288087363
H            0.25165018434431        7.11939400996223       11.20972916945784
H            4.25360777615460        7.49349725471104        7.58892790661950
H            3.02537942293436        6.86299887422521        6.46299953459306
H            4.01456888682768        5.73474026218416        7.43444456142394
H            1.95923758708367        4.81489484582713        6.78814327699647
H            0.17866537804938       -3.48299594729440        6.09500672751472
H            1.49361174733081       -5.51289919504349        6.47793248467376
H            2.11269204689778       -7.09877390429863        7.95607340331065
B           -4.53768783402041       -2.69356688770297       -0.07652230241169
B           -4.04782043402620       -1.21017109755220       -0.46510130988221
B           -3.30398881154391        0.03550290361549       -1.26187828268769
B           -2.97231092237241       -2.57374634972003       -0.34759931190856
B           -2.28550710573734        0.22984797531485       -0.10322530021404
B           -4.06161684980782        0.24397925285532        0.43650387391326
B           -5.17803020910206        1.33198485185705        0.87125532741446
B           -4.67810360780474        2.86711031958329        0.93732791300052
B           -2.79541233204735        0.23424534681076        1.48549097278262
B           -3.80666607898667        3.38224963429200        2.20130588998407
B           -1.70410038283305       -3.55012106494787       -0.74483916972847
B           -1.41574967689522       -2.24062938618569        0.14980605724937
B           -1.38056569565777       -0.77133012147454        0.84029429056589
B           -0.30660333600016       -3.43814025419910        0.16335201592493
B           -0.22069120490293       -0.85988976198165        2.08727704495654
B           -1.59109931769213       -0.24123975736666        2.50129544376824
B           -2.09732058458066        1.37795573726968        2.42197929364357
B           -2.30125995978660        2.88700689279206        2.00831794527874
B           -0.65001826950042        1.09611003914666        3.26525468900954
B           -1.03936484757549        3.81436264221731        1.40759025151807
B            1.06239014982561       -4.35023239360451        0.15937620525183
B            0.91824069920322       -3.09932667353576        1.18239348907108
B            1.22740001988824       -1.69986444604719        1.86733223196923
B            2.38649325600626       -3.94033654690036        1.04868582635503
B            2.61294373929925       -0.86839755772638        1.57697253041042
B            1.28188406235441       -0.08016551029432        1.96221462258165
B            0.71280824431730        1.50146240397842        2.28901836671454
B            0.13842641046009        2.80207235300654        1.53078640788442
B            2.03249835688029        1.23159001751608        1.37458080508720
B            0.65157345221208        1.95448738224377        0.21098349601878
B            3.61863284397752       -4.45266428151234        2.05941446109504
B            3.84870627701293       -3.22372245417552        0.98087624047094
B            3.93475308453302       -1.63472509869273        0.80878491219877
B            4.91539029054531       -3.52134325707881        2.11276466484891
B            5.00696374301237       -0.62281498409457       -0.00135605698936
B            4.00636329854017       -0.04119857088380        1.14855561229842
B            3.53930814354310        1.62108367799316        0.77764924176980
B            2.21720007892767        2.06081900987165       -0.14692796227305
B            5.05325896105545        1.04859019225865        0.47033519904254
B            3.65291856118956        2.21525257934477       -0.72547824727328
H           -5.26834415146319       -3.36882049235533        0.54062766629269
H           -5.15861720535393       -1.86978395157616       -0.87301178908860
H           -3.60898977201444        0.43169944053998       -2.32579800190567
H           -6.27718297886982        1.00249236773137        1.15460948279783
H           -4.91284850102588        3.59956721180637        0.04751659282798
H           -4.28031057764270        3.97280882309760        3.09949117891593
H           -1.81300743429222       -4.32410689393218       -1.61868622471783
H           -1.16844670874675        4.86335796748894        0.89399254841043
H            1.20206410866323       -5.35071536202958       -0.42728337228763
H           -0.08741406259650        1.36591363444334       -0.49551099922730
H            3.51204270550610       -5.51247725708948        2.54615133788489
H            5.92700506391448       -3.24638316524701        2.62240515770229
H            5.78681488916976       -1.01836219611092       -0.77517548821953
H            6.07458014903588        1.60562184287738        0.63989386564801
H            4.30065267223098        2.62034750697547       -1.60368854911834
102
 energy: -135.761632007191 gnorm: 0.003506390007 xtb: 6.7.1pre (5071a88)
C           -0.45806503912492       -5.31342293442039       11.85704864236717
O            0.25995376915654       -5.82154795552733       10.76139596605383
C            0.18696909783811       -5.15270693385706        9.57701062436082
C           -0.55660543195792       -4.01273380232039        9.34889751931041
C           -0.57766140247111       -3.37702401609659        8.09651606337986
C           -1.39652545947726       -2.20418466929676        7.94360588750416
C           -1.51247211999675       -1.39164113486891        6.87011849035351
C           -2.47448650021928       -0.30428584130928        6.88651027042003
O           -3.15226658966217       -0.00991974130033        7.86176340802571
C           -2.55293166704645        0.50313780022035        5.59906622037251
C           -1.32092926789672        1.36242940478979        5.62958767374111
O           -0.42566318114490        1.29450927413995        4.62819481920986
C           -1.09127328458098        2.22646308165861        6.68374414649682
C           -0.02841558432406        3.11074568085480        6.74885761372805
C            0.19255648012807        4.09269613119071        7.75116276420771
C           -0.64892165021299        4.27377206869924        8.85931706510143
C           -0.39929379313924        5.27284589477356        9.77551794618914
C            0.68685140642698        6.12347485201848        9.63810629507431
O            0.94707273595191        7.12617925890696       10.52982245876277
C            1.55788438133836        5.95565404020925        8.54347972165473
O            2.60921997844236        6.83040622740693        8.48645986639895
C            3.51007881353557        6.71439613288472        7.41806757001154
C            1.30192765143046        4.95741862289914        7.62911287134962
C            0.18142175125653       -3.92899516929816        7.06445874884314
C            0.92427172184601       -5.07427388656473        7.27931213815726
C            0.94061714552845       -5.69753780071000        8.51661294786760
O            1.65991987026440       -6.82835797810236        8.75380306817163
H           -0.24977306034729       -5.99035532686639       12.68423087887824
H           -0.12617307198733       -4.30454260761905       12.12362444428234
H           -1.53605455901829       -5.30145856401287       11.66390340782390
H           -1.14361625188697       -3.58067393577318       10.14367184994142
H           -2.00763099592724       -1.93953414754919        8.79802497096536
H           -0.93786745545406       -1.54411346440462        5.96994020569403
H           -3.46488811420924        1.10373844295678        5.60021101264076
H           -2.54630142250531       -0.15691392414438        4.72965158916541
H           -1.82678353224004        2.21164848301798        7.47212531995802
H            0.68447913092286        3.08032292894780        5.93591237622149
H           -1.50191293697143        3.63149607046460        9.00259921888419
H           -1.06211552964718        5.40568251849357       10.62177298251728
H            0.26642522465017        7.11955783720186       11.21299229340688
H            4.25000292415325        7.49924823518465        7.57041830452777
H            3.01538541221640        6.86741546329108        6.45230551026802
H            4.01245130631424        5.74034734294081        7.41694435620683
H            1.95489856118887        4.81899571569879        6.78135615912719
H            0.18669663151494       -3.47308882252881        6.08824746648690
H            1.50526655347287       -5.50095671180748        6.47193473292106
H            2.12361055009410       -7.08793573239002        7.94879474372800
B           -4.53455241172463       -2.69658120613579       -0.07415472378240
B           -4.04436303244917       -1.21401039689572       -0.46440061771573
B           -3.29677845672086        0.02788511872422       -1.26486349599983
B           -2.96879636384884       -2.57641584789067       -0.34502519666344
B           -2.28124997438492        0.22618967453370       -0.10443257352921
B           -4.05947650552700        0.24222766877550        0.43127894509686
B           -5.17458405944963        1.33218726314117        0.86502821106229
B           -4.67639080028943        2.86775845644992        0.93455052348280
B           -2.79467445950154        0.23513137871073        1.48309963501902
B           -3.80488044317386        3.38307985671235        2.19904041611096
B           -1.69879908766021       -3.55081978203822       -0.74228055920336
B           -1.41296829890188       -2.24270805851286        0.15540126237026
B           -1.37953134086947       -0.77312871114632        0.84401128765531
B           -0.30433444241415       -3.44053900172227        0.17063442536837
B           -0.22340855723510       -0.85896028008815        2.09512521154576
B           -1.59379247010048       -0.23697049137451        2.50453091747679
B           -2.09857744849308        1.38237172409876        2.41561191864864
B           -2.29919901012279        2.89144045726244        2.00189987467076
B           -0.65234858828445        1.09921595123960        3.26486921149968
B           -1.03636594014998        3.81783292048986        1.40277741370063
B            1.06461909951018       -4.35184577253625        0.17175108063253
B            0.91683412878706       -3.09926841498263        1.19211536629692
B            1.22348150000637       -1.69975661716090        1.87841118856266
B            2.38456250059117       -3.94261110536240        1.06870618283802
B            2.61023398451929       -0.86945258151377        1.58736906658558
B            1.27969845580947       -0.07933719927057        1.97224544609011
B            0.71391477984187        1.50515453739757        2.29210848261353
B            0.13911456457370        2.80444237948569        1.53354633727101
B            2.03252939617946        1.22764672786055        1.37688501552897
B            0.65120028727544        1.95323708123149        0.21364707001731
B            3.60997498334540       -4.45843191601618        2.08239605133235
B            3.84918758230977       -3.22769772923378        1.00764194591550
B            3.93059125257731       -1.63916796052958        0.82583127512497
B            4.91020645174351       -3.53186412499388        2.14236654468665
B            5.00213542178767       -0.63332739175590        0.00668376919558
B            4.00420511240644       -0.04428030949513        1.15541942337749
B            3.53917183392718        1.61606543434222        0.77799406954664
B            2.21611849065802        2.05546914783404       -0.14604991935529
B            5.05196767259174        1.04029071124869        0.47031777643872
B            3.65152212677338        2.20877086557118       -0.72590802909581
H           -5.26375697524300       -3.37114215030880        0.54537362422469
H           -5.15627623820011       -1.87794517484226       -0.87238625841845
H           -3.59889717711158        0.41753913093880       -2.33191882740160
H           -6.27172339992804        1.00146173594711        1.15571804314446
H           -4.92218950672318        3.60479068172026        0.05025579259318
H           -4.27998925031367        3.96684461965699        3.10112709285511
H           -1.80552486509706       -4.32429773304677       -1.61691187289396
H           -1.16521372163567        4.86085979578936        0.87710491710760
H            1.20753211217569       -5.35209958164878       -0.41396428395951
H           -0.09066103405842        1.36504140451471       -0.49019892198556
H            3.50145844451614       -5.51849352406581        2.56791814461950
H            5.92404538971533       -3.26520461675737        2.65205714264713
H            5.77848008100956       -1.03432383057944       -0.76762580496288
H            6.07454828882093        1.59577239679560        0.63621432549484
H            4.29998172166996        2.61005498139894       -1.60595097442875
102
 energy: -135.761762455046 gnorm: 0.003386479157 xtb: 6.7.1pre (5071a88)
C           -0.47177265211552       -5.32118419256182       11.83525716968287
O            0.25509491392356       -5.82165806922357       10.74194870694246
C            0.18650289880781       -5.14809071061306        9.55982991909793
C           -0.56114672922263       -4.01051765282709        9.33189941018219
C           -0.57768579909564       -3.36972357407720        8.08185287885576
C           -1.39929527514531       -2.19932999620328        7.92996460550129
C           -1.51643352377329       -1.38332299422710        6.85899394224464
C           -2.48122460227538       -0.29899487206435        6.88006620859570
O           -3.15959107094944       -0.01080617581806        7.85656679209256
C           -2.56159963275549        0.51495634708382        5.59615965796000
C           -1.32993695675615        1.37390091742965        5.62816394223830
O           -0.43294447953330        1.30551269736610        4.62721868172450
C           -1.09669207623527        2.23480595186451        6.68388432846310
C           -0.03351128443758        3.11821544857434        6.74756003943400
C            0.19212929661588        4.09801179815707        7.75042623718741
C           -0.64151992910196        4.27683711278617        8.86433319688132
C           -0.38482050430353        5.27400614778307        9.78094635599322
C            0.70046402064985        6.12516267426356        9.63832487739638
O            0.96730150891983        7.12495597382952       10.53135290635244
C            1.56262618033615        5.96000323327847        8.53635433018655
O            2.61288955062459        6.83548118135053        8.47159680083932
C            3.50304637287812        6.72215192635058        7.39407352877519
C            1.30028763896567        4.96342185198258        7.62203939450829
C            0.18957960919413       -3.91424556154154        7.05170586369771
C            0.93660909314193       -5.05684255946992        7.26667681339611
C            0.94883302034981       -5.68508250346401        8.50172829107709
O            1.67218026087643       -6.81356428804298        8.73843912189668
H           -0.26536239706512       -6.00055343683125       12.66082855361603
H           -0.14662886748245       -4.31140134870493       12.10801876967654
H           -1.54862379065863       -5.31307245755790       11.63524724055702
H           -1.15482559819287       -3.58433507569565       10.12488268496939
H           -2.01286263247062       -1.93837941608009        8.78390872528224
H           -0.94118990754802       -1.53071215726357        5.95816831583077
H           -3.47333465202446        1.11565504918015        5.60358317537882
H           -2.55783581232301       -0.14012592025489        4.72355919844309
H           -1.83125528642042        2.22013680345340        7.47335139372064
H            0.67783138627331        3.08866780418929        5.93309133535098
H           -1.49393815244857        3.63496295388248        9.01314841735633
H           -1.04147795357983        5.40425924486820       10.63214433146486
H            0.29114719199682        7.11708112301757       11.21920134586522
H            4.24295136656806        7.50792113264789        7.53991573387056
H            2.99793543471064        6.87537766424324        6.43389520397111
H            4.00679844587464        5.74910344122375        7.38650626693594
H            1.94700165612192        4.82660818730790        6.76910535347933
H            0.19817555937599       -3.45422754013199        6.07725250463608
H            1.52445540914456       -5.47776978903238        6.46134978227715
H            2.14139621563636       -7.06776249893577        7.93471476883611
B           -4.52928834626897       -2.70082318257006       -0.07224958082927
B           -4.03947472962611       -1.21840693530605       -0.46305807403635
B           -3.28519540795211        0.01797040612048       -1.27032077625968
B           -2.96300979117638       -2.58027478127946       -0.34030156068519
B           -2.27442681600832        0.22095634133664       -0.10773324696861
B           -4.05596185684895        0.23946473380476        0.42364421148549
B           -5.16955297988109        1.33046484152838        0.86003800451180
B           -4.67642989888669        2.86728553077661        0.93313948936701
B           -2.79189273458951        0.23623787935693        1.47852753502401
B           -3.80127599807973        3.38551132430992        2.19555142120638
B           -1.69126231793632       -3.55312573099717       -0.73683630767656
B           -1.40857691346502       -2.24611245509690        0.16418288392170
B           -1.37744741848937       -0.77529574353948        0.84862996531092
B           -0.30170389534788       -3.44593994313547        0.18320494245825
B           -0.22707058395910       -0.85831782624867        2.10830501757799
B           -1.59750963203318       -0.23164913823232        2.50926399822426
B           -2.09948617557450        1.38733798789858        2.40882454566173
B           -2.29719346895390        2.89476305676511        1.99408307705680
B           -0.65401342578563        1.10432616929480        3.26429712292076
B           -1.03603570431112        3.81883207210991        1.38940098867821
B            1.06562404533734       -4.35874332836641        0.19911102923012
B            0.91392014650857       -3.09903115732661        1.20943095928777
B            1.21765514457235       -1.69834227438358        1.89607317512226
B            2.38156820378127       -3.94578976616831        1.10284476635727
B            2.60633276677760       -0.87005072821185        1.60283894087458
B            1.27669262306164       -0.07710373661955        1.98850153493338
B            0.71547579566002        1.51228034175697        2.29560253847839
B            0.14002572618029        2.80876727669057        1.53497618212087
B            2.03298215325273        1.22169091325374        1.38052241422169
B            0.65247224430023        1.95068851652940        0.21736176236753
B            3.59610425438697       -4.46851082782813        2.12056980183726
B            3.84981611308852       -3.23304066479179        1.05313447888785
B            3.92594841296879       -1.64601174601751        0.85499383337154
B            4.90155243978775       -3.54955581790771        2.19222726250692
B            4.99678317240796       -0.65089894615047        0.02263240778598
B            4.00203857593193       -0.04807663186720        1.16654106492760
B            3.54035457884538        1.60804079078733        0.77899586481739
B            2.21634936114583        2.04710182320344       -0.14463584997127
B            5.05104284355374        1.02774888132853        0.47205060945795
B            3.65134835218516        2.19588540743072       -0.72731645978998
H           -5.25764646545572       -3.37575097589150        0.54817258741771
H           -5.15305307106405       -1.88730776673888       -0.87120021400341
H           -3.58353025192271        0.39602479503731       -2.34219606886314
H           -6.26455615681341        0.99760118696600        1.15600317856164
H           -4.93069567233180        3.60875811555021        0.05252791473712
H           -4.27952709309740        3.95958092248447        3.10197303515216
H           -1.79448953183162       -4.32568493640041       -1.61277518998819
H           -1.16416691653421        4.85686753362334        0.85562717834616
H            1.21136413437721       -5.36240048841637       -0.37916258204193
H           -0.09343722116207        1.36321715167875       -0.48258393685086
H            3.48453487402325       -5.52823427090582        2.60485185301484
H            5.91904879845397       -3.29606015639468        2.70213465988669
H            5.76912952529224       -1.05974076458680       -0.75102678162098
H            6.07570543710920        1.58073805230432        0.63130218821544
H            4.30165828706145        2.59110179400904       -1.61072989865412
102
 energy: -135.761885960658 gnorm: 0.004594030458 xtb: 6.7.1pre (5071a88)
C           -0.48777932758629       -5.33114127156735       11.80891232968081
O            0.24965185005982       -5.82173032418052       10.71806980694596
C            0.18578783656209       -5.14229757658005        9.53895307431259
C           -0.56650731898206       -4.00750830487237        9.31186880099765
C           -0.57805723703084       -3.36036332845597        8.06490281970296
C           -1.40315784555334       -2.19261584429068        7.91462151335945
C           -1.52163240691397       -1.37294613990028        6.84648587325792
C           -2.48920372398460       -0.29129431194926        6.87239256745193
O           -3.16835372990368       -0.00941229664775        7.85003986205993
C           -2.57148686599477        0.52921958576478        5.59220685215454
C           -1.33887679423568        1.38670225654895        5.62571215958005
O           -0.43962955967963        1.31668019915783        4.62605733522257
C           -1.10348368755664        2.24522681815502        6.68248065608000
C           -0.03910862269961        3.12687512971252        6.74517273221640
C            0.19167354385713        4.10436785947911        7.74879716403522
C           -0.63295765922627        4.28023589708376        8.86954779812369
C           -0.36784276601473        5.27451931874833        9.78713417644157
C            0.71621478428343        6.12641601498609        9.63810767072247
O            0.99090151171056        7.12275850724158       10.53251108817833
C            1.56805990039299        5.96501212002862        8.52748855177026
O            2.61673877764109        6.84142486023438        8.45388143689097
C            3.49461094271552        6.73199764548077        7.36590233326382
C            1.29840089629910        4.97051259824326        7.61312510101900
C            0.19868061519517       -3.89570694128402        7.03680139321927
C            0.95080362341422       -5.03503248814791        7.25127953923223
C            0.95834787890794       -5.66951113322850        8.48330407663610
O            1.68656213400739       -6.79513032879574        8.71910462935807
H           -0.28284789047726       -6.01337124813888       12.63235723001260
H           -0.17090781792246       -4.32046370766782       12.08906238605337
H           -1.56329476214246       -5.32836475283812       11.60126826066010
H           -1.16787250172092       -3.58865175182502       10.10299458398928
H           -2.01894113335425       -1.93602213046576        8.76841786662802
H           -0.94586630942439       -1.51500562062048        5.94501266962647
H           -3.48191601543265        1.13163923175894        5.60669146305112
H           -2.57161980736599       -0.12098333842979        4.71658755358629
H           -1.83802273424470        2.23145758686708        7.47210396106912
H            0.67111004487917        3.09800472078330        5.92958521101034
H           -1.48455261860071        3.63851318185715        9.02403406255414
H           -1.01670947480676        5.40158144037268       10.64472098426687
H            0.32041736960711        7.11268546663599       11.22606287820679
H            4.23463158815418        7.51870736997925        7.50485079507296
H            2.97788932842448        6.88623504759980        6.41197368912834
H            3.99996840350387        5.75990668388923        7.35011333991268
H            1.93781679495488        4.83616978467240        6.75429794709683
H            0.21091963270473       -3.43063118144559        6.06470162282189
H            1.54683560714580       -5.44847779978400        6.44804277588137
H            2.16217463270161       -7.04266605595668        7.91685970259752
B           -4.52284569714018       -2.70614700205588       -0.07158789528040
B           -4.03408164191245       -1.22264059468337       -0.46089517571579
B           -3.27345605905550        0.00747760507368       -1.27600896756306
B           -2.95600757118873       -2.58431007959163       -0.33481529090409
B           -2.26770211538513        0.21543104507559       -0.11124043175483
B           -4.05311101394413        0.23668114264721        0.41594149715056
B           -5.16552431452544        1.32863589240039        0.85418641628424
B           -4.67748811623431        2.86666608700013        0.93060159891131
B           -2.78926800039861        0.23797333330351        1.47329892018442
B           -3.79900068391704        3.38447173808702        2.19231412483160
B           -1.68289847528102       -3.55693026910432       -0.72842160374538
B           -1.40349545920996       -2.24985922378276        0.17444539384413
B           -1.37588590827468       -0.77734910906139        0.85402444690306
B           -0.29887817757197       -3.45232719659377        0.19974457976602
B           -0.23174358393566       -0.85867951762919        2.12292602185829
B           -1.60165570047438       -0.22613514669683        2.51373226455555
B           -2.09959526490362        1.39184677780587        2.40270434428382
B           -2.29543540097857        2.89694719585205        1.98443365759483
B           -0.65564846418068        1.11072730641679        3.26388690609801
B           -1.03491505254871        3.82053353251158        1.37958888856165
B            1.06593393135711       -4.36792441020126        0.23389707230441
B            0.91083164564563       -3.09985781242665        1.23241794632098
B            1.21104304488923       -1.69663240325314        1.91610989648688
B            2.37820955654713       -3.95061397850949        1.14429740652925
B            2.60199438235987       -0.87052872052684        1.62080710599688
B            1.27312455511313       -0.07503969827024        2.00571986219664
B            0.71684157376843        1.51884453397734        2.29859493964741
B            0.14155848858217        2.81279767201742        1.53647885844785
B            2.03335262399857        1.21440488963763        1.38440985287228
B            0.65374925460335        1.94725791945762        0.22160735209448
B            3.58090863414229       -4.48050475265398        2.16713529073884
B            3.85033816238219       -3.23985179785750        1.10752254866867
B            3.92211198438788       -1.65494026108429        0.88977620953391
B            4.89387171942153       -3.57232486595317        2.24895190246450
B            4.99194247889350       -0.67190973088902        0.04278406963759
B            4.00027829065479       -0.05274797625982        1.17977800990452
B            3.54167249270603        1.59822896727937        0.78006009153633
B            2.21692331157693        2.03689806792694       -0.14317616365145
B            5.05026153758133        1.01305596904577        0.47466974945342
B            3.65114155847849        2.17734515953301       -0.73004139162303
H           -5.25045542990223       -3.38234903125007        0.54890267282302
H           -5.14800557717205       -1.89666097733646       -0.87126039391847
H           -3.56789333895938        0.37465499772825       -2.35240959335264
H           -6.25792179424438        0.99299344838063        1.15638621811451
H           -4.93620032727247        3.61157458895019        0.05286785383318
H           -4.27748523375260        3.95621716183076        3.09910748091101
H           -1.78213201872867       -4.32784595344263       -1.60634360200847
H           -1.16496658022686        4.85014992516898        0.82993753165861
H            1.21457759009674       -5.37725564830233       -0.33378191262617
H           -0.09602041496371        1.36081069615696       -0.47497246244585
H            3.46497790816048       -5.53978140630793        2.65040459086937
H            5.91247482211834       -3.33005861827393        2.76284492366855
H            5.76132277821498       -1.08911796038238       -0.72908846521814
H            6.07717390471156        1.56392624188063        0.62572860574158
H            4.30287709936477        2.57070779907487       -1.61437907881752
102
 energy: -135.762018558271 gnorm: 0.004863132883 xtb: 6.7.1pre (5071a88)
C           -0.50318566741957       -5.34240594747238       11.78179980080954
O            0.24470026657313       -5.82213844251296       10.69305768168435
C            0.18497171240505       -5.13631628882923        9.51743330156349
C           -0.57170590274718       -4.00414307585555        9.29202377981210
C           -0.57876285757878       -3.35008737354346        8.04861051720683
C           -1.40752069873364       -2.18465134110011        7.90053794175348
C           -1.52740780575891       -1.36184558853879        6.83504135204536
C           -2.49723780847414       -0.28207180203499        6.86493948491642
O           -3.17701639555394       -0.00519271872692        7.84348519524041
C           -2.58082194862770        0.54367718044113        5.58804912139566
C           -1.34582118905045        1.39819322311363        5.62288907388928
O           -0.44424191878230        1.32521746234206        4.62522717182681
C           -1.11023669825048        2.25613396662235        6.67971028819362
C           -0.04378689083715        3.13517869016334        6.74201098438742
C            0.19175795693685        4.11080943907920        7.74624482477284
C           -0.62416881670121        4.28326913647660        8.87375843094763
C           -0.35095057122592        5.27420824922377        9.79264659694651
C            0.73158853627607        6.12703189783781        9.63722204720067
O            1.01397275386842        7.11986928654896       10.53298416536073
C            1.57342333317228        5.97018341323053        8.51822688377965
O            2.62017188987421        6.84779466788385        8.43638594382027
C            3.48622989494733        6.74298967627497        7.33851954008964
C            1.29683157689002        4.97785815109192        7.60370008641027
C            0.20695684883589       -3.87580316093999        7.02225404264553
C            0.96420137294245       -5.01192712626949        7.23534660456025
C            0.96745219727881       -5.65316767780331        8.46388090910221
O            1.70064405005732       -6.77584531958178        8.69821906604219
H           -0.29892847709109       -6.02767345983126       12.60278732029162
H           -0.19491421740132       -4.33111237360697       12.06946501449180
H           -1.57733312007559       -5.34571320990324       11.56710056777178
H           -1.18033645392140       -3.59303623977572       10.08166261897864
H           -2.02488228585384       -1.93253961507648        8.75456625945466
H           -0.95145787253010       -1.49943887499694        5.93302942826167
H           -3.48894284574398        1.14926604326129        5.60869750808079
H           -2.58539615203276       -0.10274099358719        4.71006999167090
H           -1.84580180344775        2.24448701981449        7.46839940234152
H            0.66563897081061        3.10625354204325        5.92571691893794
H           -1.47458122773726        3.64108901482081        9.03296533613427
H           -0.99184250981766        5.39800080037867       10.65677585696806
H            0.34953404092925        7.10672727982077       11.23235179351510
H            4.22650829619210        7.53040455812430        7.47156875197415
H            2.95881553224417        6.89915669127923        6.39060653829606
H            3.99292757377885        5.77163873107273        7.31398967111369
H            1.92909267977793        4.84653076206572        6.73925570998527
H            0.22262792715282       -3.40523917950999        6.05288483392470
H            1.56809116518894       -5.41725004526138        6.43374933283745
H            2.18237370733904       -7.01635382092259        7.89740787840392
B           -4.51627265342616       -2.71176975184455       -0.07255327579884
B           -4.02948254291366       -1.22596214545046       -0.45818871105182
B           -3.26437563400560       -0.00144696100921       -1.28027065359106
B           -2.94880519952145       -2.58765950848628       -0.32939997661990
B           -2.26258558144095        0.21071440035669       -0.11396935945378
B           -4.05161058901253        0.23400699214693        0.41073466844533
B           -5.16277777149389        1.32658547582326        0.85115796217824
B           -4.67622899550798        2.86494182740328        0.92585507942066
B           -2.78734378301630        0.24002499695764        1.46870869724862
B           -3.79764674216692        3.38534223922275        2.18706508268118
B           -1.67484235534196       -3.56149546175385       -0.71817507012788
B           -1.39835486415637       -2.25296494649541        0.18422823274124
B           -1.37526222769013       -0.77880042252499        0.85942943600847
B           -0.29683592249443       -3.45890901572873        0.21900192768125
B           -0.23668294649604       -0.86001070290169        2.13636250591109
B           -1.60556122124243       -0.22194139339308        2.51701349315777
B           -2.09980595118733        1.39457441773730        2.40002272379389
B           -2.29420397757950        2.89859059368509        1.97899860844765
B           -0.65739139671507        1.11785981491517        3.26386533164843
B           -1.03615363509360        3.81822041854941        1.36548738253030
B            1.06499982511838       -4.37774718578528        0.27049680542991
B            0.90837733724994       -3.10137379316235        1.25709569366847
B            1.20481286977594       -1.69487466592189        1.93491615682326
B            2.37466349704700       -3.95654695075366        1.18651630957097
B            2.59789553304723       -0.87075649566153        1.63824996208923
B            1.26954710307081       -0.07336909710863        2.02083861664113
B            0.71729148282399        1.52359621675795        2.30028290311921
B            0.14331540290132        2.81536152133579        1.53563133936588
B            2.03376494946502        1.20724842870492        1.38838075965028
B            0.65549863403508        1.94239518030254        0.22498870651949
B            3.56715407657969       -4.49191203595299        2.21454143445987
B            3.85007809452051       -3.24735803258451        1.16123583363576
B            3.91923894384052       -1.66486500290747        0.92349954341415
B            4.88780649147687       -3.59503832592627        2.30296974217891
B            4.98859687862342       -0.69342488777835        0.06385746821991
B            3.99933361850296       -0.05822211304321        1.19292048063451
B            3.54318139391942        1.58815150968731        0.78184722988472
B            2.21842234192064        2.02616984705042       -0.14158822411409
B            5.04979755892852        0.99821068663747        0.47782747909365
B            3.65184926206733        2.15877296591118       -0.73173269929802
H           -5.24381523651890       -3.38980445043533        0.54648088125414
H           -5.14151633440759       -1.90424563363912       -0.87322424995309
H           -3.55628391456384        0.35817704938135       -2.35961226053080
H           -6.25365607672775        0.98922468473099        1.15683108948220
H           -4.93926406224171        3.61157048399217        0.05066553867800
H           -4.27729000150026        3.95381954557292        3.09537222203568
H           -1.77033071373061       -4.33080176451679       -1.59798345311458
H           -1.16597810707631        4.84462861162978        0.81084700299903
H            1.21529264689892       -5.39483509533957       -0.28365960715309
H           -0.09674000604248        1.35664620677095       -0.46956981756081
H            3.44610155760069       -5.55063203193290        2.69750325793176
H            5.90608251081683       -3.36188033378377        2.82184392990781
H            5.75735932911308       -1.11750832227581       -0.70481072267923
H            6.07883517058914        1.54741347271509        0.62034863005518
H            4.30391678504697        2.54909073283660       -1.61723263763923
102
 energy: -135.762175021859 gnorm: 0.004046723627 xtb: 6.7.1pre (5071a88)
C           -0.51830189042956       -5.35582017940509       11.75232739757706
O            0.24022459043996       -5.82312223198592       10.66538032446004
C            0.18412170722790       -5.12984301097763        9.49407595752864
C           -0.57687492167273       -4.00016039170325        9.27148268293884
C           -0.57984295061712       -3.33806341114043        8.03241561327900
C           -1.41259740945449       -2.17466248589032        7.88756830026518
C           -1.53418132812192       -1.34909836307507        6.82466719405340
C           -2.50592183611361       -0.27057532408357        6.85781238536674
O           -3.18589656346812        0.00257584047620        7.83721805850815
C           -2.59011939810929        0.55910507895921        5.58390136016200
C           -1.35125430145480        1.40892644503959        5.61991628717926
O           -0.44709611005782        1.33115041896719        4.62527095066860
C           -1.11717704116633        2.26825807619356        6.67572900691126
C           -0.04751051101534        3.14351728682357        6.73792287988643
C            0.19292720757908        4.11771714761536        7.74244194388639
C           -0.61425024979472        4.28596853942679        8.87690129038234
C           -0.33324352167454        5.27314392199521        9.79731072807986
C            0.74732309755492        6.12722699767579        9.63531383119995
O            1.03741437659525        7.11642812678244       10.53249460687864
C            1.57920926824652        5.97599751852889        8.50810753747984
O            2.62355405579507        6.85528315263498        8.41876125771810
C            3.47792853417275        6.75632165104102        7.31137538332447
C            1.29590802152473        4.98603526491287        7.59321398477921
C            0.21459256870591       -3.85308757016991        7.00747539198299
C            0.97712378231005       -4.98610508820706        7.21793537503687
C            0.97641635453787       -5.63516874245433        8.44222349960930
O            1.71489515762953       -6.75474429133628        8.67425469473768
H           -0.31402184570182       -6.04464790339740       12.57030354541804
H           -0.21929449247211       -4.34429464493564       12.04813996612774
H           -1.59094598043281       -5.36605512746130       11.53079676011900
H           -1.19251628454761       -3.59766785545563       10.06006092188600
H           -2.03099846722500       -1.92763294437268        8.74226241307037
H           -0.95838986045123       -1.48294939154877        5.92217828533414
H           -3.49496277502891        1.16919085592797        5.60941505574119
H           -2.59967097752687       -0.08463917083826        4.70415202870861
H           -1.85466080180249        2.26025378331565        7.46252932110920
H            0.66098053964747        3.11334488551945        5.92094690742191
H           -1.46277571359996        3.64230083852121        9.04004816108297
H           -0.96580487512416        5.39343578052894       10.66816510358849
H            0.37976879732696        7.09905646865490       11.23808269854405
H            4.21852146394221        7.54425236030974        7.43963350885426
H            2.94046341988976        6.91559262510576        6.36954900219168
H            3.98576924260961        5.78564175615954        7.27718211543596
H            1.92082925271645        4.85844503260710        6.72313277966276
H            0.23373219362326       -3.37612579701569        6.04143901698558
H            1.58858199214660       -5.38224552395033        6.41746636061852
H            2.20282842020300       -6.98736919858112        7.87495025285793
B           -4.50931020811131       -2.71811700990815       -0.07519472317956
B           -4.02548641099927       -1.22883112948861       -0.45505143444168
B           -3.25783087787171       -0.00916110838216       -1.28262268954500
B           -2.94110324341922       -2.59069465850852       -0.32371772966561
B           -2.25900216135399        0.20667521731689       -0.11529165914055
B           -4.05146890600380        0.23126587286821        0.40845451788375
B           -5.16231911144160        1.32430167486000        0.84907167466447
B           -4.67889673216916        2.86382737069041        0.92059067115881
B           -2.78636907143674        0.24247149967776        1.46517976794512
B           -3.79846206957812        3.38502237369469        2.17982307782589
B           -1.66653371743490       -3.56701194262205       -0.70549781639519
B           -1.39290477535181       -2.25547407806677        0.19394198172752
B           -1.37543060889692       -0.77981094501552        0.86548296103102
B           -0.29489505650292       -3.46522573721714        0.24118313594387
B           -0.24207092028068       -0.86285166433328        2.14912437093857
B           -1.60932066636935       -0.21940347622300        2.51918627955802
B           -2.09922729403003        1.39577281461490        2.39960203615165
B           -2.29448859940769        2.89829904981143        1.97160859863031
B           -0.65941812444757        1.12597565702964        3.26453614831802
B           -1.03607522156122        3.81570024448227        1.35821171009088
B            1.06249947546519       -4.38869850533066        0.31058589269189
B            0.90609497702202       -3.10453156685112        1.28549959933225
B            1.19898312946614       -1.69386393781095        1.95385665564226
B            2.37026515992038       -3.96380112047260        1.23150599775272
B            2.59395897011712       -0.87157017296297        1.65608331526756
B            1.26587695410261       -0.07271612578875        2.03440150250844
B            0.71713905485157        1.52581191098761        2.30148029640796
B            0.14566039177440        2.81583409386118        1.53365690641302
B            2.03398991680486        1.19955511192591        1.39250096006059
B            0.65684282150326        1.93559524753244        0.22779461216084
B            3.55449794171724       -4.50270037611704        2.26463450292610
B            3.84866342224005       -3.25643401988290        1.21542155198798
B            3.91718168166782       -1.67685597062750        0.95686978392007
B            4.88274154813183       -3.61740141522166        2.35586625614022
B            4.98642768781938       -0.71665968461211        0.08648800428202
B            3.99901125490696       -0.06580841809338        1.20675256903921
B            3.54434650143675        1.57685318349502        0.78420331262861
B            2.22015806301519        2.01373683310574       -0.13995882015114
B            5.04919554612589        0.98195912739589        0.48178452388402
B            3.65282177551283        2.13818444464810       -0.73285116082641
H           -5.23780588539478       -3.39834635349982        0.54049701583909
H           -5.13304392289014       -1.91032182714563       -0.87726923258889
H           -3.54887223647658        0.34684443107034       -2.36316591289835
H           -6.25204958176030        0.98552055855658        1.15690465844830
H           -4.93653419720310        3.60716213820465        0.04308860797632
H           -4.27609676889342        3.95587547443616        3.08782058711270
H           -1.75775624992473       -4.33508588210217       -1.58686298148131
H           -1.16736264430953        4.83706391013203        0.79360248310681
H            1.21358394752452       -5.41522024970900       -0.22721016035213
H           -0.09614575670328        1.34966928508493       -0.46604673084891
H            3.42718283686015       -5.56043407430494        2.74861408679676
H            5.89962038013913       -3.39191880755368        2.88038651106146
H            5.75756712228426       -1.14636254942767       -0.67677929913929
H            6.08024635346478        1.52971385063549        0.61546545170777
H            4.30426516873929        2.52598722547194       -1.61896935516860
102
 energy: -135.762334201087 gnorm: 0.003596677075 xtb: 6.7.1pre (5071a88)
C           -0.53424279991094       -5.37129297762500       11.71879156694284
O            0.23565494234775       -5.82470963110089       10.63377058113311
C            0.18327923803698       -5.12274322039799        9.46758446007387
C           -0.58236010001619       -3.99562827183073        9.24870946068447
C           -0.58106263179472       -3.32408712928106        8.01483615780407
C           -1.41860643005555       -2.16299560964113        7.87426939823024
C           -1.54220318361344       -1.33414236092076        6.81448224584668
C           -2.51585522514499       -0.25681392202533        6.85133514760668
O           -3.19574113669819        0.01246740667157        7.83198124188385
C           -2.60082753648744        0.57639543888524        5.58052927847247
C           -1.35775027657314        1.42058600887364        5.61771300995415
O           -0.45116741992638        1.33721521751071        4.62648699352444
C           -1.12473053320456        2.28206835179184        6.67221233564810
C           -0.05111209446402        3.15277925902958        6.73339816733737
C            0.19561876734998        4.12562012758819        7.73785391133020
C           -0.60200535618090        4.28877657171845        8.88006220772819
C           -0.31339125945339        5.27227350196690        9.80180216098502
C            0.76469382898745        6.12802466541223        9.63261102042775
O            1.06272715867299        7.11364717151810       10.53117974282421
C            1.58623297530912        5.98314630833950        8.49698969765903
O            2.62794975750145        6.86462784803209        8.40068909747382
C            3.46994807844180        6.77307676556471        7.28319286232340
C            1.29593130907213        4.99578691178165        7.58147542097609
C            0.22272592263766       -3.82683523243302        6.99122155580601
C            0.99076646370314       -4.95686560440536        7.19797123680875
C            0.98590816176443       -5.61507823830924        8.41724693618588
O            1.73014515005496       -6.73133822362596        8.64618399096691
H           -0.33030983385094       -6.06449208486053       12.53326933206191
H           -0.24503958404864       -4.35997396216518       12.02402801639131
H           -1.60516734482200       -5.38864642203730       11.48970555819049
H           -1.20539708559800       -3.60281927971690       10.03641762694326
H           -2.03799368350761       -1.92209261461426        8.72990113562675
H           -0.96630174131317       -1.46371875583020        5.91159892645363
H           -3.50254682546984        1.19074419886155        5.60966005990100
H           -2.61511075334069       -0.06509462672735        4.69890532286214
H           -1.86358187781815        2.27837453631526        7.45758127847158
H            0.65482871684190        3.12032825137752        5.91438413112647
H           -1.44767799584954        3.64241135828068        9.04743022037890
H           -0.93734285707281        5.38883379654562       10.67948244890392
H            0.41288076468329        7.09124536340093       11.24372345999503
H            4.21067188894093        7.56177366211700        7.40696430697671
H            2.92178753271953        6.93616304213494        6.34804636745153
H            3.97934758387888        5.80342231459005        7.23826578040559
H            1.91276260146374        4.87241941336536        6.70510939023573
H            0.24597767178135       -3.34228455722794        6.02915359647464
H            1.60992522511234       -5.34273067964696        6.39836185340992
H            2.22532792291320       -6.95475196666658        7.84876401871926
B           -4.50169386774942       -2.72604112982574       -0.07779582896640
B           -4.02114822288057       -1.23340451731202       -0.45227764710284
B           -3.25189651068528       -0.01813548584488       -1.28346352543359
B           -2.93264082467718       -2.59489491354265       -0.31743135532344
B           -2.25569199012376        0.20209036576353       -0.11488506521081
B           -4.05179690673595        0.22740224861290        0.40766132646574
B           -5.16238705427721        1.32201481515982        0.84471433071390
B           -4.67761214962067        2.86160232491174        0.90991405547820
B           -2.78668470977951        0.24525972593903        1.46291434034403
B           -3.80100612619504        3.38360510222492        2.17023568634857
B           -1.65659991421035       -3.57300707535089       -0.69127165187202
B           -1.38695413140811       -2.25832608473839        0.20489546284903
B           -1.37564781287746       -0.78139639000264        0.87322807649948
B           -0.29214811772960       -3.47117569649528        0.26624772493341
B           -0.24813803106510       -0.86653679598443        2.16268532165948
B           -1.61373773573123       -0.21771253464825        2.52131960872926
B           -2.09934443939845        1.39709593001539        2.40006165786362
B           -2.29470975312794        2.89946617204458        1.96626248190693
B           -0.66310728507828        1.13515921289544        3.26588197060363
B           -1.03610913855696        3.81035984082102        1.34565297865152
B            1.05979494613226       -4.39953819633684        0.35279626514947
B            0.90354239262674       -3.10958994520019        1.31826915971323
B            1.19312876101451       -1.69459718926134        1.97585643198207
B            2.36426211616577       -3.97244551827966        1.28146496860379
B            2.58983329496598       -0.87435627620804        1.67699992913563
B            1.26188748768847       -0.07348283691422        2.04918900868257
B            0.71616885101365        1.52593649502147        2.30324929929009
B            0.14828797722848        2.81387305642392        1.52968363489209
B            2.03424924578296        1.19062960718572        1.39788132586872
B            0.65810775579507        1.92580088074626        0.22980447730422
B            3.54117698663948       -4.51318305507175        2.32014604826774
B            3.84620221902492       -3.26838771017798        1.27219963342767
B            3.91429581210440       -1.69199765347094        0.99181028785230
B            4.87718189527472       -3.63960143545291        2.41154777810663
B            4.98345501179491       -0.74314986161804        0.11071053522127
B            3.99843405794649       -0.07718136508969        1.22311911781366
B            3.54513103169978        1.56333008787459        0.78777594148277
B            2.22202453842721        1.99789539291451       -0.13802728748837
B            5.04804511562698        0.96203411727428        0.48694800593488
B            3.65416088156487        2.11563140061002       -0.73239988314207
H           -5.23170148528088       -3.40779217747906        0.53421410831585
H           -5.12267780406080       -1.91796457153144       -0.88244354388407
H           -3.54257013175455        0.33686877541713       -2.36460577296498
H           -6.25159192767866        0.98417945750818        1.15625732923810
H           -4.93865578707155        3.60326314075139        0.03294820713942
H           -4.27683684482114        3.95983385178931        3.07608527865554
H           -1.74210126267100       -4.34060309661067       -1.57363647790642
H           -1.16482168782619        4.83097957270802        0.77931952029404
H            1.21259142858602       -5.43459958567150       -0.16891422025448
H           -0.09489877549594        1.33867409768152       -0.46338051737643
H            3.40654641685959       -5.56933051903902        2.80659929943609
H            5.89222278323923       -3.42138485685906        2.94218830921618
H            5.75822676785442       -1.17863469517296       -0.64599043824005
H            6.08120100063415        1.50795137293916        0.61165254208116
H            4.30453055663520        2.49889900342041       -1.61999596883493
102
 energy: -135.762484564876 gnorm: 0.004025424395 xtb: 6.7.1pre (5071a88)
C           -0.54975752999083       -5.38751731440132       11.68368902001080
O            0.23127912498355       -5.82671608608713       10.60063673991299
C            0.18258039234571       -5.11543989332621        9.43995367228571
C           -0.58785197002790       -3.99085021416953        9.22534046448215
C           -0.58237859986085       -3.30916976633942        7.99709131892571
C           -1.42480421015751       -2.15058728506062        7.86145247383852
C           -1.55068601579728       -1.31792009144401        6.80514246702208
C           -2.52633305838089       -0.24214742371915        6.84617301514449
O           -3.20563431772644        0.02316089975714        7.82843120712691
C           -2.61240947333707        0.59458222608438        5.57842377768649
C           -1.36587857374993        1.43340459179148        5.61665320459204
O           -0.45709455181005        1.34429893330153        4.62858380299498
C           -1.13189903768517        2.29654181909485        6.67001893848173
C           -0.05439478161673        3.16272347727564        6.72904659658580
C            0.19956969343000        4.13410470042476        7.73316942188064
C           -0.58830363596862        4.29184608466936        8.88316709515533
C           -0.29277968618578        5.27218868410401        9.80586652964290
C            0.78256259206877        6.12990264243022        9.62960641364159
O            1.08807254230254        7.11218187048947       10.52951420517384
C            1.59389914637613        5.99130480606105        8.48588819178821
O            2.63303359081108        6.87527194940289        8.38348585500814
C            3.46290331622930        6.79173329632180        7.25616005179936
C            1.29683921949446        5.00659241558078        7.56959801265880
C            0.23068211054631       -3.79901812653711        6.97462229490090
C            1.00406205166754       -4.92632031142396        7.17700989443922
C            0.99522859818345       -5.59431421026109        8.39090870823974
O            1.74518200187438       -6.70742357461248        8.61608065594299
H           -0.34668888369725       -6.08566598649260       12.49430614342802
H           -0.27011574544597       -4.37675605361637       11.99905034271541
H           -1.61885470934008       -5.41117454807961       11.44675455277819
H           -1.21814975003466       -3.60804237410586       10.01231441789579
H           -2.04535135514183       -1.91628612186371        8.71800108723798
H           -0.97455644690850       -1.44279925842354        5.90182173412887
H           -3.51191036213232        1.21191480921307        5.61035581411020
H           -2.63058008112469       -0.04475335174464        4.69485662429626
H           -1.87107186655209        2.29714355442737        7.45495438420693
H            0.64775701483160        3.12749170269600        5.90692706437679
H           -1.43056592565348        3.64221329247597        9.05524429146060
H           -0.90863904028368        5.38486515610137       10.68981285060857
H            0.44625700791691        7.08462766186956       11.24907482860774
H            4.20337077352645        7.58147063589383        7.37589646248866
H            2.90411048988673        6.95865958020346        6.32791689593545
H            3.97406291724809        5.82347651652918        7.20050804117326
H            1.90542644732134        4.88741665267198        6.68681695135385
H            0.25824362719996       -3.30627822212344        6.01684391015928
H            1.63060511095139       -5.30169250411029        6.37811943086208
H            2.24804355317586       -6.92090688859548        7.82072271050631
B           -4.49419342070475       -2.73440486830036       -0.07929950201602
B           -4.01631216567905       -1.23964516123859       -0.45071405054765
B           -3.24526595431256       -0.02785633691115       -1.28337609406352
B           -2.92438895915224       -2.60053269827350       -0.31112213815879
B           -2.25187613026862        0.19680098759126       -0.11309219559689
B           -4.05148210427614        0.22253131268197        0.40737519690008
B           -5.16182825230064        1.31841208984056        0.84154393741302
B           -4.68032457235138        2.86001732446121        0.89896328404503
B           -2.78780919311200        0.24739440001821        1.46201558040619
B           -3.80288040743350        3.38564383716728        2.15572098257404
B           -1.64607072295946       -3.57895922333341       -0.67745334788774
B           -1.38122977355453       -2.26202623400460        0.21646558688384
B           -1.37522065050972       -0.78406290401561        0.88190799328951
B           -0.28901254495650       -3.47700931264425        0.29127414687941
B           -0.25413054253895       -0.87022250845546        2.17682457989087
B           -1.61875135270646       -0.21675861265364        2.52415634485294
B           -2.10014941918432        1.39932415805721        2.39912441340782
B           -2.29540137133613        2.90088081239009        1.95641278513025
B           -0.66805777962629        1.14431067856165        3.26757565850138
B           -1.03307120450312        3.80668727183414        1.33729522550496
B            1.05709332480034       -4.41001228787826        0.39331570342827
B            0.90030880432958       -3.11595516633436        1.35164426030650
B            1.18752195039586       -1.69713923112051        1.99967404753650
B            2.35681053250736       -3.98147326818853        1.33185417985948
B            2.58575068544428       -0.87950850180107        1.69958036237419
B            1.25797479150759       -0.07559622035653        2.06525547451022
B            0.71500809235717        1.52489782621653        2.30650663202723
B            0.15117597747618        2.81018907848911        1.52534000890400
B            2.03429419044771        1.18098794536921        1.40419651870681
B            0.65897023386778        1.91422704902383        0.23115106269333
B            3.52709518220866       -4.52237120710248        2.37640255968489
B            3.84269071075806       -3.28205421961716        1.32664533622125
B            3.91043724076778       -1.70887201704021        1.02605244358030
B            4.87000659560795       -3.65894584236576        2.46665801149956
B            4.97958762356607       -0.77075312853301        0.13491377576101
B            3.99716894956796       -0.09142674921286        1.24114811722588
B            3.54538945915819        1.54837587978501        0.79230641134233
B            2.22350653513369        1.97941497741378       -0.13606627584848
B            5.04625887147449        0.93982723964927        0.49371384598104
B            3.65564615629919        2.09183512990132       -0.73080369780774
H           -5.22627798550217       -3.41648774335408        0.52946088694108
H           -5.11200669086041       -1.92641342030773       -0.88720206821299
H           -3.53555444118298        0.32713311571154       -2.36505055688026
H           -6.25197592809203        0.98248455894530        1.15147043965810
H           -4.93996575248680        3.59594688272674        0.01814987460819
H           -4.27810639351910        3.96143375910915        3.06330961133516
H           -1.72487911928203       -4.34710716871466       -1.55993176289678
H           -1.15937261978000        4.82459487673989        0.76423199106574
H            1.21266627364581       -5.45135626075848       -0.11477397788970
H           -0.09393262609346        1.32493869474295       -0.46065295705335
H            3.38566315942093       -5.57617423799553        2.86680109896608
H            5.88403127673800       -3.44790572181477        3.00186707225736
H            5.75767168395947       -1.21195069524319       -0.61540927044288
H            6.08150863428921        1.48328693998132        0.61064323468506
H            4.30555442853775        2.46852276887480       -1.62080834947077
102
 energy: -135.762651290526 gnorm: 0.004313516129 xtb: 6.7.1pre (5071a88)
C           -0.56469607834645       -5.40507065920590       11.64620468432743
O            0.22716808345996       -5.82925201810989       10.56509404596289
C            0.18201111747511       -5.10768818923454        9.41056852410338
C           -0.59340816206647       -3.98557185378128        9.20110578924439
C           -0.58403747634656       -3.29275861531125        7.97914664624438
C           -1.43127408659497       -2.13687811304669        7.84930575641667
C           -1.55978337685550       -1.29981394290941        6.79690370458951
C           -2.53738185419277       -0.22595637585105        6.84264043673661
O           -3.21545166446825        0.03550576933287        7.82681820652712
C           -2.62484320922450        0.61431816633751        5.57774181483982
C           -1.37544757028728        1.44797028399901        5.61676780385018
O           -0.46436610855340        1.35236880888706        4.63161728823817
C           -1.13827495907665        2.31213175964967        6.66899560348818
C           -0.05703384694938        3.17387492811470        6.72474550125001
C            0.20483462068380        4.14359161803163        7.72832616918442
C           -0.57298728678288        4.29556834659996        8.88601194398493
C           -0.27111155197837        5.27313641786400        9.80941863068323
C            0.80112644058160        6.13322687938412        9.62629090160275
O            1.11359015790669        7.11234344615703       10.52744059310425
C            1.60217477395471        6.00084955940683        8.47472970489921
O            2.63857642150798        6.88763743073390        8.36688094273803
C            3.45662295046261        6.81263385022871        7.23031730984911
C            1.29867837401960        5.01886291818103        7.55754897309394
C            0.23806943350028       -3.76878693109729        6.95753830864518
C            1.01675881855010       -4.89348644343201        7.15466951100986
C            1.00428427245488       -5.57224304992956        8.36256326740147
O            1.75989697779151       -6.68243825343556        8.58291310893843
H           -0.36281831181770       -6.10899240075862       12.45223922542885
H           -0.29448110549421       -4.39533443260953       11.97263558529701
H           -1.63179907327943       -5.43407587109404       11.40116068852445
H           -1.23075562804917       -3.61335929992278        9.98750078510786
H           -2.05294722741543       -1.90952733939695        8.70683302642237
H           -0.98353140689772       -1.41961145515335        5.89300142430957
H           -3.52283043571076        1.23363506668523        5.61218035983843
H           -2.64631704226782       -0.02288073027621        4.69236542610806
H           -1.87694135103539        2.31716746909810        7.45433073632072
H            0.64063580286983        3.13558297301506        5.89895235604324
H           -1.41138846931388        3.64236097201134        9.06334355023720
H           -0.87917455822999        5.38147442710220       10.69920457904379
H            0.48002169997533        7.07944714699582       11.25396405698526
H            4.19630528954107        7.60367839312528        7.34665808613984
H            2.88750191185433        6.98338411304880        6.30923388154231
H            3.96960451195971        5.84615650676837        7.16390835607076
H            1.89890487308355        4.90395652858914        6.66840681314201
H            0.26977877776706       -3.26707142008577        6.00454983838160
H            1.65043688382333       -5.25782973925038        6.35638279625839
H            2.27060611594190       -6.88497339765315        7.78970350701753
B           -4.48697470287911       -2.74317170118141       -0.07942818395036
B           -4.01075229849962       -1.24778511064636       -0.45052130136455
B           -3.23720514919487       -0.03841169645360       -1.28255242367804
B           -2.91659161773945       -2.60820169455515       -0.30461172629042
B           -2.24744742173494        0.19040680855350       -0.10975352146076
B           -4.05044777604025        0.21629889191020        0.40692742096483
B           -5.16234961241080        1.31404962540287        0.83144282638969
B           -4.68134256830043        2.85644921271613        0.88429575749593
B           -2.78962161200229        0.24821938439924        1.46285298992939
B           -3.80596974670951        3.38411403360560        2.14058030473629
B           -1.63550391848887       -3.58561831350316       -0.66372329238699
B           -1.37601682524349       -2.26726716764703        0.22887566261702
B           -1.37404106922899       -0.78827633899625        0.89128142920863
B           -0.28571861020519       -3.48342151191874        0.31594581811359
B           -0.25981265747700       -0.87383622085957        2.19163919122200
B           -1.62435319820438       -0.21715215340706        2.52802358168758
B           -2.10132169139569        1.40164575091987        2.39794253295891
B           -2.29656523535066        2.90177850578692        1.94656721243686
B           -0.67356098541064        1.15251502748410        3.26994716917396
B           -1.02985119149993        3.80140088397896        1.32624115534891
B            1.05389983591618       -4.42133288084341        0.43327268090115
B            0.89586972435773       -3.12381555009847        1.38567075112282
B            1.18217089138073       -1.70142858696213        2.02526895258551
B            2.34762193851171       -3.99094660815523        1.38278332001686
B            2.58181127297979       -0.88733251219578        1.72407074524560
B            1.25421573859999       -0.07911010928530        2.08271056560572
B            0.71306805870435        1.52279067591306        2.31064159565706
B            0.15356653298810        2.80428952826453        1.51875487630978
B            2.03400653067311        1.17064776221352        1.41177659041101
B            0.66028948606226        1.90024504081985        0.23107920681578
B            3.51170857890496       -4.52996487227826        2.43389381670333
B            3.83772718499058       -3.29741209983736        1.37866666012588
B            3.90612144481216       -1.72767167393162        1.06045802415297
B            4.86046198865333       -3.67483473932049        2.52161148706879
B            4.97523874572281       -0.79958879407745        0.16029224270314
B            3.99530789066075       -0.10872627473437        1.26157915115757
B            3.54554002772061        1.53150696079318        0.79849316280384
B            2.22544942932181        1.95769087334016       -0.13405169509582
B            5.04424581345002        0.91502732225148        0.50387225873952
B            3.65824727514141        2.06437682803581       -0.72812470625022
H           -5.22217065344835       -3.42435745165064        0.52619615619229
H           -5.10112124449475       -1.93502467365913       -0.89121845054929
H           -3.52658088726542        0.31710375779771       -2.36472677617606
H           -6.25209248321954        0.98035442965187        1.14639460856031
H           -4.94285256197644        3.58800810080432        0.00049853010469
H           -4.28066207519365        3.96650032794799        3.04402119054862
H           -1.70673356656169       -4.35530103213059       -1.54540724927029
H           -1.15177331609094        4.81906915705163        0.75181522605696
H            1.21313429731634       -5.46725071438604       -0.06305762875101
H           -0.09233331402879        1.30800408448814       -0.45857233512164
H            3.36453247266515       -5.58032509347092        2.93030395698766
H            5.87416274866201       -3.47017221412586        3.05969071013775
H            5.75583890023269       -1.24635336186298       -0.58417841103185
H            6.08152615847292        1.45542006833097        0.61464283319902
H            4.30884355523447        2.43337186195754       -1.62074990024661
102
 energy: -135.762852623649 gnorm: 0.004254592353 xtb: 6.7.1pre (5071a88)
C           -0.57963862657346       -5.42473413243534       11.60435830373327
O            0.22317038200631       -5.83241508721716       10.52522652434673
C            0.18152287966137       -5.09917028162290        9.37781524886030
C           -0.59928237550435       -3.97956345831308        9.17474515990374
C           -0.58619269026274       -3.27414169972944        7.96003300783879
C           -1.43831360016906       -2.12130322832310        7.83712690377533
C           -1.56972293725301       -1.27880064779910        6.78937569110313
C           -2.54904844502741       -0.20712701673633        6.84094399144379
O           -3.22531571940194        0.05027555352565        7.82741702823161
C           -2.63870105584923        0.63700882780346        5.57870330996895
C           -1.38695558147869        1.46567974362848        5.61786444364931
O           -0.47386741977828        1.36290850222072        4.63490112399400
C           -1.14383197445364        2.32984344917834        6.66905979330407
C           -0.05911603425724        3.18733593883813        6.72034086608110
C            0.21149787623722        4.15488226503146        7.72347925634564
C           -0.55538330649353        4.30062574091597        8.88915419859514
C           -0.24719721330481        5.27563389016687        9.81314448080095
C            0.82143572417387        6.13864025340866        9.62296193382015
O            1.14054782994416        7.11487588199664       10.52497800116575
C            1.61156665294711        6.01241390527540        8.46336559759958
O            2.64498770801405        6.90235506861993        8.35015160624377
C            3.45083898227932        6.83668180384552        7.20436037779769
C            1.30159666936688        5.03332040882067        7.54519573133544
C            0.24522193270948       -3.73475009793622        6.93897712297830
C            1.02951463267221       -4.85674277475203        7.12971039616050
C            1.01351542040825       -5.54781409576737        8.33064028609363
O            1.77489144205733       -6.65530506873997        8.54471436086317
H           -0.37949229640745       -6.13567360246780       12.40471805124994
H           -0.31886280704429       -4.41666093253045       11.94350024021445
H           -1.64453776721108       -5.45802019294096       11.35056497616092
H           -1.24384679581811       -3.61907111652784        9.96067640646820
H           -2.06099346663268       -1.90133984886654        8.69579254937052
H           -0.99344388599832       -1.39269156561094        5.88468655198373
H           -3.53569631405529        1.25757886592065        5.61639843359585
H           -2.66348926547103        0.00222925621852        4.69153885199351
H           -1.88092587527081        2.33920239527586        7.45590199780361
H            0.63342715808778        3.14634233239009        5.89032478904750
H           -1.38960625487127        3.64383425230904        9.07263966654258
H           -0.84726804394861        5.37894912225646       10.70878247013698
H            0.51556751104807        7.07657043804682       11.25851403871529
H            4.18915004051073        7.62946279332971        7.31751889857914
H            2.87098727859441        7.01113939131470        6.29095235693319
H            3.96604789100934        5.87248555293198        7.12669322194556
H            1.89304547738926        4.92294869605331        6.64952882082107
H            0.28082056859252       -3.22287954890743        5.99152334802069
H            1.67059459050175       -5.20892626734318        6.33200122714141
H            2.29379538417594       -6.84528201701240        7.75373977151390
B           -4.48013548343495       -2.75255715835961       -0.07782076866796
B           -4.00417967078390       -1.25835431104949       -0.45218673751433
B           -3.22689279699281       -0.05011368699454       -1.28126479751346
B           -2.90937430472793       -2.61848137981388       -0.29784390771959
B           -2.24196028626886        0.18201624166396       -0.10483125354979
B           -4.04814090961546        0.20785762142145        0.40576955582107
B           -5.16116203926769        1.30670022295574        0.82278272654854
B           -4.68090174008794        2.85020201111466        0.86506582903930
B           -2.79228789018571        0.24649184840292        1.46539203344540
B           -3.80764963848233        3.38561548823688        2.11896226992600
B           -1.62525090540631       -3.59383291611279       -0.64944614363451
B           -1.37146355131222       -2.27494666671964        0.24280772286921
B           -1.37201330221385       -0.79480719860252        0.90165403669270
B           -0.28267223542608       -3.49161018452380        0.34119061077834
B           -0.26554279933506       -0.87698314148172        2.20815643004801
B           -1.63122154409613       -0.21864498411742        2.53383465928275
B           -2.10382571761827        1.40406017251550        2.39560242570452
B           -2.29781301004300        2.90181785453549        1.93353856926569
B           -0.68019691075934        1.15963043972904        3.27273974413371
B           -1.02468199508498        3.79599830939877        1.31553858272072
B            1.05026849981920       -4.43414504055534        0.47367529763520
B            0.88959696340924       -3.13344157638323        1.42105422763690
B            1.17637962310405       -1.70766721536336        2.05363005599584
B            2.33623134483268       -4.00180105729586        1.43608417184532
B            2.57760257528420       -0.89857193654290        1.75181938430266
B            1.25035815459534       -0.08442834924019        2.10246674152166
B            0.71029418058295        1.51949961448049        2.31603975851565
B            0.15594870633343        2.79600045104395        1.51054482616002
B            2.03303861572921        1.15889924752878        1.42119698249833
B            0.66216016120246        1.88344017550708        0.22984621165421
B            3.49367782272472       -4.53644219704855        2.49546301668700
B            3.83086891082791       -3.31532901214188        1.43053304540011
B            3.90109372336752       -1.74922620429679        1.09714168705201
B            4.84741346328090       -3.68775139102464        2.57952313678362
B            4.97032239125660       -0.83071204689064        0.18861706268346
B            3.99241949528944       -0.12964012751195        1.28559537880921
B            3.54559831733796        1.51163573733409        0.80717040862273
B            2.22801306476052        1.93150095044067       -0.13159464972072
B            5.04201155011359        0.88660929301861        0.51877773473774
B            3.66225823881865        2.03134514254348       -0.72374604939057
H           -5.21945089188338       -3.43126802376327        0.52536391043474
H           -5.09021152082451       -1.94415321731349       -0.89437447261025
H           -3.51343115979778        0.30550699257220       -2.36449513623230
H           -6.25292488506644        0.97669400922726        1.13382815547996
H           -4.94668747365053        3.57633498006021       -0.02292500203394
H           -4.28569246533018        3.96947006173415        3.01996253297367
H           -1.68811721192195       -4.36597378925801       -1.52946316180164
H           -1.14237110815460        4.81287410812881        0.73840548999937
H            1.21397873729164       -5.48329590402075       -0.01260534134281
H           -0.09041705360591        1.28782166601269       -0.45671451366660
H            3.34210388080648       -5.58195655531459        3.00058900356332
H            5.86138606607616       -3.48805259521471        3.11881139431686
H            5.75159862298268       -1.28357290050079       -0.55124798843128
H            6.08124640957238        1.42350707184590        0.62542807197177
H            4.31513170190495        2.38987640830679       -1.61957937426619
102
 energy: -135.763085964090 gnorm: 0.004310566423 xtb: 6.7.1pre (5071a88)
C           -0.59442301234638       -5.44682754781973       11.55792221682021
O            0.21945912183653       -5.83624986927195       10.48061993509712
C            0.18111166052038       -5.08990244173058        9.34137893284288
C           -0.60539386885690       -3.97277959783342        9.14616506104108
C           -0.58888589020155       -3.25326441489023        7.93971511894330
C           -1.44567188931552       -2.10352226933376        7.82500277384463
C           -1.58019729973925       -1.25466839725579        6.78260994878463
C           -2.56099456692671       -0.18534467348828        6.84107070294662
O           -3.23464698304634        0.06824543920665        7.83019979560772
C           -2.65351043601521        0.66319916087350        5.58139012810752
C           -1.39924962888354        1.48658749290705        5.61951134658677
O           -0.48486498108920        1.37593335822414        4.63765664988433
C           -1.14810562703829        2.35006331815437        6.66953510267930
C           -0.06027922278066        3.20358865227846        6.71574899117815
C            0.21931094068403        4.16839929706634        7.71887841932528
C           -0.53573471103054        4.30760794549896        8.89281864326299
C           -0.22091837234818        5.28002805781766        9.81745911442768
C            0.84361838257225        6.14646205338184        9.61997454543796
O            1.16919072823564        7.12015279739247       10.52233686189035
C            1.62212095140173        6.02626012921569        8.45199811349391
O            2.65228595744902        6.91951557779904        8.33296514769260
C            3.44533459933026        6.86366425003219        7.17778600165686
C            1.30557011426191        5.05012463664674        7.53290089403022
C            0.25191568830111       -3.69689467534401        6.91875750610390
C            1.04224488598510       -4.81592681499350        7.10183820462130
C            1.02290419307791       -5.52092985155483        8.29475183151651
O            1.79016516252798       -6.62594027493135        8.50090059460955
H           -0.39639691349047       -6.16620176029304       12.35126581524288
H           -0.34302334285918       -4.44115943301325       11.91159825850621
H           -1.65698664579886       -5.48335284565731       11.29492402189105
H           -1.25729488090363       -3.62522503577133        9.93183138825670
H           -2.06922483878507       -1.89133160810168        8.68499225657390
H           -1.00435900981575       -1.36208484338795        5.87679662202163
H           -3.54923837993609        1.28535707617122        5.62407490088198
H           -2.68283642002848        0.03122975544626        4.69250051609862
H           -1.88288832038450        2.36362454588457        7.45866940130302
H            0.62714106448464        3.16100483148966        5.88152770176663
H           -1.36582057548874        3.64764156108656        9.08321062260200
H           -0.81249437313476        5.37765763995189       10.71924751292032
H            0.55288645423248        7.07662910863925       11.26279058622791
H            4.18183089945166        7.65855152499002        7.28762554642916
H            2.85424303122031        7.04152910500069        6.27246095947975
H            3.96318323726993        5.90213144113602        7.08834461416868
H            1.88798296025742        4.94460770921444        6.63068615562006
H            0.29088186681648       -3.17361046776240        5.97765552029246
H            1.69112345518663       -5.15461177763197        6.30465667632528
H            2.31717618783700       -6.80178167890111        7.71203651120279
B           -4.47415906540462       -2.76228624662761       -0.07450294049351
B           -3.99656196339031       -1.27098784066343       -0.45547104533773
B           -3.21382782738579       -0.06314671541377       -1.28013296423188
B           -2.90308287074705       -2.63122784582407       -0.29051889343660
B           -2.23562542124910        0.17130497377436       -0.09837680219513
B           -4.04461943217922        0.19769944821144        0.40240119939184
B           -5.16086410155211        1.29769410988074        0.80588713521245
B           -4.68097487239298        2.84149857074907        0.84234766566349
B           -2.79586057534795        0.24125039553514        1.46951059623350
B           -3.80955645686049        3.38452843945432        2.09470840035843
B           -1.61636550111784       -3.60446602033669       -0.63388793413855
B           -1.36778172038952       -2.28531618691169        0.25825128845722
B           -1.36967731903322       -0.80385674985808        0.91298835716724
B           -0.28061775169874       -3.50249851974672        0.36728816641493
B           -0.27144928828844       -0.87948498468352        2.22651035107773
B           -1.63950084084207       -0.22126749132613        2.54215521928022
B           -2.10769908805639        1.40538017378736        2.39246756474585
B           -2.29976604935083        2.89931736614467        1.91825893978383
B           -0.68751113782637        1.16478926288710        3.27580949045821
B           -1.02012269280230        3.78832258159324        1.30150835217786
B            1.04575979271927       -4.44949937529513        0.51583195543657
B            0.88102436113959       -3.14478616891431        1.45771904865538
B            1.16962114501117       -1.71556539088686        2.08403071699190
B            2.32287390048784       -4.01475482922892        1.49147722433643
B            2.57286553938173       -0.91300006240571        1.78251502155306
B            1.24624403871376       -0.09155487988787        2.12374302637223
B            0.70627961243328        1.51502495472545        2.32166203812420
B            0.15751498807098        2.78530010450438        1.50027119996626
B            2.03111845824833        1.14581510254281        1.43235601201131
B            0.66520744127526        1.86410458075706        0.22738576171217
B            3.47287005732500       -4.54222666788078        2.56126653284956
B            3.82185133973237       -3.33574125528395        1.48280590968346
B            3.89564007585760       -1.77326112856216        1.13668184187930
B            4.83059763829204       -3.69795486223886        2.64100731770361
B            4.96575213632524       -0.86386867164986        0.22097989327115
B            3.98857346814951       -0.15336747051358        1.31303022473109
B            3.54593730887827        1.48850123012974        0.81879058614149
B            2.23194645837371        1.90136987119853       -0.12834137333740
B            5.04024716381415        0.85520627008343        0.53925794100123
B            3.66835660651129        1.99147272016839       -0.71753644095757
H           -5.21885886341331       -3.43693122471080        0.52665703151734
H           -5.07933991280466       -1.95331696992854       -0.89723042057568
H           -3.49510206616260        0.29193201957700       -2.36495030137498
H           -6.25250143690333        0.96953215190679        1.11981566534983
H           -4.94530180112946        3.56125369595707       -0.05191823578006
H           -4.29209222176018        3.97476807281466        2.98866585656513
H           -1.67112879003550       -4.37972501282430       -1.51151750701402
H           -1.13322462725982        4.80597889061378        0.72538938862317
H            1.21414679181356       -5.50157860976049        0.03867512003678
H           -0.08732018298638        1.26515446333434       -0.45575462822166
H            3.31830307858732       -5.58146843169772        3.07797280080279
H            5.84489562699994       -3.50045712499775        3.18045483707097
H            5.74560888193452       -1.32356815513167       -0.51579545873875
H            6.08116264534826        1.38885233509323        0.64422576629646
H            4.32519897003607        2.33738392127501       -1.61640966979755
102
 energy: -135.763340441679 gnorm: 0.004837195655 xtb: 6.7.1pre (5071a88)
C           -0.60814509163419       -5.47033852078705       11.50892747215291
O            0.21631729844966       -5.84059303255058       10.43310276292886
C            0.18084547903840       -5.08039679522868        9.30276497777566
C           -0.61116910149596       -3.96552253540818        9.11654298080983
C           -0.59180946831741       -3.23124094501715        7.91899983076496
C           -1.45283664082326       -2.08431147938236        7.81338266514502
C           -1.59044148336063       -1.22862075317489        6.77679660144060
C           -2.57209559736632       -0.16122216906659        6.84291825680870
O           -3.24248307471606        0.08903159678746        7.83494634574878
C           -2.66811884681424        0.69197231285005        5.58573716622029
C           -1.41055616613802        1.50947067800270        5.62105174914882
O           -0.49629349006254        1.39065628531072        4.63897318587300
C           -1.15074846888093        2.37209430563984        6.66965906451843
C           -0.06019155965280        3.22200392222582        6.71112801789975
C            0.22776611187437        4.18371727385411        7.71487105634430
C           -0.51523243787393        4.31658878052295        8.89687429308105
C           -0.19351040591027        5.28633263512620        9.82222430324503
C            0.86665457241876        6.15643900369417        9.61742205803247
O            1.19846975518027        7.12802047756587       10.51958291472800
C            1.63344150913743        6.04188111329356        8.44114836023927
O            2.66018093717429        6.93831635191147        8.31573300092069
C            3.44025708204390        6.89201588164376        7.15140762996632
C            1.31044075797256        5.06844118775408        7.52148175648255
C            0.25774932136071       -3.65734938375288        6.89767911848028
C            1.05422325587093       -4.77328040118297        7.07220255738064
C            1.03193824373990       -5.49304690071433        8.25637702236582
O            1.80499249404204       -6.59581093590134        8.45339230124439
H           -0.41237747579918       -6.19918943273827       12.29412326056943
H           -0.36541009819319       -4.46790374452955       11.87815457635236
H           -1.66837740198274       -5.50891700458008       11.23690665026887
H           -1.26995296742744       -3.63141081596613        9.90222754230070
H           -2.07672921269296       -1.87985754696656        8.67503028995178
H           -1.01562906675375       -1.32943921111175        5.86955449729129
H           -3.56152052703420        1.31701010170842        5.63546729518303
H           -2.70421440137885        0.06305956099347        4.69529475588313
H           -1.88288335379768        2.38948579246901        7.46139920566626
H            0.62270208400259        3.17944152472855        5.87320184594023
H           -1.34158305115926        3.65407363273903        9.09425358543581
H           -0.77621526607535        5.37814821580129       10.73032294404992
H            0.59032372095903        7.07995064574058       11.26641920927005
H            4.17463607274104        7.68929601400019        7.25759862219792
H            2.83803626350657        7.07255113316444        6.25407069433577
H            3.96097074816215        5.93331267921445        7.05044524277269
H            1.88415791225930        4.96783210222750        6.61317680652111
H            0.29929139965471       -3.12203225648453        5.96346334930505
H            1.71073491529357       -5.09778064215411        6.27541706413024
H            2.33927964771013       -6.75686645336185        7.66630261090789
B           -4.46987867365072       -2.77215700234864       -0.07052299783192
B           -3.98901310894434       -1.28476649639725       -0.45988957633900
B           -3.20004922893358       -0.07653770250543       -1.27905467557057
B           -2.89836862079009       -2.64530948489555       -0.28279812887042
B           -2.22953094683480        0.15863358441004       -0.09105429573674
B           -4.04043907222861        0.18592687258108        0.39743333889277
B           -5.15920056894020        1.28648311797793        0.79019545706260
B           -4.67707295981179        2.82951384244555        0.81488175458850
B           -2.80022453955998        0.23226197589161        1.47445855508786
B           -3.81059991798847        3.38349785309026        2.06690256862161
B           -1.61013265394902       -3.61791342706251       -0.61639366037253
B           -1.36558415477979       -2.29798070892717        0.27493692562535
B           -1.36802012719679       -0.81485230943794        0.92474048202406
B           -0.28039684870332       -3.51606586972182        0.39414579928008
B           -0.27766617223472       -0.88145314517779        2.24545170284420
B           -1.64871105911963       -0.22448114254063        2.55246868331742
B           -2.11313040694101        1.40467102465859        2.38903236531890
B           -2.30171798211797        2.89413228705451        1.90218306069279
B           -0.69532784083626        1.16751557977547        3.27871450181870
B           -1.01587892397506        3.77917146607289        1.28788915341948
B            1.04020442831887       -4.46695428023068        0.55909501832474
B            0.87035053670920       -3.15754599839095        1.49485813370226
B            1.16177297811528       -1.72481914777228        2.11474888893688
B            2.30861863465066       -4.02985702147769        1.54621657798964
B            2.56754762339357       -0.92969566248895        1.81422521295158
B            1.24186020202166       -0.10044724419418        2.14429760452015
B            0.70124082192459        1.50892724526468        2.32653206266527
B            0.15835871898187        2.77271726808808        1.48962201515950
B            2.02816644734144        1.13188105343059        1.44436442347686
B            0.66924737482566        1.84363310327908        0.22447830469748
B            3.45075671622639       -4.54769113011129        2.62816942543858
B            3.81101922681708       -3.35753099103854        1.53401215276120
B            3.89026778388554       -1.79838188682726        1.17742452904442
B            4.81116040503009       -3.70571039625020        2.70345226754515
B            4.96254897424010       -0.89729653340319        0.25645718847374
B            3.98414688471282       -0.17803541735669        1.34207345682235
B            3.54657119838301        1.46289113415060        0.83273035059300
B            2.23726985930957        1.86954767169934       -0.12397536393963
B            5.03950438069450        0.82299063703691        0.56388211731602
B            3.67627918599489        1.94685099483422       -0.70949314725882
H           -5.22071721861006       -3.44165673341650        0.52892772996746
H           -5.06951967467619       -1.96233692167804       -0.90060694787070
H           -3.47325660640900        0.27739985558443       -2.36608893310248
H           -6.25265683468546        0.96057879361025        1.09903374525143
H           -4.94129478825741        3.54396196803640       -0.08499974226283
H           -4.30003882877623        3.98090897658076        2.95202053836944
H           -1.65773973620211       -4.39621245697754       -1.49162786110396
H           -1.12586023786522        4.79682822074096        0.71102429987950
H            1.21228049744283       -5.52193325632400        0.08992686777082
H           -0.08285651619462        1.24187220864160       -0.45590266591197
H            3.29410735757910       -5.57970584777242        3.15835953219804
H            5.82494575146854       -3.50635974310008        3.24329137286013
H            5.73956170326677       -1.36439820652520       -0.47836569495642
H            6.08148390524854        1.35447935093820        0.66982719490839
H            4.33807272517352        2.27925482961253       -1.61066416746659
102
 energy: -135.763619704375 gnorm: 0.005335022527 xtb: 6.7.1pre (5071a88)
C           -0.61997870638882       -5.49417093621285       11.45921469781038
O            0.21394650128300       -5.84526234298232       10.38439243088031
C            0.18075027027565       -5.07112818501000        9.26337811941865
C           -0.61617393060636       -3.95809938810681        9.08691010619239
C           -0.59465036682156       -3.20911599950409        7.89855390627673
C           -1.45929101565169       -2.06441955339446        7.80257821006718
C           -1.59980618512069       -1.20181108683707        6.77197340705388
C           -2.58148932647942       -0.13552506087404        6.84626553111829
O           -3.24812063046660        0.11185817847663        7.84142397089577
C           -2.68159258382301        0.72238688710448        5.59169925555917
C           -1.41965156399510        1.53310281313188        5.62212853992031
O           -0.50744195568517        1.40626391256076        4.63848047641865
C           -1.15145434770595        2.39513010753376        6.66907075656194
C           -0.05852022810019        3.24175299721779        6.70668031389661
C            0.23661737100711        4.20036418424433        7.71158011357574
C           -0.49483622275650        4.32752891888466        8.90099993363818
C           -0.16615170991196        5.29461414857915        9.82698643087006
C            0.88966065515805        6.16828050535202        9.61518768178434
O            1.22744343136137        7.13813625455614       10.51676448613143
C            1.64527889881333        6.05882350860511        8.43117178050348
O            2.66857378420382        6.95811659362279        8.29887828677922
C            3.43584472608636        6.92031611879269        7.12590872813448
C            1.31613792457040        5.08758571795317        7.51144253983877
C            0.26247602549265       -3.61810700162576        6.87644180703509
C            1.06479307962236       -4.73102942599300        7.04183197495752
C            1.04013313402537       -5.46558509216895        8.21692081413696
O            1.81872650876420       -6.56628065695788        8.40412155440738
H           -0.42638664513533       -6.23311101439555       12.23540655442945
H           -0.38469941158096       -4.49581924442808       11.84426665453309
H           -1.67801950477926       -5.53358597871587       11.17894365721048
H           -1.28090367957311       -3.63723747116504        9.87298239937244
H           -2.08275079311904       -1.86735668421469        8.66627787748829
H           -1.02667833561638       -1.29632554048347        5.86303037627144
H           -3.57120030159929        1.35203676296614        5.65046804262301
H           -2.72722114371249        0.09673058919277        4.69980275531468
H           -1.88083615082199        2.41591746730614        7.46344187242400
H            0.62067752197958        3.20069657673611        5.86571451397537
H           -1.31804312099694        3.66310300447930        9.10487811813808
H           -0.74000575859947        5.38109643683713       10.74117711559694
H            0.62639306987152        7.08661431799183       11.26903092136842
H            4.16798876586429        7.72018311387614        7.22782674555870
H            2.82297416791931        7.10239278697577        6.23610531397027
H            3.95946428517689        5.96441588360317        7.01447742121963
H            1.88190993421758        4.99160770043869        6.59777328062319
H            0.30578481234295       -3.07073920964346        5.94936674104690
H            1.72819252389120       -5.04138173097553        6.24522341738616
H            2.35896818351935       -6.71280521644933        7.61836892005290
B           -4.46783579417585       -2.78196409987397       -0.06653959387234
B           -3.98205426592741       -1.29900167268964       -0.46461544248339
B           -3.18657609765045       -0.09039774290965       -1.27823618937558
B           -2.89554987949978       -2.65993816487928       -0.27427605256161
B           -2.22431267200225        0.14446990063890       -0.08338341915100
B           -4.03602250532158        0.17373205342230        0.39050527494583
B           -5.15808766310464        1.27506750318963        0.77053637922849
B           -4.67335284801722        2.81658776483229        0.78618433685227
B           -2.80524952494779        0.22014209423231        1.47953235893262
B           -3.81147626257158        3.38148391079316        2.03786149025230
B           -1.60705117503595       -3.63412478311489       -0.59636686262068
B           -1.36518252433373       -2.31228738962752        0.29282750430290
B           -1.36795408904019       -0.82709312180066        0.93698500271705
B           -0.28294403936889       -3.53219688317593        0.42274404811940
B           -0.28435327606565       -0.88317230279294        2.26427108442388
B           -1.65848807915655       -0.22774095590777        2.56442400873776
B           -2.12016361864837        1.40148898177354        2.38546904477699
B           -2.30409933198791        2.88605767000212        1.88555539849653
B           -0.70362369749711        1.16774137406127        3.28115367579902
B           -1.01356162436913        3.76746236571066        1.27247113886454
B            1.03335589153120       -4.48577256422183        0.60281204342176
B            0.85805616718335       -3.17118911541354        1.53175902626264
B            1.15274791061087       -1.73518075415032        2.14466020338938
B            2.29437370201524       -4.04691408262720        1.59783528890128
B            2.56157048242053       -0.94778685460486        1.84538708349037
B            1.23711471173197       -0.11092085665941        2.16245874677318
B            0.69531713075831        1.50113428148690        2.32994203961631
B            0.15815802956515        2.75878855789472        1.47928789811168
B            2.02437510181979        1.11766418681467        1.45662937011677
B            0.67441109025973        1.82278646389429        0.22180843380906
B            3.42881495038662       -4.55306298088342        2.69299928691987
B            3.79862885663148       -3.37959254169892        1.58277705909662
B            3.88494508621612       -1.82326099047006        1.21769120241773
B            4.79009533882298       -3.71096172698342        2.76445938622867
B            4.96134436450252       -0.92965162610242        0.29397114896239
B            3.97952098575985       -0.20220440835688        1.37131204357781
B            3.54763208585649        1.43549473260406        0.84854567769366
B            2.24415730525129        1.83814987010870       -0.11799767180189
B            5.04030507041178        0.79162986597817        0.59112760289194
B            3.68596101488424        1.90042657490291       -0.69911953413764
H           -5.22533141194347       -3.44572137761271        0.53101974376859
H           -5.06100952894419       -1.97142287717748       -0.90527751835640
H           -3.44997511794123        0.26242149474793       -2.36766038649847
H           -6.25239553284488        0.94975476645157        1.07644313148592
H           -4.92918536844388        3.52459536244929       -0.12145409828549
H           -4.30785676405526        3.98846911294813        2.91242491406011
H           -1.64928700277854       -4.41518422139857       -1.46936979266217
H           -1.12075411479173        4.78602404162771        0.69707535576135
H            1.20676871913388       -5.54364037063431        0.14018522318449
H           -0.07641012099440        1.21894849846635       -0.45743030994488
H            3.27036859740549       -5.57744057254655        3.23728220584823
H            5.80203480269672       -3.50526486032843        3.30569458994160
H            5.73524225275442       -1.40436578884058       -0.43913258488217
H            6.08253417353258        1.32253126604867        0.70047386778896
H            4.35282315272174        2.21870132556829       -1.60206741611458
102
 energy: -135.763931565833 gnorm: 0.005272780324 xtb: 6.7.1pre (5071a88)
C           -0.62985801180406       -5.51788610175440       11.40912588255504
O            0.21233840228714       -5.85012318678911       10.33479250768844
C            0.18084105216658       -5.06220125148194        9.22340855510979
C           -0.62032269215568       -3.95060563681640        9.05724344668774
C           -0.59714896386215       -3.18719647834349        7.87821634273023
C           -1.46468222876325       -2.04394239654687        7.79237319499450
C           -1.60807085780545       -1.17460909124048        6.76779258903656
C           -2.58917540748994       -0.10864564664348        6.85059117067095
O           -3.25140501847438        0.13617764399434        7.84927193756550
C           -2.69373867230706        0.75421485029153        5.59916301857891
C           -1.42617797715000        1.55699272511361        5.62255196163797
O           -0.51804422610805        1.42229423120420        4.63636382090429
C           -1.15036475076820        2.41890505986607        6.66764718035165
C           -0.05516301307102        3.26232567862760        6.70240848265008
C            0.24589583214240        4.21819642057480        7.70870360193232
C           -0.47485071914671        4.34043654082765        8.90482121396269
C           -0.13918063827619        5.30491605456884        9.83126164909970
C            0.91251642102200        6.18177734485884        9.61277632006646
O            1.25620863768790        7.15006864872750       10.51365292507868
C            1.65770024010324        6.07698795662549        8.42166393552197
O            2.67762330977348        6.97870943448303        8.28206762211682
C            3.43220653128933        6.94803622821277        7.10087141726519
C            1.32265832853752        5.10739753728419        7.50239532066795
C            0.26630848417756       -3.57978960485195        6.85493706935853
C            1.07400315157606       -4.68996098055440        7.01074564076377
C            1.04747508569252       -5.43901221781635        8.17658248264110
O            1.83131299248524       -6.53771374889958        8.35368154403833
H           -0.43825223461165       -6.26727825448282       12.17563316804388
H           -0.40088245864656       -4.52437290845770       11.81006736646961
H           -1.68591998257449       -5.55718147087233       11.12154178913358
H           -1.29001469923906       -3.64258746451802        9.84413087347818
H           -2.08694464033505       -1.85407532837441        8.65855308059002
H           -1.03743121432126       -1.26337165137306        5.85681966663395
H           -3.57784666371275        1.39038193694860        5.66875218367981
H           -2.75191331630726        0.13212362086724        4.70581266052722
H           -1.87711083923404        2.44283733600464        7.46441397007008
H            0.62113970370112        3.22358204624097        5.85903591884979
H           -1.29543661340001        3.67450285096964        9.11441782598623
H           -0.70429058621599        5.38687366352747       10.75128215864886
H            0.66113797158572        7.09619169581599       11.27048962171850
H            4.16206422241791        7.75065402036054        7.19760216641989
H            2.80912841449075        7.13041199833238        6.21811763613026
H            3.95872276219454        5.99478938513655        6.98027425123096
H            1.88124495543270        5.01554713510119        6.58403004698708
H            0.31089951307265       -3.02055503473045        5.93514014563580
H            1.74343706217391       -4.98641792569486        6.21401482521802
H            2.37639028506469       -6.67030388970945        7.56889606522557
B           -4.46840295149418       -2.79226857297891       -0.06350685943811
B           -3.97635126092267       -1.31363027344806       -0.46877967344114
B           -3.17480746599937       -0.10510318738344       -1.27740720314964
B           -2.89482812761218       -2.67483488181889       -0.26434020607320
B           -2.22047170195189        0.12898403755009       -0.07599556762179
B           -4.03185951417558        0.16128832372432        0.38243571256673
B           -5.15664926379605        1.26384730227176        0.75070790555133
B           -4.66682838389406        2.80277677591353        0.75524929703650
B           -2.81061007450429        0.20606125068177        1.48390476916632
B           -3.81226639724127        3.37869389573351        2.00803937459033
B           -1.60719648814306       -3.65335152182967       -0.57251621126371
B           -1.36703874058106       -2.32790109994862        0.31261290336678
B           -1.37021897712449       -0.84000481294649        0.95006345530017
B           -0.28866263702550       -3.55034353587572        0.45419237518400
B           -0.29184748233251       -0.88526995310484        2.28269453941255
B           -1.66843219474096       -0.23029450465806        2.57743011308658
B           -2.12847344811842        1.39605110856954        2.38190092945953
B           -2.30643530753859        2.87598877399417        1.86937011280066
B           -0.71254901394524        1.16584829364663        3.28314563741546
B           -1.01240232896135        3.75409720480818        1.25762317757572
B            1.02484680907982       -4.50584705401059        0.64824726616691
B            0.84435269618645       -3.18568538959620        1.56945958205042
B            1.14241444970193       -1.74662773243055        2.17407496717093
B            2.28064902533633       -4.06570153673939        1.64611272508228
B            2.55477093908222       -0.96674940422882        1.87548500992415
B            1.23177974404521       -0.12292114882536        2.17744145326209
B            0.68876388117349        1.49149237750594        2.33188899455137
B            0.15707788517188        2.74388961562021        1.47041549295899
B            2.01995657108583        1.10332739129553        1.46883866724011
B            0.68051731921321        1.80181701142455        0.22034966336423
B            3.40795491454647       -4.55887267580821        2.75493980163031
B            3.78496008397794       -3.40131396871028        1.62993055317293
B            3.87964374172511       -1.84732079135860        1.25747583210380
B            4.76818975612659       -3.71442809135418        2.82386518971398
B            4.96235472128675       -0.96077013609892        0.33338996161964
B            3.97502089131751       -0.22522252855660        1.40041510889128
B            3.54907697994138        1.40638866159676        0.86575460199388
B            2.25251359058290        1.80817151329411       -0.11006328322909
B            5.04288203173378        0.76161211820705        0.61977082849448
B            3.69713427110106        1.85361778316345       -0.68638710803339
H           -5.23266706706615       -3.45045899234332        0.53147195780041
H           -5.05423193150091       -1.98140583518666       -0.91154805445749
H           -3.42739056493788        0.24660958278433       -2.36935848586764
H           -6.25298420155710        0.93941211153727        1.04948237872816
H           -4.91246882413796        3.50475699120866       -0.15999031827092
H           -4.31473568983633        3.99809286022071        2.87037474808789
H           -1.64555133319082       -4.43679256630900       -1.44365605992031
H           -1.11761083752288        4.77246914985483        0.68117804064152
H            1.19649564912208       -5.56654295934753        0.19044112580849
H           -0.06775642473641        1.19634761348629       -0.45978461979637
H            3.24704200302363       -5.57572612277085        3.31255087634103
H            5.77643802828098       -3.49803432497690        3.36836194589524
H            5.73436472905102       -1.44343089024685       -0.39664088550393
H            6.08447148364200        1.29360207870747        0.73434601766977
H            4.36837450557187        2.15856589152202       -1.59038981149055
102
 energy: -135.764273311485 gnorm: 0.004683241814 xtb: 6.7.1pre (5071a88)
C           -0.63869332984799       -5.54186771842182       11.35723602323225
O            0.21107888821039       -5.85516090024161       10.28299377753129
C            0.18110230582875       -5.05323175134890        9.18168592737613
C           -0.62383069430895       -3.94278139766106        9.02632835629706
C           -0.59909527223007       -3.16485821909378        7.85690992569799
C           -1.46925552026653       -2.02253502702022        7.78174311389112
C           -1.61577086796908       -1.14660825430749        6.76331026123295
C           -2.59572376873552       -0.08018704007167        6.85525383145389
O           -3.25312871453072        0.16156673133548        7.85793773064861
C           -2.70532006853167        0.78795429908418        5.60778587200038
C           -1.43123015275988        1.58160988998131        5.62240261472728
O           -0.52869139989882        1.43891127142477        4.63344482980794
C           -1.14830668244134        2.44389505329321        6.66559630722613
C           -0.05044029554823        3.28363011320646        6.69805225601881
C            0.25600702032376        4.23736641529946        7.70549125823771
C           -0.45470603927234        4.35528124969310        8.90791420356361
C           -0.11191598770058        5.31719141635792        9.83453827496563
C            0.93603728809198        6.19672016151122        9.60942541333740
O            1.28601273616924        7.16317472080625       10.50986770273219
C            1.67115552811808        6.09657923592665        8.41155039619359
O            2.68774334028691        7.00048789733663        8.26423383599684
C            3.42926983538761        6.97587845517251        7.07471832142622
C            1.33009587946011        5.12828503309071        7.49309068675827
C            0.27003051026576       -3.54131086766734        6.83223622691344
C            1.08266051603775       -4.64909930806838        6.97790109547435
C            1.05445937255312       -5.41260442687313        8.13425891946316
O            1.84338841919389       -6.50923910209482        8.30114826309744
H           -0.44890787459213       -6.30204298360512       12.11347580860981
H           -0.41544059043694       -4.55380126454351       11.77437217535899
H           -1.69293831747025       -5.58058500114236       11.06295358005468
H           -1.29789653251575       -3.64749839048078        9.81440981389020
H           -2.08938803999507       -1.83985217880381        8.65095917730810
H           -1.04821708778281       -1.22989535068149        5.85001107131331
H           -3.58258452539920        1.43191370648190        5.68946227116207
H           -2.77846096936724        0.16995497300797        4.71278665863129
H           -1.87252987944367        2.47117947573193        7.46453557954309
H            0.62323389119383        3.24665011042556        5.85248801793862
H           -1.27282770980213        3.68778751004224        9.12258461135351
H           -0.66835710620261        5.39547205034996       10.76018661512307
H            0.69626126423949        7.10762372834135       11.27084951087496
H            4.15680457512026        7.78140700239241        7.16512103099786
H            2.79588342571345        7.15754183851455        6.19893255278580
H            3.95867642612118        6.02512750779152        6.94590259343139
H            1.88167768969652        5.04005142888400        6.57018650628880
H            0.31599304002711       -2.97017879258008        5.91992755697850
H            1.75743617024301       -4.93174565904651        6.18070492529689
H            2.39284137676569       -6.62832368133803        7.51721376398341
B           -4.47128020291665       -2.80404176830429       -0.06199095467912
B           -3.97178300244148       -1.32916568325614       -0.47146477780662
B           -3.16459145559474       -0.12216834457355       -1.27655189978777
B           -2.89577327583077       -2.69051531109509       -0.25197364485336
B           -2.21755905861228        0.11204277796733       -0.06929661480906
B           -4.02815786571289        0.14899925002985        0.37366350177642
B           -5.15561720610492        1.25378831245627        0.72860838538580
B           -4.66022375800464        2.78989556745381        0.72351523354021
B           -2.81594001866980        0.19190568524941        1.48687819782568
B           -3.81323594500592        3.37635180023846        1.97700731712085
B           -1.60944088813770       -3.67556986409978       -0.54352838666142
B           -1.37118537745491       -2.34473447434169        0.33561488155744
B           -1.37501130412774       -0.85332463298590        0.96508948609456
B           -0.29777504179687       -3.57029235781869        0.49128611580988
B           -0.30056411375588       -0.88847906791152        2.30173348507347
B           -1.67850892213524       -0.23148536750009        2.59107012420884
B           -2.13780612909249        1.38955947444679        2.37804137808981
B           -2.30890456799665        2.86536113341769        1.85263953566575
B           -0.72267467635486        1.16330179296215        3.28489411731300
B           -1.01219538204666        3.73898194105192        1.24106031007477
B            1.01438526296029       -4.52712110091292        0.69774491938967
B            0.82964883533440       -3.20088352530325        1.60997247567807
B            1.13060354805579       -1.75900450743286        2.20477368019953
B            2.26732443534729       -4.08595918839937        1.69372800286349
B            2.54691744046158       -0.98627687396038        1.90563424723178
B            1.22547964075911       -0.13611322596432        2.19028201421092
B            0.68170991117391        1.48044007027261        2.33317701958319
B            0.15552228286470        2.72839392381451        1.46282491306894
B            2.01536939419691        1.08871650468621        1.48147784465404
B            0.68761913837486        1.77977245988116        0.22084491028279
B            3.38810610927496       -4.56576703051252        2.81639430586154
B            3.77028336439014       -3.42286386124213        1.67873740106438
B            3.87375147310365       -1.87096897619514        1.29851162462843
B            4.74567597554757       -3.71746692831180        2.88446076332528
B            4.96516880201038       -0.99219107757923        0.37583200389216
B            3.97085686216888       -0.24767723034609        1.43058476100889
B            3.55094037672522        1.37530535835108        0.88445080159383
B            2.26230337789920        1.77927000018531       -0.09983088535849
B            5.04702924123257        0.73174171657242        0.64927749722060
B            3.70970667569242        1.80732532209985       -0.67089865262129
H           -5.24235213031979       -3.45752563253911        0.52904016585564
H           -5.04862247671415       -1.99353790839208       -0.91930484437163
H           -3.40689293337127        0.22838727737533       -2.37095473183541
H           -6.25436206521929        0.93061648187552        1.01949782787075
H           -4.89074702653115        3.48406527589419       -0.20110320301819
H           -4.31974280170433        4.00886672527187        2.82751934799984
H           -1.64470900380445       -4.46141069981115       -1.41286839605144
H           -1.11467282580007        4.75669809589637        0.66280323866046
H            1.18082098234224       -5.59078453618910        0.24363336996435
H           -0.05665493241986        1.17242691817149       -0.46198917113125
H            3.22287189620608       -5.57572749824369        3.38536138788347
H            5.74854902311404       -3.48776674367675        3.43398171463003
H            5.73801305187150       -1.48333941545984       -0.34800155991176
H            6.08734330212447        1.26589992804258        0.76959235454699
H            4.38413691226948        2.09867207834772       -1.57639718637942
102
 energy: -135.764630252327 gnorm: 0.004190372832 xtb: 6.7.1pre (5071a88)
C           -0.64699503302601       -5.56607511918377       11.30268801924158
O            0.20985262322421       -5.86023981116405       10.22836578071497
C            0.18157329909134       -5.04377352919797        9.13767582977282
C           -0.62666550546179       -3.93419929585228        8.99355038250098
C           -0.60030875122487       -3.14148037411301        7.83412659200484
C           -1.47287484098462       -1.99976178520645        7.77023259277692
C           -1.62334343048808       -1.11757211600614        6.75796020253216
C           -2.60220716674921       -0.05060631600618        6.85951463026641
O           -3.25415069427720        0.18747701734394        7.86675338484513
C           -2.71708924042536        0.82333751392235        5.61690074672522
C           -1.43618262906617        1.60707639465027        5.62216050460994
O           -0.53952318581853        1.45569535652223        4.63107902385193
C           -1.14617838886458        2.47015612634641        6.66335800584605
C           -0.04483177306463        3.30522972447082        6.69332079560354
C            0.26725823810132        4.25757409628126        7.70107473106080
C           -0.43401496093097        4.37162549934539        8.90946814549826
C           -0.08412752003641        5.33105618018801        9.83595613559167
C            0.96052035725668        6.21269683536399        9.60424572732927
O            1.31725521513576        7.17677597817116       10.50474807850132
C            1.68565260706303        6.11740752404432        8.39982425153447
O            2.69881763624183        7.02359289299170        8.24472125978760
C            3.42711049890160        7.00440626905546        7.04697024063166
C            1.33844724641971        5.15023165426330        7.48235974749736
C            0.27382835178298       -3.50197470601044        6.80796036602935
C            1.09086610625579       -4.60785940000419        6.94289192316255
C            1.06119975734194       -5.38583826529204        8.08951554423695
O            1.85507136363702       -6.48032793051552        8.24619145687309
H           -0.45868183865396       -6.33709843809503       12.04830165819635
H           -0.42932634585473       -4.58387454682990       11.73606370845516
H           -1.69949773338299       -5.60414003294183       11.00217993231631
H           -1.30458794848491       -3.65157392864975        9.78306877574713
H           -2.09022721628924       -1.82449924341284        8.64290931796362
H           -1.05960596636131       -1.19576967879406        5.84196998855621
H           -3.58698932006771        1.47526077360882        5.71091229774426
H           -2.80604302134620        0.21000388996303        4.72005966641807
H           -1.86813494795422        2.50169832657232        7.46413293244291
H            0.62602459708011        3.26806655681511        5.84550389238182
H           -1.24946938115103        3.70220917216255        9.12873432542093
H           -0.63213302987075        5.40632470627654       10.76693124284240
H            0.73266458340136        7.11963605719012       11.26973695328088
H            4.15222500559491        7.81289746531820        7.13047064501551
H            2.78345516360821        7.18480522621522        6.17829857250116
H            3.95919143080935        6.05602247693876        6.91059865232442
H            1.88282598476943        5.06509102866967        6.55488208684864
H            0.32152614877314       -2.91886536832230        5.90338228558436
H            1.77031814172426       -4.87681034136282        6.14493233845090
H            2.40857061716012       -6.58642563714984        7.46318609645507
B           -4.47589456746666       -2.81790336257018       -0.06205318270598
B           -3.96823894292570       -1.34593319907184       -0.47202906521945
B           -3.15549450716872       -0.14230609883793       -1.27534060871580
B           -2.89795273952524       -2.70743554421634       -0.23681193682111
B           -2.21489083298378        0.09375008642560       -0.06336046987600
B           -4.02510631723923        0.13676467944550        0.36560201922087
B           -5.15480762469981        1.24482573191610        0.70553659604798
B           -4.65253648704719        2.77802877410572        0.69040082549635
B           -2.82074628380552        0.17964737810443        1.48844351951088
B           -3.81478562804836        3.37461755301572        1.94491484292778
B           -1.61267832945972       -3.70012022368901       -0.50937236636924
B           -1.37749139220503       -2.36251678825911        0.36209856408144
B           -1.38174958269985       -0.86689157390674        0.98250031791832
B           -0.30952862853314       -3.59099549152315        0.53418059673310
B           -0.31026906161335       -0.89325026359429        2.32188163934256
B           -1.68832610807055       -0.23133118018990        2.60444523851363
B           -2.14715813992183        1.38363110136439        2.37407098474682
B           -2.31144149946918        2.85578491272679        1.83564331604410
B           -0.73384772228075        1.16171975207274        3.28687990953756
B           -1.01148318119609        3.72339132542962        1.22414734568894
B            1.00179940557646       -4.54965781371654        0.75257025129398
B            0.81435779096177       -3.21648480023914        1.65414381094776
B            1.11781964597365       -1.77172804562985        2.23768280163139
B            2.25390172656670       -4.10667239183287        1.74307327169839
B            2.53826094622023       -1.00587605851618        1.93662998954073
B            1.21823684737483       -0.14971280059726        2.20234049613820
B            0.67440031953756        1.46880761808336        2.33493849989951
B            0.15409541975987        2.71261189350502        1.45588645163600
B            2.01109319809690        1.07400655969598        1.49493242663844
B            0.69540088879123        1.75599586601200        0.22335545866827
B            3.36889905720481       -4.57366261211094        2.87932863275824
B            3.75493530346658       -3.44427819947073        1.73083202652008
B            3.86715601621946       -1.89459457419304        1.34184912365753
B            4.72286187177037       -3.72101398639339        2.94759572944691
B            4.96903635092862       -1.02489751568072        0.42170358961121
B            3.96725358030664       -0.27031760177847        1.46289890528933
B            3.55308418152114        1.34291065679037        0.90444854967715
B            2.27304623999882        1.75044777808408       -0.08789159600784
B            5.05198726616362        0.70100853178269        0.67955143288341
B            3.72323029620455        1.76132786129375       -0.65345871343211
H           -5.25381698951133       -3.46821014038392        0.52310884452824
H           -5.04375219053465       -2.00807584481036       -0.92737420843924
H           -3.38921667813085        0.20654806041862       -2.37217102656525
H           -6.25720713423278        0.92485469172929        0.98600992240454
H           -4.86820303744017        3.46316564531175       -0.24396919438819
H           -4.32308263507503        4.02115799009890        2.78391565201041
H           -1.64452660745505       -4.48887576771108       -1.37649854063675
H           -1.11045411185922        4.73885157482273        0.64077430277703
H            1.16033478077085       -5.61648696825267        0.30192767225889
H           -0.04367650151490        1.14564797782642       -0.46282756369192
H            3.19709587052423       -5.57775067881162        3.45701572728288
H            5.71951230884318       -3.47785347873569        3.50280044537896
H            5.74629834497137       -1.52497111194324       -0.29175596975515
H            6.09080587272008        1.23745398583659        0.80490799162333
H            4.39973982793426        2.03971425223171       -1.56071774772241
102
 energy: -135.765000456551 gnorm: 0.004237594007 xtb: 6.7.1pre (5071a88)
C           -0.65500505344418       -5.58977003193965       11.24523400530406
O            0.20849244435452       -5.86495577329391       10.17098780314528
C            0.18215435012913       -5.03365469612667        9.09136155338526
C           -0.62892445517208       -3.92472293161571        8.95873085610426
C           -0.60087496857365       -3.11709149251120        7.80962359789484
C           -1.47585386851094       -1.97606231747595        7.75736620487713
C           -1.63115481833290       -1.08784023458248        6.75125792420081
C           -2.60893954114838       -0.02042966216373        6.86303214051478
O           -3.25513653630997        0.21308047026779        7.87519474521010
C           -2.72954823505587        0.85967340921664        5.62581251298200
C           -1.44235922759278        1.63351675959387        5.62222604925453
O           -0.55091554325469        1.47275666868085        4.62998592296474
C           -1.14477253173129        2.49748208096613        6.66134528629092
C           -0.03913701466683        3.32686853972637        6.68795802334341
C            0.27953699095046        4.27840522580974        7.69500579320853
C           -0.41262462290296        4.38899509913894        8.90917998077870
C           -0.05575721793983        5.34616345713809        9.83518232475655
C            0.98603538673130        6.22938857717636        9.59686169029591
O            1.34985183030920        7.19075332601126       10.49766615122644
C            1.70108836413818        6.13892292177433        8.38607795509038
O            2.71077123792892        7.04757894320330        8.22348984368963
C            3.42583866855232        7.03373619984027        7.01761113245216
C            1.34759707861411        5.17284992841512        7.46962322318953
C            0.27793237458432       -3.46175525077754        6.78203415245504
C            1.09878270825896       -4.56622327746644        6.90583198974474
C            1.06766892459940       -5.35865500408334        8.04249467875667
O            1.86610298667668       -6.45109843110647        8.18898456840055
H           -0.46780261286255       -6.37132135732352       11.98018832895015
H           -0.44297701415003       -4.61364494139965       11.69453281472586
H           -1.70580988189352       -5.62725905977625       10.93881758481602
H           -1.31035909235446       -3.65457779973100        9.74972054436522
H           -2.08964785953137       -1.80810626569285        8.63389502129765
H           -1.07167615516490       -1.16107304302442        5.83231034092631
H           -3.59251802232029        1.51857642848023        5.73177725631809
H           -2.83350071876878        0.25158475102530        4.72691728367414
H           -1.86455616076018        2.53428303642163        7.46379958065038
H            0.62838330217065        3.28708583363681        5.83758896006667
H           -1.22513605703123        3.71737311444012        9.13286865254697
H           -0.59572024499569        5.41893209056205       10.77108779865656
H            0.77063536611480        7.13178607632851       11.26672297157987
H            4.14842663240800        7.84516855854303        7.09423362336020
H            2.77188689262852        7.21285980650339        6.15633153750673
H            3.96043768690125        6.08769646679541        6.87384072056874
H            1.88435570044277        5.09034935044514        6.53740007404951
H            0.32763114173634       -2.86681322388879        5.88533729571286
H            1.78224485684981       -4.82185069649338        6.10694987492734
H            2.42365394452396       -6.54461067014509        7.40713113250034
B           -4.48158052636307       -2.83389801057506       -0.06266195493203
B           -3.96518856262262       -1.36413719996101       -0.47018889695157
B           -3.14620847697985       -0.16601394539759       -1.27372923633158
B           -2.90103897660493       -2.72601111929718       -0.21887778816920
B           -2.21158548776391        0.07421225542083       -0.05786848223983
B           -4.02260242987062        0.12459037352890        0.35872621378304
B           -5.15413623296136        1.23693101249933        0.68083229486528
B           -4.64534716207845        2.76779913801899        0.65697613825973
B           -2.82493427829688        0.17026880457903        1.48908302817930
B           -3.81661087358249        3.37418714138666        1.91168602477975
B           -1.61604723526693       -3.72592039544021       -0.47120583717673
B           -1.38567931253226       -2.38117593958461        0.39197311902050
B           -1.38941933615243       -0.88075518249532        1.00232848449198
B           -0.32310813904249       -3.61179577600567        0.58216658891918
B           -0.32046867651159       -0.89932540234110        2.34353201966335
B           -1.69774395351182       -0.23007418734964        2.61706375960188
B           -2.15606427281829        1.37966719932484        2.36987559704377
B           -2.31392572141484        2.84830827043746        1.81781792638817
B           -0.74583634077191        1.16230202599140        3.28927974381567
B           -1.00953344600283        3.70778724935991        1.20559530381119
B            0.98752801331995       -4.57266583273114        0.81179192224287
B            0.79885313779248       -3.23189272180111        1.70148253831942
B            1.10465210941727       -1.78409098000992        2.27318365485608
B            2.23975854552054       -4.12684620025032        1.79572164873280
B            2.52917214005947       -1.02514373829336        1.96932598662218
B            1.21031883846101       -0.16295321376578        2.21529018387312
B            0.66708713212605        1.45752713509087        2.33812844161206
B            0.15353211283333        2.69686943483801        1.44887443857052
B            2.00747400965288        1.05933790297700        1.50966265572569
B            0.70350962890233        1.73019589065286        0.22758115205754
B            3.34954453032973       -4.58236527791398        2.94495714035087
B            3.73919902206716       -3.46574317928243        1.78671300351923
B            3.85981566502570       -1.91854153293089        1.38815845477821
B            4.69977250281071       -3.72579698382618        3.01387708989055
B            4.97288414909032       -1.05920796846701        0.47072786794209
B            3.96413061097336       -0.29370031444193        1.49799003399619
B            3.55529997315344        1.31033669727431        0.92574660731441
B            2.28406947869491        1.72088555239070       -0.07480873923164
B            5.05671539262287        0.66886644146210        0.71057868869552
B            3.73701562248295        1.71611675989277       -0.63436349316250
H           -5.26624046477210       -3.48253541689269        0.51509120001660
H           -5.03924085551212       -2.02504587097859       -0.93419262030960
H           -3.37328055437041        0.17987387983535       -2.37318411590390
H           -6.26073504047530        0.92200287006609        0.95055636218080
H           -4.84633313109217        3.44223752224694       -0.28790272280849
H           -4.32526227844368        4.03332928800773        2.74066664696947
H           -1.64355913969787       -4.51833020269683       -1.33539256297324
H           -1.10350710534189        4.72025658951391        0.61597529495369
H            1.13684684260833       -5.64255732177759        0.36477411046434
H           -0.02996983984770        1.11542362955078       -0.46123568098637
H            3.16944202124635       -5.58179383629980        3.52855252899902
H            5.69044276150525       -3.47094059201629        3.57418125286272
H            5.75728620258065       -1.56840276078287       -0.22892887289249
H            6.09426711990112        1.20698721586747        0.83953871207898
H            4.41511387223391        1.98146686391269       -1.54392936327610
102
 energy: -135.765390094737 gnorm: 0.004448901839 xtb: 6.7.1pre (5071a88)
C           -0.66223041974593       -5.61173736550158       11.18566442469143
O            0.20729470916666       -5.86866242472285       10.11180269268658
C            0.18294557348985       -5.02278522681997        9.04344200272123
C           -0.63045727240722       -3.91427032076846        8.92234604867133
C           -0.60084649068349       -3.09210399349620        7.78366044654418
C           -1.47796842211130       -1.95185299512388        7.74319293803397
C           -1.63914424570522       -1.05817869970120        6.74302281501562
C           -2.61605113166473        0.00923308458908        6.86537320285342
O           -3.25600819521772        0.23779884978710        7.88267022097552
C           -2.74249197967862        0.89587174939551        5.63385227924572
C           -1.45002254991310        1.66044283430335        5.62271677470720
O           -0.56255534773475        1.48972554152346        4.63042394357567
C           -1.14435642520091        2.52528065696550        6.65957909839577
C           -0.03385307396543        3.34811926954731        6.68176824020161
C            0.29243755718886        4.29933671858316        7.68701954989493
C           -0.39099776425258        4.40708973298143        8.90659574880458
C           -0.02743853283369        5.36234942716823        9.83171663337320
C            1.01198008903891        6.24662626605896        9.58685676180891
O            1.38289717542282        7.20527141935468       10.48782220068648
C            1.71699028435237        6.16052633572715        8.37004846460763
O            2.72326281784035        7.07173643811379        8.20062099844939
C            3.42576735002667        7.06312057146386        6.98730565436143
C            1.35732489412634        5.19544157392898        7.45470722726447
C            0.28189546618165       -3.42160681868026        6.75470642691439
C            1.10585538452626       -4.52512918693913        6.86723490287373
C            1.07352985857017       -5.33153421404043        7.99390654544052
O            1.87580598892799       -6.42226886565215        8.13028359222569
H           -0.47572975161532       -6.40308171813733       11.91026239767789
H           -0.45586627079316       -4.64167684800011       11.65003147696764
H           -1.71142766735820       -5.64869700804048       10.87378663763122
H           -1.31492593537596       -3.65603725915500        9.71471637472411
H           -2.08769960519736       -1.79088073266463        8.62376354603193
H           -1.08456156509226       -1.12687027003455        5.82080578088959
H           -3.59945687842198        1.56026787590109        5.75106815647934
H           -2.85966694548090        0.29350450509399        4.73275032012724
H           -1.86211038316189        2.56834690447591        7.46350609855611
H            0.62988292680999        3.30337280528735        5.82864027113699
H           -1.20043690946935        3.73325104407979        9.13466919374807
H           -0.55994691495614        5.43310004137297       10.77203394606325
H            0.80939412039542        7.14415957553932       11.26106170564321
H            4.14576291691373        7.87733492884714        7.05773350260506
H            2.76210098932193        7.24113536083511        6.13345027310866
H            3.96253524536697        6.11940620455900        6.83642118407279
H            1.88628437295076        5.11500785145635        6.51781687000588
H            0.33371758965986       -2.81521703141188        5.86590656919336
H            1.79268543176602       -4.76813337149532        6.06739420072211
H            2.43699191220893       -6.50400952808115        7.34974748569510
B           -4.48808182627486       -2.85169394114819       -0.06280413126907
B           -3.96248737430665       -1.38357428320350       -0.46558083906089
B           -3.13613469242456       -0.19315193063115       -1.27156026954807
B           -2.90510238202130       -2.74615473613043       -0.19828095536379
B           -2.20736051764833        0.05367563414908       -0.05258960626942
B           -4.02066806589897        0.11233059491651        0.35356211438815
B           -5.15309796948814        1.22982634166466        0.65548343251569
B           -4.63786987533919        2.75886649540184        0.62329899084203
B           -2.82842210590882        0.16416746143831        1.48925237568555
B           -3.81836805206859        3.37464187575540        1.87800371471478
B           -1.61956403738069       -3.75212869454146       -0.43006968204883
B           -1.39558172057413       -2.40037415598867        0.42446294013107
B           -1.39727751802428       -0.89477619280964        1.02395901944531
B           -0.33786968143655       -3.63197590866612        0.63360463240310
B           -0.33062053808468       -0.90623600402622        2.36631413293651
B           -1.70646113065192       -0.22804082185041        2.62833186321250
B           -2.16390848947073        1.37825947158861        2.36567794504464
B           -2.31604251128556        2.84314613045858        1.79952537382365
B           -0.75794573764353        1.16547128513800        3.29215908640996
B           -1.00559970544413        3.69284174154491        1.18660910574393
B            0.97179129298992       -4.59562492712698        0.87430269025936
B            0.78333854780387       -3.24652405933645        1.75092793834223
B            1.09165783124481       -1.79536316123617        2.31069069030833
B            2.22451512395140       -4.14552572764289        1.85166728698974
B            2.51999697159319       -1.04349133093971        2.00367855969697
B            1.20207918948756       -0.17515649787410        2.22985882057701
B            0.66009684462532        1.44732408658695        2.34316046858615
B            0.15432660855788        2.68143111308338        1.44158432612654
B            2.00466448055516        1.04506411092820        1.52576022533244
B            0.71155252982917        1.70269213614282        0.23324092011272
B            3.32976582650570       -4.59171373495699        3.01251950941537
B            3.72318296611473       -3.48695784522358        1.84549695840780
B            3.85206121471893       -1.94253652784197        1.43729760848624
B            4.67652372128015       -3.73208072945700        3.08224625186981
B            4.97620352655726       -1.09443753068475        0.52239716303375
B            3.96136804143988       -0.31756959837677        1.53569893831146
B            3.55738654311888        1.27900365280587        0.94820312522504
B            2.29477431234093        1.69031109860739       -0.06118281364583
B            5.06045436918422        0.63584680085405        0.74247621286268
B            3.75045024950955        1.67204014326874       -0.61409441683226
H           -5.27912613012054       -3.50000413781640        0.50654521440925
H           -5.03526862445424       -2.04402286975129       -0.93837079841343
H           -3.35821239998268        0.14764167612517       -2.37410151422483
H           -6.26445504742979        0.92197218582474        0.91398765414146
H           -4.82690448519940        3.42212591284843       -0.33151159511904
H           -4.32686521715643        4.04507545319996        2.69791676804194
H           -1.64166745402384       -4.54918036968456       -1.29027766071485
H           -1.09359923487998        4.70113996117801        0.58867576349132
H            1.11180820290042       -5.66836258164283        0.43139039788489
H           -0.01658726905306        1.08206327616624       -0.45654161026750
H            3.14040487016939       -5.58784796988239        3.59910210381112
H            5.66212852743668       -3.46796936958976        3.64643738158558
H            5.76941323292666       -1.61244918200614       -0.16106759363889
H            6.09722818454752        1.17472577777000        0.87335035899837
H            4.43022960792554        1.92557371419035       -1.52552540369209
102
 energy: -135.765801767699 gnorm: 0.004458059798 xtb: 6.7.1pre (5071a88)
C           -0.66893531346254       -5.63141133953479       11.12445006858782
O            0.20624885425520       -5.87098558581153       10.05136857821402
C            0.18377865510056       -5.01123678233868        8.99414653068344
C           -0.63169017013924       -3.90307008140084        8.88443561353934
C           -0.60053619281228       -3.06686038997667        7.75607096760212
C           -1.47977631695827       -1.92777563356607        7.72724139851154
C           -1.64763429261271       -1.02908395698492        6.73274798348705
C           -2.62373780212202        0.03784253103034        6.86616050775216
O           -3.25716194344829        0.26121487769107        7.88868772602724
C           -2.75626621722764        0.93129092592733        5.64032351996919
C           -1.45963018685105        1.68752507859270        5.62365892397366
O           -0.57434849291495        1.50641151645794        4.63235220532808
C           -1.14544004747482        2.55321158902893        6.65794905255908
C           -0.02978279354377        3.36898830155553        6.67452686414956
C            0.30528747564250        4.32009775767642        7.67711003413628
C           -0.36934998384957        4.42563112034370        8.90202138334271
C            0.00081276698085        5.37936967656802        9.82590867959735
C            1.03830908878125        6.26416907500227        9.57442936915809
O            1.41633960266343        7.22046332774322       10.47501222372161
C            1.73319386113978        6.18154885106572        8.35175898588150
O            2.73641210545959        7.09511661838607        8.17611111978772
C            3.42676755850278        7.09202902786074        6.95558849447648
C            1.36723684740849        5.21750416611463        7.43752191221421
C            0.28606637164849       -3.38156600223154        6.72583721037636
C            1.11269760634205       -4.48437478954872        6.82721101507815
C            1.07895244168057       -5.30445758190499        7.94394266564255
O            1.88418407616812       -6.39407329901292        8.07010324536979
H           -0.48300410040058       -6.43172298161084       11.83928030972542
H           -0.46837503241821       -4.66710646003977       11.60299838601249
H           -1.71660861063741       -5.66791111074465       10.80728329085590
H           -1.31909876555334       -3.65623880346824        9.67797557506577
H           -2.08498366347308       -1.77315122499095        8.61197461241338
H           -1.09842511559882       -1.09347087201996        5.80700001613301
H           -3.60855325672425        1.59945494104227        5.76811474964048
H           -2.88432608789564        0.33500911180149        4.73674782388879
H           -1.86117822168324        2.60334272533724        7.46328185889803
H            0.62969396602524        3.31762693046989        5.81839819689861
H           -1.17580254574134        3.74992491133377        9.13487773779724
H           -0.52469348603150        5.44844661340631       10.77029972102376
H            0.84910913023312        7.15700295216989       11.25271377937374
H            4.14433211811616        7.90875656769634        7.02063576365939
H            2.75352181720783        7.26962148497874        6.10927798551740
H            3.96548090125158        6.15064050475168        6.79718546140097
H            1.88816435166172        5.13871517513018        6.49590348140786
H            0.33995940073953       -2.76415108864237        5.84483602461941
H            1.80249675821803       -4.71551124953218        6.02646564418643
H            2.44928653490162       -6.46424831115262        7.29106329068062
B           -4.49466670489399       -2.87064077126976       -0.06092806178955
B           -3.95968395154391       -1.40390454992545       -0.45807550336423
B           -3.12426014900530       -0.22346102354027       -1.26893763234570
B           -2.90973274850892       -2.76746831591741       -0.17536821858668
B           -2.20182302717091        0.03234306543655       -0.04721556522556
B           -4.01904191947767        0.09976916590311        0.35000798208631
B           -5.15109668893564        1.22317740477514        0.62999752275007
B           -4.63056447789588        2.75108274586954        0.59015285611365
B           -2.83120471842214        0.16108901544276        1.48943711055816
B           -3.81934934182551        3.37600508706885        1.84430473362580
B           -1.62292883947207       -3.77787710940695       -0.38724738387753
B           -1.40630727773242       -2.41978949881674        0.45875772352687
B           -1.40431599403055       -0.90885821798896        1.04659800564514
B           -0.35269863110671       -3.65123008042638        0.68686271638740
B           -0.34034231446622       -0.91324445485034        2.39027401039201
B           -1.71452998821879       -0.22561484885897        2.63815985251611
B           -2.17029016556122        1.37965676511489        2.36146170583331
B           -2.31736856153979        2.84024501751736        1.78073151470513
B           -0.76944700284159        1.17142575360226        3.29549516332640
B           -0.99958318867780        3.67872975071901        1.16649264616025
B            0.95523958036161       -4.61798303933134        0.93895963756440
B            0.76813923651217       -3.25987287197414        1.80154067999038
B            1.07917127080657       -1.80495633060045        2.34988481898875
B            2.20776860154681       -4.16220786913500        1.91163967154441
B            2.51096224899202       -1.06047672001449        2.04021225569902
B            1.19389180027877       -0.18576680535027        2.24758998875531
B            0.65377476023993        1.43897476908130        2.35024842216034
B            0.15688449406923        2.66663392666123        1.43378038473622
B            2.00273263807557        1.03106095873627        1.54335245550306
B            0.71916340392593        1.67390816709969        0.23986503220064
B            3.30863261996167       -4.60185946722014        3.08251016083086
B            3.70704008188718       -3.50798814465679        1.90760055127333
B            3.84394750081904       -1.96661755813409        1.48966031293665
B            4.65302617025145       -3.74088401987615        3.15315363725634
B            4.97792677689108       -1.13032935551470        0.57595531215075
B            3.95845424010824       -0.34176920184776        1.57564294851276
B            3.55920924181308        1.24999735087300        0.97175045103161
B            2.30453318128214        1.65836614586891       -0.04747962454214
B            5.06246517440872        0.60217632208441        0.77545772761176
B            3.76295292335709        1.62926784311576       -0.59296667469977
H           -5.29144107677003       -3.51919259143696        0.50028677816054
H           -5.03164594375817       -2.06468493742148       -0.93889046673018
H           -3.34225146867331        0.10920430990220       -2.37531551763297
H           -6.26697655169879        0.92357508846518        0.87863573922185
H           -4.81051508661208        3.40345556493063       -0.37363662072920
H           -4.32857841582479        4.05522952797146        2.65628197406055
H           -1.63861654309852       -4.58048419817099       -1.24243961317389
H           -1.08081298759971        4.68223719190520        0.55964405772157
H            1.08741430864820       -5.69353195500329        0.50143679773598
H           -0.00472717967322        1.04640628821218       -0.44850007707259
H            3.11005914449712       -5.59602266503458        3.66966078577338
H            5.63513939137545       -3.47066476348644        3.71974196300768
H            5.77989808595395       -1.65678071632208       -0.09060070438016
H            6.09935358449863        1.14044671175595        0.90631634569657
H            4.44537183378571        1.87160632881205       -1.50572575838690
102
 energy: -135.766227780784 gnorm: 0.004345833647 xtb: 6.7.1pre (5071a88)
C           -0.67445330927369       -5.64827671613362       11.06241247050359
O            0.20593028649474       -5.87158813186583        9.99046539729520
C            0.18514351684668       -4.99883458865676        8.94406493302751
C           -0.63214712559154       -3.89098063823829        8.84548204906402
C           -0.60002416682855       -3.04166671992488        7.72713943181182
C           -1.48117016075303       -1.90405242746868        7.70974144744354
C           -1.65655494593842       -1.00097091996131        6.72053629635300
C           -2.63178744667853        0.06502549218672        6.86540599332185
O           -3.25808142759751        0.28372794584124        7.89322255797744
C           -2.77052862510491        0.96540730748837        5.64501429192529
C           -1.47063426691841        1.71433167918105        5.62486097051035
O           -0.58584901733334        1.52253785385680        4.63527001303409
C           -1.14782874919003        2.58097314280083        6.65609163413447
C           -0.02708305100245        3.38955287609102        6.66623117118807
C            0.31753139837606        4.34053321925547        7.66560307942559
C           -0.34820611559733        4.44473444554817        8.89551428797629
C            0.02848520087250        5.39741491927976        9.81774356825588
C            1.06430013933646        6.28237362043816        9.55947651435394
O            1.44928336562146        7.23708344419394       10.45870604608602
C            1.74916845427531        6.20189441576632        8.33125054783995
O            2.74982309319880        7.11737696536293        8.14981772754006
C            3.42907697730246        7.11955381951032        6.92314572538981
C            1.37707525068050        5.23860093284429        7.41855455738052
C            0.28954206217808       -3.34250840109141        6.69555886352893
C            1.11844671532074       -4.44466797861568        6.78604537057970
C            1.08374902316770       -5.27764983499463        7.89303148310071
O            1.89108819041109       -6.36678815051649        8.00869456834079
H           -0.48909275858009       -6.45675965114015       11.76809216218855
H           -0.47943305806550       -4.68945952377094       11.55398338752928
H           -1.72066470989988       -5.68399118782610       10.74018873322577
H           -1.32208035107676       -3.65476233686112        9.63995448551925
H           -2.08149228146067       -1.75499788297396        8.59870019929725
H           -1.11346285222047       -1.06150605372213        5.79092793135414
H           -3.61928169098284        1.63596917743124        5.78285292749564
H           -2.90735677339919        0.37532109436846        4.73882908542138
H           -1.86151359322945        2.63864209014129        7.46280009287276
H            0.62796027717044        3.33110031547083        5.80712987068841
H           -1.15204595736974        3.76791069151973        9.13367615830104
H           -0.49040132065532        5.46517034440016       10.76584855996915
H            0.88887773653721        7.17133409228005       11.24111212129041
H            4.14440885493656        7.93846458830433        6.98393009355253
H            2.74737791784216        7.29708294880881        6.08404478909009
H            3.96913427392726        6.18045478043702        6.75751129971830
H            1.89025240361487        5.16088279197178        6.47264450649323
H            0.34510705981370       -2.71450680232414        5.82225295190600
H            1.81085642536477       -4.66474301949184        5.98455897739245
H            2.45888487614117       -6.42638520288007        7.23102669257715
B           -4.50109641982109       -2.88970838245444       -0.05557138462013
B           -3.95657018695685       -1.42453830188143       -0.44795771653250
B           -3.11048523991306       -0.25580826319904       -1.26569205074062
B           -2.91485841544559       -2.78933476585676       -0.15052220197094
B           -2.19528438818145        0.01058300263704       -0.04126909712453
B           -4.01750203181145        0.08663779550877        0.34780860004479
B           -5.14777752627807        1.21649830464374        0.60518355725460
B           -4.62270150893324        2.74354925974330        0.55710518807898
B           -2.83352664862751        0.15972784362480        1.49021587385769
B           -3.81895744479422        3.37748628395745        1.81074680709439
B           -1.62668323508494       -3.80292215474935       -0.34361559272012
B           -1.41706912790685       -2.43915019174150        0.49371233697675
B           -1.40992633052876       -0.92290521134845        1.06908150335299
B           -0.36695462750082       -3.66968960269876        0.74018178639706
B           -0.34949929841136       -0.91954512122499        2.41498711016857
B           -1.72223732306804       -0.22346275078176        2.64685090822944
B           -2.17514891108787        1.38291762448127        2.35756964212975
B           -2.31759191538129        2.83831319062343        1.76170178562380
B           -0.77967877558164        1.17929957323981        3.29922788785972
B           -0.99165972372460        3.66518236267032        1.14617905486437
B            0.93818096022790       -4.63945608207227        1.00423916495745
B            0.75320867306153       -3.27202817034040        1.85237558762368
B            1.06730680111461       -1.81293451859037        2.38995863729991
B            2.18927867340221       -4.17687632646753        1.97466020956197
B            2.50216349892568       -1.07619720693068        2.07889185364541
B            1.18607291224496       -0.19490987081532        2.26897337310645
B            0.64817139822394        1.43233319397398        2.35889644030513
B            0.16111667066083        2.65214591178258        1.42534457561240
B            2.00139332695551        1.01701458004040        1.56232937254787
B            0.72618330091215        1.64436453977771        0.24674835906882
B            3.28584153661783       -4.61262124435999        3.15372488304329
B            3.69047164075918       -3.52871422999741        1.97163450331134
B            3.83565374475795       -1.99067017299196        1.54464274743619
B            4.62892227608255       -3.75170205814105        3.22551914173135
B            4.97789272606131       -1.16614230794211        0.63097861339457
B            3.95476086827945       -0.36605958376451        1.61710115235988
B            3.56068849995920        1.22369128581842        0.99649366111714
B            2.31313524544094        1.62473565812627       -0.03399255263498
B            5.06255334208953        0.56845592358111        0.81048345874395
B            3.77444739638016        1.58706596988158       -0.57107940124270
H           -5.30307913961565       -3.53789147635864        0.49894980187119
H           -5.02855754676941       -2.08600864607561       -0.93527617016328
H           -3.32416822088511        0.06558447955277       -2.37661579994872
H           -6.26764109854664        0.92562786339241        0.84587931850224
H           -4.79639695969635        3.38647821101249       -0.41422761353147
H           -4.33096591682737        4.06413458938121        2.61462561381538
H           -1.63556994231617       -4.61203781515401       -1.19264366722528
H           -1.06612714075039        4.66334319844446        0.52987006225630
H            1.06486482789690       -5.71794340171128        0.57376329747118
H            0.00513784577263        1.00951768276486       -0.43784660871736
H            3.07938051416531       -5.60582153512988        3.73997343705024
H            5.60931096903924       -3.47785583571997        3.79301924586244
H            5.78702679704411       -1.70027632830941       -0.01986219087396
H            6.10044372966923        1.10482554329148        0.94013725209527
H            4.46112212389484        1.81979585857686       -1.48353478138844
102
 energy: -135.766662271659 gnorm: 0.004521615052 xtb: 6.7.1pre (5071a88)
C           -0.67978457320879       -5.66350725908262       10.99960775008883
O            0.20577324886758       -5.87130635100456        9.92898524639226
C            0.18624388776578       -4.98633840315709        8.89290667956719
C           -0.63292452289673       -3.87885219438042        8.80537937354480
C           -0.59993602278268       -3.01663994608541        7.69682229866398
C           -1.48319572444491       -1.88086825971568        7.69066196025396
C           -1.66619758481417       -0.97345022584127        6.70668517609154
C           -2.64030654199740        0.09151253561401        6.86343887794042
O           -3.25919565552672        0.30606262243970        7.89651474278981
C           -2.78548578269549        0.99882671890960        5.64819715840806
C           -1.48264596034915        1.74118826554782        5.62586094197326
O           -0.59740405891994        1.53893201296631        4.63806695144118
C           -1.15155862593490        2.60889315305088        6.65368308291463
C           -0.02613303070990        3.41069634344374        6.65713693631228
C            0.32845922047003        4.36110789145556        7.65350088807515
C           -0.32744703091949        4.46438761101837        8.88881130466590
C            0.05638335706891        5.41618400190023        9.80917092900788
C            1.09055724287073        6.30102544997864        9.54361683315585
O            1.48266643123162        7.25503112560027       10.44038847655890
C            1.76526654959749        6.22138440375814        8.30971237064847
O            2.76410234245311        7.13787951677899        8.12227610918055
C            3.43172003598119        7.14574742648166        6.88877482943892
C            1.38638222675994        5.25899738039478        7.39867680705506
C            0.29314023941892       -3.30325793288591        6.66382508225705
C            1.12463164351524       -4.40437901618337        6.74368254022719
C            1.08835424519954       -5.25067866925207        7.84083304012153
O            1.89742369006614       -6.33981312827546        7.94527024657620
H           -0.49535843268887       -6.47985248813585       11.69653070845538
H           -0.49001095758849       -4.70989980579842       11.50375097610747
H           -1.72451544155334       -5.69810043173766       10.67219670913300
H           -1.32553798768783       -3.65315644227488        9.60070075865133
H           -2.07857977483534       -1.73696678213622        8.58384243789296
H           -1.12958006230956       -1.03008595458897        5.77304012766038
H           -3.63121133372435        1.67129507644023        5.79599683679335
H           -2.93002235432389        0.41490476530875        4.73928721596331
H           -1.86293261591676        2.67383166715375        7.46197302436457
H            0.62443285051439        3.34633478263124        5.79506802841283
H           -1.12918642860642        3.78732013430580        9.13314126545142
H           -0.45551582338353        5.48273916755405       10.76124400937628
H            0.92959948989746        7.18752169522847       11.22781157338108
H            4.14529282196641        7.96654896921561        6.94548426977187
H            2.74094238657378        7.32416213579307        6.05704020389596
H            3.97312047244511        6.20888187508126        6.71475984101747
H            1.89180391733751        5.18224426623769        6.44840027440543
H            0.34987066216619       -2.66473395221837        5.79815557946954
H            1.81985180527651       -4.61345488616037        5.94157500749612
H            2.46923079278386       -6.38740317924566        7.16895410820793
B           -4.50637263786790       -2.90772999483905       -0.04582719129495
B           -3.95264211251932       -1.44475977701287       -0.43659987608958
B           -3.09494342988340       -0.28852929432991       -1.26215146926904
B           -2.91934457750687       -2.81064249555352       -0.12479051536203
B           -2.18814537040392       -0.01118432100407       -0.03447702376978
B           -4.01558400681861        0.07288623290312        0.34562996452461
B           -5.14303884472476        1.20943568582224        0.58147237674929
B           -4.61438182981594        2.73555390407907        0.52408133308272
B           -2.83589054347292        0.15799710618774        1.49182462295017
B           -3.81675649877119        3.37843887047284        1.77724397793698
B           -1.63043935607688       -3.82708961037127       -0.30045842075719
B           -1.42600584334029       -2.45816490248939        0.52816541741829
B           -1.41380129259470       -0.93692002681851        1.09056767976306
B           -0.37932750825812       -3.68794542886702        0.79195959728315
B           -0.35866352553801       -0.92441725363339        2.44074229592536
B           -1.73061896519713       -0.22180051154036        2.65580985949509
B           -2.17925107014791        1.38659878807891        2.35374554179156
B           -2.31650088185438        2.83600637804674        1.74218142496851
B           -0.78874261352360        1.18788942590752        3.30309052203490
B           -0.98281643317687        3.65176957532102        1.12527483452139
B            0.92178800958818       -4.66014830515988        1.06932982519691
B            0.73854238014070       -3.28371653490363        1.90354773769767
B            1.05545967825799       -1.82009900298862        2.43089155584897
B            2.16949588250589       -4.19085958643363        2.04109010894449
B            2.49327076341006       -1.09129533691789        2.12003772773878
B            1.17856454229855       -0.20329298582181        2.29448435952386
B            0.64323783657519        1.42678390798253        2.36809737323472
B            0.16634965558538        2.63773096380097        1.41671938877766
B            2.00015505367263        1.00180971631010        1.58211078302938
B            0.73252994164937        1.61490492988757        0.25320928209642
B            3.26112463775995       -4.62451132808408        3.22708589028701
B            3.67363581383672       -3.54969712630210        2.03868715392983
B            3.82694531840646       -2.01524310562818        1.60230102092734
B            4.60434956018804       -3.76521576390543        3.30040777879189
B            4.97554784475026       -1.20234957438405        0.68649529709086
B            3.94953308400086       -0.39050014197588        1.65898795824903
B            3.56183018139745        1.19889117727081        1.02176294111142
B            2.32051765137622        1.58936927536465       -0.02086384308961
B            5.06103046118871        0.53442132996526        0.84727118864005
B            3.78481253234994        1.54428945365975       -0.54896240577140
H           -5.31313205900516       -3.55355496453579        0.50486817428913
H           -5.02553364886056       -2.10726298336640       -0.92852769417857
H           -3.30253811052073        0.01944237445196       -2.37813759218454
H           -6.26574974339543        0.92634056110793        0.81750274804163
H           -4.78325375413284        3.37118649443019       -0.45331814975573
H           -4.33393704830095        4.07118229926470        2.57260400986138
H           -1.63293058771229       -4.64303291802940       -1.14281357839857
H           -1.05095066374072        4.64461164172906        0.49989032091430
H            1.04629810318239       -5.74200520426050        0.64779577188124
H            0.01280123355821        0.97335196841121       -0.42618503859075
H            3.04895540265326       -5.61714913845184        3.81239921725827
H            5.58432942140103       -3.48948845040439        3.86804576361738
H            5.78884315233733       -1.74437811219162        0.04832695626007
H            6.10064445785012        1.06797331879193        0.97511976216709
H            4.47746212472010        1.76768011486780       -1.45998133505873
102
 energy: -135.767102835571 gnorm: 0.004921918439 xtb: 6.7.1pre (5071a88)
C           -0.68225284351989       -5.67469802596739       10.93763404545597
O            0.20761099383023       -5.86861513032644        9.86851569240893
C            0.18877746188384       -4.97272880504720        8.84212227028201
C           -0.63193165212906       -3.86563946294330        8.76525335102398
C           -0.59993336254741       -2.99264227016934        7.66576710196347
C           -1.48470351415908       -1.85863230647958        7.67057456193721
C           -1.67583843240634       -0.94779144588469        6.69135407238472
C           -2.64805457865802        0.11641859866126        6.86012046110656
O           -3.25877874081693        0.32814229041898        7.89842221188978
C           -2.79967336303428        1.03021439469392        5.64967115774055
C           -1.49440945571718        1.76709604675417        5.62618201859549
O           -0.60812254039313        1.55485738558619        4.64017754620684
C           -1.15602506390776        2.63627009572329        6.65011455371488
C           -0.02646725862387        3.43181507049863        6.64720412043966
C            0.33767415560196        4.38154470607938        7.64056705477670
C           -0.30866457628037        4.48541364004049        8.88028777611907
C            0.08229936200270        5.43692074942286        9.79807946373019
C            1.11491456965512        6.32124041144758        9.52511304223816
O            1.51388139365491        7.27564897244846       10.41813859101375
C            1.78031983081654        6.24039547151561        8.28639992952526
O            2.77816718517386        7.15677246123049        8.09284941667792
C            3.43608796597733        7.16818861613333        6.85494506344391
C            1.39507694488497        5.27800684123113        7.37827816566499
C            0.29415644497660       -3.26721745389649        6.63105844538320
C            1.12769635242873       -4.36718824788842        6.70081445153278
C            1.09190447050877       -5.22464222696045        7.78864565411905
O            1.90215688161649       -6.31403479965636        7.88156374052769
H           -0.49868749651043       -6.49799734332594       11.62627361654066
H           -0.49652355291080       -4.72632128273882       11.45261833002255
H           -1.72564283677885       -5.70739123284788       10.60584039420091
H           -1.32587549476381       -3.64899918189648        9.56140419569352
H           -2.07429149651807       -1.71864513288221        8.56818589619225
H           -1.14675236460253       -1.00138468501815        5.75335020940977
H           -3.64262967644755        1.70394117688625        5.80683273400468
H           -2.95065479595060        0.45225296576535        4.73835650823576
H           -1.86496972135483        2.70811013250421        7.45999112323986
H            0.62006828341725        3.36299280947099        5.78262781651838
H           -1.10918418265921        3.80939214668154        9.13104207632193
H           -0.42295392756471        5.50312364875564       10.75351992946956
H            0.96818692673670        7.20735655751805       11.21039265948771
H            4.14833833028082        7.99029816252610        6.90851677687117
H            2.73907882938404        7.34690130041811        6.02933871524420
H            3.97738920326711        6.23315894715276        6.67465112135276
H            1.89403607943373        5.20104581258614        6.42494764778929
H            0.35078723295545       -2.61925031678805        5.77277470563728
H            1.82460192132710       -4.56660947153158        5.89828789359047
H            2.47325098926673       -6.35281343842575        7.10578627031917
B           -4.51127781988081       -2.92382795102135       -0.02990350230610
B           -3.94850337167789       -1.46395502021647       -0.42311692265277
B           -3.07883184765108       -0.32112927435507       -1.25773909371126
B           -2.92403364296597       -2.83083967533592       -0.09722663408722
B           -2.18120288626278       -0.03259905582908       -0.02678880786045
B           -4.01340068775635        0.05889151738214        0.34385989550867
B           -5.13693550347860        1.20240973832844        0.55931903105751
B           -4.60461804843661        2.72683946414541        0.49076528146004
B           -2.83819890060121        0.15548454287402        1.49424161518903
B           -3.81225016986034        3.37847151132078        1.74383584766723
B           -1.63596911819743       -3.85071817948848       -0.25688154595446
B           -1.43343243230637       -2.47652908017981        0.56183219532468
B           -1.41629334955252       -0.95056578300931        1.11037051105617
B           -0.39054834879034       -3.70587740207391        0.84157134512054
B           -0.36798077447333       -0.92743306698360        2.46659282497891
B           -1.73969051812176       -0.22078441281892        2.66491968849686
B           -2.18238655134164        1.38983372342000        2.35033985386282
B           -2.31393070657957        2.83223936167167        1.72279173390653
B           -0.79625300489943        1.19658256827601        3.30695897861635
B           -0.97325528701094        3.63768965212313        1.10458395377109
B            0.90530407891800       -4.67948715814072        1.13266244641874
B            0.72408039838707       -3.29462178844829        1.95372993640448
B            1.04347415591938       -1.82637522244462        2.47120288035400
B            2.14864571401997       -4.20356404892507        2.10762337341760
B            2.48415273270845       -1.10537715581886        2.16282251138305
B            1.17133730814388       -0.21102983983725        2.32330797027170
B            0.63901403475013        1.42183113519592        2.37729703937943
B            0.17239150237711        2.62285573168538        1.40795097423830
B            1.99903136387759        0.98544446597679        1.60269430433038
B            0.73860771684310        1.58564663696680        0.25927781957990
B            3.23592208544976       -4.63739541355727        3.29773212427858
B            3.65609644075573       -3.56950253488086        2.10528257817459
B            3.81773624271647       -2.03893691879348        1.66096942661897
B            4.57947472415926       -3.77973863903855        3.37387235228119
B            4.97156772772727       -1.23686469835841        0.74290887774331
B            3.94258225809543       -0.41417129368533        1.70114099064256
B            3.56277283540155        1.17623449828774        1.04837485728720
B            2.32710947487207        1.55303249561855       -0.00737175647689
B            5.05834917570420        0.50170107896720        0.88778263818683
B            3.79456452811182        1.50220778545842       -0.52515938839684
H           -5.32255844339668       -3.56452606679328        0.52043392770728
H           -5.02347297597435       -2.12796016082488       -0.91745996887208
H           -3.27865547535957       -0.02883859092469       -2.37892701490934
H           -6.26150408688767        0.92612729423002        0.79370785137029
H           -4.76887474004590        3.35751422528424       -0.49117353462021
H           -4.33673355574273        4.07729103470239        2.52917241227552
H           -1.63380708809308       -4.67433367484205       -1.09141542815764
H           -1.03586132400994        4.62524578545592        0.47073892057067
H            1.03071047856359       -5.76502691027229        0.72174099384300
H            0.01912374167440        0.93808736128861       -0.41404975240616
H            3.02120214160395       -5.63071335470114        3.88068966539073
H            5.55981368383617       -3.50274126231456        3.94118792823723
H            5.78624010673629       -1.78565324958570        0.11386377442596
H            6.10010048884881        1.03173236788356        1.01418436168274
H            4.49495963822676        1.71790275551788       -1.43250992262410
