90
 energy: -121.832157914971 gnorm: 0.072345803281 xtb: 6.7.1pre (5071a88)
O           -2.14035400000000       -1.26492900000000        9.94286400000000
C           -1.35243700000000       -0.86829600000000        9.09132100000000
C           -1.03291100000000        0.55706700000000        8.93489000000000
C           -0.16676400000000        0.92731700000000        7.98019100000000
C            0.20298400000000        2.34142000000000        7.77912900000000
C            1.54555100000000        2.69178600000000        7.57121700000000
C            1.91345200000000        4.02469000000000        7.37086900000000
C            0.94263800000000        5.02339100000000        7.36912100000000
C           -0.39590300000000        4.69078100000000        7.56405700000000
C           -0.76460300000000        3.35786700000000        7.76533500000000
O            0.47518300000000        0.04586800000000        7.12324300000000
C            0.19853500000000       -1.29487700000000        7.23411900000000
C            0.85394700000000       -2.15120500000000        6.34409400000000
C            0.61446300000000       -3.52360100000000        6.40984300000000
O            1.24315000000000       -4.37854200000000        5.55045900000000
C           -0.27226200000000       -4.03383100000000        7.35790300000000
O           -0.51518600000000       -5.37876500000000        7.43268200000000
C           -0.92624300000000       -3.17965800000000        8.24522000000000
O           -1.78417800000000       -3.75704700000000        9.14920200000000
C           -0.68871400000000       -1.80606900000000        8.18088100000000
H           -1.51433700000000        1.24522500000000        9.61756300000000
H            2.32047500000000        1.92796200000000        7.57070400000000
H            2.95823600000000        4.28186300000000        7.21571300000000
H            1.22869100000000        6.06033800000000        7.21187800000000
H           -1.15536100000000        5.46872200000000        7.55491000000000
H           -1.81874800000000        3.12462800000000        7.89788100000000
H            1.54074500000000       -1.73667000000000        5.61255700000000
H            1.81475200000000       -3.87781800000000        4.94845800000000
H           -1.15860400000000       -5.48067200000000        8.16127200000000
H           -2.16619600000000       -3.03694400000000        9.70305300000000
B           -6.92557400000000       -4.65111300000000        0.25865100000000
B           -5.10977200000000       -2.24929300000000        0.32220200000000
B           -3.59150000000000       -2.18136500000000        0.21279900000000
B            0.99925900000000       -2.87544800000000        0.06378700000000
B            2.47585300000000       -3.01222300000000       -0.27085900000000
B            5.29935300000000       -3.83137300000000       -0.66717700000000
B            6.31828600000000       -4.83594800000000       -1.15579500000000
B           -6.43481100000000       -3.15827600000000        0.28637400000000
B           -6.75198600000000       -1.63383400000000        0.31644600000000
B           -2.05257200000000       -2.31732500000000        0.33493800000000
B           -0.48410500000000       -2.46190100000000        0.25744400000000
B            4.01843200000000       -2.90105900000000       -0.28723400000000
B            5.75319500000000       -2.28152300000000       -0.30282500000000
B            6.83007200000000       -3.22878800000000       -1.09290300000000
B           -7.65644600000000       -0.25496900000000        0.34308800000000
B           -6.03740400000000       -0.13947200000000        0.19128200000000
B           -4.43155500000000       -0.53569300000000        0.22393500000000
B           -2.73786400000000       -0.66039500000000        0.32898700000000
B           -1.05179700000000       -0.91569500000000        0.64186700000000
B            0.51706700000000       -1.17215400000000        0.72573200000000
B            3.12314000000000       -1.48307600000000       -0.06347700000000
B            4.70007200000000       -1.13396900000000        0.34015700000000
B            6.26670100000000       -0.78716500000000        0.25170200000000
B            7.67197900000000       -0.35166600000000        1.03271400000000
B           -6.91808200000000        1.21209400000000        0.19154300000000
B           -3.41844900000000        0.78008400000000        0.08092800000000
B           -1.65424800000000        0.53262600000000        0.12393600000000
B            1.86218700000000       -0.40373800000000        0.32458700000000
B            3.58471700000000       -0.15037700000000        0.78515100000000
B            6.99097300000000        0.61106200000000       -0.10682500000000
B            8.30736800000000        1.06286500000000        0.63157700000000
B           -7.61944600000000        2.80402200000000        0.29859200000000
B           -6.12384700000000        2.51850600000000       -0.17653400000000
B           -3.58859800000000        2.32765600000000       -0.23679300000000
B           -0.90613000000000        1.81950200000000       -0.41975400000000
B            1.62343000000000        1.01991200000000       -0.41081700000000
B            3.01084100000000        1.30901000000000        0.52967800000000
B            6.37286600000000        1.85818800000000       -0.91598600000000
B           -6.52766000000000        4.04562000000000       -0.16080700000000
B           -4.87358800000000        3.49481000000000       -0.38844900000000
B           -3.41552100000000        3.88012300000000       -0.60638400000000
B           -2.02346800000000        3.22055900000000       -0.67671500000000
B           -0.49736300000000        3.27955300000000       -0.89698500000000
B            0.71071500000000        2.33244100000000       -0.74567800000000
B            2.33533800000000        2.47809100000000       -0.47543800000000
B            3.81608200000000        2.61947000000000       -0.09409900000000
B            5.36981100000000        2.86458800000000       -0.14886500000000
B            6.05513600000000        4.08000700000000        0.63121200000000
H            6.20410100000000        5.14767500000000        0.14633600000000
H            8.21838900000000       -1.12103200000000        1.72684000000000
H            6.62243600000000        1.98179100000000       -2.06738800000000
H           -7.08996100000000       -5.25063400000000       -0.75377500000000
H           -6.79116100000000        5.18147000000000       -0.28518600000000
H            9.15691900000000        1.84657300000000        0.78998400000000
H           -8.82769000000000       -0.37575700000000        0.32855800000000
H            6.78387900000000       -5.86898800000000       -1.44653800000000
H           -8.72471000000000        3.00122000000000        0.63884200000000
H            7.89180300000000       -2.88353900000000       -1.47372700000000
H            6.42816400000000        3.99964400000000        1.74845800000000
H           -7.22487800000000       -5.28231400000000        1.21868800000000
90
 energy: -121.837456335271 gnorm: 0.033323100086 xtb: 6.7.1pre (5071a88)
O           -2.16506648535933       -1.27003756350374        9.96565345556519
C           -1.36919790855075       -0.86784521374454        9.10427996169986
C           -1.04291994496854        0.53576555036801        8.92191015576084
C           -0.16503371054721        0.92918083921425        7.97092426128374
C            0.20935757385288        2.33624859410015        7.76065770614095
C            1.54511266848276        2.68860568122413        7.55097838298403
C            1.90719400034784        4.01269528466548        7.36719386941215
C            0.94069048251458        5.00746503334764        7.37272910746183
C           -0.39008552889968        4.67069844978134        7.57301607029166
C           -0.75456594324063        3.34867332824634        7.77007470038723
O            0.47814104810672        0.05375712952771        7.13065060684770
C            0.20498216186801       -1.28025936713077        7.23957415676423
C            0.85117500931593       -2.13735893386485        6.35326468451899
C            0.61503456520906       -3.50920676280748        6.41026745686263
O            1.23410676429481       -4.36677883825980        5.55254548013735
C           -0.27063269197215       -4.02686676362718        7.35703395137348
O           -0.51311487287911       -5.36821400909489        7.42735966704110
C           -0.92024238315949       -3.16559496918701        8.24298077987383
O           -1.77372830933712       -3.73408666538316        9.13856477813657
C           -0.68938035615687       -1.78501780830274        8.18763744891915
H           -1.51472979506428        1.22969658492836        9.59623173421073
H            2.30978018751529        1.92416909992473        7.55661739882645
H            2.94694305667529        4.27056510564736        7.21905874160465
H            1.22306816109816        6.04080186723647        7.21940512886020
H           -1.14823149445255        5.44247142474609        7.56589326092328
H           -1.79959445848518        3.10586020115342        7.90916174728962
H            1.53633947622409       -1.72729914604421        5.62569135338579
H            1.81026050076313       -3.87049431007852        4.95758379714620
H           -1.15009540482123       -5.48237464866991        8.15257082882793
H           -2.14593391796357       -3.00337970713845        9.68721517802831
B           -6.92532029749936       -4.65252533180977        0.26083761435205
B           -5.10987935739741       -2.25015090390403        0.31012965072067
B           -3.59128863565694       -2.18096544800955        0.20643176459293
B            0.99719140480827       -2.87675946106959        0.06961226946564
B            2.47674457890397       -3.01114197514971       -0.26444145353621
B            5.29893849603661       -3.83119635756433       -0.66778735257326
B            6.31550697392915       -4.83475255670320       -1.16301602372766
B           -6.43637464745535       -3.15815511473985        0.28455215666293
B           -6.75334743893234       -1.63312130458124        0.31598799746807
B           -2.05409713725849       -2.31781016106014        0.33337218234309
B           -0.48462546742038       -2.46494337178641        0.26714964608891
B            4.02011181149171       -2.90143576579397       -0.27729327264347
B            5.75427945006625       -2.28282562533404       -0.30083490704926
B            6.82986509122075       -3.22906839574747       -1.09173600413819
B           -7.65698760400928       -0.25557394728768        0.34213297793890
B           -6.03778529136226       -0.13991477493546        0.19630424447093
B           -4.43197749257576       -0.53708214622615        0.23085535670688
B           -2.73769776616051       -0.66020144380557        0.32706745044365
B           -1.05073862380433       -0.91624596243922        0.63852368975750
B            0.51600290582585       -1.17177887049177        0.72556124930522
B            3.12379514396617       -1.48101385950160       -0.07104027784120
B            4.70031780025340       -1.13466069830203        0.34024019485157
B            6.26733037971616       -0.78902009182941        0.25462806074255
B            7.67422321436542       -0.35367502099820        1.03114061807830
B           -6.91806089066998        1.21188684834059        0.18865079268626
B           -3.41894702992557        0.77954469053061        0.08228909155527
B           -1.65578074008460        0.53587609204919        0.12826370827029
B            1.86032400361379       -0.40405023947097        0.31963625298658
B            3.58328502843053       -0.14969172901035        0.78124720685888
B            6.98703530714899        0.61118245485846       -0.10199038927341
B            8.31146941570581        1.05958938254471        0.62626328127424
B           -7.61814620058706        2.80404625598153        0.29773825343369
B           -6.12649997038594        2.51896573774357       -0.18295381475606
B           -3.58880702008063        2.32528442397892       -0.24487518284888
B           -0.90465629388213        1.82128648688400       -0.41429513919354
B            1.62235076226505        1.02063465154257       -0.41185999068897
B            3.00809048722834        1.30934530055325        0.53142849203482
B            6.37419252419592        1.86085901758226       -0.91260995770582
B           -6.52650388610932        4.04655819211417       -0.16026374285580
B           -4.87415270490679        3.49203469276358       -0.39487929144654
B           -3.41586667827307        3.87812591472346       -0.61044828768240
B           -2.02290920379151        3.22088297268329       -0.67606975188299
B           -0.49639391275030        3.28081392324906       -0.89630526939481
B            0.71087937326279        2.33329660957107       -0.74710987915694
B            2.33504299039196        2.47966862023281       -0.47405590369537
B            3.81474106176619        2.62148707697937       -0.09025704899445
B            5.36837682296244        2.86393676629368       -0.14663685259828
B            6.05116521162203        4.08178875549027        0.63185910195051
H            6.20207640673250        5.14789492620030        0.14619708978187
H            8.22359026437480       -1.11992555026917        1.72538509486815
H            6.62378702273675        1.98446488440438       -2.06358659658908
H           -7.08301668213338       -5.25392227610377       -0.74978730898888
H           -6.78870833196053        5.18170492708732       -0.28172476266155
H            9.15752725846244        1.84568846645727        0.78757356639718
H           -8.82646327282252       -0.37431422279420        0.32946951689065
H            6.78459508161411       -5.86512333798020       -1.45184500650003
H           -8.72003215066119        2.99866872273528        0.64452811481117
H            7.88994587056217       -2.88643405447487       -1.47169393870899
H            6.42984846953110        3.99514153848431        1.74637923704011
H           -7.22881933504534       -5.27595680015968        1.22186663173706
90
 energy: -121.839148466082 gnorm: 0.010163325031 xtb: 6.7.1pre (5071a88)
O           -2.18213377132861       -1.27592686639159        9.97192585632508
C           -1.38291258980313       -0.86558797695371        9.10676869747383
C           -1.05833303813850        0.51750127317424        8.90932330203742
C           -0.16369381106423        0.92837362047218        7.96868879252496
C            0.21332269747223        2.32678907757757        7.75818442731221
C            1.54576721237035        2.67738862415786        7.53433763299741
C            1.90323267688280        3.99709852677264        7.35735563787953
C            0.93888569408087        4.99216983549830        7.37532086993204
C           -0.38855878160016        4.65270879597418        7.58424210722343
C           -0.75040750441213        3.33721857525574        7.78395177881752
O            0.48536950516731        0.05970763481729        7.14458092919529
C            0.21212687803404       -1.26792717212127        7.24549779211339
C            0.85227365647476       -2.12481671657181        6.36254195627165
C            0.61703535721765       -3.49568168429282        6.40964214859075
O            1.22675417892514       -4.35317307306364        5.55010795762030
C           -0.26880107576771       -4.02019497504531        7.35468113296483
O           -0.51079248085032       -5.35757048293356        7.42032894648201
C           -0.91548747282843       -3.15348385672506        8.23957653305867
O           -1.76692055942555       -3.70494485446828        9.13245695276486
C           -0.68980690598193       -1.76850731561396        8.19113896099031
H           -1.52519924532925        1.22797875616510        9.56870920040622
H            2.29938854638362        1.90631586314670        7.52661757417595
H            2.94029185230848        4.25582346383093        7.21030571873593
H            1.21936774714091        6.02390666652470        7.22937903462626
H           -1.14514806417780        5.42253986102437        7.58965546805422
H           -1.78767090174117        3.08251182348584        7.93568992356559
H            1.53882761471850       -1.71622767936968        5.63889103477856
H            1.81083098335558       -3.85947160383009        4.96427593407747
H           -1.14267955372633       -5.48453447717154        8.14286268603787
H           -2.12648001705450       -2.95445562114738        9.67228336175244
B           -6.92583570638540       -4.65279954327427        0.26348460612169
B           -5.10956328704634       -2.25057140924942        0.30924242042996
B           -3.59128799958888       -2.18175930616545        0.20162731398368
B            0.99629150060090       -2.87904174128090        0.08072158186952
B            2.47756858422736       -3.01043916944358       -0.25405573512887
B            5.29809167474788       -3.83152693056722       -0.66720262827367
B            6.31352328697047       -4.83473072744736       -1.16503191016025
B           -6.43776209188777       -3.15726881173122        0.28259864752393
B           -6.75498928379436       -1.63213065876229        0.31127919974413
B           -2.05543855060161       -2.31939214911172        0.33043299672821
B           -0.48513778162258       -2.46805953336869        0.27509798263729
B            4.02137829420254       -2.90061935526991       -0.26887423152659
B            5.75559278639015       -2.28530976551155       -0.29571983273481
B            6.82807419200607       -3.22911324701449       -1.09133321028329
B           -7.65741464975704       -0.25634036597101        0.34094078905343
B           -6.03792430474135       -0.14067561155557        0.19735133049970
B           -4.43201870621861       -0.53999360139091        0.22328899862306
B           -2.73727836937575       -0.66093824356917        0.32177195119466
B           -1.04970090569963       -0.91761554394296        0.63516932890507
B            0.51513264063578       -1.17219802267453        0.72635928403188
B            3.12394949907579       -1.47802079047730       -0.07990403164621
B            4.69992750672279       -1.13667359384144        0.34185623599036
B            6.26782843168762       -0.79169154220814        0.25934732151527
B            7.67854515891597       -0.35726693541456        1.02738362665972
B           -6.91732681766341        1.21142317025309        0.18455458790430
B           -3.41809368745558        0.77893587220416        0.08094472880131
B           -1.65713440544826        0.53888161404486        0.13319500815153
B            1.85798243955786       -0.40364579278849        0.31417675352508
B            3.58173848268766       -0.14903354917203        0.77723499142305
B            6.98246061268642        0.61061587313579       -0.09654735534643
B            8.30514432146206        1.06450183217941        0.63304897058030
B           -7.61606080750745        2.80366491343333        0.29946514002348
B           -6.13005718613735        2.51901952473081       -0.19311894188430
B           -3.58756516761659        2.32534845955132       -0.24340045131164
B           -0.90358197796404        1.82393638302474       -0.40730692969610
B            1.62073059918761        1.02265194903886       -0.41230531225855
B            3.00533260293315        1.30985801125911        0.53386484385553
B            6.37317703210537        1.86143310818778       -0.90928866735108
B           -6.52583174713487        4.04710915770980       -0.16177713650342
B           -4.87474022781470        3.48837827895961       -0.40120790467448
B           -3.41743848798381        3.87522129079308       -0.62088966989977
B           -2.02401802122322        3.21967742671796       -0.68396591177394
B           -0.49632043314398        3.28305928849603       -0.89509812821139
B            0.71059154687279        2.33609815641297       -0.74566314169947
B            2.33436175670216        2.48259454029642       -0.47023069079324
B            3.81318349875690        2.62446567504377       -0.08461717580229
B            5.36696217527002        2.86334744670636       -0.14491107006447
B            6.05597135400584        4.08030521739233        0.63012974017199
H            6.19263143431205        5.15029356176514        0.15066010236391
H            8.23236768738973       -1.11803598108204        1.72350829859853
H            6.62915095690574        1.98917986281571       -2.05795883014671
H           -7.07246703694846       -5.26070862629996       -0.74367307163993
H           -6.78452615626383        5.18283844200205       -0.27644682013519
H            9.16744597629862        1.83699183830564        0.77120614014521
H           -8.82594792825717       -0.37145676653094        0.33377533870767
H            6.78191817966267       -5.86022622740748       -1.46843895242305
H           -8.71475983026608        2.99743597801788        0.65290385736777
H            7.88797512841325       -2.89002719043122       -1.46975951667175
H            6.42698994675405        3.99209184879551        1.74672090974450
H           -7.23186755990162       -5.26851503049589        1.22669288237957
90
 energy: -121.839417849275 gnorm: 0.011617806780 xtb: 6.7.1pre (5071a88)
O           -2.19040256635810       -1.28152391281108        9.96583516897686
C           -1.38916593110626       -0.86412967498700        9.10251054560202
C           -1.07189795320219        0.51226813771560        8.90064335911939
C           -0.16388228390537        0.92722107206252        7.96922425170053
C            0.21311159356689        2.32039365538475        7.76115549354381
C            1.54456297699335        2.66707046581692        7.51860292547359
C            1.90147312359186        3.98684350416540        7.34620679315328
C            0.93849718955568        4.98425994227839        7.38083469041271
C           -0.38823405536445        4.64629286656205        7.60244964474079
C           -0.75024492789740        3.33196229622323        7.80266682648586
O            0.49544223131225        0.06113552673389        7.15609307107217
C            0.21952615841654       -1.26369192881964        7.25028708665732
C            0.85822662721266       -2.11986514767202        6.36787848105042
C            0.61943350695534       -3.48955374337802        6.40862587349321
O            1.22434024810317       -4.34506604183386        5.54512634112332
C           -0.26760476121448       -4.01675697002623        7.35220383241123
O           -0.51006482766716       -5.35250116270893        7.41394842487088
C           -0.91362608788191       -3.14905497330393        8.23734052942108
O           -1.76730838758236       -3.68785321098566        9.13112677163606
C           -0.68808093832714       -1.76351094581618        8.19129014422910
H           -1.54099530848814        1.23649596294795        9.54589443122815
H            2.29216180282074        1.88998075794979        7.49626750330655
H            2.93745068426755        4.24514231785659        7.19004623146427
H            1.21886559674888        6.01558694039238        7.23661461676322
H           -1.14380787544365        5.41704680112477        7.61656200587905
H           -1.78385495435985        3.07091334383882        7.96675201247951
H            1.54795954471638       -1.71051293507397        5.64712283868429
H            1.81595354120638       -3.85138715663640        4.96685525862238
H           -1.13990780401783       -5.48660537227628        8.13595292188122
H           -2.11950714267835       -2.92058372895507        9.66325586365920
B           -6.92070853884651       -4.65474882916926        0.26749465203502
B           -5.10950659679570       -2.25046129972321        0.30421279252402
B           -3.59130881510563       -2.18133134139115        0.19756181406146
B            0.99623579936580       -2.88165942512010        0.09025725931931
B            2.47824081053950       -3.01080686130705       -0.24371136869383
B            5.29684670853656       -3.83195885751220       -0.66490913957232
B            6.30775516084665       -4.83292451727635       -1.17638356446566
B           -6.43767555716668       -3.15717151275248        0.27942064858835
B           -6.75641706952202       -1.63201902582129        0.30589127587960
B           -2.05621547441365       -2.32062070220507        0.32863262465294
B           -0.48575358168541       -2.47038474640983        0.27962563852608
B            4.02215050250172       -2.89988221676792       -0.25967478179432
B            5.75618893313900       -2.28709099730475       -0.28859448793311
B            6.82617337277321       -3.22879281032762       -1.08889231157207
B           -7.65769965051945       -0.25700676721339        0.33977249661567
B           -6.03825923705333       -0.14152740209614        0.19339441575632
B           -4.43203163144839       -0.54119810089619        0.22777420766170
B           -2.73650653074022       -0.66123337876151        0.31892702553496
B           -1.04875520655674       -0.91847941632849        0.63258492790101
B            0.51518672841597       -1.17389149601185        0.72752438428780
B            3.12348809946783       -1.47599501318604       -0.08418359724165
B            4.69860819787399       -1.13843222527745        0.34568480921233
B            6.26703161799331       -0.79271918871328        0.26525544897908
B            7.68037495696183       -0.35779630081256        1.02725122451070
B           -6.91693710519689        1.21063108342893        0.17945477609139
B           -3.41728759538736        0.77927451822784        0.08373142635551
B           -1.65782760642508        0.54015299033941        0.13402587929275
B            1.85614045937466       -0.40310884111103        0.31092239717864
B            3.58010584713314       -0.14859930864970        0.77620080655604
B            6.97803139951285        0.61124442794062       -0.09094996795203
B            8.33291144202966        1.04218968379065        0.59475955128232
B           -7.61424864527341        2.80319630783903        0.30192190774424
B           -6.13374042838194        2.51836669855662       -0.20517536767169
B           -3.58908575867816        2.32225518354081       -0.25743913029942
B           -0.90353529538090        1.82497591271162       -0.40650121125946
B            1.61870797701689        1.02403764582047       -0.41267304216220
B            3.00277592432520        1.30986725188444        0.53526726652658
B            6.37668858518974        1.86652337023037       -0.90341464303948
B           -6.52508199423078        4.04713547112727       -0.16247938905391
B           -4.87673364696723        3.48423390362820       -0.41666247235984
B           -3.41911106522426        3.87378568934617       -0.62794668625109
B           -2.02329928266679        3.22246719436608       -0.67643964762419
B           -0.49695539410655        3.28484099106549       -0.89486211236942
B            0.70989854740259        2.33842366292678       -0.74517373367382
B            2.33340092918340        2.48398493523139       -0.46844916084304
B            3.81165213187937        2.62489832633972       -0.08190777203900
B            5.36462126934671        2.86475372700829       -0.14188167608194
B            6.04039766849905        4.08575447357691        0.63843297198497
H            6.19843593327740        5.14911962623758        0.15181272336561
H            8.23805918656719       -1.11664241223965        1.72219621212474
H            6.63106582438420        1.99076384592424       -2.05263490477924
H           -7.06548700837277       -5.26810777156818       -0.73620131223009
H           -6.78185318708316        5.18373531508887       -0.27072510432011
H            9.15221618324819        1.84988423763486        0.78677970407736
H           -8.82632182090852       -0.36869343817861        0.33946196840648
H            6.77927108914716       -5.85633827560572       -1.48128075722987
H           -8.71002322895134        2.99682729968702        0.66386352461357
H            7.88603442349704       -2.89109215837264       -1.46776538835852
H            6.43839244536291        3.98697991406529        1.74512834504167
H           -7.23876122167677       -5.26054473522354        1.23294468504233
90
 energy: -121.839943915101 gnorm: 0.010348310508 xtb: 6.7.1pre (5071a88)
O           -2.19656081940724       -1.28745126986638        9.95504461457286
C           -1.39338924233396       -0.86330802280203        9.09540390101966
C           -1.08533504924750        0.51220962547035        8.89272623544360
C           -0.16496660589622        0.92633831390355        7.97032281644119
C            0.21095174136919        2.31608128489897        7.76551672814691
C            1.54168222351763        2.65814764797453        7.50175158852368
C            1.89983977870350        3.97898780696707        7.33299836913125
C            0.93875410820480        4.97945722167073        7.38746635271404
C           -0.38756060910030        4.64517795372561        7.62533347919779
C           -0.75091629184298        3.33046714073454        7.82496273163608
O            0.50754085929457        0.06073686515610        7.16714307498607
C            0.22763259569843       -1.26281605104674        7.25508955004839
C            0.86684126485297       -2.11816795503350        6.37217065159529
C            0.62231937713320       -3.48661734079992        6.40787848618694
O            1.22418677535705       -4.33951116678299        5.53945976671671
C           -0.26663037689166       -4.01474304755449        7.34967809656251
O           -0.51025924001383       -5.35003982397343        7.40735726192815
C           -0.91308990124381       -3.14800568989534        8.23553507323009
O           -1.77081115974465       -3.67722045885950        9.13057052515359
C           -0.68529951653722       -1.76319974561006        8.19021639717783
H           -1.55992946845951        1.24719786872185        9.52443670555173
H            2.28490235868032        1.87571779552428        7.46340000466844
H            2.93494024838676        4.23594833188371        7.16231196925547
H            1.22001251771306        6.01079538288245        7.24359358889613
H           -1.14166589739706        5.41824008587412        7.64907258151453
H           -1.78229155909954        3.06639685121794        8.00209509074822
H            1.56058515204765       -1.70749654506391        5.65434410980946
H            1.82325530519119       -3.84490837428250        4.96848127640054
H           -1.13948936209136       -5.48872867772782        8.12941915698523
H           -2.11867137692999       -2.89477249727628        9.65550088650853
B           -6.92100889965228       -4.65457117673315        0.27156005615748
B           -5.10963234344076       -2.25030894296346        0.30145936395916
B           -3.59133792748502       -2.18134271042121        0.19506305842080
B            0.99677676105705       -2.88389368079734        0.09980908642989
B            2.47909327503620       -3.01145703172454       -0.23308034053700
B            5.29553880368219       -3.83293954031845       -0.66234064129197
B            6.30171375919417       -4.83199072303264       -1.18679945645342
B           -6.43804262360466       -3.15682062521083        0.27636176922000
B           -6.75762648632282       -1.63183072045916        0.29976703936581
B           -2.05662228627345       -2.32203241071006        0.32796007024556
B           -0.48627929044709       -2.47207133592525        0.28268558393911
B            4.02296391875604       -2.89916522612607       -0.25085490899585
B            5.75687082601859       -2.28917396164865       -0.28262151911503
B            6.82374847390188       -3.22902583829510       -1.08818251236755
B           -7.65758433400080       -0.25725092660858        0.33916481535560
B           -6.03830126301494       -0.14206144256032        0.18797699057291
B           -4.43190844511591       -0.54268594663587        0.22867144035249
B           -2.73559698039128       -0.66178756217220        0.31419110480335
B           -1.04795415096832       -0.91888671119826        0.62984873142542
B            0.51579488358602       -1.17565655419206        0.72865694712729
B            3.12334326004434       -1.47412865160083       -0.08701946794567
B            4.69810611755655       -1.14002769403881        0.34833366102600
B            6.26751575391282       -0.79422719814593        0.26856803184583
B            7.68417980272478       -0.36065092841087        1.02387879241463
B           -6.91635303459432        1.21005763917414        0.17358429180476
B           -3.41608795783180        0.77902899473092        0.08165025971444
B           -1.65824395714654        0.54091715228533        0.13293390320119
B            1.85524569112169       -0.40203263378504        0.30879740304605
B            3.57977045933309       -0.14819844301484        0.77570279509449
B            6.97603156165259        0.61133694240997       -0.08737405824375
B            8.31276965311074        1.05835420906880        0.61957947541357
B           -7.61225643385625        2.80282610015940        0.30400934644519
B           -6.13705417923767        2.51778715094210       -0.21839935368011
B           -3.58950398849723        2.32088591700781       -0.26434389724788
B           -0.90345749052176        1.82650475357627       -0.40594573296009
B            1.61727280591033        1.02617153986232       -0.41181553487446
B            3.00145207251117        1.31006665656671        0.53715063772603
B            6.37589552649563        1.86678260073904       -0.90068037319894
B           -6.52470010453042        4.04708558540872       -0.16464658269461
B           -4.87779873826392        3.48116883517507       -0.42592188375304
B           -3.42062183728007        3.87248558374831       -0.63551439377989
B           -2.02427750979314        3.22244504344330       -0.68119221761489
B           -0.49750895470777        3.28748731365716       -0.89293244447361
B            0.70956280815179        2.34172196869257       -0.74266112396089
B            2.33278881872608        2.48608781221202       -0.46484686067253
B            3.81080337272873        2.62617303593481       -0.07776154363697
B            5.36398137169291        2.86425401120660       -0.13879581120780
B            6.04360275035939        4.08420135065313        0.64017727781111
H            6.19110011525255        5.15086470217916        0.15784251976748
H            8.24627706750541       -1.11487335575767        1.72045541487210
H            6.63525358954031        1.99459269843953       -2.04834318978690
H           -7.05359135489309       -5.27816930074110       -0.72784530647415
H           -6.77941144464182        5.18483877932025       -0.26604862602517
H            9.17458501167173        1.83055418272945        0.75485181691495
H           -8.82663694224325       -0.36560877913592        0.34588317321086
H            6.77406140814515       -5.85326214622896       -1.49796321079874
H           -8.70481201984632        2.99611136295441        0.67647660918834
H            7.88454261872883       -2.89272860862918       -1.46636878625965
H            6.43681247171855        3.98633494890813        1.74828760211730
H           -7.24144266113791       -5.25411857399462        1.24031063831155
90
 energy: -121.840186434649 gnorm: 0.006901816054 xtb: 6.7.1pre (5071a88)
O           -2.20220382730354       -1.29194456481422        9.94178875435905
C           -1.39691487497321       -0.86372248957641        9.08629199022151
C           -1.09560008546153        0.51554269756859        8.88603776315030
C           -0.16680695697155        0.92637888630526        7.97118685415812
C            0.20748122480081        2.31619190212085        7.76960271052595
C            1.53647143916952        2.65478690565643        7.48664839175177
C            1.89738405101344        3.97568968583182        7.31766478676401
C            0.94004318803018        4.97913568543898        7.39239194460414
C           -0.38473923909904        4.65008803628019        7.64897926249668
C           -0.75028611492109        3.33485376447318        7.84735671626056
O            0.51877218219332        0.05916254425743        7.17582149610092
C            0.23476920179410       -1.26493002080708        7.25909292695291
C            0.87694389075497       -2.11963425917641        6.37562954290134
C            0.62625951770708       -3.48724887881372        6.40836120639295
O            1.22761076732795       -4.33792288876139        5.53574964920895
C           -0.26562762770946       -4.01457622162742        7.34729305545468
O           -0.51122984952863       -5.35091276033487        7.40101471418717
C           -0.91419298622211       -3.15050100459713        8.23368692895759
O           -1.77599340363019       -3.67831773345450        9.12731782741479
C           -0.68251046343949       -1.76682030923545        8.18802701876917
H           -1.57820385650244        1.25163223170163        9.50949554167228
H            2.27681818093539        1.86959556312400        7.43142754048649
H            2.93109206128843        4.23005039204842        7.12922359451652
H            1.22354876805720        6.01087932477574        7.25035170389326
H           -1.13567053057196        5.42690794851493        7.68840412599277
H           -1.78080578594766        3.07402505891192        8.03712892670210
H            1.57474883742771       -1.70816056800534        5.66108148721003
H            1.83155947065798       -3.84201492890644        4.97011205142147
H           -1.14218503251705       -5.48988137502804        8.12255749441452
H           -2.12523372804527       -2.88774928649152        9.64810644837324
B           -6.92076224018089       -4.65443984569367        0.27568771143669
B           -5.10970449948314       -2.24972489970137        0.30817498492753
B           -3.59150632105530       -2.18246429357350        0.19617127097203
B            0.99738826842239       -2.88450929939525        0.10860093092688
B            2.47951994496669       -3.01228729706956       -0.22350164896251
B            5.29438921806590       -3.83323919957460       -0.65905175280396
B            6.29826921306716       -4.83191071472781       -1.18717264356010
B           -6.43757426071104       -3.15686609882487        0.27517472495376
B           -6.75841460259608       -1.63227045014258        0.29295435315826
B           -2.05686586870157       -2.32335704817117        0.32890692820723
B           -0.48707941123053       -2.47228164337041        0.28346167701827
B            4.02313701024400       -2.89782743093773       -0.24460072022037
B            5.75719028915752       -2.29074007626574       -0.27581255931301
B            6.82056010369379       -3.22840092711903       -1.08874981144610
B           -7.65705198293303       -0.25761654281289        0.33990796088623
B           -6.03814045091617       -0.14241145743972        0.18284654543347
B           -4.43186293098443       -0.54499511105340        0.21419045973138
B           -2.73525134690240       -0.66262637146788        0.30568785233811
B           -1.04828691452524       -0.91835224002979        0.62746161473582
B            0.51600422044150       -1.17683076691856        0.73018027642584
B            3.12267035459067       -1.47264932101137       -0.08647336961789
B            4.69707126293927       -1.14206180181098        0.35310111961143
B            6.26715435026154       -0.79525736161406        0.27314359328315
B            7.68619432465740       -0.36142157254321        1.02302727805314
B           -6.91573853969273        1.20949800666135        0.16809424806003
B           -3.41474777437214        0.77801503827944        0.07065418553401
B           -1.65863676877725        0.54128092557014        0.12969525848297
B            1.85473127123578       -0.40032801804346        0.30923492692290
B            3.57972408840355       -0.14805177093976        0.77801638744540
B            6.97443443406683        0.61011876076285       -0.08579710358350
B            8.31699192754387        1.05495866591195        0.61078729949870
B           -7.60981280373258        2.80239732835114        0.30621277428838
B           -6.13937074454387        2.51709382026877       -0.23070984672325
B           -3.58763351601119        2.32352939744556       -0.25556974422680
B           -0.90317433643708        1.82829213396663       -0.40610161022751
B            1.61674315334154        1.02862259494545       -0.40945347440155
B            3.00145351897186        1.31033131794998        0.53985684496593
B            6.37426124814376        1.86490902673061       -0.89976959790940
B           -6.52489600814210        4.04661922411941       -0.16832854412810
B           -4.87752814194668        3.47987215777892       -0.42534020999516
B           -3.42189896424032        3.87131703643820       -0.64474772788015
B           -2.02721473860404        3.21876195259108       -0.70154481942464
B           -0.49759006232134        3.29071207359340       -0.88938442957312
B            0.70996004203322        2.34554356391468       -0.73827470412072
B            2.33306628223794        2.48834536363797       -0.45981683279140
B            3.81145358791730        2.62725144235936       -0.07291180360384
B            5.36568345517886        2.86329511072730       -0.13577212181777
B            6.06152806517849        4.07752955405073        0.63823414404548
H            6.17523912595975        5.15480738612475        0.16846633749348
H            8.25124174749993       -1.11309674727939        1.72004416324959
H            6.63691237964070        1.99582330000194       -2.04631250757526
H           -7.04243163365622       -5.28782508200371       -0.71943284537041
H           -6.77766770017217        5.18539997661171       -0.26437992111661
H            9.17749527559497        1.82856861243164        0.74675662468831
H           -8.82655024057683       -0.36328293760804        0.35183170220003
H            6.76323388838942       -5.84960374474823       -1.52312048203909
H           -8.69918042785543        2.99556275450327        0.68886911643015
H            7.88323988177420       -2.89376105714502       -1.46446188019170
H            6.42561206898427        3.98935895963329        1.75660882317157
H           -7.24290018961589       -5.24884669370501        1.24734913873412
90
 energy: -121.840475118726 gnorm: 0.006221577650 xtb: 6.7.1pre (5071a88)
O           -2.20984414341854       -1.29571352938754        9.92807389850589
C           -1.40138813362136       -0.86495866169351        9.07692326910520
C           -1.10435813208221        0.51762771201066        8.87930201336057
C           -0.16869245411294        0.92671969631040        7.97174976002762
C            0.20408483875756        2.31772435547784        7.77254580542575
C            1.53031328130452        2.65399059031036        7.47183161351283
C            1.89429444162422        3.97412920796550        7.30193997888586
C            0.94207623741145        4.98054631921650        7.39734452178533
C           -0.38012209916183        4.65626453246054        7.67288870321620
C           -0.74809117983720        3.34095722982030        7.86901002572849
O            0.52804850902558        0.05789356022828        7.18326717740624
C            0.24089440633278       -1.26707414075800        7.26236128442948
C            0.88669590664043       -2.12111927080101        6.37896143843164
C            0.63077342819768       -3.48820970168591        6.40897412279399
O            1.23218448880566       -4.33724200998216        5.53313535182566
C           -0.26433949419198       -4.01473128958501        7.34439230989973
O           -0.51201021815011       -5.35236548991844        7.39441061257502
C           -0.91558858230042       -3.15335354020543        8.23097629098721
O           -1.78036060379255       -3.68325384217332        9.12140798755575
C           -0.68042819474503       -1.77042561809166        8.18532953339635
H           -1.59625036161388        1.25016582874220        9.49722174221496
H            2.26785060011919        1.86736784459674        7.40069679542030
H            2.92602842900265        4.22548800598328        7.09648187546135
H            1.22806769519705        6.01258128272019        7.25782775481812
H           -1.12691499444746        5.43685704120908        7.73057025400840
H           -1.77795813241125        3.08596591411944        8.07093788895171
H            1.58832418608228       -1.70945990058442        5.66808762673686
H            1.83904302440521       -3.84024760718856        4.97145680309107
H           -1.14558352241768       -5.49000690929761        8.11464696840866
H           -2.13283625797135       -2.88861859287901        9.64002196711068
B           -6.91513468144888       -4.65665642414655        0.28126106659041
B           -5.10982406962144       -2.24883373788989        0.31169837924948
B           -3.59165366313503       -2.18282872136596        0.19651450828752
B            0.99787492381672       -2.88465103082501        0.11723241373636
B            2.48015592774919       -3.01333825628870       -0.21323772282295
B            5.29313903837856       -3.83311479658330       -0.65574965290226
B            6.29187486463041       -4.83031730507583       -1.19582622960778
B           -6.43602178273466       -3.15781480846599        0.27444374928104
B           -6.75916358175762       -1.63357508964420        0.28663270826880
B           -2.05724880412046       -2.32422476673354        0.32981623870164
B           -0.48799035407769       -2.47249350453428        0.28462296831898
B            4.02358168416182       -2.89645928613502       -0.23630423785579
B            5.75746804418098       -2.29166678080930       -0.26918960608209
B            6.81777485843884       -3.22779452490791       -1.08825826746115
B           -7.65647591703141       -0.25858472837049        0.34017962402690
B           -6.03819723360457       -0.14324103086193        0.17645116379803
B           -4.43203807685905       -0.54659528092540        0.20745134773221
B           -2.73503222315189       -0.66304667475562        0.29896293821483
B           -1.04866113063526       -0.91743464933964        0.62499662681187
B            0.51609090508468       -1.17828657169131        0.73193744381572
B            3.12194465675307       -1.47142456225123       -0.08453841357663
B            4.69606576656636       -1.14354422044745        0.35800275090348
B            6.26668517500173       -0.79520111523843        0.27692933528860
B            7.68782142053928       -0.36190006430586        1.02229548674819
B           -6.91519731779807        1.20835082021123        0.16248402386347
B           -3.41413497875610        0.77798988122271        0.06575828998407
B           -1.65929331546032        0.54114564707268        0.12443449719901
B            1.85406728148931       -0.39903567675906        0.31051380434872
B            3.57947333571968       -0.14781130043522        0.78112778949758
B            6.97301037405728        0.61065862962763       -0.08338245121067
B            8.31661319362720        1.05588042964458        0.60958354135390
B           -7.60648846260082        2.80179173884106        0.31038444327593
B           -6.14228126158170        2.51574218938359       -0.24453295639720
B           -3.58880688439696        2.32197199992502       -0.26667071297832
B           -0.90330313827091        1.82802038357272       -0.41152616853144
B            1.61551395767589        1.02955450105728       -0.40803226050867
B            3.00009470904390        1.30993436495330        0.54194459777653
B            6.37465587238397        1.86735906450310       -0.89591007209003
B           -6.52433364230912        4.04578267099338       -0.17001197494886
B           -4.87927685558721        3.47678564823845       -0.43948768946146
B           -3.42311750351100        3.87102875404157       -0.65116986062818
B           -2.02632556529351        3.22144435024048       -0.69584476394672
B           -0.49786967513739        3.29243312731270       -0.88896095248083
B            0.70996579478738        2.34761855555764       -0.73735816346048
B            2.33262932821059        2.48878911660539       -0.45760161170881
B            3.81089931390650        2.62607886090151       -0.07042717148494
B            5.36447157312354        2.86406747354662       -0.13063004603845
B            6.04735882751153        4.08147411236950        0.64973136353726
H            6.18321208078867        5.15187432130950        0.17189703425235
H            8.25545474095076       -1.11161336755665        1.71932768270907
H            6.63668804789412        1.99839286933708       -2.04259479523452
H           -7.03469092413868       -5.29658099599953       -0.70969686397387
H           -6.77676140935676        5.18495488933036       -0.26274918940063
H            9.18608252188191        1.82256341595892        0.73387670302343
H           -8.82627082563909       -0.36145731019627        0.35801639190871
H            6.75219910217906       -5.84571714454766       -1.54578375887890
H           -8.69254783943352        2.99559854293712        0.70239339254443
H            7.88157798582576       -2.89388957468392       -1.46222282058438
H            6.43584373249601        3.98594398157888        1.75948466042225
H           -7.24768189003575       -5.24253505544369        1.25516707371040
90
 energy: -121.840753801333 gnorm: 0.007216583860 xtb: 6.7.1pre (5071a88)
O           -2.22385367541365       -1.30024759701121        9.91149072255366
C           -1.40906246185790       -0.86751956157609        9.06650140127245
C           -1.11411402121215        0.51569876525075        8.87072754913296
C           -0.17078134149359        0.92710016469022        7.97219157560127
C            0.20102723730977        2.31901423292815        7.77425299171721
C            1.52244762188886        2.65346569523101        7.45081222003993
C            1.88983463532694        3.97233183346656        7.28227418052496
C            0.94546933737220        4.98273980227291        7.40564560469015
C           -0.37208849590686        4.66230966311385        7.70515464901362
C           -0.74304771868014        3.34747903287316        7.89646730196127
O            0.53521846977359        0.05785044137404        7.19101195556908
C            0.24678378351440       -1.26768964505760        7.26522263378995
C            0.89717445724780       -2.12066518939857        6.38340555015392
C            0.63730767290184       -3.48745016649652        6.40918607551012
O            1.23945500682793       -4.33529427393251        5.53178218383668
C           -0.26222207474610       -4.01425834181606        7.33929389689661
O           -0.51205525903151       -5.35282182367679        7.38523649976469
C           -0.91716995201015       -3.15507437492720        8.22528609926009
O           -1.78461947589975       -3.68793010986018        9.11000844290662
C           -0.67971920089849       -1.77231752823068        8.18137099593205
H           -1.61833538556223        1.24226157326027        9.48354413123743
H            2.25566479944172        1.86556156821907        7.36157084942791
H            2.91815235457448        4.21992277638266        7.05750972021196
H            1.23381588840175        6.01453799112997        7.26829457176966
H           -1.11316322175458        5.44632785782390        7.78536951119526
H           -1.77143915626365        3.10025767244172        8.11438648406736
H            1.60357331585861       -1.70942611142810        5.67788599281846
H            1.84846875572604       -3.83759804657301        4.97393052533302
H           -1.14947808363769       -5.48871438609118        8.10243936093021
H           -2.14112713405000       -2.89170811472999        9.62723380611821
B           -6.91473393932765       -4.65774421443508        0.28975680373019
B           -5.11062223936821       -2.24782980827958        0.30793032935055
B           -3.59194358714750       -2.18273102837995        0.19468199098017
B            0.99824722376544       -2.88405193717965        0.12917082269523
B            2.48100589092046       -3.01419496986596       -0.19911044947226
B            5.29076154978288       -3.83277803763625       -0.65219979116777
B            6.27876743818275       -4.82620683554357       -1.22023407091479
B           -6.43540239903439       -3.15888434541993        0.27375674560066
B           -6.76013469609845       -1.63505386394257        0.28108496699566
B           -2.05806223040836       -2.32512490161296        0.33093305436888
B           -0.48907043687213       -2.47321597702791        0.28857480976721
B            4.02425802724850       -2.89472718505308       -0.22259032488330
B            5.75765337407744       -2.29321090262895       -0.25985111506290
B            6.81459173455230       -3.22764783959243       -1.08545224573957
B           -7.65535795965527       -0.25947391361879        0.33890473519571
B           -6.03816912806557       -0.14444373398885        0.16630104185159
B           -4.43245265831041       -0.54815477674212        0.21209529826487
B           -2.73451859137338       -0.66347801696480        0.29069534187142
B           -1.04877790161718       -0.91584203217262        0.62056180726737
B            0.51620812441022       -1.17964988540168        0.73378784650911
B            3.12108264221462       -1.46951838676388       -0.08161624111671
B            4.69484503585264       -1.14545007892345        0.36525048309747
B            6.26614207840046       -0.79571179408320        0.28266107755985
B            7.68975568304106       -0.36234584158749        1.02210527092888
B           -6.91388886597056        1.20700490557905        0.15433872254019
B           -3.41385146006444        0.77745771327865        0.06052871824868
B           -1.66016918968264        0.54086792087534        0.11517373341521
B            1.85334915475667       -0.39683762032638        0.31227640673297
B            3.57922927076565       -0.14713333708321        0.78574808700855
B            6.97126458770349        0.60993834970233       -0.08109423568318
B            8.32353618225075        1.05066879334559        0.59757638673147
B           -7.60103196232646        2.80116688615094        0.31539991027984
B           -6.14599583994168        2.51419720277908       -0.26409284208611
B           -3.59112115001275        2.31737264098189       -0.29054845098816
B           -0.90242593717754        1.82822555518976       -0.41804379714378
B            1.61486759543699        1.03147125257810       -0.40572461972758
B            2.99876636187284        1.30999492419154        0.54572863098037
B            6.37444719321941        1.86852256355624       -0.89208237770788
B           -6.52319653091131        4.04482762496092       -0.17299940678101
B           -4.88113304110248        3.47292943395564       -0.45756094629341
B           -3.42366640330142        3.87096569361555       -0.65523160690348
B           -2.02483987994503        3.22465543942305       -0.69036393671904
B           -0.49740828438849        3.29517941753973       -0.88814991923849
B            0.71091260454718        2.35094221792340       -0.73580024882201
B            2.33300634583702        2.49039865280445       -0.45338990157836
B            3.81116576641904        2.62570720694977       -0.06528853010825
B            5.36493309891008        2.86392720229729       -0.12394992054656
B            6.04608806960200        4.08061894731199        0.65896488698492
H            6.18142902584302        5.15145280103453        0.18183394208298
H            8.26045182548868       -1.10956327041804        1.71914873060319
H            6.63322109973305        1.99958470221812       -2.03937402530067
H           -7.01874855470423       -5.31024263815589       -0.69516124258810
H           -6.77511608761961        5.18426332348107       -0.26252851185320
H            9.19030409129671        1.81939951193459        0.72427611258364
H           -8.82521325477949       -0.35848412808840        0.36625449363806
H            6.73874681059364       -5.84033609187597       -1.57017903928598
H           -8.68203100500554        2.99484075366991        0.72131542239302
H            7.87857038504700       -2.89350662279593       -1.45826346785376
H            6.43682849018963        3.98394570398262        1.76792234979935
H           -7.24909122549639       -5.23603612537662        1.26728582227515
90
 energy: -121.841064728939 gnorm: 0.007420765767 xtb: 6.7.1pre (5071a88)
O           -2.24429201691772       -1.30558269696157        9.89119075728245
C           -1.42024361313587       -0.87155396197087        9.05440038051239
C           -1.12559429313393        0.51060281538527        8.86027162659096
C           -0.17422204132256        0.92791891664885        7.97216803053942
C            0.19798350235905        2.32011545471794        7.77575075860334
C            1.51242047605763        2.65271484724289        7.42313100396213
C            1.88385701825802        3.97011980273286        7.25839072054741
C            0.95055751528653        4.98568042792598        7.41767470089942
C           -0.36009624577464        4.66843528955099        7.74767434118498
C           -0.73494765605841        3.35443587319585        7.93218429721774
O            0.53916276539489        0.05925170578821        7.19835578098002
C            0.25204515691703       -1.26676304992605        7.26729789378006
C            0.90857873919653       -2.11800808337790        6.38871955876455
C            0.64664042783921       -3.48478532872056        6.40865750727660
O            1.25148746162662       -4.33158690039524        5.53202572988741
C           -0.25883025525131       -4.01333058041373        7.33129047217080
O           -0.51092458551823       -5.35229825328750        7.37260838426165
C           -0.91891576335908       -3.15604796945640        8.21580338055873
O           -1.79028792192254       -3.69240988389605        9.09195535036149
C           -0.68086368229640       -1.77302241283715        8.17556188461317
H           -1.64434624213512        1.22914415157669        9.46937779439613
H            2.23943871039834        1.86299230014757        7.30997156605872
H            2.90713669130211        4.21286403567753        7.00970747985852
H            1.24147508144249        6.01684734031797        7.28319985291248
H           -1.09349629664107        5.45573987048779        7.85648835473373
H           -1.76074420551743        3.11679992964995        8.17144431264569
H            1.62094008296597       -1.70732917467177        5.69025496191117
H            1.86212028200126       -3.83327194034764        4.97785543967147
H           -1.15391265427389       -5.48616883709920        8.08482939894348
H           -2.15285140121633       -2.89793404762556        9.60798044411854
B           -6.90022660398590       -4.66410851957710        0.30283846799575
B           -5.11088432716052       -2.24576106770216        0.30902139475155
B           -3.59189960619292       -2.18362462351640        0.19348499318356
B            0.99881509642399       -2.88200832953407        0.14613635360408
B            2.48189456769406       -3.01519455686755       -0.18071949617943
B            5.28798921278776       -3.83098765885663       -0.64862732020875
B            6.26533540832820       -4.82130303862371       -1.23952173194243
B           -6.43192538763850       -3.16143385995312        0.27477477578471
B           -6.76095385945787       -1.63816312642215        0.27429839051024
B           -2.05901287389746       -2.32648557325591        0.33279884390877
B           -0.49033231005626       -2.47400042019377        0.29484007441321
B            4.02480886338226       -2.89172426673575       -0.20721762067154
B            5.75789475604444       -2.29459684975962       -0.24854553142595
B            6.81001822039124       -3.22655931078772       -1.08396937165114
B           -7.65345413425482       -0.26161765053751        0.33790349689418
B           -6.03790335698582       -0.14665352388398        0.15475610843676
B           -4.43273614631420       -0.55116945259513        0.20525444070791
B           -2.73386129553378       -0.66453261466734        0.27599267111901
B           -1.04927731555579       -0.91354877854980        0.61462230946879
B            0.51574060175282       -1.18071193698857        0.73691913206860
B            3.11963207038147       -1.46698880703478       -0.07757655833571
B            4.69304310332027       -1.14804706999167        0.37512568302933
B            6.26506048500960       -0.79597100519160        0.29013166936979
B            7.69169972912282       -0.36263283991093        1.02239458283228
B           -6.91177354957065        1.20478721013765        0.14443353505596
B           -3.41294548101487        0.77532078517780        0.04378243009327
B           -1.66113646473883        0.54095321597942        0.10339507236863
B            1.85201902095630       -0.39393886959090        0.31494837337400
B            3.57861805061436       -0.14633600004342        0.79226778220692
B            6.96892724771231        0.60908769173851       -0.07827139603335
B            8.33012609223156        1.04548042539687        0.58505077544405
B           -7.59345361155277        2.79969814751900        0.32007690850712
B           -6.15016710125247        2.51174532397282       -0.28864382258270
B           -3.59069071228607        2.31590285428313       -0.30126986956497
B           -0.90099567275431        1.82967735959744       -0.42406807296724
B            1.61405204721854        1.03399601759827       -0.40236264664021
B            2.99657195057008        1.30992635338751        0.55160613968159
B            6.37338252008011        1.87017180727968       -0.88666296358275
B           -6.52194455625707        4.04290112521703       -0.17887381637349
B           -4.88181178591106        3.46890585899611       -0.46871739294943
B           -3.42463440613909        3.86968940146193       -0.66482746729190
B           -2.02577365599047        3.22412131041771       -0.70449187943453
B           -0.49636287979463        3.29964786831068       -0.88542510839775
B            0.71218832431049        2.35551527271698       -0.73275253280393
B            2.33340153684717        2.49274879590142       -0.44681695056628
B            3.81134169797359        2.62502496567157       -0.05760456489068
B            5.36503632239826        2.86396694376768       -0.11436808336658
B            6.03952552586618        4.08091394978186        0.67370098245315
H            6.18372186932636        5.14969987050332        0.19476010629006
H            8.26631788759195       -1.10693213079325        1.71912642872974
H            6.62671450386325        2.00119305752966       -2.03505344112740
H           -7.00778914616884       -5.32320461921517       -0.67539639556670
H           -6.77214967831133        5.18277871136602       -0.26541762400779
H            9.19678817660592        1.81415724306137        0.71055766784661
H           -8.82315263464326       -0.35506428810700        0.37541508941037
H            6.71586506709642       -5.83149716205293       -1.61331169934777
H           -8.66734434455964        2.99204035682938        0.74516389300501
H            7.87576438868270       -2.89411725213329       -1.45209453322114
H            6.44140282302290        3.97903775076270        1.77861530501571
H           -7.26000030619853       -5.22468311135187        1.28282284833024
90
 energy: -121.841372745731 gnorm: 0.007609202930 xtb: 6.7.1pre (5071a88)
O           -2.26748188535658       -1.31069505706702        9.86858494686983
C           -1.43387315400895       -0.87622097514379        9.04070488182434
C           -1.13835103258922        0.50503318891807        8.84949269933886
C           -0.18011840819327        0.92961403396291        7.97134541256545
C            0.19464395910027        2.32115883703209        7.77879674459349
C            1.50070012031634        2.65118582598254        7.39247267677134
C            1.87673244013205        3.96737471960203        7.23261230780242
C            0.95691677483008        4.98857014124324        7.43177919164032
C           -0.34528714514516        4.67426462327935        7.79662883063206
C           -0.72488676187972        3.36112508716500        7.97442408458178
O            0.53855399022302        0.06198947969690        7.20343036198212
C            0.25529889426700       -1.26460877507980        7.26768833668047
C            0.91981662275417       -2.11347292487516        6.39379652636001
C            0.65866512509244       -3.48064020212238        6.40729031788022
O            1.26972612245440       -4.32603743735195        5.53423406513547
C           -0.25409968516452       -4.01242343448830        7.32068797856083
O           -0.50809822476066       -5.35113826267694        7.35706647893843
C           -0.92093989290162       -3.15695401445413        8.20262080658799
O           -1.79900299021459       -3.69669453154976        9.06828320459096
C           -0.68448551811655       -1.77348392748947        8.16762433321681
H           -1.66956553670670        1.21539486459136        9.45804808078851
H            2.21980153676866        1.85860626941012        7.24818910314437
H            2.89384727034238        4.20460152747930        6.95572981263457
H            1.25099213720030        6.01905314069023        7.30214370863893
H           -1.06939189244396        5.46480877268376        7.93899687732511
H           -1.74670532774945        3.13299754523029        8.23928073550821
H            1.63877443450016       -1.70258430842097        5.70306093600582
H            1.88179752249349       -3.82667271438272        4.98338535458235
H           -1.15839942642103       -5.48348417119734        8.06264365822582
H           -2.16991253762630       -2.90760985244625        9.58279726092552
B           -6.90762975572276       -4.66247978214927        0.31729200689788
B           -5.11220618253863       -2.24297447109702        0.31597975574406
B           -3.59264180046058       -2.18615867706640        0.19300389259182
B            0.99933789810665       -2.87872235364060        0.16666541486838
B            2.48239593364395       -3.01645513101739       -0.15965799940540
B            5.28453516257463       -3.82794939923552       -0.64636385349114
B            6.25127949322343       -4.81512993819775       -1.25663795607374
B           -6.43197368491480       -3.16225679159597        0.27917362092395
B           -6.76193659010475       -1.64013445556762        0.26868575014173
B           -2.06068974618183       -2.32844873831100        0.33433310484283
B           -0.49214351252060       -2.47489289634722        0.30223277493456
B            4.02475282869237       -2.88798103044878       -0.19189444132625
B            5.75777774298113       -2.29604045100853       -0.23640584861261
B            6.80449731352773       -3.22485316601344       -1.08354480352361
B           -7.65085260551734       -0.26269460281695        0.33825230220493
B           -6.03696994963835       -0.14837165484182        0.14401983710095
B           -4.43288763360610       -0.55534789595465        0.18657175333422
B           -2.73352368047507       -0.66657711962065        0.25766592351063
B           -1.05057146794303       -0.91139565143613        0.60836274416482
B            0.51435685981005       -1.18147221369754        0.74099766007854
B            3.11754699624445       -1.46440686041646       -0.07227015870029
B            4.69065882808661       -1.15126990633426        0.38697867644579
B            6.26338543577510       -0.79652030127932        0.29883748790852
B            7.69317313677220       -0.36274162630732        1.02349553227970
B           -6.90835447527693        1.20319073440234        0.13481323983376
B           -3.41190317301509        0.77284210652380        0.02467822139005
B           -1.66214888532727        0.54047426094076        0.08964154470258
B            1.85009600373221       -0.39077686510411        0.31853047470145
B            3.57764851969488       -0.14557561423727        0.80016258663382
B            6.96619783646887        0.60719600677797       -0.07589328772441
B            8.33405556056918        1.04140509668200        0.57437449829544
B           -7.58350403762202        2.79878684432514        0.32582412049621
B           -6.15436181194883        2.50915307898276       -0.31585403220301
B           -3.58997508782758        2.31421017094151       -0.31457569454487
B           -0.89917811598179        1.82943131957827       -0.43411584529499
B            1.61390554093113        1.03656517725294       -0.39865944974897
B            2.99402037466540        1.30981265137964        0.55899710476496
B            6.36931310130101        1.86956247150688       -0.88136102279367
B           -6.51907781957557        4.04093722020369       -0.18514773053882
B           -4.88289192678469        3.46350343630763       -0.48897474296254
B           -3.42554503324491        3.86777135857706       -0.67864241243177
B           -2.02432128158666        3.22653189753711       -0.70801303951208
B           -0.49485606910372        3.30324423873332       -0.88449883454645
B            0.71399926672200        2.35973200147913       -0.73033400458021
B            2.33392890440137        2.49564343074250       -0.43853123456492
B            3.81144163568188        2.62499105055345       -0.04723977451539
B            5.36551596740802        2.86341332441579       -0.10318558177035
B            6.04040743127766        4.07783823456427        0.68813307218247
H            6.18151134129942        5.14891879795610        0.21330380934820
H            8.27236644660326       -1.10403942125437        1.71951081862443
H            6.61795489884833        2.00257989881977       -2.03050652245731
H           -6.97725508568935       -5.34382422934390       -0.65193253244178
H           -6.76825611810849        5.18094566010739       -0.27095456307034
H            9.20417870566500        1.80757372590317        0.69370213373767
H           -8.82025044325316       -0.34963023092984        0.38408240022489
H            6.68647726159320       -5.81953255899819       -1.66863360525914
H           -8.64943878623398        2.98960587677062        0.77080665839926
H            7.87364067675241       -2.89554292573154       -1.44362866418788
H            6.44076448172443        3.97336162961841        1.79319618790690
H           -7.25306535576942       -5.21902120980672        1.30194381273967
90
 energy: -121.841647245838 gnorm: 0.006774972017 xtb: 6.7.1pre (5071a88)
O           -2.28758122020402       -1.31416449707970        9.84739044379762
C           -1.44749399427596       -0.87984693678968        9.02697926581642
C           -1.15020573119282        0.50199800819500        8.84135243540263
C           -0.18777455360836        0.93190438266233        7.97009682338674
C            0.19115650900555        2.32193890542642        7.78407133905597
C            1.48899663952009        2.64853040077345        7.36551226286466
C            1.86942118029374        3.96408721424331        7.20989938349118
C            0.96304685116303        4.98994396923011        7.44543775767512
C           -0.33080604981556        4.67863267125888        7.84279856461684
C           -0.71522340730557        3.36603838091911        8.01577878780594
O            0.53356654418403        0.06534092572392        7.20444522372015
C            0.25499690961667       -1.26180715686135        7.26561556972081
C            0.92868500746336       -2.10813715571870        6.39713799911967
C            0.67149950610434       -3.47602032420939        6.40551298530589
O            1.29259328317376       -4.31930504526566        5.53833228537390
C           -0.24902645947570       -4.01185092346340        7.30931281902613
O           -0.50351783287147       -5.34981253755950        7.34118600372391
C           -0.92383209375519       -3.15809653492008        8.18731220723601
O           -1.81084043087340       -3.70019181191214        9.04323206048792
C           -0.69080233527786       -1.77427814212455        8.15807884205111
H           -1.68643705455581        1.20736622653410        9.45280809170186
H            2.19943103584451        1.85279428205863        7.18962797908291
H            2.88035629094654        4.19658301954378        6.90580091408457
H            1.26064620090071        6.01989212491163        7.32147795938362
H           -1.04545603986060        5.47184120971608        8.01632051674777
H           -1.73175543273005        3.14395298520821        8.30566148169737
H            1.65353232290384       -1.69551772407222        5.71310133988903
H            1.90636827086463       -3.81811432997925        4.99042052545391
H           -1.16187601346510       -5.48248805533439        8.03942767340888
H           -2.18980995631576       -2.91818411409438        9.55611682516203
B           -6.88930812286795       -4.66947651711666        0.33470205689851
B           -5.11206247394285       -2.23885098911278        0.32167985327055
B           -3.59234767640817       -2.18784015747827        0.19179378760729
B            1.00028525211227       -2.87535575159647        0.18611965917398
B            2.48289978998482       -3.01774776091564       -0.14001307944154
B            5.28056864437501       -3.82469472341332       -0.64697182847929
B            6.23472786987835       -4.80675881206134       -1.28533075534162
B           -6.42716560440596       -3.16490261788183        0.28560885138864
B           -6.76210461071334       -1.64380186808473        0.26468795658228
B           -2.06151945603353       -2.32970667689457        0.33494579899530
B           -0.49318509043783       -2.47554170845704        0.30965503174647
B            4.02443500557793       -2.88480004819955       -0.17789848404352
B            5.75729145004442       -2.29755949366485       -0.22614033317580
B            6.80012997915185       -3.22355863134610       -1.08225212014771
B           -7.64796462753777       -0.26506167570091        0.33729238860150
B           -6.03579800834706       -0.15131544102828        0.13355001285152
B           -4.43213704465895       -0.55818492132563        0.17275672154083
B           -2.73223919964474       -0.66831884727578        0.24210686049661
B           -1.05096108271341       -0.90937000514647        0.60294082510302
B            0.51354773556063       -1.18164866506699        0.74498517801758
B            3.11575423857223       -1.46238362374591       -0.06666292319686
B            4.68861951031117       -1.15394303270213        0.39788656243319
B            6.26190224251510       -0.79757433951747        0.30660154534281
B            7.69404761002336       -0.36276002234772        1.02524048872282
B           -6.90457620523639        1.20070751344978        0.12593380606218
B           -3.41040554504926        0.77090928876988        0.01031357160287
B           -1.66195141578421        0.53980511853321        0.07623144711399
B            1.84865355744695       -0.38766459114152        0.32160898077132
B            3.57697129420623       -0.14467427909524        0.80739543419267
B            6.96406555655789        0.60444844995298       -0.07467909255455
B            8.33257230996680        1.04077597409993        0.57075711278528
B           -7.57321962721024        2.79706025983028        0.33166952039117
B           -6.15775888813509        2.50588007725315       -0.33956781296477
B           -3.58953757161004        2.31098027425281       -0.33264162144565
B           -0.89703949644229        1.82942849507989       -0.44342090233186
B            1.61466336264745        1.03950028243850       -0.39514717850206
B            2.99213665767056        1.31010742102302        0.56642198493615
B            6.36307858818523        1.86637606395023       -0.87748789469176
B           -6.51637494086556        4.03795446337219       -0.19272193206523
B           -4.88398195798545        3.45792903569596       -0.50883943179197
B           -3.42612222278789        3.86586798254175       -0.68960105503778
B           -2.02275383991741        3.22898982191880       -0.71256677579275
B           -0.49316996501269        3.30658780004679       -0.88409593162624
B            0.71604661612656        2.36381336918186       -0.72775895789550
B            2.33471313146019        2.49924516055469       -0.42963190803446
B            3.81176380345994        2.62622831426940       -0.03594721817254
B            5.36680915486930        2.86230837575167       -0.09305138855750
B            6.05311819292199        4.07052184402596        0.69768169260689
H            6.17238722227230        5.15032555176190        0.23532163221727
H            8.27739903163682       -1.10179693198550        1.72019495676806
H            6.60815152589214        2.00250557306006       -2.02704612899074
H           -6.96852017003442       -5.35343148166995       -0.62831961543307
H           -6.76424391907257        5.17831914674867       -0.27912172533632
H            9.21128343677997        1.80035046836487        0.67660960451292
H           -8.81728079182247       -0.34518215044518        0.38913019598274
H            6.66160650162076       -5.80674006612584       -1.71294102647101
H           -8.63201164805868        2.98696196304667        0.79280942357333
H            7.87257195003213       -2.89636034432248       -1.43419371972618
H            6.43257374365468        3.96834630660986        1.80959976471458
H           -7.26251270917871       -5.20919663774278        1.32020276796036
90
 energy: -121.841884960668 gnorm: 0.006170504639 xtb: 6.7.1pre (5071a88)
O           -2.30572459077367       -1.31630256234960        9.82692478494042
C           -1.46120264497330       -0.88204362799630        9.01318998795847
C           -1.16007591280358        0.50118239095270        8.83666912458700
C           -0.19538275839103        0.93404023637609        7.96934459286171
C            0.18774919568224        2.32231696408411        7.79050837328735
C            1.47734703611324        2.64511809036511        7.34243606083419
C            1.86172424458687        3.96028425883196        7.19039845461525
C            0.96840182228751        4.98944894186448        7.45935576912085
C           -0.31718400744680        4.68155465061537        7.88580361449170
C           -0.70607243296928        3.36928985345775        8.05468619703144
O            0.52591606340611        0.06883853690979        7.20153760020848
C            0.25107733299424       -1.25847444509194        7.26088313215223
C            0.93517150958929       -2.10243166122240        6.39854344835041
C            0.68442501138267       -3.47120507927483        6.40367108488875
O            1.31925633422016       -4.31170998063237        5.54426311783119
C           -0.24451520870210       -4.01121602915965        7.29736841460235
O           -0.49733538336810       -5.34846180783047        7.32517532070766
C           -0.92898273491773       -3.15914143187525        8.16943896231699
O           -1.82528890274331       -3.70337337715545        9.01707955859476
C           -0.70010616166503       -1.77504801152967        8.14632382095277
H           -1.69400554233606        1.20524969967386        9.45281866042995
H            2.17833387400864        1.84731597088247        7.14119285910498
H            2.86633192459752        4.18953831919415        6.86282932439180
H            1.26960497319403        6.01876616860178        7.33952932521132
H           -1.02233310332357        5.47661673164955        8.08498974774099
H           -1.71589011716001        3.14929564861171        8.36782657347351
H            1.66494421863810       -1.68664819852701        5.72037012038392
H            1.93536618473776       -3.80789316364495        4.99986608964489
H           -1.16394351278654       -5.48391608404178        8.01550800332885
H           -2.20972099659901       -2.92808118761549        9.52905571726493
B           -6.88770633679077       -4.67013045246493        0.35180649222033
B           -5.11316292599962       -2.23491972049873        0.32091102562219
B           -3.59279375829969       -2.18960788205797        0.18983132100542
B            1.00075135639637       -2.87346570164033        0.20321029205965
B            2.48289609319136       -3.01952127609029       -0.12286048091865
B            5.27671882331176       -3.82097780887216       -0.65009411027956
B            6.21987487269749       -4.79720208039324       -1.31440351603376
B           -6.42596664156632       -3.16574821184941        0.29308678402739
B           -6.76264325882785       -1.64576285024398        0.26559190585804
B           -2.06271128431164       -2.33147121766278        0.33560898900145
B           -0.49436623627270       -2.47709308388885        0.31712658333481
B            4.02351321135528       -2.88251128658126       -0.16713292564553
B            5.75624626365822       -2.29844564267892       -0.21868683705276
B            6.79730404307916       -3.22206409253582       -1.08018805108596
B           -7.64535867940241       -0.26557229015201        0.33436413995429
B           -6.03451997474094       -0.15385960426009        0.12285708462483
B           -4.43129784471446       -0.55999485954467        0.17066475371839
B           -2.73072516481347       -0.67070207179815        0.22905178456976
B           -1.05126999580676       -0.90852587165483        0.59776010942599
B            0.51254347643303       -1.18223079585880        0.74870681272927
B            3.11382611924665       -1.46139323434373       -0.06119459049579
B            4.68647702162494       -1.15585972568661        0.40706140114277
B            6.25998339732005       -0.79807037835003        0.31273141155696
B            7.69370308714112       -0.36241115104219        1.02761840451841
B           -6.90034256411118        1.19936745161682        0.11728968214113
B           -3.40902435342623        0.76755437445811       -0.00608949424190
B           -1.66128784531802        0.53836403630961        0.06380286516913
B            1.84694142132936       -0.38565708834077        0.32423303570217
B            3.57582262828303       -0.14427046679011        0.81382415555430
B            6.96208452186354        0.60276967431722       -0.07335002150388
B            8.33010152681115        1.04081353207149        0.57037711594176
B           -7.56360410871596        2.79606992786565        0.33446927631885
B           -6.15978644672676        2.50377451794815       -0.35907294319831
B           -3.58781198741683        2.30844037994057       -0.34305922514264
B           -0.89517962946335        1.83060334915149       -0.44780935552574
B            1.61498100115891        1.04155701069772       -0.39187612597475
B            2.98986014874812        1.30981131435959        0.57348344158050
B            6.35837108965644        1.86567365963980       -0.87240577481800
B           -6.51435183786883        4.03564397119079       -0.20368868758334
B           -4.88303469850560        3.45478798400391       -0.51439336641505
B           -3.42603934645157        3.86337825163513       -0.69850674803348
B           -2.02448295324297        3.22569311353361       -0.73945943881153
B           -0.49152869737236        3.30979762219784       -0.88226265601940
B            0.71742419554441        2.36689181170440       -0.72441609900169
B            2.33488288878331        2.50183842994768       -0.42150090502573
B            3.81131841055153        2.62637327091843       -0.02578656073175
B            5.36640454651454        2.86217800317010       -0.08320965303329
B            6.05135043982509        4.06805773918741        0.71199092290413
H            6.17501231639392        5.14873211667340        0.25350397127906
H            8.28025364704986       -1.10095831483118        1.72044650447384
H            6.59647586121362        2.00114026778060       -2.02356783700703
H           -6.95001578733141       -5.36550584572832       -0.60517804261209
H           -6.76000369209404        5.17678572347302       -0.29022411039757
H            9.21498665210319        1.79477287428656        0.66498498183661
H           -8.81480915813966       -0.33970593373815        0.39106345393918
H            6.64040439323090       -5.79267613819014       -1.75223325511640
H           -8.61576210340212        2.98426451341051        0.81103231612677
H            7.87285605970196       -2.89636559343085       -1.42433276551584
H            6.43526978449995        3.95900571640399        1.82198322224189
H           -7.25855870206180       -5.20530878082239        1.33955249534154
90
 energy: -121.842115995800 gnorm: 0.006750917459 xtb: 6.7.1pre (5071a88)
O           -2.32727178376951       -1.31894773372495        9.80334743956654
C           -1.47687204665970       -0.88381440776742        8.99794953010284
C           -1.16823220386609        0.50017941993474        8.83459778274796
C           -0.20218920334170        0.93563111254788        7.96962886071102
C            0.18451741421643        2.32257670686029        7.79778313822023
C            1.46458228612889        2.64170945319880        7.32041709185548
C            1.85281238146931        3.95614918422333        7.17166058313812
C            0.97364799593055        4.98758800635155        7.47536043472218
C           -0.30247689924877        4.68388055265907        7.93164671748465
C           -0.69566774394714        3.37218496185397        8.09581650111204
O            0.51621427427385        0.07286912568130        7.19510990725340
C            0.24406814214985       -1.25413181960105        7.25314117403421
C            0.94048602576906       -2.09571743846530        6.39812708142695
C            0.69804707251375       -3.46550516251698        6.40122393116076
O            1.35090671322617       -4.30281200816713        5.55215257755855
C           -0.24067964517683       -4.00974525138045        7.28311196721601
O           -0.48922230738849       -5.34684850179463        7.30674688381925
C           -0.93753791973586       -3.15956900848908        8.14667870731305
O           -1.84242133412388       -3.70739438685190        8.98600287191911
C           -0.71293600264395       -1.77507442734392        8.13054433308185
H           -1.69565415317400        1.20467010517457        9.45623215794410
H            2.15422763588993        1.84238313858854        7.09552838298066
H            2.84987111988999        4.18315958510390        6.82099824794646
H            1.27865577720424        6.01601412231805        7.35787639391603
H           -0.99683807926524        5.48082177660391        8.15675752458245
H           -1.69700098101680        3.15228448516515        8.43365067594186
H            1.67485553575565       -1.67567225662227        5.72647147627059
H            1.97014511606922       -3.79563578828297        5.01312276616602
H           -1.16417588444469       -5.48748447449316        7.98814900988765
H           -2.23032912988167       -2.93789335761431        9.49793110972417
B           -6.87987900860247       -4.67224018129569        0.37174629513241
B           -5.11406737157989       -2.22958405225999        0.32343449512047
B           -3.59321103814387       -2.19113900595779        0.18946632786049
B            1.00073890660329       -2.87261812303612        0.21961071443245
B            2.48240444221846       -3.02182849606720       -0.10674298174851
B            5.27340995764545       -3.81641409153173       -0.65482616016806
B            6.21064628133642       -4.78750452445606       -1.32970045465948
B           -6.42361989463546       -3.16656481974726        0.30318510890637
B           -6.76363241814800       -1.64787701350893        0.26776202669875
B           -2.06392236343523       -2.33307738670782        0.33671647926853
B           -0.49570256205310       -2.47859472188425        0.32446591750141
B            4.02196015253857       -2.88073566658139       -0.16027124797367
B            5.75495621499661       -2.29895021308886       -0.21241478082910
B            6.79522153665188       -3.21964308028713       -1.07864663231870
B           -7.64322073905141       -0.26602267883156        0.33179657520859
B           -6.03330210613683       -0.15701105783398        0.11440289591839
B           -4.42989182898563       -0.56087292337290        0.16628406579610
B           -2.72890549611900       -0.67289905497110        0.21776913688273
B           -1.05160419803777       -0.90806633199704        0.59363555413975
B            0.51136907384204       -1.18279983413568        0.75303360570941
B            3.11177591494402       -1.46108933639780       -0.05536562064113
B            4.68415377295465       -1.15781325820445        0.41618267128668
B            6.25755058102932       -0.79834788561024        0.31876927691481
B            7.69229464064905       -0.36139472612229        1.03111399845642
B           -6.89589026745054        1.19775535541497        0.10965308315028
B           -3.40737641201383        0.76483809551596       -0.02117493233747
B           -1.66013599019951        0.53706084141801        0.05332313077857
B            1.84507444975650       -0.38426339539807        0.32711474892562
B            3.57446734871206       -0.14427101282177        0.82029596478223
B            6.95981124388256        0.60126482424844       -0.07198944543682
B            8.32907490144859        1.03984640043483        0.56911295049325
B           -7.55394553676093        2.79522778926664        0.33623778427765
B           -6.16172093629448        2.50104819412158       -0.37803402292306
B           -3.58644876380933        2.30534103425722       -0.35921208409890
B           -0.89338197287467        1.82916821863321       -0.45657687178968
B            1.61580387976463        1.04266047894407       -0.38912951378554
B            2.98764146903842        1.30914501851984        0.58051723422250
B            6.35306100018696        1.86503939258021       -0.86710242815656
B           -6.51069772179186        4.03345149392384       -0.21325067173095
B           -4.88350651629320        3.44959486124518       -0.53507990464191
B           -3.42637946760389        3.86018949308347       -0.71428051513741
B           -2.02171189407758        3.22821984778037       -0.74186634517989
B           -0.48998466948249        3.31017368185747       -0.88558869555389
B            0.71895436224747        2.36812013170740       -0.72349565114942
B            2.33490652852204        2.50365636529970       -0.41394324419175
B            3.81043133205397        2.62661944595141       -0.01512025672942
B            5.36560037620981        2.86199070376079       -0.07289544079319
B            6.05042065631592        4.06472248465692        0.72703929918675
H            6.17798039223465        5.14692522222850        0.27386779572392
H            8.28149196822096       -1.10089741520864        1.72071812335241
H            6.58335827443457        1.99872738112798       -2.02014225347832
H           -6.93595543500494       -5.37447899740156       -0.58021498734104
H           -6.75714513109009        5.17453644109572       -0.30127816593218
H            9.21382215058209        1.79234467490699        0.65916082448405
H           -8.81290603920678       -0.33415539011441        0.38940465738867
H            6.61609287166986       -5.77541083381883       -1.80612788667610
H           -8.59937432771514        2.98240333257788        0.82788053858796
H            7.87498410338128       -2.89685746889192       -1.41291797966969
H            6.43855938746753        3.94758072595602        1.83520578866701
H           -7.25565123774145       -5.20102366612693        1.36134784602320
90
 energy: -121.842324049987 gnorm: 0.006990871048 xtb: 6.7.1pre (5071a88)
O           -2.35428213908260       -1.32473674995859        9.77403661308814
C           -1.49516992619451       -0.88643827980327        8.98004891076676
C           -1.17524629686702        0.49727269822189        8.83478100736244
C           -0.20887653826088        0.93667958913252        7.97130481465704
C            0.18128707663925        2.32336990851052        7.80807554846031
C            1.44989682492552        2.63912119516151        7.29943612812046
C            1.84237656958797        3.95230302056257        7.15324516188525
C            0.97954705147046        4.98510671809932        7.49430791965286
C           -0.28505371208538        4.68642318970352        7.98443045888847
C           -0.68275622860738        3.37589319085911        8.14374362490951
O            0.50431932984842        0.07802008680602        7.18542841017280
C            0.23465235159322       -1.24865845160838        7.24206190042071
C            0.94534998114740       -2.08747203971263        6.39521953307609
C            0.71224311383368       -3.45836913369643        6.39701068350744
O            1.38723922173357       -4.29224444190077        5.56109561523431
C           -0.23736186943352       -4.00683451020383        7.26506345388475
O           -0.47883773922786       -5.34488515512914        7.28393995178356
C           -0.94949962070019       -3.15941783492826        8.11801687716221
O           -1.86244100969462       -3.71325386928763        8.94726576964854
C           -0.72890528747372       -1.77437004074992        8.10937516241564
H           -1.69423225743898        1.20159329816805        9.46302840002619
H            2.12548238203523        1.83698368969587        7.04243687591311
H            2.82994730473634        4.17741882279807        6.77496314514207
H            1.28879823246948        6.01263362538574        7.37880648023550
H           -0.96627710062056        5.48612671960011        8.24122740652792
H           -1.67385308753238        3.15608234917979        8.50947186882201
H            1.68455300244955       -1.66215896931278        5.73190420692808
H            2.01092784760883       -3.78096446867338        5.03069046964194
H           -1.16138036291006       -5.49277995599795        7.95588400803740
H           -2.25440004433464       -2.94779443348737        9.45890917949430
B           -6.87175571697725       -4.67349486471154        0.39558972816466
B           -5.11536583795820       -2.22255846688312        0.33494707144053
B           -3.59418991301282       -2.19330033739570        0.19231739665167
B            0.99983758743537       -2.87333641818937        0.23565854235975
B            2.48147587329398       -3.02477416003817       -0.08971604250502
B            5.26887780055579       -3.81202906911680       -0.66247234737597
B            6.19631481431114       -4.77340295555668       -1.36852457474379
B           -6.42136014438045       -3.16669042656358        0.31831726417835
B           -6.76586620014038       -1.64973835143581        0.27053371530759
B           -2.06561240217820       -2.33499200797569        0.33858025121509
B           -0.49757747861251       -2.48012392389736        0.33159374640980
B            4.01991492662356       -2.88052614598185       -0.15167023918423
B            5.75303882777338       -2.30017136858415       -0.20563552672390
B            6.79319189242712       -3.21642737700092       -1.07727284836894
B           -7.64188747930449       -0.26588218562513        0.32972493233502
B           -6.03229164935679       -0.16076347825137        0.10839014546307
B           -4.42815215960048       -0.56161305877871        0.15003610318314
B           -2.72732422872895       -0.67540108053201        0.20630716646379
B           -1.05264549342988       -0.90805629689651        0.59012348992976
B            0.50955053176415       -1.18345837252822        0.75804204417959
B            3.10967415771015       -1.46158977095669       -0.04787823714914
B            4.68182768672806       -1.15993128863902        0.42609368513672
B            6.25487771447950       -0.79925720368168        0.32547160820992
B            7.68984086566754       -0.35993624332521        1.03638890276124
B           -6.89110225010582        1.19606698523897        0.10209578993276
B           -3.40560303703969        0.76272714087888       -0.03470915871086
B           -1.65896366215782        0.53550818912343        0.04328687663756
B            1.84301527110518       -0.38356041113668        0.33120164254617
B            3.57303145838938       -0.14483223078607        0.82798732693802
B            6.95682118636539        0.59936396668935       -0.06985335493201
B            8.32814298299670        1.03852630948383        0.56845570837073
B           -7.54359947474426        2.79470530408128        0.33789951153228
B           -6.16339612524108        2.49797597982004       -0.39793460519162
B           -3.58474439379953        2.30222351562997       -0.37642931950217
B           -0.89145615404051        1.82692628806484       -0.46612473175613
B            1.61689221461325        1.04289292600986       -0.38556823751996
B            2.98549842255513        1.30788421175912        0.58876372460071
B            6.34639232015577        1.86377951974545       -0.86088276290517
B           -6.50624016530972        4.03138212386487       -0.22487419759877
B           -4.88390894952683        3.44388396854916       -0.56079031378834
B           -3.42642763861316        3.85622818806441       -0.73422542214732
B           -2.01884495665449        3.22954582970269       -0.74844838113008
B           -0.48781597172601        3.30947970677052       -0.89019813221982
B            0.72088025268481        2.36823189519260       -0.72267894880896
B            2.33497958292476        2.50456578904501       -0.40558586809935
B            3.80939035813493        2.62633945663605       -0.00293122786731
B            5.36442104704363        2.86167372282123       -0.06100028581845
B            6.04835002721991        4.06085509033821        0.74496836909821
H            6.18333813244536        5.14406854510798        0.29717840582345
H            8.28156545095936       -1.10151539122593        1.72166726454208
H            6.57056962187051        1.99673678846128       -2.01527245549615
H           -6.92018310593340       -5.38332180707984       -0.55156998258917
H           -6.75462767650862        5.17201829439890       -0.31428317592781
H            9.20978647321365        1.79279299967407        0.65715295066722
H           -8.81191422144486       -0.32789055153547        0.38340245756286
H            6.59739683294578       -5.75421590595837       -1.85454169918731
H           -8.58178983161147        2.98238024012136        0.84420580339284
H            7.87856990958901       -2.89677673672906       -1.39715284206352
H            6.44443331269793        3.93317156936910        1.84968328682486
H           -7.24691928815338       -5.19795542508628        1.38758142159830
90
 energy: -121.842494571006 gnorm: 0.006153901291 xtb: 6.7.1pre (5071a88)
O           -2.37924603786640       -1.33401032462861        9.74485150164998
C           -1.51143187398385       -0.89031664524241        8.96260504690373
C           -1.18012254774454        0.49226134355813        8.83657254427800
C           -0.21488543045067        0.93704522649183        7.97384081352048
C            0.17859627201890        2.32450668575167        7.81974758740122
C            1.43589598121019        2.63824024561642        7.28147949049368
C            1.83239774276204        3.95028332716482        7.13755670969051
C            0.98513200635688        4.98391359647388        7.51299604946871
C           -0.26787829211462        4.68880780402970        8.03438213429246
C           -0.66965520560059        3.37953205368064        8.18932132390854
O            0.49268456538674        0.08330946214336        7.17544372522394
C            0.22606386188821       -1.24378590719369        7.23028180785194
C            0.94935394204068       -2.07953554490862        6.39007394408296
C            0.72381746551133       -3.45139372363478        6.39128588332099
O            1.41819542601352       -4.28252352701056        5.56771160116288
C           -0.23487639079615       -4.00314714160706        7.24673636755332
O           -0.46874970625982       -5.34306682372046        7.26127961002497
C           -0.96117013925952       -3.15922442932525        8.09049889952749
O           -1.88091785963618       -3.71939901613021        8.90885798211229
C           -0.74310572298226       -1.77370171416539        8.08755052700606
H           -1.69259949719733        1.19376398099879        9.47207172016000
H            2.09836237040845        1.83434930516448        6.99625291687155
H            2.81050429771041        4.17425272983181        6.73473656655134
H            1.29776068401591        6.01095396982237        7.39932595782178
H           -0.93635802494900        5.49036182011031        8.31793300323887
H           -1.65139923609776        3.16136904678334        8.57985464684926
H            1.69320245101120       -1.64938167450656        5.73564415767243
H            2.04764136673858       -3.76750021458267        5.04830251271537
H           -1.15630941296708       -5.49746477938859        7.92580724189212
H           -2.27858370547618       -2.95482538276406        9.41905423055928
B           -6.86234056614323       -4.67511413786426        0.41978698578798
B           -5.11717250708572       -2.21583855340862        0.34017135186348
B           -3.59553054280173       -2.19386168883855        0.19607636706574
B            0.99819143555921       -2.87602577299885        0.24756673384104
B            2.47997017271137       -3.02766341390051       -0.07765738556634
B            5.26558734184979       -3.80802676191722       -0.67154594618120
B            6.18856594954175       -4.76062865571425       -1.39395565029414
B           -6.41967324538138       -3.16644189481328        0.33334485259496
B           -6.76918141930231       -1.65117644558971        0.27613978923992
B           -2.06744512978991       -2.33653133266819        0.34222395297105
B           -0.49928160363470       -2.48194409233020        0.33894684614271
B            4.01759828260168       -2.88158440172800       -0.14883893896938
B            5.75130986504095       -2.30145599825409       -0.20038229438286
B            6.79332934040767       -3.21320546334744       -1.07456364470934
B           -7.64208083858088       -0.26512243836589        0.32525343111330
B           -6.03224646091997       -0.16481521730482        0.10221030162661
B           -4.42693154253884       -0.56064946009078        0.14880425568540
B           -2.72601972949989       -0.67698042717327        0.20019857494625
B           -1.05362617692006       -0.90812144297428        0.58733261329673
B            0.50792625591476       -1.18402151393904        0.76209866516359
B            3.10792440695422       -1.46286929281131       -0.04125097075072
B            4.67990034932038       -1.16226897953448        0.43402381473389
B            6.25242758128774       -0.80031904396078        0.33120130202711
B            7.68689579289475       -0.35884992522173        1.04215950588835
B           -6.88742624437681        1.19440519151222        0.09405182114115
B           -3.40469480367923        0.76117273899719       -0.04305080554590
B           -1.65813347879218        0.53389872819306        0.03420148092597
B            1.84140806104602       -0.38378941870034        0.33513540481833
B            3.57184984084161       -0.14637472518476        0.83506706973119
B            6.95419818148003        0.59745780718300       -0.06728105146879
B            8.32542821510954        1.03830204580257        0.57159012154013
B           -7.53487760713112        2.79441755530194        0.33864103604483
B           -6.16448938120708        2.49533317547734       -0.41537591151354
B           -3.58429893321550        2.29731784977735       -0.39961868903673
B           -0.88958440731431        1.82543789477042       -0.47307234808380
B            1.61790871523750        1.04244171548885       -0.38181905676147
B            2.98423436964299        1.30604352281910        0.59626273004381
B            6.34130748431072        1.86262896368935       -0.85500360321938
B           -6.50280211838663        4.02962777644644       -0.23817996026037
B           -4.88366154620811        3.43977968148560       -0.58059866159607
B           -3.42584891877494        3.85254896383637       -0.75099874709349
B           -2.01758857126855        3.22799839412378       -0.76308278475444
B           -0.48534019781171        3.30863572073934       -0.89450714317926
B            0.72305278603016        2.36789982588908       -0.72162327039439
B            2.33553472910864        2.50434963295834       -0.39811558664872
B            3.80901250719505        2.62528523017161        0.00812402592937
B            5.36398030749947        2.86097867770446       -0.05010158195027
B            6.05045690138878        4.05567110076962        0.76022391582609
H            6.18637696986301        5.14159805961002        0.31929912697470
H            8.28031045920744       -1.10265326895328        1.72362867001179
H            6.56093589775709        1.99558506441169       -2.01024445494839
H           -6.90918170086074       -5.38992037529024       -0.52368025978150
H           -6.75176732996839        5.17014984475203       -0.32702265029803
H            9.20565285686502        1.79519043115332        0.65872752041285
H           -8.81263143483785       -0.32242672277513        0.37498342562272
H            6.58022091617734       -5.73286381991778       -1.90983542670432
H           -8.56679881179413        2.98422884209006        0.85633032371657
H            7.88299779700839       -2.89609888118108       -1.38182922593090
H            6.44789799297476        3.92051351335212        1.86340350704416
H           -7.23567686428834       -5.19586713057398        1.41460102246020
