117
 energy: -148.982982706512 gnorm: 0.059101178386 xtb: 6.7.1pre (5071a88)
C           -2.35298700000000       -7.04532700000000        8.99525500000000
O           -1.10121900000000       -7.16390700000000        8.33541200000000
C           -0.50980800000000       -6.01328200000000        7.87128600000000
C           -1.06119000000000       -4.73035500000000        8.02101700000000
C           -0.37078500000000       -3.64169000000000        7.50973600000000
C            0.84036000000000       -3.83470900000000        6.86674100000000
C            1.41999800000000       -5.07919700000000        6.69904700000000
C            0.73675800000000       -6.18714300000000        7.20769500000000
O            1.18972900000000       -7.48127900000000        7.11475900000000
C            2.43172500000000       -7.69699900000000        6.45873300000000
C            1.34478300000000       -2.54077000000000        6.43185200000000
O            2.40589400000000       -2.39594700000000        5.85001400000000
C            0.34985700000000       -1.45033300000000        6.80029000000000
C            1.03333300000000       -0.34349200000000        7.61424900000000
C            0.33168800000000        1.02794400000000        7.54399500000000
C           -1.07922600000000        1.04658800000000        8.13582500000000
C           -1.72804600000000        2.43657900000000        8.02085000000000
N           -0.76658900000000        3.54754200000000        8.00052700000000
C           -1.42879500000000        4.81118900000000        8.36099300000000
C           -0.60802000000000        6.04113500000000        8.03234100000000
C           -0.36211800000000        7.01653300000000        9.00951100000000
C            0.37737600000000        8.15977100000000        8.69943900000000
C            0.87418900000000        8.34261900000000        7.41011800000000
C            0.63167000000000        7.38393500000000        6.42851900000000
C           -0.10789000000000        6.24127800000000        6.73658100000000
C            0.39397700000000        3.25740400000000        8.84079200000000
C            1.20043800000000        2.09766800000000        8.24242000000000
C           -0.76699700000000       -2.20049000000000        7.56737600000000
H           -3.11568400000000       -6.63487900000000        8.32538500000000
H           -2.26314200000000       -6.44711000000000        9.90789300000000
H           -2.67378700000000       -8.04993700000000        9.28731600000000
H           -2.00667600000000       -4.56435800000000        8.52406900000000
H            2.37087800000000       -5.15014400000000        6.18519800000000
H            2.38422300000000       -7.38454700000000        5.41038500000000
H            3.24943300000000       -7.19471700000000        6.98597900000000
H            2.63639600000000       -8.77183300000000        6.47584100000000
H           -0.05035300000000       -1.05113200000000        5.85984300000000
H            1.14022800000000       -0.65799000000000        8.66070300000000
H            2.05751700000000       -0.20716600000000        7.24137800000000
H            0.25205500000000        1.30639100000000        6.48341300000000
H           -1.72882100000000        0.32577600000000        7.63040300000000
H           -1.03268600000000        0.75312500000000        9.19263000000000
H           -2.44261800000000        2.53908900000000        8.84833900000000
H           -2.31093400000000        2.47787500000000        7.09246900000000
H           -1.70172600000000        4.80642400000000        9.42465900000000
H           -2.36785500000000        4.91133200000000        7.79963200000000
H           -0.74284900000000        6.89126700000000       10.02019300000000
H            0.56597900000000        8.90832400000000        9.46438400000000
H            1.45082300000000        9.23179100000000        7.17007100000000
H            1.01923600000000        7.52310600000000        5.42294400000000
H           -0.28853400000000        5.49483100000000        5.96557000000000
H            0.07952000000000        3.01098500000000        9.86373800000000
H            1.06757900000000        4.11841300000000        8.92079000000000
H            1.91705500000000        2.48934500000000        7.50859800000000
H            1.79766700000000        1.64993100000000        9.04666700000000
H           -0.84752900000000       -1.87561700000000        8.60975900000000
H           -1.73350300000000       -2.05384000000000        7.07328600000000
B           -6.35114200000000       -2.85445600000000       -0.33955700000000
B           -3.86324600000000       -3.42757800000000        0.87124800000000
B           -1.05518500000000       -4.16513500000000        1.97935000000000
B            1.68531200000000       -4.23177000000000        1.35494900000000
B            2.97025700000000       -3.69227400000000        0.62187100000000
B            5.90758800000000       -3.84857200000000       -0.38002700000000
B           -4.76120800000000       -2.33072000000000       -0.40780900000000
B           -2.61985700000000       -2.21105900000000        0.84416000000000
B           -1.23265900000000       -2.39107400000000        1.77916200000000
B            0.28142600000000       -3.14460200000000        1.25858500000000
B            3.12800500000000       -2.13534000000000        0.03371700000000
B            5.28242800000000       -2.58067700000000       -1.14274000000000
B           -4.38265200000000       -1.05449800000000       -1.34613200000000
B           -3.19236900000000       -1.26848300000000       -0.23984100000000
B           -0.76674900000000       -0.91506900000000        2.14710700000000
B            0.43407000000000       -1.50985000000000        0.88252300000000
B            4.26033100000000       -1.27188400000000       -0.60571600000000
B            6.84520400000000       -2.47557700000000       -0.80648200000000
B           -5.00720400000000       -0.64365900000000       -2.84964900000000
B           -3.19520900000000        0.15430100000000       -0.92567200000000
B           -0.94694700000000        0.62330600000000        2.21038500000000
B            0.00158100000000       -0.02044200000000        0.90840200000000
B            4.87544400000000        0.22421900000000       -0.54758900000000
B            5.87856800000000       -1.06637800000000       -1.13057500000000
B           -5.76716400000000        0.85353600000000       -2.91756500000000
B           -2.89710200000000        1.62816700000000       -0.70834400000000
B           -1.23986500000000        2.13318400000000        2.08890900000000
B            0.18832000000000        1.54987200000000        1.05403100000000
B            4.25812300000000        1.58410600000000        0.06466300000000
B            6.30753200000000        0.43970400000000       -1.62584500000000
B           -5.73413200000000        1.75540900000000       -1.49381300000000
B           -3.34688600000000        2.97396100000000       -0.17455400000000
B           -1.66463200000000        3.61600500000000        1.79728000000000
B           -0.05897000000000        3.16403900000000        1.32348200000000
B            2.96563200000000        2.25887500000000        0.68436600000000
B            5.79192000000000        1.67251500000000       -0.69850700000000
B           -6.63890700000000        2.79998800000000       -0.84219300000000
B           -4.47457600000000        3.88733800000000        0.58792400000000
B           -1.77707600000000        5.17524700000000        1.21535600000000
B            1.17539300000000        4.40663800000000        1.32897800000000
B            2.59381000000000        3.92287400000000        0.87957500000000
B            5.35092600000000        2.98599700000000       -0.05410100000000
B           -5.31895500000000       -3.63481700000000        0.41646300000000
B           -2.48770900000000       -3.63285400000000        1.60554500000000
B            0.35957900000000       -4.72132700000000        1.90632000000000
B            1.72149800000000       -2.41621500000000        0.73450400000000
B            4.33870500000000       -3.47995000000000       -0.07292900000000
B           -5.09533100000000        2.84723300000000       -0.37349100000000
B           -3.03449500000000        4.31873500000000        0.93261200000000
B           -0.28693000000000        4.89506400000000        1.44259100000000
B            1.46162000000000        2.54819200000000        0.99240700000000
B            4.07838000000000        3.61976300000000        0.51063400000000
B           -4.59573000000000        0.59127600000000       -1.84153400000000
H           -7.36836900000000       -2.50274900000000       -0.81029300000000
H           -4.95906500000000       -1.37603400000000       -3.77389000000000
H           -6.32457900000000        1.26078000000000       -3.87154100000000
H           -7.61339800000000        3.40172800000000       -0.59757200000000
H            6.36123200000000       -4.93538300000000       -0.36023900000000
H            8.01626000000000       -2.46823700000000       -0.90614000000000
H            6.93915600000000        0.61460900000000       -2.61276000000000
117
 energy: -148.989676753998 gnorm: 0.027589749784 xtb: 6.7.1pre (5071a88)
C           -2.34123565920811       -7.04451083238411        8.98983930134729
O           -1.09699656556606       -7.16020315419473        8.33341589787955
C           -0.50808131250105       -6.01236609176351        7.87119690364600
C           -1.05830438508401       -4.73772706004707        8.02105349501737
C           -0.37853059545895       -3.64758507282363        7.51265312171462
C            0.83913616840927       -3.82330201490632        6.86350972789456
C            1.41072078609231       -5.08284556302806        6.70192123910415
C            0.73537763296813       -6.18377347701018        7.20768923966463
O            1.18570863513543       -7.47457127729602        7.11659728781232
C            2.42027927310681       -7.69100921712311        6.46418734506079
C            1.35856683868184       -2.53632671978123        6.42475877144683
O            2.41776079938503       -2.35468229881427        5.83500843713473
C            0.34803188767019       -1.45601993954775        6.81061504522749
C            1.02376637850381       -0.33416358540633        7.60716876630649
C            0.33337604139915        1.03883859629706        7.53476048416650
C           -1.06541913105836        1.05843717931152        8.14527915790220
C           -1.72188054108025        2.44368089784338        8.01765085242083
N           -0.76207263192683        3.54743354066076        7.98897184629993
C           -1.41566735558739        4.80420182840863        8.35668924053475
C           -0.58865524539157        6.02706198235746        8.03563371656288
C           -0.35022580324285        7.00142324306210        9.00076279576359
C            0.37332132972853        8.14403352825818        8.69150835735464
C            0.86794478252427        8.32766579584055        7.41100318855163
C            0.62910025267009        7.36858061609252        6.43926241384062
C           -0.09669255973330        6.22862236387665        6.74915921895348
C            0.38286283653483        3.24876932477737        8.83461327674954
C            1.20383275557844        2.09917619820161        8.23549916855279
C           -0.77605206439293       -2.20459154168590        7.56192573070288
H           -3.10426321888616       -6.62466006251624        8.32722957638365
H           -2.25886758558185       -6.43857866744163        9.89749700826239
H           -2.63821132205294       -8.05695917667771        9.27003875974173
H           -2.00134433698555       -4.58558266033216        8.52397937829654
H            2.35723616855425       -5.16039526053133        6.19235534530678
H            2.38004377123607       -7.36955883690671        5.41942326591801
H            3.23854457048439       -7.18132373229707        6.98159938109148
H            2.60064188642987       -8.76739263316424        6.49550445220618
H           -0.04169112028189       -1.03627969151293        5.87715015691261
H            1.12054963607590       -0.65030549189901        8.65067480595763
H            2.04069824784247       -0.21111762193414        7.21896844775892
H            0.23836366734359        1.31509437449118        6.47904100432677
H           -1.70783456705368        0.33453312103296        7.64262766443710
H           -1.00519838968636        0.76681466735566        9.19807834012675
H           -2.43562006236816        2.55971436698866        8.84989027009490
H           -2.29463601675814        2.49628224086000        7.08487151762252
H           -1.68721508953052        4.81135941906432        9.42595715155409
H           -2.34905942714163        4.87619030637792        7.78379987746182
H           -0.73568701395235        6.87595961697418       10.00445549177770
H            0.55577255440395        8.89083571463261        9.45316406395445
H            1.43772516098984        9.21592921830956        7.17123724241912
H            1.00782761348026        7.51130914063716        5.43620243891117
H           -0.28453037961785        5.48522661813405        5.98739234165999
H            0.06300027263184        2.99809741275784        9.86016934966048
H            1.02174052235163        4.13465566159506        8.90455083469599
H            1.91579203230279        2.49896455981460        7.50954194821310
H            1.78617901526557        1.64056314134426        9.04005085837140
H           -0.85353659084469       -1.87047696579116        8.59785083032141
H           -1.74758481473997       -2.05667127374836        7.08493763666317
B           -6.35046409944378       -2.85362428201637       -0.33973863706672
B           -3.86324316479781       -3.42539621693589        0.87424834030350
B           -1.05446012865967       -4.16618976641162        1.98185596676957
B            1.68643617540963       -4.23219731886585        1.35794553256362
B            2.97025002852439       -3.69243821487046        0.62310594339845
B            5.90704869387750       -3.84931678601657       -0.38088861599312
B           -4.76054741272347       -2.32917595015155       -0.40651822814458
B           -2.61932701343342       -2.20960541998355        0.84770510899306
B           -1.23193485635054       -2.39221854572943        1.78099150544845
B            0.28323138499977       -3.14482363791903        1.26629563606630
B            3.12695219388439       -2.13563604459153        0.03515762678061
B            5.28266517405765       -2.58070513604431       -1.14159427228710
B           -4.38175320120906       -1.05443991545893       -1.34592050794567
B           -3.19007677508395       -1.26999547146193       -0.24096090345907
B           -0.76732848215308       -0.91553529114465        2.14977254343571
B            0.43425628746187       -1.51043467219968        0.88681415836439
B            4.26161880486665       -1.27240207443544       -0.60119481646581
B            6.84531213987167       -2.47594973446232       -0.80643196644452
B           -5.00639279197595       -0.64359949436801       -2.84929057702695
B           -3.19538747956726        0.15442276445834       -0.92434440220448
B           -0.94984579670735        0.62254814121752        2.21238874525646
B            0.00355756366944       -0.02095453858576        0.91274189904427
B            4.87797177568009        0.22359577917799       -0.54485272948371
B            5.87818800961849       -1.06660236827424       -1.13139981083594
B           -5.76622079038070        0.85447169151951       -2.91789602868363
B           -2.89688383818235        1.62774977851457       -0.70614665826332
B           -1.24115657779609        2.13263929808155        2.09104279890801
B            0.18878169213196        1.54931499805550        1.06105884859777
B            4.25939476353668        1.58544410669092        0.06381945751069
B            6.30741766351097        0.43891144057269       -1.62684116169230
B           -5.73424005206738        1.75570563666487       -1.49448208908882
B           -3.34724400615632        2.97281304195099       -0.17155480836844
B           -1.66586352382001        3.61548653513727        1.79846362500130
B           -0.05920451499022        3.16415903592333        1.32929830593492
B            2.96506894475513        2.26104014873977        0.67877235182450
B            5.79202825313901        1.67254513607963       -0.70016167046587
B           -6.63913079739272        2.80201609674055       -0.84485716384209
B           -4.47505976279640        3.89104827307227        0.58426514324853
B           -1.77890250124128        5.17608016143620        1.22076156734662
B            1.17501312166050        4.40657441651810        1.32882393430373
B            2.59478660989140        3.92266042864487        0.88399665142785
B            5.35189370470681        2.98574416029749       -0.05477837769926
B           -5.31745600329490       -3.63508631762832        0.41542921932808
B           -2.48702387597617       -3.63273700136422        1.60742501017980
B            0.35934870349812       -4.72431590698053        1.90595482444458
B            1.72434692154590       -2.41647220766491        0.74440923344541
B            4.33784830625280       -3.47979423114621       -0.07396325790041
B           -5.09555396673014        2.84866969540320       -0.37426481831930
B           -3.03491603126958        4.31981674891807        0.93314748687917
B           -0.28821481095787        4.89512452020684        1.44245524240710
B            1.46148594285313        2.55050383175439        0.99370846014644
B            4.07990797329474        3.61842159158868        0.51435640552982
B           -4.59578570233399        0.59147953668684       -1.84029358281652
H           -7.36700082204238       -2.50254745107794       -0.81071581744118
H           -4.95920927502806       -1.37535298555960       -3.77317494560928
H           -6.32398196294237        1.26107161408796       -3.87111060041785
H           -7.61441093020926        3.39941808663762       -0.59650371949353
H            6.36066262296183       -4.93484098575070       -0.36131898271633
H            8.01541228588837       -2.46743586644597       -0.90567653988703
H            6.93852647409775        0.61387038397533       -2.61300235054561
117
 energy: -148.991360886090 gnorm: 0.010863395467 xtb: 6.7.1pre (5071a88)
C           -2.32835534896780       -7.04727333313744        8.98539480367607
O           -1.08997370372895       -7.15325304110666        8.33063816640863
C           -0.50676978221998       -6.00544299567090        7.86952670076200
C           -1.05581165084738       -4.73502795044872        8.01659918679156
C           -0.38301449311563       -3.64324241425976        7.50975194965199
C            0.83834107519962       -3.80541575500744        6.85660160955665
C            1.40406079999151       -5.07688747493912        6.70236806205509
C            0.73541545349272       -6.17371335241208        7.20636862474105
O            1.18092527364980       -7.46332650819566        7.11885453106833
C            2.40891027089676       -7.68640682374342        6.47006114818765
C            1.35767190396909       -2.52541977160934        6.41628465699179
O            2.40973080975965       -2.30853161817005        5.82151861694819
C            0.33515171827492       -1.44845519685509        6.80710719023687
C            1.01490160630742       -0.32400112740821        7.59966545237143
C            0.33253731708159        1.04990459947367        7.52496255385990
C           -1.05892837648714        1.06535894330170        8.14949539818861
C           -1.71992378477395        2.44449561307559        8.01180947228328
N           -0.75823923245744        3.54178441488391        7.98383749911488
C           -1.40837432286006        4.79235862884140        8.35058674908751
C           -0.58049963137676        6.01045884992424        8.03429362090954
C           -0.34301402945727        6.98176697941438        8.99631338123553
C            0.37481637380145        8.12369423578258        8.68768950891081
C            0.86649831864520        8.30917432673407        7.40899290847611
C            0.63262827345733        7.34705755588584        6.44162738182428
C           -0.08693842351248        6.20816864587725        6.75229867637366
C            0.38215156378602        3.24599921833641        8.82823126292365
C            1.20897644932634        2.10277792039915        8.22663720787491
C           -0.78162830885475       -2.19892595344258        7.55874862796681
H           -3.09618454881135       -6.62470047924096        8.32917417949928
H           -2.25437818042436       -6.43893175053684        9.89292866959803
H           -2.60643147671155       -8.06512904645868        9.25653235357490
H           -1.99728832685157       -4.59369525321058        8.52194360806381
H            2.34831124550916       -5.16034042720949        6.19428013331061
H            2.37536593622528       -7.36287050485021        5.42553121558839
H            3.23100989327122       -7.17492078731346        6.98038129647654
H            2.57103777296988       -8.76302337437117        6.51206397884644
H           -0.04909656415432       -1.02057225822190        5.87530109585735
H            1.10858439295491       -0.63284333014096        8.64390681117370
H            2.02632360832686       -0.21286610893018        7.19892972185259
H            0.22583596917346        1.32672901097652        6.47254018495900
H           -1.69902234881318        0.33296570154961        7.65997609757952
H           -0.98165052011898        0.78993822120819        9.20331776772050
H           -2.43342953215886        2.56961278925600        8.84609866070823
H           -2.28738147183189        2.49602906187272        7.07682275196732
H           -1.68167884246542        4.80555068123150        9.42239847152844
H           -2.33651967913874        4.84980346273864        7.77007579221284
H           -0.72790218531934        6.85174601490930        9.99771626568004
H            0.54728540632994        8.87251292242767        9.44680069006441
H            1.42565406512224        9.20093848393191        7.16733517315176
H            1.00612462336856        7.49231683423541        5.43941355418803
H           -0.27253699604426        5.45912478648432        6.00010652352210
H            0.05862640778179        2.98700524077224        9.85326800889105
H            0.99796801058867        4.14750155457887        8.89637219085973
H            1.92068712191926        2.50972437678465        7.50928683069185
H            1.77956895113799        1.63422065668248        9.03079508731210
H           -0.85615233449611       -1.86238300159449        8.59371444199273
H           -1.75749345101346       -2.05211305663802        7.09302867223908
B           -6.34843374261809       -2.85283063301845       -0.33957270662145
B           -3.86212144979985       -3.42291212567894        0.87785686346593
B           -1.05357748068466       -4.16787836608229        1.98609323820100
B            1.68788906268113       -4.23255374471270        1.36385629039757
B            2.97086830464501       -3.69211198528798        0.62776054990395
B            5.90593355839785       -3.85096303973277       -0.38257123274073
B           -4.75867238104047       -2.32783743529184       -0.40505879605282
B           -2.61609171342985       -2.20911145004541        0.85044216360073
B           -1.23063128761390       -2.39360310856314        1.78541060108761
B            0.28512742961565       -3.14564511883356        1.27665533689174
B            3.12769259328266       -2.13421475682172        0.04369078991218
B            5.28208844171756       -2.58057819039246       -1.13920324312398
B           -4.37974675965327       -1.05396533827617       -1.34478721585185
B           -3.18831169164530       -1.27059671195108       -0.23925411942945
B           -0.76813302827062       -0.91601395001684        2.15569730236233
B            0.43506603766154       -1.51132459533541        0.89548592401018
B            4.26190723509187       -1.27255058857631       -0.59581819270266
B            6.84483032973170       -2.47666287764299       -0.80631621841716
B           -5.00371450514898       -0.64301632497098       -2.84826427124404
B           -3.19473006177649        0.15497058188851       -0.92133018214541
B           -0.95354760103680        0.62181678988966        2.21673298056479
B            0.00676970758545       -0.02172524707759        0.92082834190272
B            4.87960457330996        0.22347076861923       -0.54271360724179
B            5.87691941795676       -1.06674011330589       -1.13159070702415
B           -5.76397103088524        0.85572361906653       -2.91737017265848
B           -2.89575836441677        1.62773920542758       -0.70101422467251
B           -1.24293633719273        2.13206915185545        2.09407780273610
B            0.18970177478780        1.54855874309280        1.07143003498066
B            4.25939070740135        1.58777942310340        0.06155425027016
B            6.30623025312500        0.43809144825454       -1.62796239435250
B           -5.73340082494874        1.75645966414717       -1.49438504089583
B           -3.34787544869666        2.97264790917749       -0.16737853916319
B           -1.66792899745017        3.61497838706395        1.80002055508165
B           -0.05975010907396        3.16420126879615        1.33725231176852
B            2.96466952646871        2.26286634504384        0.67662363610471
B            5.79181854491834        1.67264479006786       -0.70152083911355
B           -6.64002509647133        2.80190647528605       -0.84524035753814
B           -4.47605556248563        3.89634618727643        0.58067275092534
B           -1.78071335580247        5.17727890383930        1.22767711764400
B            1.17448240125140        4.40585881045015        1.33052305181502
B            2.59519450231809        3.92200922275879        0.88845308790433
B            5.35274530493142        2.98519161186519       -0.05414550503338
B           -5.31533459876055       -3.63415276487813        0.41629208019686
B           -2.48545402854464       -3.63277784452845        1.61003445897959
B            0.35939487180607       -4.72799509943802        1.90714064735088
B            1.72745375594179       -2.41724695799964        0.75737563974486
B            4.33749091405873       -3.47831671418590       -0.07198662629416
B           -5.09614712412704        2.85103294336040       -0.37417659919371
B           -3.03596639867520        4.32200255395295        0.93491006167216
B           -0.28944832493528        4.89486774188104        1.44408540712838
B            1.46145519557332        2.55317818169347        0.99840860937139
B            4.08076656815735        3.61630981853052        0.51778531955563
B           -4.59480699849403        0.59216015370773       -1.83791988853625
H           -7.36429277473830       -2.50264010131100       -0.81152561183276
H           -4.95811400899601       -1.37405727502241       -3.77218257722957
H           -6.32202012427963        1.26085860469782       -3.87051889873109
H           -7.61543254571884        3.39886556951276       -0.59881525097956
H            6.35876523714884       -4.93593532590600       -0.36388359593174
H            8.01432058810300       -2.46742976975875       -0.90472072255985
H            6.93808285443835        0.61249364388997       -2.61299804580276
117
 energy: -148.991883968909 gnorm: 0.005915707483 xtb: 6.7.1pre (5071a88)
C           -2.31906361922887       -7.05072974071287        8.98371413707523
O           -1.08277191327965       -7.14516187409691        8.32832127903697
C           -0.50603637156928       -5.99516793726057        7.86778887628646
C           -1.05540841300070       -4.72554748486675        8.01287827229318
C           -0.38572389446001       -3.63339100668075        7.50373759333906
C            0.83623017886025       -3.79007412110372        6.84726606043600
C            1.40118014976101       -5.06563621780292        6.69789502770294
C            0.73602124210186       -6.16126958429876        7.20352330449498
O            1.17810551079903       -7.45140019949088        7.12049412860333
C            2.40284805786511       -7.68333793088813        6.47357694162562
C            1.34824667415091       -2.51447077274077        6.40267476882971
O            2.39357030930808       -2.27815476193219        5.80421127505127
C            0.32142992424833       -1.43829362609663        6.79891927426474
C            1.01153359411235       -0.31664004819614        7.58759422611443
C            0.33190738242635        1.05715099344001        7.51704418436439
C           -1.05439172306729        1.06760937270308        8.15393903959664
C           -1.72143086534575        2.44060992637788        8.00803487030468
N           -0.75979812213654        3.53595144501978        7.98157563036752
C           -1.41049382025301        4.78356365452950        8.34440437416468
C           -0.57746341135806        5.99624250659357        8.03137115313961
C           -0.33923341887515        6.96619366628662        8.99411094242244
C            0.37607609787045        8.10915396454019        8.68375423844221
C            0.86624608207280        8.29414690003445        7.40383131201800
C            0.63886149739133        7.32771339381151        6.43821527638133
C           -0.07819213377055        6.18805850419646        6.75013115896871
C            0.38199474396631        3.24519430375097        8.82438549841897
C            1.21161059075547        2.10624218566239        8.21996497859313
C           -0.78875721625937       -2.18969506468833        7.55491522716492
H           -3.09237923380554       -6.63084501075984        8.33109698885649
H           -2.25067924614863       -6.44418822666728        9.89371603791266
H           -2.58733777886964       -8.07155127976847        9.25071100364837
H           -1.99689751132644       -4.58881868230126        8.51988680350274
H            2.34546307165630       -5.15195267831332        6.18959060091239
H            2.37265020650921       -7.36305902760857        5.42738896861712
H            3.22894551018833       -7.17375735108698        6.98063127879876
H            2.55710652902469       -8.76002385445341        6.52084419650957
H           -0.06464619792824       -1.00814392133738        5.86937345250679
H            1.10664480404250       -0.62288393804485        8.63189808746575
H            2.02042875713668       -0.21170850270142        7.18024433981787
H            0.21734590158023        1.33818567307754        6.46672265700326
H           -1.69349352363994        0.32573447164268        7.67844750168755
H           -0.96288097421761        0.80560617775850        9.20993177277793
H           -2.43821663801095        2.56926065829384        8.83951024374689
H           -2.28478619287702        2.48769922352766        7.07060815841828
H           -1.68827728251594        4.79736652367925        9.41595159801722
H           -2.33519764195327        4.84074476383666        7.75981204601851
H           -0.72320108680521        6.83297131025951        9.99555208248408
H            0.54748156291016        8.85794966641831        9.44279446818448
H            1.42131407906061        9.18753424343844        7.16060885392340
H            1.01464704461497        7.47142945424059        5.43679145790864
H           -0.26081451995782        5.43268592533253        6.00338401094060
H            0.06032291273742        2.98241051915387        9.84953839942455
H            0.99022600981133        4.15062959679552        8.89299478706087
H            1.92346272366458        2.51552915462793        7.50493101918750
H            1.77979656509756        1.63223695401068        9.02175173726077
H           -0.85820193268084       -1.85481721770217        8.59134762813046
H           -1.76909780734914       -2.04602563778111        7.09674558620558
B           -6.34583335809720       -2.85205837378522       -0.33852742402090
B           -3.86006603900826       -3.42156022171393        0.88061121724869
B           -1.05277371910333       -4.16932593426235        1.99117876908860
B            1.68935553090038       -4.23293271700510        1.37159860890896
B            2.97227942886528       -3.69131689203756        0.63582066365392
B            5.90445688966637       -3.85241279320136       -0.38358247371059
B           -4.75628138104234       -2.32650226712828       -0.40267083586479
B           -2.61253920371174       -2.20893297483483        0.85338094307171
B           -1.22934421801770       -2.39443987348038        1.79130764896681
B            0.28687682710472       -3.14652759071607        1.28720649462423
B            3.12857097407579       -2.13276400270736        0.05372580617105
B            5.28038465630278       -2.58033616250164       -1.13614102761701
B           -4.37691340650894       -1.05330167089161       -1.34270560667438
B           -3.18564331749810       -1.27122058408909       -0.23687080461096
B           -0.76891572257653       -0.91629799838102        2.16362110089483
B            0.43674871421444       -1.51209599714885        0.90682516290307
B            4.26152184049001       -1.27229260271930       -0.58952726863565
B            6.84361352683802       -2.47749995044908       -0.80663436308861
B           -4.99992878508935       -0.64228306753011       -2.84634228989319
B           -3.19335971852190        0.15568220024715       -0.91719554634304
B           -0.95637946128333        0.62149307714533        2.22275363191726
B            0.01003788265900       -0.02248402796679        0.93061109987845
B            4.87998922829605        0.22399318144776       -0.54083028861029
B            5.87495224717726       -1.06675468657976       -1.13076037400571
B           -5.76074341413651        0.85666552835285       -2.91607662192414
B           -2.89405093382979        1.62788377193696       -0.69410307848777
B           -1.24460028773749        2.13170641578485        2.09774553639995
B            0.19040667780546        1.54793071205694        1.08146500757835
B            4.25932093348231        1.58962851043834        0.06226235671266
B            6.30440777750942        0.43760241743627       -1.62826219269418
B           -5.73167377075031        1.75785258609558       -1.49390477214790
B           -3.34826065361353        2.97290554434528       -0.16209050923816
B           -1.67012016566238        3.61469296543525        1.80237608347897
B           -0.06050899962186        3.16407386491253        1.34490319673837
B            2.96421014331143        2.26367406959641        0.67833082253244
B            5.79072742039467        1.67316869568526       -0.70249971730177
B           -6.63987655383124        2.80340372621759       -0.84704543756555
B           -4.47694322984461        3.90091911826455        0.57929835019443
B           -1.78169066550393        5.17828919253315        1.23387257652627
B            1.17391230223577        4.40460083758203        1.33427568753920
B            2.59480508430155        3.92118400294815        0.89205408680135
B            5.35261647814538        2.98529366203374       -0.05369723274628
B           -5.31308913872808       -3.63282714884470        0.41845778563437
B           -2.48361355832478       -3.63296698988099        1.61281699460630
B            0.35982512803077       -4.73069594965055        1.91100636699676
B            1.73022741926244       -2.41812154105831        0.77043986522355
B            4.33730053428480       -3.47667346606179       -0.06757156653162
B           -5.09649375599483        2.85400114878045       -0.37376660344473
B           -3.03710965059262        4.32435990227310        0.93805390302411
B           -0.29024272001890        4.89442193571347        1.44744687789624
B            1.46128148450502        2.55502020194743        1.00461771157411
B            4.08054585342476        3.61421097025727        0.52049236779695
B           -4.59296862921630        0.59298523815810       -1.83489124751768
H           -7.36107888459701       -2.50303466555309       -0.81242156760385
H           -4.95527882878073       -1.37279018895751       -3.77055347322566
H           -6.31877790370132        1.26031154879059       -3.86974863780877
H           -7.61654580415781        3.39809435701914       -0.60055503566670
H            6.35596033606797       -4.93772879941643       -0.36672145737869
H            8.01294766296595       -2.46786877980426       -0.90454676428453
H            6.93753667375294        0.61093710126557       -2.61248432236223
117
 energy: -148.992340088094 gnorm: 0.006533195473 xtb: 6.7.1pre (5071a88)
C           -2.30723404408668       -7.05386579365512        8.98319436738674
O           -1.07213961229479       -7.13302569067553        8.32581962980908
C           -0.50524046990962       -5.97944917346586        7.86461038455449
C           -1.05637991624699       -4.71020656454971        8.00770467102077
C           -0.38965637063308       -3.61869278451051        7.49280759397409
C            0.83045719664826       -3.77183011636952        6.82999231431943
C            1.39737378393745       -5.04869178535150        6.68568133044854
C            0.73673808583786       -6.14319747849025        7.19760582690498
O            1.17619389946040       -7.43431271445069        7.12223422916708
C            2.39811162775242       -7.67771089156381        6.47651434394480
C            1.33016287177838       -2.49998136115668        6.37649321886440
O            2.36519054731847       -2.24671565623078        5.76939971628929
C            0.30199018498441       -1.42364046318104        6.78181620347822
C            1.00759743263187       -0.30902589276018        7.56634474870917
C            0.32973831174164        1.06428484305694        7.50788293444111
C           -1.04942707442339        1.06664388676131        8.16142411967546
C           -1.72501919724756        2.43126585915370        8.00471938175518
N           -0.76613243381892        3.52773201549725        7.97927704120071
C           -1.41819505250660        4.77392925625092        8.33563740759213
C           -0.57776375299788        5.98025955602450        8.02545433322277
C           -0.33683826854602        6.94918556508578        8.98899781980732
C            0.38151897660995        8.09026127167922        8.67622893313998
C            0.87172491683060        8.27112183389531        7.39490377531554
C            0.65126692638954        7.29935426674230        6.43161046542569
C           -0.06808164565645        6.16146960409449        6.74515841231154
C            0.38047242132596        3.24527274431661        8.81908136748711
C            1.21250431321546        2.11107850714265        8.21058708361802
C           -0.79811202971763       -2.17632111724318        7.54785671575765
H           -3.08771969409977       -6.64011632502399        8.33412158902371
H           -2.24474582145314       -6.45090130908181        9.89673521981422
H           -2.56533843413750       -8.07805103711601        9.24693705301179
H           -1.99734858388648       -4.57612025340329        8.51789448280048
H            2.34199432530373       -5.13720755536722        6.17614956430951
H            2.37025847457061       -7.36432504574973        5.42756555861283
H            3.22901760990253       -7.17127429311919        6.98016672965280
H            2.54624584164434       -8.75470858710802        6.52949593051719
H           -0.09207088728513       -0.99132373829941        5.85707279974672
H            1.11104920800545       -0.61668353633470        8.60935655852785
H            2.01270600687870       -0.20858654975651        7.14906445524275
H            0.20389585247889        1.35326704868134        6.46064337413413
H           -1.68774476062192        0.31136551479400        7.70643528468023
H           -0.93888587543509        0.82217677523536        9.22029406651522
H           -2.44926607550645        2.56162375552685        8.82928013309046
H           -2.28166973126197        2.46997871482561        7.06266586643898
H           -1.70475290788135        4.78804056423122        9.40533123959768
H           -2.33860973112308        4.83501628745093        7.74526028899888
H           -0.72044430550706        6.81402845032223        9.99075420463292
H            0.55329061686463        8.84018161705432        9.43438911038702
H            1.42250790958081        9.16635437656448        7.14832264906915
H            1.03386184135223        7.43796797804554        5.43156587206927
H           -0.24552587824869        5.39705097882103        6.00513893671825
H            0.06460484990671        2.98024318263307        9.84521391712270
H            0.98356134493126        4.15311458095239        8.88693175222182
H            1.92342997409272        2.52253750998726        7.49536893826781
H            1.78278454137185        1.63340881343180        9.00848625831756
H           -0.85862739055822       -1.84461823185953        8.58669497814210
H           -1.78442933770165       -2.03668532366529        7.09974673131254
B           -6.34095531341376       -2.85167808084449       -0.33741680200656
B           -3.85639128379330       -3.41988989597016        0.88513470023646
B           -1.05148265237531       -4.17110750450899        2.00049064999848
B            1.69172686046726       -4.23326731027469        1.38579248436098
B            2.97452091394805       -3.69001318548331        0.65039914076856
B            5.90172528088442       -3.85430176302067       -0.38396614471914
B           -4.75171802988834       -2.32504575061577       -0.39869360642027
B           -2.60660743057837       -2.20889055846195        0.85834163919475
B           -1.22729934363811       -2.39505657820547        1.80203086118725
B            0.28950083686417       -3.14781250127191        1.30420596188869
B            3.13002627295283       -2.13052093259789        0.07072151467741
B            5.27665230385617       -2.57985107870457       -1.13053550087832
B           -4.37150437734221       -1.05219273624894       -1.33864940109442
B           -3.18116058955104       -1.27167615782356       -0.23169861923145
B           -0.76985645331839       -0.91646832420622        2.17781156147040
B            0.43960327742848       -1.51318370043432        0.92615806774862
B            4.26038001866900       -1.27146436373548       -0.57866347916751
B            6.84102466379280       -2.47905694524634       -0.80735159604524
B           -4.99291107958642       -0.64100878333122       -2.84252381979703
B           -3.19045031368686        0.15709673676761       -0.90969245460135
B           -0.95992808741132        0.62135365806690        2.23379194791215
B            0.01472445026408       -0.02356790122787        0.94703674526288
B            4.88002681669826        0.22521846621312       -0.53687770229068
B            5.87131613059541       -1.06676947932469       -1.12818959080616
B           -5.75449484884065        0.85810644986267       -2.91327322310273
B           -2.89070343575269        1.62844809017354       -0.68242301344414
B           -1.24714069059015        2.13131062420939        2.10420885796348
B            0.19121131513211        1.54709323658073        1.09683742169403
B            4.25881388568247        1.59251428628041        0.06529455491755
B            6.30073054087722        0.43703199572872       -1.62773716623513
B           -5.72813243064495        1.75983517322000       -1.49182813893310
B           -3.34856011502755        2.97360878941091       -0.15318951347339
B           -1.67370391346406        3.61440136260335        1.80704878844698
B           -0.06185949658051        3.16373913905529        1.35669799688265
B            2.96360386139003        2.26394926883885        0.68486864599897
B            5.78840236366005        1.67436036523449       -0.70347946178869
B           -6.63940851249007        2.80444555549539       -0.84780577014537
B           -4.47806463725530        3.90686416163734        0.57956349287641
B           -1.78263253994994        5.17965475599892        1.24316856193317
B            1.17293329340101        4.40222136110560        1.34182425541664
B            2.59374469450984        3.91957651908121        0.89816756602963
B            5.35174030635340        2.98621843331965       -0.05336712502139
B           -5.30930932647899       -3.63086083728477        0.42256234604264
B           -2.48058331056413       -3.63318280350928        1.61794794729799
B            0.36095263484201       -4.73363600290592        1.92048716975670
B            1.73410504935017       -2.41940415584225        0.79095785695813
B            4.33684670283738       -3.47423585794156       -0.05868446018635
B           -5.09690295022706        2.85807141812686       -0.37148418887381
B           -3.03877426980718        4.32789772027344        0.94412113170404
B           -0.29123274127463        4.89368645405432        1.45392385307714
B            1.46101286302291        2.55703463732217        1.01611773542377
B            4.07921668907302        3.61115741477162        0.52374073505472
B           -4.58910039271554        0.59430282789050       -1.82952303179427
H           -7.35564920384095       -2.50323586432900       -0.81295768451385
H           -4.94896575626145       -1.37073897754011       -3.76732875690833
H           -6.31206826700308        1.25970494552005       -3.86810640173952
H           -7.61703133096005        3.39950064519494       -0.60590027881311
H            6.35076877155426       -4.94065099557820       -0.37077551744773
H            8.01023584706590       -2.46897055942023       -0.90574940867755
H            6.93618486858892        0.60838700513501       -2.61079724660970
117
 energy: -148.992685864745 gnorm: 0.007850071242 xtb: 6.7.1pre (5071a88)
C           -2.29626045791266       -7.05395877476814        8.98457363615337
O           -1.06156132312008       -7.12189753051124        8.32495993192284
C           -0.50396327649300       -5.96531042002017        7.86090707159743
C           -1.05773910412344       -4.69668322213722        8.00313664890818
C           -0.39433395217631       -3.60637010712964        7.48052671426941
C            0.82153774363463       -3.75849179162440        6.80902120237257
C            1.39248478755281       -5.03387488254398        6.66810343722823
C            0.73712383637165       -6.12724666999443        7.18981875164566
O            1.17703939399657       -7.41877219257909        7.12279380012938
C            2.39737046301384       -7.66964848826618        6.47695716800551
C            1.30898184594631       -2.48810703296655        6.34335248404173
O            2.33296729399343       -2.22783415821121        5.72171951207438
C            0.28400307011941       -1.41119395814906        6.76119047351613
C            1.00435278256738       -0.30403562639708        7.54173189113835
C            0.32528820035505        1.06807264225484        7.50034930237094
C           -1.04625268871084        1.06387625113216        8.17037066596741
C           -1.73042389090966        2.42086397337411        8.00341700645748
N           -0.77544577621687        3.52041468087127        7.97723125721515
C           -1.42870058033884        4.76708495575963        8.32718371171579
C           -0.58005357450883        5.96768968260757        8.01861056539831
C           -0.33650068817629        6.93736244830950        8.98108373241607
C            0.38873991302732        8.07413525430140        8.66580063151599
C            0.88254021309344        8.24742376278965        7.38450829165882
C            0.66604010645545        7.27096805578205        6.42438795018563
C           -0.05985016254836        6.13753719290798        6.73985896712430
C            0.37717079840452        3.24547688394102        8.81285303738287
C            1.21044933735887        2.11454429048352        8.20052550919321
C           -0.80644800322017       -2.16528957285932        7.53886953645568
H           -3.08188531209216       -6.64647475517662        8.33752158107764
H           -2.23727888466104       -6.45355561401061        9.90013203334799
H           -2.54683033366553       -8.08060886095737        9.24717852938004
H           -1.99689487640436       -4.56257010871978        8.51774872613810
H            2.33620795788029       -5.12305865878422        6.15555844030485
H            2.36933825464293       -7.36340052901168        5.42573251235422
H            3.23105006672580       -7.16436494114574        6.97753067004332
H            2.54323013115320       -8.74692990689380        6.53508342434345
H           -0.12151318994890       -0.97585084457410        5.84291392000849
H            1.12192501972629       -0.61749293378844        8.58194418597519
H            2.00447207249179       -0.20322586870693        7.11216325409178
H            0.18725074650107        1.36521319186198        6.45646180464236
H           -1.68441220788503        0.29769038374692        7.73415867067659
H           -0.91947109115133        0.83406136238310        9.23101896109518
H           -2.46265785950894        2.55149516521266        8.82043844200358
H           -2.28009507897145        2.45003373750049        7.05631576009441
H           -1.72423979140325        4.78301091098471        9.39440382012395
H           -2.34515803623578        4.83208880492658        7.73041332332917
H           -0.72296781275956        6.80476892013515        9.98233799233815
H            0.56356307135260        8.82531891717693        9.42237237008658
H            1.43526892500747        9.14088560797063        7.13512994900313
H            1.05767833722847        7.40193566004761        5.42627131939222
H           -0.23464690293367        5.36676912907290        6.00505229416124
H            0.06884019066149        2.98085964825444        9.84081677016502
H            0.97763853180669        4.15506368704123        8.87733000515290
H            1.91838660112865        2.52780690527991        7.48244263190996
H            1.78624777538148        1.63664896988184        8.99470924918063
H           -0.85664315358565       -1.83561160233799        8.57933725707182
H           -1.79803601989713       -2.02848785195459        7.10071146555095
B           -6.33552200977058       -2.85070324838897       -0.33442844226562
B           -3.85201388570920       -3.41882969562873        0.89014502607975
B           -1.05001982032267       -4.17245796946823        2.01214477617908
B            1.69439228545465       -4.23328965082005        1.40334180887535
B            2.97682915522522       -3.68861349038771        0.66790823511820
B            5.89836015787952       -3.85583233047273       -0.38300290666378
B           -4.74631320553566       -2.32363856931799       -0.39340605707357
B           -2.60053630569391       -2.20883013241687        0.86495453092788
B           -1.22523875170991       -2.39507741796338        1.81492991252642
B            0.29229860039484       -3.14892715036816        1.32335316636694
B            3.13152415652076       -2.12829273568084        0.08998617977023
B            5.27149774471203       -2.57923278314792       -1.12367603495000
B           -4.36477811041178       -1.05103019306978       -1.33326157457902
B           -3.17560144053324       -1.27194524664132       -0.22508683493390
B           -0.77075936996624       -0.91637461062513        2.19452597115851
B            0.44250101402390       -1.51417147761201        0.94794100509316
B            4.25877739170851       -1.27017168255915       -0.56563699444995
B            6.83743833520744       -2.48089643375990       -0.80817755141060
B           -4.98407862643570       -0.63972126324932       -2.83756120439560
B           -3.18651250151031        0.15871431854814       -0.90068876774255
B           -0.96307599557846        0.62148503219428        2.24718508774882
B            0.01891566052698       -0.02457117761209        0.96548720919873
B            4.87989318502997        0.22681359757998       -0.53104523246598
B            5.86678084830826       -1.06682128908473       -1.12431920721793
B           -5.74642321001488        0.85940695465256       -2.90973199592009
B           -2.88645970444517        1.62920296542578       -0.66929142259120
B           -1.24992824673405        2.13101593009142        2.11216347226468
B            0.19167260644234        1.54633609274049        1.11322405321731
B            4.25843397887262        1.59546398826968        0.07138417076681
B            6.29591281772272        0.43649094339246       -1.62625047234740
B           -5.72345617795128        1.76200084181524       -1.48896866874593
B           -3.34830213192590        2.97408770850224       -0.14218220933011
B           -1.67768144005032        3.61415264584274        1.81342591807967
B           -0.06341551389723        3.16327714395670        1.36946735233716
B            2.96291365011883        2.26350846777865        0.69455834891000
B            5.78521704353595        1.67607964047864       -0.70422362477007
B           -6.63748193491206        2.80748600226160       -0.85029584479354
B           -4.47894196489427        3.91202798346728        0.58195892750975
B           -1.78330745306534        5.18093119782411        1.25343330501617
B            1.17178849882941        4.39950684264513        1.35128618375711
B            2.59241183761664        3.91773592838965        0.90579958675153
B            5.35014805632276        2.98825831415717       -0.05401793031562
B           -5.30475948696354       -3.62951134848935        0.42697379034891
B           -2.47730569693125       -3.63344251376440        1.62456800304670
B            0.36258247970768       -4.73552997991498        1.93433593534337
B            1.73783352834171       -2.42042644916150        0.81345854031199
B            4.33603567282784       -3.47206045520616       -0.04746984836516
B           -5.09677259121233        2.86214601562524       -0.36819894566083
B           -3.04045590453889        4.33140495405491        0.95218802533524
B           -0.29216034859001        4.89298270454138        1.46202473489042
B            1.46071301679492        2.55835014741081        1.02989173838985
B            4.07722905414559        3.60808682582554        0.52725500501079
B           -4.58402262567265        0.59559008371135       -1.82298298406853
H           -7.34909175364384       -2.50424122223998       -0.81403107942113
H           -4.93999755616722       -1.36868018358386       -3.76299363152069
H           -6.30294592898166        1.25937289656070       -3.86593356388612
H           -7.61672645569213        3.40120808170944       -0.61112436605977
H            6.34467372318925       -4.94344954883052       -0.37424387116990
H            8.00644159843431       -2.47052383683014       -0.90909693873849
H            6.93394561355258        0.60541366507429       -2.60813704556110
117
 energy: -148.993131472372 gnorm: 0.007277022538 xtb: 6.7.1pre (5071a88)
C           -2.28297122041792       -7.05033602769580        8.98859819936954
O           -1.04837248919812       -7.10980057974247        8.32647991412117
C           -0.50119795797412       -5.95072154074466        7.85619131462905
C           -1.05867139435217       -4.68338451252593        7.99853162031382
C           -0.40091275615978       -3.59454653278103        7.46452971454980
C            0.80701328741573       -3.74712542605218        6.77920791277824
C            1.38421229502463       -5.01896159010427        6.64092692842701
C            0.73713354568829       -6.11085589707743        7.17810712740276
O            1.18117441477218       -7.40187456894427        7.12163127179640
C            2.40055069187217       -7.65663005902035        6.47442741529295
C            1.27974848562012       -2.47690705962254        6.29547202404833
O            2.28817083184887       -2.21788847196083        5.64806002928293
C            0.26317901586616       -1.39926675182452        6.73228399474379
C            0.99979785207302       -0.30021744693909        7.50777234449174
C            0.31647634057422        1.06974460815928        7.49149758541109
C           -1.04486962629734        1.05898466172737        8.18213316786402
C           -1.73841188314206        2.40819254564786        8.00367248082092
N           -0.78881248417374        3.51260068002306        7.97419143525831
C           -1.44294636328251        4.76105809554045        8.31691044457337
C           -0.58504840002753        5.95566554729657        8.00865644967493
C           -0.33859092168758        6.92801441297239        8.96780404154882
C            0.39989713051496        8.05630107202868        8.64999940300538
C            0.90297191899430        8.21675677655444        7.37058994539997
C            0.68658952332006        7.23583161906820        6.41492777951964
C           -0.05240361281204        6.11118272500212        6.73255682362205
C            0.37184026421869        3.24561013378592        8.80304137395055
C            1.20507775145387        2.11707814402566        8.18582168485170
C           -0.81571581409233       -2.15482742249375        7.52575129585136
H           -3.07240340045961       -6.64959337518860        8.34247302648919
H           -2.22602032239451       -6.45099420450574        9.90457471587521
H           -2.52684021483240       -8.07881585178772        9.25188176586068
H           -1.99391613659010       -4.54755177881418        8.52043728169154
H            2.32479886660193       -5.10769614657825        6.12193314263401
H            2.36968752623620       -7.35871981102324        5.42107998673008
H            3.23511305722972       -7.14910830329890        6.97087802182104
H            2.54772390406079       -8.73383481576105        6.53890305847413
H           -0.15848711964078       -0.95876452503684        5.82351153521339
H            1.14035448432275       -0.62406269219862        8.54293204068366
H            1.99179181067173       -0.19375535175411        7.05977110969321
H            0.16177748687745        1.37610061781775        6.45212725545398
H           -1.68397107066712        0.28247303292200        7.76708053806382
H           -0.90045300298356        0.84493449231774        9.24387545298445
H           -2.47899385297086        2.53897856211371        8.81247865613105
H           -2.28066453879556        2.42533463805312        7.05126484751530
H           -1.74805523908433        4.78108390338165        9.38099637663437
H           -2.35495995438986        4.82895152360423        7.71250939349518
H           -0.73198265147620        6.80336543493430        9.96755491729417
H            0.57859846909206        8.81015557297395        9.40336743855162
H            1.46392163697929        9.10466966923169        7.11845582509634
H            1.08970451091388        7.35570824858534        5.41948386934699
H           -0.22657895164002        5.33535565337349        6.00274268004010
H            0.07410780110459        2.98340969004153        9.83409269819357
H            0.97044767321886        4.15716281922547        8.86063257367302
H            1.90744902751080        2.53211893471268        7.46226902034189
H            1.78938472359117        1.64122513133583        8.97580445970586
H           -0.85209855266540       -1.82565757874543        8.56708471023750
H           -1.81306670989369       -2.02045630795704        7.09992485272274
B           -6.32695740105088       -2.85164251573008       -0.33322676893580
B           -3.84629814149623       -3.41747400660154        0.89815792706872
B           -1.04806198803507       -4.17354921461186        2.02953632311082
B            1.69795819982655       -4.23287122824838        1.42906461248223
B            2.97962285439740       -3.68673332153936        0.69291040749789
B            5.89338324001604       -3.85734085749330       -0.38022170606030
B           -4.73801661260102       -2.32282492238685       -0.38633357750161
B           -2.59289475282411       -2.20868486764770        0.87531037459227
B           -1.22271438221283       -2.39437598984245        1.83352688733688
B            0.29597442006157       -3.14991550255564        1.34998759389503
B            3.13338047866158       -2.12545981187016        0.11662001967862
B            5.26336069220281       -2.57829286702048       -1.11363878944964
B           -4.35472177862327       -1.04968857803660       -1.32519778640551
B           -3.16771259533232       -1.27182725341725       -0.21475417117590
B           -0.77186529587544       -0.91584661793430        2.21811080018683
B            0.44580846287000       -1.51515806312127        0.97741638617093
B            4.25620377197856       -1.26799751617742       -0.54701138739174
B            6.83171181165476       -2.48352556171198       -0.80914378308029
B           -4.97100742897072       -0.63807660956826       -2.83020335253351
B           -3.18036879076015        0.16095275601349       -0.88764942684712
B           -0.96661711778506        0.62199336765450        2.26655371364398
B            0.02324175091772       -0.02561701451795        0.99054612414721
B            4.87962789561358        0.22917119574289       -0.52147228147945
B            5.86008229527888       -1.06697053284071       -1.11795099618779
B           -5.73404048625328        0.86107464232992       -2.90452276036635
B           -2.88002896216300        1.63039963637288       -0.65137507477756
B           -1.25367338863297        2.13081821398560        2.12396652204677
B            0.19188478851639        1.54555827326961        1.13492737932925
B            4.25781509154563        1.59946856900563        0.08170675851395
B            6.28846458884341        0.43576746572992       -1.62336429482718
B           -5.71630149868012        1.76422268783855       -1.48383432186456
B           -3.34730649062806        2.97468926615001       -0.12688654839966
B           -1.68311534920888        3.61383362956374        1.82325099604420
B           -0.06549199917808        3.16266834977328        1.38649546972744
B            2.96204390648327        2.26227581975403        0.71013949463448
B            5.78031174670855        1.67877716581137       -0.70482120658143
B           -6.63421319213113        2.81051581309583       -0.85211297497273
B           -4.47973058307318        3.91752765287123        0.58712922929467
B           -1.78404182482789        5.18248047168073        1.26770056184830
B            1.17019736303626        4.39611163307045        1.36482431703363
B            2.59058921796056        3.91537077186999        0.91724009496566
B            5.34753872889845        2.99201240328450       -0.05571012413016
B           -5.29825541937984       -3.62865311760571        0.43269360409696
B           -2.47313568516961       -3.63358459156490        1.63514909886680
B            0.36499127543921       -4.73684766812502        1.95634456693355
B            1.74223173002192       -2.42111315523627        0.84395208352528
B            4.33455278239278       -3.46972076348002       -0.03087484585788
B           -5.09605615985917        2.86633229279219       -0.36209929049817
B           -3.04251953683307        4.33563509513236        0.96425201921815
B           -0.29329740044010        4.89227878740956        1.47381695228803
B            1.46042172985423        2.55917381638586        1.04982354683797
B            4.07412456523347        3.60440130489437        0.53182849388515
B           -4.57614417547486        0.59708227578889       -1.81347621669643
H           -7.34014829789426       -2.50377122324412       -0.81271786492026
H           -4.92577453088598       -1.36600578597475       -3.75644303816428
H           -6.28827503532569        1.25958878304067       -3.86275130198467
H           -7.61433443115805        3.40618497569756       -0.62077611494154
H            6.33611295191103       -4.94663145462799       -0.37764327438540
H            8.00024314203472       -2.47311118228237       -0.91608924347013
H            6.92996256484598        0.60124836273346       -2.60366780823158
117
 energy: -148.993694238363 gnorm: 0.006392509453 xtb: 6.7.1pre (5071a88)
C           -2.26755320018412       -7.04130067303370        8.99603029500293
O           -1.03303685428947       -7.09767878978245        8.33157048458102
C           -0.49624133245634       -5.93763803245306        7.85052952553259
C           -1.05805278155643       -4.67232621104049        7.99380327171381
C           -0.40940394623137       -3.58477478006846        7.44501943525878
C            0.78682247684765       -3.73881629939980        6.74080802883360
C            1.37174131310817       -5.00596983048137        6.60444981495868
C            0.73664682008723       -6.09613088002815        7.16195845973313
O            1.18915183809475       -7.38520217573838        7.11685123457130
C            2.40837235132051       -7.63807107037650        6.46706512901182
C            1.24330861618296       -2.46805200522630        6.23457127649291
O            2.23160178460228       -2.21955902976366        5.55027100411860
C            0.24061742347994       -1.38972036144944        6.69564676235354
C            0.99315585379635       -0.29787776405181        7.46523030538856
C            0.30247502439000        1.06881760782780        7.48019760054098
C           -1.04640089317154        1.05264939744145        8.19457439382296
C           -1.74900112896465        2.39523711471247        8.00595824523802
N           -0.80505706959596        3.50495792122310        7.96955534922844
C           -1.45930413763068        4.75608443227102        8.30508094924799
C           -0.59232153347857        5.94467552805515        7.99496812295814
C           -0.34344856779101        6.92214272029332        8.94808681542117
C            0.41405583361509        8.03770709815490        8.62806722097620
C            0.93313246969756        8.17999089695283        7.35290695320745
C            0.71189546122401        7.19507661823283        6.40292010423504
C           -0.04649878012061        6.08362303715999        6.72267071348678
C            0.36470768009054        3.24506625081645        8.78894024624366
C            1.19591562063662        2.11739705359328        8.16591613025197
C           -0.82565877642069       -2.14623443356976        7.50764841190297
H           -3.05868357257033       -6.64634599902162        8.34943314829349
H           -2.21067680403246       -6.44007504100709        9.91007217186136
H           -2.50680215038998       -8.07026444277704        9.26250841083271
H           -1.98685034467512       -4.53386988172065        8.52646929217060
H            2.30618332188306       -5.09321087784752        6.07460904711213
H            2.37172352812954       -7.34900751219923        5.41191867119489
H            3.24106398494009       -7.12278844407581        6.95788552560520
H            2.56187634596336       -8.71437450746944        6.53930092192435
H           -0.19930947626038       -0.94167405453479        5.79879542333237
H            1.16346178333199       -0.63523161778424        8.49282805040290
H            1.97372477454890       -0.17998561889251        6.99386602704321
H            0.12731412410274        1.38430331263246        6.44653966580291
H           -1.68806821216664        0.26823162366838        7.80078243477401
H           -0.88408180456953        0.85359377788687        9.25626361588816
H           -2.49514926180552        2.52671937280589        8.80869915166138
H           -2.28599911883185        2.39972958622730        7.05000906391413
H           -1.77189040682548        4.78268627596485        9.36619031864139
H           -2.36719788330206        4.82415429373299        7.69359527215228
H           -0.74837943085587        6.81171696751171        9.94509032942899
H            0.59705437127850        8.79540405714735        9.37669079718970
H            1.51099928298387        9.05710315841202        7.09922300200250
H            1.12782603465188        7.30061984424847        5.41090712401561
H           -0.22329719768157        5.30487242024503        5.99706979271819
H            0.07959853484309        2.98675328617370        9.82410474660541
H            0.96191504152738        4.15867543649393        8.83666381278662
H            1.89070824202673        2.53376556836162        7.43521878929181
H            1.78973226414152        1.64475223630916        8.95156934885402
H           -0.84600085348821       -1.81510815977180        8.54854827849839
H           -1.82870152271329       -2.01386032030089        7.09563094543695
B           -6.31707788858902       -2.84968823584528       -0.32564485899869
B           -3.83862825549714       -3.41726884682744        0.90778506935147
B           -1.04560325808680       -4.17417327441619        2.05330703672097
B            1.70231852726880       -4.23168177176403        1.46345201536243
B            2.98270112786193       -3.68422579906447        0.72561285692869
B            5.88673126102008       -3.85856075606375       -0.37489080300765
B           -4.72760821521300       -2.32162237733899       -0.37576972610643
B           -2.58448544712680       -2.20857515523845        0.89032611327930
B           -1.22009776789578       -2.39294119580821        1.85791588460262
B            0.30036977233404       -3.15043466928526        1.38421700118248
B            3.13538227386397       -2.12203709493855        0.15042702323279
B            5.25192755700594       -2.57703123944856       -1.10012245143693
B           -4.34144797423559       -1.04822344133375       -1.31380033238468
B           -3.15716897172803       -1.27151823371828       -0.20058051822400
B           -0.77346075753111       -0.91475062146111        2.24824015265414
B            0.44884947289793       -1.51589896125917        1.01369351195619
B            4.25257522983440       -1.26486473190518       -0.52266220967389
B            6.82353154657655       -2.48686557482605       -0.80991213734511
B           -4.95334922694514       -0.63633883246237       -2.82016176757655
B           -3.17165831373566        0.16350239543252       -0.87044096332586
B           -0.97049048240976        0.62296064816180        2.29199932069639
B            0.02683183374157       -0.02649246096352        1.02169569374142
B            4.87928053346361        0.23226038091702       -0.50771480015825
B            5.85107477290198       -1.06726995047170       -1.10885094612397
B           -5.71685259646205        0.86277544816733       -2.89774004750044
B           -2.87120467162438        1.63181472795428       -0.62879467222113
B           -1.25819583896367        2.13084441215183        2.14026231884597
B            0.19171806733917        1.54491469192410        1.16171170070216
B            4.25714044433231        1.60441261004448        0.09702489527413
B            6.27818756280435        0.43479340812884       -1.61882960625752
B           -5.70625261820320        1.76662520207699       -1.47685119967047
B           -3.34497697904126        2.97494663349553       -0.10659142572029
B           -1.68971594287817        3.61344573836691        1.83715075371212
B           -0.06786600315211        3.16206033504078        1.40762476955473
B            2.96098301275120        2.26033615641883        0.73141870632187
B            5.77354458071530        1.68245741591562       -0.70500292864296
B           -6.62817751269876        2.81597635111307       -0.85606277417071
B           -4.48011908203354        3.92279321592861        0.59552080672468
B           -1.78480147372614        5.18427180573553        1.28648259255943
B            1.16833778981099        4.39261114633650        1.38227839780258
B            2.58849634161200        3.91287061633909        0.93281369168775
B            5.34390536973841        2.99763887975267       -0.05836380460306
B           -5.28940747774400       -3.62918910803090        0.43899444586650
B           -2.46815990348269       -3.63395117947487        1.65006582189420
B            0.36818658194036       -4.73724700111860        1.98728477591936
B            1.74683499549433       -2.42091269901236        0.88201453361348
B            4.33227994450731       -3.46747709717241       -0.00855123901123
B           -5.09397681824341        2.87054249230052       -0.35360853864873
B           -3.04480260266063        4.34031142246192        0.98097541602585
B           -0.29448543636098        4.89181055387603        1.48956587877024
B            1.46019973259571        2.55921818649450        1.07563926676284
B            4.07012600630278        3.60031954845048        0.53798758209503
B           -4.56516061334478        0.59859733830367       -1.80076675966642
H           -7.32762494061040       -2.50631773246265       -0.81436046667222
H           -4.90571857200889       -1.36322028410809       -3.74714870135278
H           -6.26726162727233        1.26042344894033       -3.85858194156803
H           -7.60964079314005        3.41250400260529       -0.63211720044266
H            6.32528849463492       -4.94972329812518       -0.37982895159187
H            7.99119174500221       -2.47682040627191       -0.92740499774868
H            6.92376732483858        0.59592273670060       -2.59720372769411
117
 energy: -148.994279624342 gnorm: 0.007696978950 xtb: 6.7.1pre (5071a88)
C           -2.25126273529192       -7.02764279551891        9.00657626106765
O           -1.01721643589156       -7.08712648654593        8.34026535884826
C           -0.48923040214241       -5.92833202319624        7.84446978042480
C           -1.05529070565841       -4.66538627321829        7.98846795538356
C           -0.41918083070656       -3.57853245714661        7.42348246396836
C            0.76382768789758       -3.73384683769748        6.69867356617199
C            1.35615859632959       -4.99704498199804        6.56422321678539
C            0.73576675779784       -6.08553253048689        7.14281982597394
O            1.19980477543605       -7.37117794666635        7.10707214008635
C            2.41961058615918       -7.61619752632215        6.45424507603370
C            1.20504810128481       -2.46296127377952        6.17123545373600
O            2.17252996636831       -2.22993108931417        5.44940866444217
C            0.21851026957258       -1.38424200912545        6.65594926715211
C            0.98333173237422       -0.29694574780703        7.42017902037827
C            0.28481412113539        1.06603065622976        7.46540958527376
C           -1.05132237592163        1.04629524706510        8.20279247628094
C           -1.76067054408615        2.38520354540156        8.00968276322557
N           -0.82070105300129        3.49849987307320        7.96273681803629
C           -1.47372121085251        4.75234549784249        8.29278927672930
C           -0.59996011742622        5.93566298017300        7.97833785199026
C           -0.34980832344137        6.91991498596959        8.92367670917186
C            0.42887833519210        8.02039572286042        8.60245905160344
C            0.96816334440962        8.14198486813978        7.33352197202464
C            0.73800064203539        7.15418986950397        6.38934024283837
C           -0.04226434382770        6.05819840768973        6.71045615609009
C            0.35726464867183        3.24322130137625        8.77132414170787
C            1.18437908307311        2.11469854938938        8.14228078420401
C           -0.83612626475763       -2.14074684454345        7.48523609851120
H           -3.04221673140712       -6.63621951239059        8.35845665680452
H           -2.19276378423145       -6.42107912352184        9.91650295299062
H           -2.48876426391012       -8.05547155896674        9.27868665263526
H           -1.97578448562032       -4.52508741732316        8.53439801654389
H            2.28213964329886       -5.08231978033842        6.02050129463016
H            2.37532839436191       -7.33569106290883        5.39755687683992
H            3.24772574418905       -7.08730930554274        6.93800038297368
H            2.58434710765566       -8.69046676581794        6.53530004855961
H           -0.23647393395908       -0.92752964958987        5.77089959826455
H            1.18219925872216       -0.64679783465583        8.43871751307276
H            1.95115472324241       -0.16496131280570        6.92630003391934
H            0.08920527010074        1.38882308187429        6.43793557722185
H           -1.69720747688240        0.25800738268423        7.82629404421782
H           -0.87277301875215        0.85810245607526        9.26316112465928
H           -2.50572786749318        2.51828923843596        8.81241259196622
H           -2.29836746840317        2.38029774786003        7.05447980643584
H           -1.78862575801760        4.78665328265388        9.35237869168707
H           -2.37928096884431        4.81740213016247        7.67757863464562
H           -0.76868012662442        6.82747100380569        9.91691784447084
H            0.61486719689331        8.78258157984421        9.34559069155827
H            1.56824295542242        9.00479417547507        7.08023604037044
H            1.16541567461811        7.24455160043473        5.40101145727011
H           -0.22430135334606        5.27851695132465        5.98792476576802
H            0.08411939118003        2.98873254108841        9.81066478357688
H            0.95326466745694        4.15847941170915        8.80872961767803
H            1.87185134930062        2.53140386917794        7.40518083143340
H            1.78512605533760        1.64396593758109        8.92405596794735
H           -0.84166405926579       -1.80533150243548        8.52439294250703
H           -1.84396149001717       -2.01020527403796        7.08610903760405
B           -6.30318702693576       -2.85529256908451       -0.32815092940813
B           -3.83151625989219       -3.41623413598551        0.92211583687935
B           -1.04315520901753       -4.17405684161781        2.08107394352877
B            1.70663223394683       -4.22965866983265        1.50230974915960
B            2.98547625351435       -3.68117926719769        0.76215023796857
B            5.87905966671617       -3.85932333401324       -0.36718199868805
B           -4.71457507507366       -2.32306210635992       -0.36551501040437
B           -2.57659712580849       -2.20837703167308        0.90916117787355
B           -1.21778807728092       -2.39084498993302        1.88557963540224
B            0.30472520154752       -3.14998868056971        1.42209641464802
B            3.13709005681949       -2.11825283585503        0.18743484857709
B            5.23838000074206       -2.57564804915570       -1.08441269502380
B           -4.32632374630983       -1.04739508491803       -1.30030988920627
B           -3.14610556578957       -1.27057235830724       -0.18266407469216
B           -0.77544171175987       -0.91291046950925        2.28109511238781
B            0.45079727410825       -1.51591868923264        1.05174534149189
B            4.24825605656842       -1.26120235240408       -0.49551989003063
B            6.81361007893593       -2.49048575195741       -0.81005281802072
B           -4.93302607581751       -0.63487696616938       -2.80851498949569
B           -3.16141723851198        0.16583396586302       -0.85049376167032
B           -0.97422642142074        0.62456070475524        2.32049883164288
B            0.02867622859553       -0.02676795996369        1.05485970416254
B            4.87885192258902        0.23557448995217       -0.49128478242070
B            5.84076005595560       -1.06775276831149       -1.09799434170559
B           -5.69656032952362        0.86425463003533       -2.88987224552303
B           -2.86121268992553        1.63324639955356       -0.60432931200676
B           -1.26263508809399        2.13145730932634        2.15981410734514
B            0.19118955319276        1.54477739125539        1.19035666136124
B            4.25634633648740        1.60969834942355        0.11508401401363
B            6.26637285604544        0.43359330383961       -1.61286068995233
B           -5.69426456801108        1.76818641399744       -1.46803115409707
B           -3.34131894034135        2.97503239731406       -0.08416778766408
B           -1.69627024720935        3.61323558156749        1.85371325666219
B           -0.06993052123238        3.16191562831168        1.43021386610255
B            2.95991258727625        2.25826980731918        0.75528308255140
B            5.76583358608610        1.68642149415680       -0.70408317765439
B           -6.62041307373202        2.82047357532614       -0.85858348653865
B           -4.47984132822649        3.92708798696418        0.60623085092921
B           -1.78550513935280        5.18625563432914        1.30785738965625
B            1.16670621070204        4.39032355469717        1.40113884112926
B            2.58668128422740        3.91102886853286        0.95089456476453
B            5.33980790305220        3.00409582312999       -0.06070161879483
B           -5.27966548354047       -3.63114331937001        0.44610012082804
B           -2.46349118614844       -3.63382377405021        1.66946605663405
B            0.37137058370589       -4.73673378159368        2.02299768967507
B            1.75078638857527       -2.41923186645975        0.92305092982216
B            4.32939380174971       -3.46567186474466        0.01709072049052
B           -5.09044660698929        2.87349789009992       -0.34288785734562
B           -3.04680057758704        4.34483421433509        1.00031378914694
B           -0.29540255184272        4.89202473514212        1.50735558061227
B            1.46013384487799        2.55849816000281        1.10374473338654
B            4.06602546197316        3.59658346248414        0.54562009385459
B           -4.55223020767690        0.59954459838690       -1.78582907564190
H           -7.31489228764522       -2.50325430859584       -0.80755900587308
H           -4.88175917533678       -1.36073736482994       -3.73609183849057
H           -6.24168015838344        1.26196841228000       -3.85369740712534
H           -7.60208278133420        3.42078212915455       -0.64543551058756
H            6.31349613345287       -4.95218222764210       -0.37970782083633
H            7.97995398537830       -2.48135153439387       -0.94173999098087
H            6.91570797920774        0.59027507100760       -2.58935347913984
117
 energy: -148.994858822862 gnorm: 0.008408231706 xtb: 6.7.1pre (5071a88)
C           -2.23408770828616       -7.01178661219729        9.01948093194653
O           -1.00118717257115       -7.07798184418516        8.35144881033477
C           -0.48078011560543       -5.92230470054879        7.83817086450146
C           -1.05081261337259       -4.66164446971418        7.98169697819585
C           -0.42987277092111       -3.57505154494654        7.40022279716387
C            0.74048867730370       -3.73045471422899        6.65595860308344
C            1.33869589841144       -4.99135703374386        6.52376617407254
C            0.73468419669522       -6.07847480280524        7.12172803390180
O            1.21146055450935       -7.35968348327321        7.09212525015470
C            2.43227480805852       -7.59313573773066        6.43660033237664
C            1.16846519233489       -2.46036266997434        6.11236090988641
O            2.11788712355155       -2.24059415078222        5.36224917153997
C            0.19610648957441       -1.38201189344628        6.61587997335476
C            0.96957123413379       -0.29683012631786        7.37608158875331
C            0.26512161032064        1.06276621487337        7.44599240223790
C           -1.05924161413078        1.04077171885449        8.20388196083409
C           -1.77265928118535        2.37915964404828        8.01423554128096
N           -0.83397043601874        3.49308941557545        7.95354234163704
C           -1.48416446645038        4.74935607630861        8.28037237330141
C           -0.60600608772983        5.92797195752045        7.95962945768356
C           -0.35568285314049        6.91965097902358        8.89669770949970
C            0.44294788005916        8.00487852218417        8.57522330759386
C            1.00289081332168        8.10578586451750        7.31344774535331
C            0.76291367072680        7.11580050262276        6.37455105661271
C           -0.03788801594401        6.03516240575718        6.69617464533517
C            0.35084154141714        3.23991400133592        8.75093677197038
C            1.17200780076074        2.10929859650950        8.11579272016787
C           -0.84829956088434       -2.13785876599928        7.45934047583120
H           -3.02445978817588       -6.62224488006612        8.36965737561151
H           -2.17315696158298       -6.39757563444021        9.92416664183034
H           -2.47184036437304       -8.03734446673749        9.29893486678457
H           -1.96210021504874       -4.52132505613265        8.54218393389625
H            2.25519751756554       -5.07477231943683        5.96507922773590
H            2.37988945025353       -7.32168283147973        5.37811595852493
H            3.25392792261659       -7.04632573955615        6.91203097308947
H            2.61192317467142       -8.66420944708532        6.52760086571455
H           -0.26901198400112       -0.91722734916374        5.74077158888350
H            1.19096620732361       -0.65566462063217        8.38553656066576
H            1.92525829439526       -0.15218964673496        6.86387779107683
H            0.05147706217601        1.39122308715112        6.42460640404479
H           -1.71062188877322        0.25217003944041        7.83942916694313
H           -0.86589310022248        0.85774620662782        9.26192997919716
H           -2.50875262952990        2.51460810470571        8.82460110346360
H           -2.31893562677599        2.36996155167747        7.06480894026241
H           -1.79590568103379        4.79092434230504        9.34041148456167
H           -2.38985646728399        4.80995912009115        7.66583898114199
H           -0.78843585976967        6.84569712595730        9.88550783014022
H            0.63005821583297        8.77170108996695        9.31289581341724
H            1.62535966848045        8.95337961661088        7.06220819108243
H            1.19988391005324        7.19160891526399        5.38982348056812
H           -0.22598551726886        5.25518675977393        5.97610782315380
H            0.08794466709255        2.98806971736888        9.79391597641170
H            0.94596439678313        4.15596189310692        8.77937938571126
H            1.85400664996399        2.52528380497577        7.37428022062928
H            1.77589074106185        1.63741959968936        8.89396527077735
H           -0.84218871013678       -1.79713183795775        8.49615012072762
H           -1.86010489222329       -2.00985639690977        7.07105884683082
B           -6.29272981863059       -2.85067029907471       -0.31285696114311
B           -3.82283279443813       -3.41852988729187        0.93395356358990
B           -1.04074845422793       -4.17350019297347        2.11127476915122
B            1.71067252140384       -4.22660946592779        1.54321365149015
B            2.98783267598676       -3.67742261699365        0.80021403224889
B            5.87095734398418       -3.85957662573956       -0.35732725950350
B           -4.70284091716502       -2.32248957011121       -0.35139389298755
B           -2.57039581714760       -2.20853888801082        0.93075035693348
B           -1.21637905898422       -2.38881520139260        1.91451121511590
B            0.30856038669144       -3.14861636031826        1.46100036806532
B            3.13816397721731       -2.11418221781107        0.22491966166514
B            5.22387121475047       -2.57431684296548       -1.06737296390740
B           -4.31102680607285       -1.04666363134785       -1.28497958484881
B           -3.13411704401648       -1.27011952583649       -0.16372651383013
B           -0.77827269858057       -0.91063963416487        2.31396452504646
B            0.45123123736594       -1.51518369899403        1.08869384545855
B            4.24354045470044       -1.25749183548989       -0.46771881145260
B            6.80270707980714       -2.49396198976133       -0.80936116146947
B           -4.91150784778239       -0.63390361014048       -2.79581566037007
B           -3.14993562731141        0.16750592274876       -0.82929723787855
B           -0.97795188848298        0.62657400208374        2.34995983049401
B            0.02845919650708       -0.02642589166923        1.08770332153808
B            4.87807823877253        0.23875993149540       -0.47395704478559
B            5.82988225751395       -1.06835718625403       -1.08634563820360
B           -5.67419234765763        0.86535660969322       -2.88185818144717
B           -2.85044214879296        1.63425103405671       -0.57893119422684
B           -1.26642774644714        2.13268975488174        2.18188835321560
B            0.19034572490943        1.54517095274953        1.21919706565167
B            4.25519959919179        1.61490861633962        0.13356229595164
B            6.25398807031186        0.43225201997397       -1.60593895412744
B           -5.68073482505175        1.76925904428216       -1.45896419753229
B           -3.33622082241237        2.97490647455767       -0.06095365220378
B           -1.70189910143630        3.61329246865705        1.87219914883147
B           -0.07137782665870        3.16237824204760        1.45302315520554
B            2.95876539024318        2.25662713895658        0.77907729886400
B            5.75782955540398        1.69006198578764       -0.70166773657179
B           -6.61053002457478        2.82511761497338       -0.86140843447197
B           -4.47868913058258        3.93016017696814        0.61843091910030
B           -1.78602197223114        5.18830655901019        1.33071856248458
B            1.16561634483877        4.38980615398006        1.42027692281263
B            2.58526752093450        3.91021166720432        0.97007309041864
B            5.33550038020998        3.01027121409654       -0.06147164946283
B           -5.26879178299802       -3.63498453840579        0.45208889064573
B           -2.45898364200095       -3.63441319784543        1.69053224999541
B            0.37457759508699       -4.73523625079361        2.06130848291198
B            1.75356428073244       -2.41606706138419        0.96384978056072
B            4.32614910017567       -3.46419658435970        0.04433885111371
B           -5.08506271786253        2.87532675971006       -0.33148708617444
B           -3.04823329137919        4.34890937690355        1.02104089180180
B           -0.29586386975136        4.89296061244588        1.52641349136565
B            1.46009297640602        2.55722805152335        1.13163339120674
B            4.06219551262890        3.59353435641467        0.55463168039011
B           -4.53769508142931        0.60015347220581       -1.77006318940315
H           -7.29910702532374       -2.51028377210374       -0.81255177877730
H           -4.85602377858885       -1.35945478360064       -3.72333423579770
H           -6.21325877703772        1.26377220416656       -3.84873356774993
H           -7.59223258528011        3.42856320642222       -0.65779404277683
H            6.30169129506502       -4.95380674141670       -0.37663764560700
H            7.96731593067236       -2.48617146422825       -0.95718358856654
H            6.90626742183661        0.58488784446892       -2.58086852945165
117
 energy: -148.995497079217 gnorm: 0.007789475391 xtb: 6.7.1pre (5071a88)
C           -2.21411438513195       -6.99580909795292        9.03497727264208
O           -0.98340674857008       -7.06872883598309        8.36434157031031
C           -0.47107397745882       -5.91727206872219        7.83169323048424
C           -1.04495884123630       -4.65859113513376        7.97341336140702
C           -0.44121557317066       -3.57227079526018        7.37511785791327
C            0.71766661132460       -3.72600669619550        6.61279389386245
C            1.31953618580051       -4.98633083902818        6.48238443602793
C            0.73360436362396       -6.07238607707488        7.09850548917058
O            1.22303480261988       -7.34865701572485        7.07214701239242
C            2.44487394370548       -7.56944589267148        6.41469986618327
C            1.13295069027239       -2.45765378254023        6.05697293834469
O            2.06614156559556       -2.24291552931423        5.28662445881273
C            0.16996392474668       -1.38091634464020        6.57506018884719
C            0.95129959008185       -0.29654348613382        7.33131918900421
C            0.24361411579660        1.06039005921271        7.42052510334705
C           -1.06976506726201        1.03598655207317        8.19737038725279
C           -1.78537201068340        2.37616534996082        8.01976831489985
N           -0.84543277011107        3.48767479726894        7.94187883123383
C           -1.49097259843962        4.74628104311188        8.26713256915632
C           -0.60933675445630        5.91976535007687        7.93869640525083
C           -0.35956543696986        6.91908045286570        8.86755747829706
C            0.45647612120020        7.99002309537254        8.54593953070559
C            1.03526210176287        8.07081586725144        7.29138354041287
C            0.78767932222018        7.07805535453267        6.35755077135509
C           -0.03088459205289        6.01161202497559        6.67939743676120
C            0.34590435019558        3.23522786635077        8.72752590850481
C            1.15936612282611        2.10204097961357        8.08559682363023
C           -0.86403125036583       -2.13616953460819        7.43079110687142
H           -3.00531558480280       -6.60815051902089        8.38434567945063
H           -2.15062571818407       -6.37329655344402        9.93436411706119
H           -2.45231004425839       -8.01868281935265        9.32276869540222
H           -1.94669856020910       -4.52023223658981        8.54904899222117
H            2.22611004535750       -5.06846831194496        5.90818380294337
H            2.38471782906456       -7.30939508020507        5.35354927367014
H            3.25894911847546       -7.00203899079519        6.88036247713671
H            2.64199355922969       -8.63617170972732        6.51751513298305
H           -0.30292577917000       -0.91000925432996        5.70804586360836
H            1.19003095130466       -0.66086940899296        8.33270607569136
H            1.89599195131148       -0.14325254952723        6.80372344903832
H            0.01420431807172        1.39445984668594        6.40510422432916
H           -1.72747416919310        0.24930803187265        7.84062075812871
H           -0.86129046782790        0.85229357818730        9.25223033597993
H           -2.50488109863603        2.51433018392688        8.84531126364117
H           -2.34884902014583        2.36771116221589        7.08105993498210
H           -1.79545019633075        4.79389562690258        9.32937107493101
H           -2.39919373979811        4.80333991173434        7.65727362113325
H           -0.80499796339028        6.86229318070818        9.85150879795089
H            0.64347246429490        8.76150276229670        9.27839296811572
H            1.67719491476462        8.90383638289731        7.04284368280919
H            1.23362493535073        7.13964067562489        5.37640648882455
H           -0.22401672939970        5.23006801958660        5.96247454013922
H            0.09239885157378        2.98453042881697        9.77363780137275
H            0.94068610262489        4.15111219216595        8.74853800904313
H            1.83801131001569        2.51649053151611        7.34140578031049
H            1.76356559155431        1.62526572486345        8.85966159739394
H           -0.84928813001709       -1.79018843595247        8.46534813861540
H           -1.87976194501927       -2.01284817516841        7.05175308651986
B           -6.27702940543431       -2.85866276394336       -0.31532248618517
B           -3.81567051155346       -3.41916191390149        0.95203518105234
B           -1.03867921279622       -4.17247227464011        2.14435011989100
B            1.71421441691378       -4.22260994108652        1.58620251514653
B            2.98973613545041       -3.67273822464929        0.84035071976418
B            5.86211168922093       -3.85963531499103       -0.34552166688100
B           -4.68849863331805       -2.32577564654493       -0.33931375125253
B           -2.56494314429097       -2.20868528814924        0.95557421313666
B           -1.21541229120258       -2.38659719013547        1.94598088282624
B            0.31177771938472       -3.14621570056991        1.50179177122324
B            3.13846158396716       -2.10949621646715        0.26371759198367
B            5.20827634273535       -2.57309652471761       -1.04865543148882
B           -4.29489863796112       -1.04687045275385       -1.26805320669005
B           -3.12306810151993       -1.26912572398286       -0.14087772028308
B           -0.78160189145920       -0.90765395863165        2.34797458621868
B            0.45059123732507       -1.51351386323429        1.12594949584016
B            4.23823009150382       -1.25387139117458       -0.43900472063160
B            6.79067032806444       -2.49737165679803       -0.80807146808736
B           -4.88811143350585       -0.63349907770961       -2.78207310163383
B           -3.13763761372117        0.16855759189255       -0.80568278682065
B           -0.98171671291991        0.62936411288465        2.38104170181998
B            0.02665054959650       -0.02532841784347        1.12131619990767
B            4.87658868704278        0.24178908648625       -0.45619424696361
B            5.81817949143262       -1.06907923578709       -1.07405734929070
B           -5.64962308852124        0.86580913628604       -2.87317556449266
B           -2.83955379923636        1.63505415353112       -0.55248499443353
B           -1.26947563497904        2.13493248073830        2.20714669498575
B            0.18912060721495        1.54632996049785        1.24895067292588
B            4.25361203257973        1.62001766082431        0.15218413427618
B            6.24111914926890        0.43076553707994       -1.59796074807881
B           -5.66554246808797        1.76986656706192       -1.44948333067532
B           -3.32979863578152        2.97479738355001       -0.03655377748561
B           -1.70644662946331        3.61403842410326        1.89292307087966
B           -0.07221637264596        3.16377761264565        1.47678527986580
B            2.95731515514295        2.25577073393529        0.80231547496640
B            5.74961718249557        1.69310642321930       -0.69729649047474
B           -6.59857739870587        2.82964727293160       -0.86416067609446
B           -4.47673735602563        3.93277993594002        0.63184081657145
B           -1.78630364794156        5.19070263611848        1.35514140839382
B            1.16513603668613        4.39123162816130        1.44024585736125
B            2.58411395594310        3.91046722934670        0.99031343910709
B            5.33091496951994        3.01561077991222       -0.05975266579727
B           -5.25779283243281       -3.63961469741768        0.45990205018964
B           -2.45515634563545       -3.63421890817555        1.71596810013177
B            0.37734250966541       -4.73313993461285        2.10142263239801
B            1.75538882339687       -2.41142615546731        1.00563259136543
B            4.32248659043986       -3.46258717413218        0.07367619425122
B           -5.07781252085727        2.87672262645624       -0.31964331140132
B           -3.04912624767330        4.35299570788202        1.04319577415638
B           -0.29583182936999        4.89480700285897        1.54707148347947
B            1.45975983930543        2.55590900774100        1.15888134251576
B            4.05859595272757        3.59100616737440        0.56561319422781
B           -4.52179293854269        0.59992441143154       -1.75261110653534
H           -7.28464199916437       -2.50820252414948       -0.80413355826051
H           -4.82744497307902       -1.35895740906412       -3.70924755063468
H           -6.18150552358053        1.26547921873946       -3.84344780526589
H           -7.58045994645637        3.43512537901779       -0.66870441130522
H            6.28935351618700       -4.95507080103697       -0.37104150638572
H            7.95309795259431       -2.49142369921119       -0.97306342688737
H            6.89552762960731        0.57981835571597       -2.57171996685207
117
 energy: -148.996273042765 gnorm: 0.007343268855 xtb: 6.7.1pre (5071a88)
C           -2.18902838321178       -6.98141414291778        9.05349522627988
O           -0.96199626557764       -7.05834478045755        8.37795088691534
C           -0.46006850637866       -5.91148494792205        7.82455882810758
C           -1.03795770743565       -4.65432739532732        7.96370252147990
C           -0.45298820413809       -3.56877694742459        7.34795578312080
C            0.69536652968812       -3.71915892146369        6.56835775397801
C            1.29864081043191       -4.98006019021290        6.43799110785592
C            0.73264977093286       -6.06529612879335        7.07224933030014
O            1.23382782223599       -7.33658463949849        7.04627511184273
C            2.45656912280123       -7.54520748092035        6.38779719807967
C            1.09601881376679       -2.45333473059363        6.00123119354018
O            2.01253986368481       -2.23264622754563        5.21336706948224
C            0.13682066914782       -1.37930924380764        6.53206258966253
C            0.92749109894733       -0.29552454299182        7.28271222562597
C            0.21979534420387        1.05983877163829        7.38784798512811
C           -1.08322791592460        1.03131924828864        8.18226915428869
C           -1.79926624116959        2.37519694086434        8.02713812544439
N           -0.85633719434660        3.48160118542448        7.92766322185840
C           -1.49479915107022        4.74315670774943        8.25247820952073
C           -0.60937759361516        5.91030232665722        7.91507822935079
C           -0.36055978471007        6.91744309570449        8.83582647705090
C            0.47037810334703        7.97555321870682        8.51323131786331
C            1.06514105341593        8.03650575093856        7.26536933321841
C            0.81381587017635        7.03922656501898        6.33705057375498
C           -0.01976669420552        5.98555725450135        6.65959058771008
C            0.34237632037947        3.22934325648997        8.70059424247863
C            1.14615901563865        2.09368073518098        8.05052584085601
C           -0.88475790488515       -2.13494630492380        7.39997687297619
H           -2.98393157726051       -6.59729171029882        8.40400292832763
H           -2.12278075454993       -6.35146111853526        9.94826236116602
H           -2.42626663007952       -8.00180376044027        9.35017996504246
H           -1.93013499779553       -4.51929413098844        8.55442532583321
H            2.19481646196167       -5.06181971514938        5.84744254197251
H            2.38925964808025       -7.30057823322798        5.32282014314835
H            3.26220747420887       -6.95585188478676        6.84207584830595
H            2.67328577484993       -8.60636701682451        6.50483251580826
H           -0.34465191500264       -0.90522343732042        5.67185843945961
H            1.18073050549561       -0.66307897162811        8.27771333775620
H            1.86248645777672       -0.13863230210258        6.74084118884167
H           -0.02301056660947        1.40096707726986        6.37837835118461
H           -1.74750737813796        0.24881642866840        7.82817839139767
H           -0.85921577296545        0.83938955844542        9.23257129976752
H           -2.49419084445768        2.51539906712844        8.87525369910373
H           -2.38987986396428        2.37285674454832        7.10480972577667
H           -1.78920021771519        4.79532590615471        9.31816797298076
H           -2.40793128014056        4.79981886072879        7.65089294415166
H           -0.81706557592574        6.87566123653319        9.81477861227390
H            0.65679238035501        8.75194361138160        9.24048952838915
H            1.72223199744690        8.85659760532269        7.01887801846880
H            1.26941273535912        7.08627701018492        5.35966846446464
H           -0.21525514251437        5.19950679121299        5.94779101795428
H            0.09855502956911        2.97854383497654        9.74946598237289
H            0.93794178976646        4.14401553803145        8.71528567248193
H            1.82344550530136        2.50592041828041        7.30460792066011
H            1.74944655081879        1.60839327332820        8.81929018856391
H           -0.86425346248749       -1.78412776441513        8.43269329311767
H           -1.90475796237109       -2.01996837852522        7.02882213578620
B           -6.26199063429598       -2.86185120032813       -0.30744575472107
B           -3.80702548773614       -3.42213401114059        0.97080692741525
B           -1.03669319682917       -4.17106698394835        2.18219961518779
B            1.71755726418004       -4.21713590234016        1.63340790298801
B            2.99117417131158       -3.66668166694437        0.88409056411345
B            5.85211929626855       -3.85952255687451       -0.33089700432482
B           -4.67399254290800       -2.32817224060501       -0.32379636275947
B           -2.56043116541343       -2.20902562587371        0.98484222332219
B           -1.21516961480636       -2.38445586972856        1.98155152706810
B            0.31436457485142       -3.14276633670341        1.54626125241098
B            3.13771959603348       -2.10385857849476        0.30505090187440
B            5.19128187747820       -2.57206746013888       -1.02731055714355
B           -4.27766862994076       -1.04723762930290       -1.24831625390256
B           -3.11113701468190       -1.26866423204861       -0.11486874321586
B           -0.78590464971641       -0.90402778840786        2.38460301316117
B            0.44890942269071       -1.51088627059083        1.16551928427735
B            4.23207135506779       -1.25047459925872       -0.40849008549441
B            6.77717490660741       -2.50075855328034       -0.80610210184167
B           -4.86200545727677       -0.63360843372511       -2.76637852201169
B           -3.12349945655116        0.16896890136349       -0.77878898902065
B           -0.98593098877531        0.63296299759034        2.41515761232824
B            0.02328612005390       -0.02347343162607        1.15745655176414
B            4.87403666652050        0.24460843553467       -0.43772460308408
B            5.80519560784521       -1.06993888283241       -1.06085182681049
B           -5.62132345606297        0.86594525104597       -2.86365465666144
B           -2.82759232327737        1.63549312708139       -0.52299303309088
B           -1.27181245147076        2.13834919036853        2.23709297001709
B            0.18736195559795        1.54828767008579        1.28120289981270
B            4.25109753513681        1.62519727957651        0.17057136948063
B            6.22741189247209        0.42912245954831       -1.58860166813990
B           -5.64761284231835        1.76998539733067       -1.43926265869871
B           -3.32166262018530        2.97518064851183       -0.01067595025143
B           -1.70980097766080        3.61570990165804        1.91714411804466
B           -0.07248020620148        3.16620429484194        1.50320429788340
B            2.95524840758213        2.25588023998051        0.82542456328962
B            5.74107609638535        1.69538047053939       -0.69033132928068
B           -6.58435067608564        2.83203555738054       -0.86461616772634
B           -4.47363731642298        3.93506382739998        0.64707190663331
B           -1.78616928983950        5.19355780993495        1.38211681834862
B            1.16530489961433        4.39455648798643        1.46276938997503
B            2.58296062595353        3.91165757250154        1.01248552921116
B            5.32580571149751        3.01973337852928       -0.05455935152752
B           -5.24526824041880       -3.64544404762642        0.46863414471559
B           -2.45127681299453       -3.63430840492719        1.74515010977185
B            0.38026516929862       -4.72984205970972        2.14601968070726
B            1.75616917212888       -2.40531763229929        1.04976282442196
B            4.31819895118748       -3.46042989673716        0.10625940328758
B           -5.06815918019749        2.87747569057457       -0.30653068625950
B           -3.04923578719504        4.35730889193396        1.06724406541420
B           -0.29525964774699        4.89758749828966        1.57089586270577
B            1.45884807829575        2.55468338735418        1.18648308933028
B            4.05492179629612        3.58893064287912        0.57918929631424
B           -4.50299911584050        0.59931214649525       -1.73336709144994
H           -7.26719449331064       -2.51301090671292       -0.80264513653826
H           -4.79548493543855       -1.35981085580252       -3.69250915448961
H           -6.14513745618389        1.26687258803368       -3.83778140364457
H           -7.56571559648111        3.44189260552456       -0.68045311471135
H            6.27602116407770       -4.95609763594218       -0.36206830898200
H            7.93692346451596       -2.49714696681122       -0.98883715118963
H            6.88307845420288        0.57502734059400       -2.56172986051264
117
 energy: -148.997177443096 gnorm: 0.007779461658 xtb: 6.7.1pre (5071a88)
C           -2.15826876130051       -6.97094973807662        9.07419251044917
O           -0.93666142909404       -7.04780246869222        8.38992382675296
C           -0.44851914960942       -5.90507113155134        7.81578808985794
C           -1.03097211483443       -4.64903076596573        7.95247299800841
C           -0.46514656911506       -3.56500790144897        7.31888503027877
C            0.67370049662329       -3.71139686163184        6.52358833368471
C            1.27760038801494       -4.97265070917460        6.39167574387703
C            0.73178724959977       -6.05728814467508        7.04344969397702
O            1.24279420763968       -7.32430529398417        7.01482388984960
C            2.46643576063836       -7.52221004609174        6.35586370640897
C            1.05699060208864       -2.44830048015280        5.94535060530963
O            1.95849639951488       -2.21311875394988        5.14564641191663
C            0.09730107760372       -1.37685736997355        6.48737473864811
C            0.89811897518203       -0.29449363120111        7.23052819372483
C            0.19448406156488        1.06109345959036        7.34912288499306
C           -1.09993782052738        1.02650744814140        8.15708929375301
C           -1.81357515107825        2.37622823867379        8.03665157610956
N           -0.86707860247347        3.47552972186718        7.91156950587999
C           -1.49539467793595        4.74148688856054        8.23721983896930
C           -0.60505508973627        5.90104523776027        7.89002109928960
C           -0.35763100541043        6.91615698805793        8.80272888562274
C            0.48449713508931        7.96425330080771        8.47731508238149
C            1.09115041853535        8.00650814780042        7.23488816368694
C            0.84010439283841        7.00245639069094        6.31314579985935
C           -0.00478989821905        5.95906828719951        6.63784894317999
C            0.33979401916240        3.22236961727353        8.67149309775254
C            1.13213190509485        2.08466507121724        8.01209655694328
C           -0.91016566794478       -2.13487020825873        7.36706530995711
H           -2.96031621883774       -6.59300612673182        8.42867701392684
H           -2.08817836319415       -6.33556829972538        9.96535039358623
H           -2.39191648309585       -7.98967420569535        9.37977255890457
H           -1.91417468844839       -4.51718619116182        8.55698699689319
H            2.16347262769115       -5.05498278956096        5.78517879059756
H            2.39258614678184       -7.29683313812892        5.28644516475486
H            3.26309610220255       -6.91149656000884        6.79757213899173
H            2.70373194474283       -8.57687500794269        6.48871307213274
H           -0.39379207632053       -0.90291235720652        5.63254180492633
H            1.16264873325727       -0.66423577952073        8.22148082888359
H            1.82596653313528       -0.13889836134753        6.67709869577611
H           -0.05713757432164        1.41108118340723        6.34518648591454
H           -1.77027023356656        0.25186832648496        7.79714766422785
H           -0.86327433475512        0.81557329095138        9.20099983996256
H           -2.47622472205845        2.51604171362203        8.91300614464622
H           -2.44065191021132        2.38628863317689        7.13698967480474
H           -1.77838017536495        4.79675430135654        9.30670887323688
H           -2.41545877942036        4.80262046141038        7.64653632986654
H           -0.82320919483584        6.88655846079233        9.77724020104020
H            0.67091417339213        8.74568072618071        9.19932547994170
H            1.75910979269784        8.81637157563345        6.98840964365225
H            1.30557174084053        7.03529957132842        5.33966586845453
H           -0.19964781439990        5.16557713765708        5.93343248005964
H            0.10569566767638        2.97080183539988        9.72245036646161
H            0.93809205461883        4.13474519069446        8.68109085440893
H            1.80984164887036        2.49434192143891        7.26484583878937
H            1.73478305075811        1.58885795019605        8.77450523448898
H           -0.88763055037030       -1.77938185758618        8.39827937333453
H           -1.93408510297292       -2.03235771047321        7.00146258177148
B           -6.24526481425890       -2.86834711327280       -0.30086635445879
B           -3.79834024731283       -3.42592791050556        0.99356520988670
B           -1.03502645960639       -4.16882967362227        2.22465786021220
B            1.72037019741670       -4.21005356911126        1.68346724139287
B            2.99170711780005       -3.65927769181862        0.92992660159447
B            5.84102391625763       -3.85923744220692       -0.31310940497637
B           -4.65868259031973       -2.33166505291416       -0.30662367160577
B           -2.55722532567424       -2.20913339618859        1.01894240450641
B           -1.21568490327639       -2.38200927258770        2.02133099655206
B            0.31597194907084       -3.13798564772817        1.59342033787064
B            3.13547880869744       -2.09741063674277        0.34705992518727
B            5.17351727271226       -2.57147880219926       -1.00367449061023
B           -4.25971966335044       -1.04814627600540       -1.22574154160386
B           -3.09978901284974       -1.26838162611113       -0.08455514724748
B           -0.79070949963646       -0.89957542177550        2.42333879892484
B            0.44635099776285       -1.50706600851319        1.20668586335150
B            4.22510688101449       -1.24770460531643       -0.37728662573175
B            6.76251186760004       -2.50398615238673       -0.80329167268223
B           -4.83335504739212       -0.63461597051030       -2.74866871089719
B           -3.10803466047290        0.16855077007877       -0.74855456498785
B           -0.99022399851316        0.63764144084782        2.45168631712378
B            0.01836303212898       -0.02062944755714        1.19535801207351
B            4.87023070120471        0.24682207667568       -0.41888273347699
B            5.79118570470960       -1.07099187507928       -1.04715930287422
B           -5.58995243134351        0.86507397564344       -2.85302404977875
B           -2.81533096620032        1.63558248391976       -0.49169957535738
B           -1.27316092694267        2.14328961268323        2.27164674072478
B            0.18488598907921        1.55127242944315        1.31495684451047
B            4.24768834324046        1.62990952466871        0.18840771370686
B            6.21339046492852        0.42737528665998       -1.57774710383765
B           -5.62720955956710        1.76986855515232       -1.42893956426991
B           -3.31168797853718        2.97594702139621        0.01636021063339
B           -1.71111653368252        3.61890396288288        1.94524937941646
B           -0.07200068603406        3.16983715099851        1.53233445137064
B            2.95233371595938        2.25712105503965        0.84728879385374
B            5.73274544767369        1.69649908142257       -0.68011174932684
B           -6.56702225050675        2.83487094134551       -0.86523691391938
B           -4.46900798587945        3.93681163018891        0.66410010493871
B           -1.78518533829566        5.19691535890985        1.41055123753245
B            1.16634485295675        4.39975394284129        1.48848486278262
B            2.58180678114971        3.91365401627726        1.03641333049793
B            5.32031230741874        3.02211192943315       -0.04515964375467
B           -5.23186445609320       -3.65230207164067        0.47943056340350
B           -2.44780644414840       -3.63395629030160        1.77899552946012
B            0.38317697100513       -4.72475159168905        2.19448960402239
B            1.75561892673584       -2.39785481338394        1.09468925864212
B            4.31315996327900       -3.45761990045666        0.14122816251154
B           -5.05573978505096        2.87824674947597       -0.29326066635508
B           -3.04804989655452        4.36167212139362        1.09257120819221
B           -0.29391597283439        4.90144756732346        1.59817459545394
B            1.45707901352251        2.55373282649335        1.21319234011079
B            4.05131164249758        3.58758321912483        0.59570103562913
B           -4.48170990539382        0.59792725509836       -1.71238022278316
H           -7.24857017673632       -2.51945529991948       -0.80007941678316
H           -4.76004572599819       -1.36231325808690       -3.67312615344892
H           -6.10495246287185        1.26725649985665       -3.83135820802635
H           -7.54902737395520        3.44521390293765       -0.68812667187791
H            6.26213204990942       -4.95678919413858       -0.34874173645813
H            7.91922021293628       -2.50330813727915       -1.00319966676617
H            6.86903380425409        0.57084057341094       -2.55111317758889
117
 energy: -148.998109712812 gnorm: 0.008174697332 xtb: 6.7.1pre (5071a88)
C           -2.12260056521606       -6.96487106939952        9.09527211914962
O           -0.90781286753069       -7.03742638527080        8.39851912679195
C           -0.43713596920491       -5.89730111567600        7.80512211056326
C           -1.02514929130432       -4.64282858680492        7.94076240332056
C           -0.47788195866455       -3.56058831229033        7.28906776992988
C            0.65120143492134       -3.70323897428843        6.47769874615729
C            1.25726980165169       -4.96329561249044        6.34334057250316
C            0.73081301803028       -6.04724530246047        7.01293026341446
O            1.25001401421665       -7.31110395778381        6.98197620009202
C            2.47404213026552       -7.50085577167428        6.32170223518676
C            1.01499733905304       -2.44223807848897        5.88708727194253
O            1.90127259277472       -2.19180125702394        5.07376963923884
C            0.05384953651022       -1.37306399056894        6.44080235408619
C            0.86615104664034       -0.29379355366172        7.17480935683207
C            0.16856876572512        1.06333995623124        7.30763886473587
C           -1.11855649826677        1.02142821489541        8.12717958325450
C           -1.82757256896554        2.37747090012582        8.04631585777522
N           -0.87851733832807        3.46949328052962        7.89526210549014
C           -1.49455172628961        4.74114801615269        8.22205689003449
C           -0.59741730363868        5.89214417939100        7.86535457699028
C           -0.35120331299623        6.91541645335370        8.76966202644907
C            0.49962820409920        7.95560099706438        8.43918899561475
C            1.11549868102860        7.97993751449080        7.20079508259030
C            0.86640434818994        6.96736630074544        6.28716346864669
C            0.01272755598398        5.93230995076466        6.61624734402241
C            0.33694352116496        3.21428498639414        8.64224136063916
C            1.11748794951602        2.07553208741229        7.97229107200750
C           -0.93842971761728       -2.13515317732552        7.33288135056820
H           -2.93440929526178       -6.59550786055324        8.45643380708424
H           -2.04744261060407       -6.32567129307545        9.98342485330070
H           -2.34874976707070       -7.98324138597421        9.40896905628276
H           -1.89998673590116       -4.51302174175587        8.55809634423368
H            2.13339482490247       -5.04657435212545        5.72217012208667
H            2.39312655736466       -7.29670240065068        5.24803548324877
H            3.26251223447242       -6.87034506147387        6.74957453744752
H            2.73033064835133       -8.54900281232366        6.47124665296684
H           -0.44900264079485       -0.90100595622474        5.59124668971099
H            1.14124261759107       -0.66632339049288        8.16306013094247
H            1.78869502198326       -0.14122891843585        6.61094862294420
H           -0.08969868841847        1.42401155409503        6.30880377314139
H           -1.79512871219131        0.25652441120620        7.75657741095532
H           -0.87144659829245        0.78596355281668        9.16426854467394
H           -2.45591992677119        2.51433876582273        8.94996894879346
H           -2.49172160026626        2.40222661849908        7.17196848894403
H           -1.76799556875650        4.79953351421509        9.29429765083306
H           -2.42102562659634        4.81029173360829        7.64119266626291
H           -0.82427171388955        6.89654190494060        9.74085593442766
H            0.68637057153478        8.74276661726584        9.15522937966808
H            1.79065730158637        8.78260626177908        6.95108259027194
H            1.34105040753340        6.98663544887066        5.31743633063414
H           -0.18040925346458        5.13003499629015        5.92078530590312
H            0.11262043613708        2.96152218316037        9.69471630593009
H            0.93892171976813        4.12421129818946        8.64759097705402
H            1.79564156392964        2.48352910431133        7.22356078271895
H            1.72107176353051        1.56966296801286        8.72771480901667
H           -0.91519955846372       -1.77440106788512        8.36257800503534
H           -1.96608115137442       -2.04768525911385        6.97201058034223
B           -6.22801876468381       -2.87581768110953       -0.29305073496886
B           -3.78944746252127       -3.43023535176840        1.01880835721202
B           -1.03358159645552       -4.16571808217653        2.27055765797367
B            1.72284582928489       -4.20191707987583        1.73541047527488
B            2.99147542933438       -3.65109015661182        0.97689262893734
B            5.82913644202286       -3.85899964747644       -0.29345725686488
B           -4.64324913685731       -2.33506728943072       -0.28780545197854
B           -2.55469109196404       -2.20860970392678        1.05644672387395
B           -1.21664182932914       -2.37895679714850        2.06455004408843
B            0.31691964381323       -3.13240854231269        1.64280333704660
B            3.13211426109749       -2.09051208955061        0.38933536934854
B            5.15562449749704       -2.57130360993276       -0.97882857072545
B           -4.24107493744087       -1.04912339531309       -1.20139373265509
B           -3.08897191244498       -1.26822054340006       -0.05135646474945
B           -0.79533261085467       -0.89452475246269        2.46432579023369
B            0.44361014325727       -1.50259149840982        1.24993563508185
B            4.21744951823950       -1.24551575562986       -0.34597216069190
B            6.74727951237899       -2.50710091037656       -0.79997417504513
B           -4.80302832132559       -0.63613830079051       -2.72947896218586
B           -3.09171829235661        0.16783573885868       -0.71608300414857
B           -0.99444164414601        0.64311528101387        2.49015160749887
B            0.01302318021338       -0.01721287808926        1.23509567146419
B            4.86539913634269        0.24849216380205       -0.39977756986276
B            5.77643564571819       -1.07216667848078       -1.03339355307354
B           -5.55662678947135        0.86378341200370       -2.84139639467392
B           -2.80261246891672        1.63565416850360       -0.45931425860832
B           -1.27409582934398        2.14925473861457        2.30908588530931
B            0.18195306499503        1.55481531745903        1.35016023077700
B            4.24350660575220        1.63418032668219        0.20583308456738
B            6.19918494552716        0.42560290551624       -1.56607976678068
B           -5.60527185344671        1.76916618310356       -1.41782876084229
B           -3.30078068000790        2.97758021020660        0.04284135519171
B           -1.71098455994271        3.62346193831153        1.97624465488416
B           -0.07117873498554        3.17406583612955        1.56447720580679
B            2.94876882445792        2.25889923629772        0.86891003520506
B            5.72474584668427        1.69693268894635       -0.66790469742237
B           -6.54893289512608        2.83456530156805       -0.86198049818425
B           -4.46325184006868        3.93845378577778        0.68200023608227
B           -1.78346547866276        5.20071331818525        1.43959959444687
B            1.16783256692241        4.40532293359697        1.51738175966827
B            2.58040885406113        3.91555936747653        1.06158077107270
B            5.31465550567109        3.02338989572918       -0.03321134099341
B           -5.21776687576033       -3.65942399394469        0.49172934153066
B           -2.44453833678059       -3.63308897643719        1.81587171701645
B            0.38609572343055       -4.71821579030749        2.24600857720668
B            1.75434382558174       -2.39015771918747        1.14044542381743
B            4.30745536900547       -3.45406114729012        0.17738408454739
B           -5.04197402743970        2.87860132960012       -0.27897565138239
B           -3.04562317665587        4.36599424707517        1.11792075117018
B           -0.29213100063480        4.90581575527818        1.62842579072862
B            1.45469977220132        2.55322496961850        1.24033176215394
B            4.04753796724704        3.58672784998426        0.61363885818322
B           -4.45840298470887        0.59630024528367       -1.69065623138931
H           -7.22884644059912       -2.52899519992826       -0.79907070220936
H           -4.72250993281562       -1.36572016067139       -3.65193799013314
H           -6.06263417662151        1.26664393658153       -3.82425844869442
H           -7.53104738809891        3.44865222271414       -0.69643706523324
H            6.24805855226302       -4.95737615191590       -0.33245360474898
H            7.90098659902017       -2.50984042437456       -1.01595467512047
H            6.85413776617176        0.56694587910203       -2.54022922674837
117
 energy: -148.999029632349 gnorm: 0.009255509373 xtb: 6.7.1pre (5071a88)
C           -2.08349991447236       -6.96341892509176        9.11517651001519
O           -0.87723169779021       -7.02856853006910        8.40185588291216
C           -0.42701934206729       -5.88944636668554        7.79152268481138
C           -1.02207461679983       -4.63738570069217        7.92663953736858
C           -0.49202274748183       -3.55706264940013        7.25800553629836
C            0.62785291668539       -3.69700312022413        6.43305960329236
C            1.23933053825640       -4.95374258047036        6.29747488754065
C            0.72949767819612       -6.03667056013203        6.98210192168069
O            1.25509206208844       -7.29846238236663        6.94925532634949
C            2.47872037076546       -7.48249683440774        6.28603978637981
C            0.97280919303646       -2.43734965166177        5.83146267317453
O            1.84885060507486       -2.17610091329775        5.01265004829985
C            0.01090830058667       -1.36956380106707        6.39433878641781
C            0.83238237746567       -0.29472359935911        7.12060545733326
C            0.14343742226988        1.06538875027258        7.26662534277659
C           -1.13913768752430        1.01709700618517        8.09219639168219
C           -1.83986369054703        2.38007755221667        8.05345189151470
N           -0.88881216753712        3.46475776130848        7.87966869184746
C           -1.49095913123347        4.74297436334986        8.20813907104211
C           -0.58578919053889        5.88515281888369        7.84275508044797
C           -0.34002084841928        6.91628812967983        8.73842092638268
C            0.51504374984369        7.95141380535577        8.40080649623055
C            1.13514268722969        7.96076046017576        7.16471193508496
C            0.88906774234213        6.93866330439097        6.26054401178934
C            0.03101328336583        5.90905497936008        6.59625900129205
C            0.33396726642576        3.20494838699599        8.61509947927821
C            1.10263486261680        2.06580505612439        7.93404202247570
C           -0.96800120835888       -2.13668963853307        7.29646475265444
H           -2.90713716463164       -6.60431435413833        8.48587376098630
H           -2.00121536250585       -6.32149476124612       10.00046421656451
H           -2.29822057941782       -7.98252567454315        9.43618051089282
H           -1.88918494336753       -4.50804455510333        8.55522513593320
H            2.10677097745953       -5.03794057920364        5.66421524748493
H            2.39010158561971       -7.29889199101050        5.20937961386250
H            3.26027515607873       -6.83538892907143        6.69955249924166
H            2.75103363291823       -8.52424947985281        6.45104497118338
H           -0.50221818146742       -0.89976354499876        5.54931949089436
H            1.11423126280979       -0.67056315065145        8.10707757843195
H            1.75220368595142       -0.14561294860989        6.55086920623249
H           -0.11710163750683        1.43680023188621        6.27215971999248
H           -1.82183806068928        0.26538242392637        7.70443652635383
H           -0.88827104018311        0.75127787913964        9.12149947686796
H           -2.43432848135359        2.51134255017482        8.98061782476360
H           -2.53687198480544        2.42116317904407        7.20522699384442
H           -1.75682387329387        4.80473605478739        9.28191251133408
H           -2.42253400957398        4.82254342456915        7.63513466242289
H           -0.81736001909873        6.90638243520257        9.70777688273533
H            0.70216544183289        8.74482647222267        9.11016444764888
H            1.81260683832776        8.75993791060765        6.90862061530562
H            1.37039449808654        6.94622691037452        5.29396297502272
H           -0.15997388728204        5.09815726112397        5.91021516848840
H            0.11781033650425        2.94997169114746        9.66798431268813
H            0.94064511328393        4.11204890842722        8.61824398160215
H            1.78104427136634        2.47317951463501        7.18402648776468
H            1.70795061366178        1.55078513595225        8.68245651892616
H           -0.94668772478820       -1.76987795199925        8.32422917194968
H           -1.99779517461452       -2.06461653082214        6.93808489877530
B           -6.21103177607071       -2.88494928227965       -0.28494222293219
B           -3.78108166082150       -3.43482303508074        1.04625727884764
B           -1.03252321117103       -4.16139570855943        2.31791139479061
B            1.72451948770747       -4.19308439794163        1.78595047418526
B            2.99004171622846       -3.64269381094263        1.02168699539188
B            5.81697122642195       -3.85863288486377       -0.27236159575853
B           -4.62862905568026       -2.33846982524432       -0.26790085843056
B           -2.55361104317846       -2.20706037769737        1.09654618867321
B           -1.21821530782659       -2.37505703147775        2.10929001951035
B            0.31687565725852       -3.12607244016920        1.69157367308095
B            3.12740554364335       -2.08375383256569        0.42871477048201
B            5.13868465936851       -2.57169154289742       -0.95421230810393
B           -4.22285435834441       -1.05027857460543       -1.17591549069459
B           -3.07991040957024       -1.26804374549768       -0.01606941421339
B           -0.79930597337226       -0.88887804641892        2.50541743068798
B            0.44059031494360       -1.49751297455904        1.29253883803244
B            4.20930593843134       -1.24418062918152       -0.31659417286755
B            6.73208659151801       -2.50979094298874       -0.79582007504235
B           -4.77226503183177       -0.63850878632035       -2.70938054035773
B           -3.07554519449361        0.16664966908089       -0.68282154232524
B           -0.99805435251817        0.64936520127083        2.52859660980081
B            0.00742952564318       -0.01318899901814        1.27437044728203
B            4.85940793989520        0.24930941808999       -0.38123843745621
B            5.76161146402977       -1.07343899953590       -1.02018976631061
B           -5.52322274581219        0.86144032789147       -2.82918232272264
B           -2.79023893019004        1.63562282740080       -0.42833778939361
B           -1.27438118070107        2.15618053464363        2.34787256858039
B            0.17878689538185        1.55885592182818        1.38491978491970
B            4.23854172705059        1.63738787611365        0.22217998951896
B            6.18554273014875        0.42388839598906       -1.55388789870305
B           -5.58292006003715        1.76841598302836       -1.40739696990945
B           -3.28909198620948        2.97948491149027        0.06777074346418
B           -1.70871478634298        3.62960096030387        2.00950853600181
B           -0.06982137738805        3.17872271917854        1.59864380264407
B            2.94467420290237        2.26110339400195        0.88906486611093
B            5.71755674572261        1.69655142062379       -0.65389347385828
B           -6.52953546781325        2.83547568169734       -0.85959014790061
B           -4.45620381683450        3.93958326454808        0.69994066830479
B           -1.78083637380910        5.20479494358455        1.46760577457497
B            1.16987811930928        4.41096543811743        1.54833180655083
B            2.57899413436509        3.91727232614749        1.08680870847432
B            5.30914573973335        3.02341357230460       -0.01896776204352
B           -5.20365031470102       -3.66676371750437        0.50526882533119
B           -2.44194184851173       -3.63146857058179        1.85483529921839
B            0.38863231041673       -4.71027773309556        2.29787128748536
B            1.75208407517634       -2.38269061179858        1.18402276733389
B            4.30114150478378       -3.44992092626456        0.21256628464657
B           -5.02700516186936        2.87925192700614       -0.26567791069275
B           -3.04154439874412        4.36959986441103        1.14214982069564
B           -0.28980723579683        4.91056409023876        1.66072602820189
B            1.45194721340772        2.55331624039576        1.26653295840642
B            4.04398350284186        3.58664112758513        0.63240104310098
B           -4.43434988227936        0.59431724629599       -1.66910891328458
H           -7.20901219321174       -2.54180093732318       -0.79955531067702
H           -4.68414167611920       -1.37022767394544       -3.62956720791588
H           -6.02043021990939        1.26444801721640       -3.81656474547732
H           -7.51345723355263        3.44747627104429       -0.69909642985606
H            6.23469303182518       -4.95748311872968       -0.31271600738651
H            7.88291832510966       -2.51637965739426       -1.02586949718928
H            6.83889283869604        0.56364259017979       -2.52943901720226
