112
 energy: -169.413032849186 gnorm: 0.084711533325 xtb: 6.7.1pre (5071a88)
O           -0.93805800000000       -0.95090300000000        5.06782300000000
C           -0.13646600000000       -0.92311700000000        5.99725100000000
O           -0.09443000000000       -1.79749400000000        7.07769100000000
C           -1.13612800000000       -2.72661900000000        7.06288300000000
C           -2.29315000000000       -2.44715900000000        7.79427900000000
C           -3.30744700000000       -3.39242800000000        7.80809100000000
O           -4.45109100000000       -3.14137000000000        8.50912200000000
C           -3.16374000000000       -4.59118600000000        7.11740800000000
O           -4.18392900000000       -5.50388900000000        7.15185300000000
C           -1.99808700000000       -4.86207200000000        6.40503100000000
O           -1.91680400000000       -6.06036300000000        5.75137000000000
C           -0.96454800000000       -3.93361900000000        6.37622600000000
C            0.95902800000000        0.12643800000000        6.12497800000000
O            2.20520000000000       -0.58499000000000        6.20189700000000
C            3.28945900000000        0.22982200000000        6.39155300000000
C            4.53095000000000       -0.31736800000000        6.06457900000000
C            5.68033900000000        0.45269300000000        6.19902800000000
O            6.87281000000000       -0.11961400000000        5.86682000000000
C            5.60656500000000        1.76800300000000        6.63898600000000
C            4.36149100000000        2.29929100000000        6.96288000000000
O            4.31881600000000        3.61870500000000        7.32053000000000
C            3.19072300000000        1.53168700000000        6.89483900000000
C            1.87038900000000        2.07798800000000        7.36961000000000
O            1.56451300000000        3.19233300000000        6.52406000000000
C            0.76249100000000        1.00294200000000        7.36932500000000
C           -0.61710500000000        1.61036100000000        7.58696700000000
C           -1.46859300000000        1.96740200000000        6.52231900000000
C           -2.72026600000000        2.52131300000000        6.78575400000000
O           -3.58632300000000        2.85746300000000        5.78323900000000
C           -3.12500500000000        2.75139900000000        8.09330300000000
O           -4.34718100000000        3.30465400000000        8.35957900000000
C           -2.28942500000000        2.41891700000000        9.14733700000000
O           -2.68236800000000        2.64613200000000       10.43339200000000
C           -1.04468400000000        1.85052300000000        8.90754000000000
H           -2.40559200000000       -1.51562600000000        8.33890000000000
H           -5.00521500000000       -3.93581800000000        8.36925500000000
H           -3.85715600000000       -6.24783800000000        6.60499600000000
H           -1.06638000000000       -6.09173900000000        5.27867700000000
H           -0.04355800000000       -4.12191100000000        5.83617400000000
H            0.94893900000000        0.71513800000000        5.19699500000000
H            4.60248200000000       -1.33695000000000        5.69711700000000
H            7.57993300000000        0.53054200000000        6.01500600000000
H            6.48991500000000        2.39229300000000        6.71994600000000
H            3.44585300000000        3.95281100000000        7.02991000000000
H            1.99123800000000        2.46644600000000        8.38936800000000
H            0.77614800000000        3.62751200000000        6.90068900000000
H            0.96219200000000        0.34805900000000        8.23291500000000
H           -1.16117400000000        1.81904000000000        5.49026400000000
H           -3.24923800000000        2.48532400000000        4.94845800000000
H           -4.75309000000000        3.42836300000000        7.47666200000000
H           -3.58638300000000        3.01409700000000       10.35420900000000
H           -0.41685900000000        1.59438100000000        9.75869800000000
B           -6.92557400000000       -4.65111300000000        0.25865100000000
B           -5.10977200000000       -2.24929300000000        0.32220200000000
B           -3.59150000000000       -2.18136500000000        0.21279900000000
B            0.99925900000000       -2.87544800000000        0.06378700000000
B            2.47585300000000       -3.01222300000000       -0.27085900000000
B            5.29935300000000       -3.83137300000000       -0.66717700000000
B            6.31828600000000       -4.83594800000000       -1.15579500000000
B           -6.43481100000000       -3.15827600000000        0.28637400000000
B           -6.75198600000000       -1.63383400000000        0.31644600000000
B           -2.05257200000000       -2.31732500000000        0.33493800000000
B           -0.48410500000000       -2.46190100000000        0.25744400000000
B            4.01843200000000       -2.90105900000000       -0.28723400000000
B            5.75319500000000       -2.28152300000000       -0.30282500000000
B            6.83007200000000       -3.22878800000000       -1.09290300000000
B           -7.65644600000000       -0.25496900000000        0.34308800000000
B           -6.03740400000000       -0.13947200000000        0.19128200000000
B           -4.43155500000000       -0.53569300000000        0.22393500000000
B           -2.73786400000000       -0.66039500000000        0.32898700000000
B           -1.05179700000000       -0.91569500000000        0.64186700000000
B            0.51706700000000       -1.17215400000000        0.72573200000000
B            3.12314000000000       -1.48307600000000       -0.06347700000000
B            4.70007200000000       -1.13396900000000        0.34015700000000
B            6.26670100000000       -0.78716500000000        0.25170200000000
B            7.67197900000000       -0.35166600000000        1.03271400000000
B           -6.91808200000000        1.21209400000000        0.19154300000000
B           -3.41844900000000        0.78008400000000        0.08092800000000
B           -1.65424800000000        0.53262600000000        0.12393600000000
B            1.86218700000000       -0.40373800000000        0.32458700000000
B            3.58471700000000       -0.15037700000000        0.78515100000000
B            6.99097300000000        0.61106200000000       -0.10682500000000
B            8.30736800000000        1.06286500000000        0.63157700000000
B           -7.61944600000000        2.80402200000000        0.29859200000000
B           -6.12384700000000        2.51850600000000       -0.17653400000000
B           -3.58859800000000        2.32765600000000       -0.23679300000000
B           -0.90613000000000        1.81950200000000       -0.41975400000000
B            1.62343000000000        1.01991200000000       -0.41081700000000
B            3.01084100000000        1.30901000000000        0.52967800000000
B            6.37286600000000        1.85818800000000       -0.91598600000000
B           -6.52766000000000        4.04562000000000       -0.16080700000000
B           -4.87358800000000        3.49481000000000       -0.38844900000000
B           -3.41552100000000        3.88012300000000       -0.60638400000000
B           -2.02346800000000        3.22055900000000       -0.67671500000000
B           -0.49736300000000        3.27955300000000       -0.89698500000000
B            0.71071500000000        2.33244100000000       -0.74567800000000
B            2.33533800000000        2.47809100000000       -0.47543800000000
B            3.81608200000000        2.61947000000000       -0.09409900000000
B            5.36981100000000        2.86458800000000       -0.14886500000000
B            6.05513600000000        4.08000700000000        0.63121200000000
H            6.20410100000000        5.14767500000000        0.14633600000000
H            8.21838900000000       -1.12103200000000        1.72684000000000
H            6.62243600000000        1.98179100000000       -2.06738800000000
H           -7.08996100000000       -5.25063400000000       -0.75377500000000
H           -6.79116100000000        5.18147000000000       -0.28518600000000
H            9.15691900000000        1.84657300000000        0.78998400000000
H           -8.82769000000000       -0.37575700000000        0.32855800000000
H            6.78387900000000       -5.86898800000000       -1.44653800000000
H           -8.72471000000000        3.00122000000000        0.63884200000000
H            7.89180300000000       -2.88353900000000       -1.47372700000000
H            6.42816400000000        3.99964400000000        1.74845800000000
H           -7.22487800000000       -5.28231400000000        1.21868800000000
112
 energy: -169.420801567608 gnorm: 0.036638487170 xtb: 6.7.1pre (5071a88)
O           -0.94194272885395       -0.94646712645091        5.08513196303867
C           -0.14590409654003       -0.90717758196113        6.00003955239097
O           -0.11313835700435       -1.77461210308400        7.05587130833681
C           -1.13426182440633       -2.72286164407626        7.06892093995650
C           -2.28858574152968       -2.44986511193324        7.78742299039204
C           -3.30521383799531       -3.39391495887065        7.80863584500823
O           -4.44892242622271       -3.14847412635467        8.50204951113842
C           -3.15905219745895       -4.59455623821028        7.11629761157782
O           -4.18102493715884       -5.50978543839174        7.14939309659130
C           -1.99029336590086       -4.85375154262821        6.40510068412731
O           -1.91096423647088       -6.05459967271899        5.75103094146157
C           -0.96739636733351       -3.91749214422026        6.38014142837183
C            0.95212763009200        0.13650826307708        6.12431091159206
O            2.19381609957724       -0.56640748433674        6.19954398700533
C            3.28723468003510        0.22684784928783        6.39542280231727
C            4.52419310552830       -0.31801222684832        6.06582068377437
C            5.67464207597835        0.44536424170152        6.20659337199411
O            6.86500463980933       -0.12263744878525        5.87317887191825
C            5.59233800181233        1.76399556789503        6.63337605545770
C            4.35220918867391        2.30104035345319        6.94920807791638
O            4.29984645864900        3.61415837255334        7.31320172404933
C            3.18947574250534        1.52644708661575        6.88995292400192
C            1.87324110011477        2.09198208705323        7.36295050093759
O            1.55077210677625        3.20523125987365        6.52500791848823
C            0.77522804447087        1.00473907548081        7.37755346146902
C           -0.60181767031998        1.60628906314475        7.58363258125558
C           -1.44266848354503        1.95818416515650        6.52721555571607
C           -2.69529753642284        2.50701197467505        6.77732727162591
O           -3.56800875589499        2.84254367162313        5.77438723737743
C           -3.11217855357803        2.74504843916193        8.08219118944391
O           -4.33908455340824        3.29926171507950        8.34910813216362
C           -2.27217720332770        2.41378881405338        9.14061872176932
O           -2.67199900414294        2.64166682126749       10.42110176883820
C           -1.03002432047677        1.84505742217059        8.89055786097130
H           -2.40335332711135       -1.52012182770225        8.32144933100918
H           -5.01121593141424       -3.93106243586508        8.37589635937314
H           -3.87737471414483       -6.25563646301426        6.60747008380329
H           -1.06959111688142       -6.09376933266173        5.27802182351995
H           -0.05281148546171       -4.10067556971085        5.83602596409940
H            0.94853097138945        0.74598596111358        5.21003533287678
H            4.59144830730355       -1.32872903205484        5.69747529066567
H            7.57148572833546        0.52442172823012        6.00607574243416
H            6.46964145966381        2.38918777443399        6.71271113743919
H            3.41693509125477        3.94149072902283        7.06793760232594
H            1.99316694564761        2.46497837619270        8.39232955491677
H            0.75185454081127        3.62035619436793        6.87987194965289
H            0.97818633619036        0.34624407910971        8.23215586822949
H           -1.14141472728138        1.79204597569411        5.50320647201782
H           -3.23343293521518        2.48749677887320        4.94073477280881
H           -4.76163216463399        3.42756827100910        7.48475169279527
H           -3.57038903409929        3.00869017112488       10.36172497669648
H           -0.41056055041671        1.58589944164634        9.73614998864752
B           -6.92665016242597       -4.65127864077666        0.26171836061113
B           -5.10904714306670       -2.25057374140318        0.31738462462430
B           -3.59062724107275       -2.18122381740965        0.21167832723621
B            0.99807769811165       -2.87454919352364        0.06680999909958
B            2.47636092734932       -3.01149405842323       -0.26616568713040
B            5.29876926942105       -3.83086786168591       -0.66694014163458
B            6.31630985088754       -4.83419989460041       -1.15982298666456
B           -6.43560155205878       -3.15769228351060        0.28551200757015
B           -6.75146057832251       -1.63287029392386        0.31735311935089
B           -2.05265010858737       -2.31762238514149        0.33657704442277
B           -0.48377938407549       -2.46332202584993        0.26598261212938
B            4.01938169184873       -2.90117698099733       -0.27823327483856
B            5.75367572113946       -2.28190385695656       -0.29970872268176
B            6.83014655387832       -3.22915142779080       -1.09027904397645
B           -7.65607317930799       -0.25551321209032        0.34174869759168
B           -6.03680225726445       -0.13897618011697        0.19470633209755
B           -4.43117401125930       -0.53722275947932        0.22874144600151
B           -2.73750320526100       -0.66077614583623        0.33169752869185
B           -1.05089251491415       -0.91663321831686        0.64374600675601
B            0.51675909662726       -1.17182485018818        0.72938820248598
B            3.12288008939812       -1.48232561833381       -0.06426569915145
B            4.69968933824822       -1.13472273495435        0.34271164238492
B            6.26607384066197       -0.78772224307131        0.25658729367851
B            7.67299070877715       -0.35225058271736        1.03382592329975
B           -6.91797384436314        1.21191005015510        0.18997626932342
B           -3.41829522794022        0.77985113427597        0.08700159782507
B           -1.65441855543194        0.53396047873445        0.12934853486476
B            1.86067056403094       -0.40349999785651        0.32283670448895
B            3.58326382520036       -0.14997308968874        0.78550375305067
B            6.98722629667500        0.61152727684745       -0.10177210527482
B            8.30953268356405        1.06078170949644        0.62929395522849
B           -7.61799645388669        2.80394931811027        0.29940666065070
B           -6.12635432700073        2.51866973549548       -0.18225155665360
B           -3.58921193706845        2.32608211372334       -0.23826559549347
B           -0.90584718270737        1.81936636705754       -0.41758036280441
B            1.62314552693200        1.02044396635049       -0.41091973039255
B            3.00873728266794        1.30929509790756        0.53250685180553
B            6.37243676269027        1.85930104486723       -0.91354335728369
B           -6.52680138968697        4.04614760420637       -0.15973896525663
B           -4.87406025192404        3.49264894301706       -0.39200474701355
B           -3.41589110023001        3.87842976519644       -0.60710199108180
B           -2.02338972281660        3.22045744960476       -0.67531068061735
B           -0.49706679818343        3.27977985702992       -0.89568259964428
B            0.71108685170510        2.33306375520326       -0.74580486633277
B            2.33510857427504        2.47934467395193       -0.47280770759082
B            3.81514969746688        2.62099313977882       -0.09045601094560
B            5.36872497420141        2.86361900553144       -0.14553796491196
B            6.05063684560033        4.08156961281526        0.63354605123137
H            6.20314694284364        5.14797289742772        0.14741022920211
H            8.22148832418320       -1.12068086381293        1.72648364122121
H            6.62366382274813        1.98393634881071       -2.06467673851803
H           -7.08289647617854       -5.25408460298036       -0.74937268093017
H           -6.79022003591005        5.18172790916525       -0.28187715685897
H            9.15786840120403        1.84600653012642        0.78850609849858
H           -8.82637620659732       -0.37467551190787        0.32974457462622
H            6.78387715458340       -5.86577089674932       -1.45076352114237
H           -8.72081532013811        3.00052627360357        0.64475799055119
H            7.88933339389708       -2.88441277613012       -1.47283029238945
H            6.43062657537584        3.99589136374420        1.74808797560093
H           -7.22823018848070       -5.27812489027351        1.22259670522878
112
 energy: -169.423318126851 gnorm: 0.014031225028 xtb: 6.7.1pre (5071a88)
O           -0.95121154381619       -0.92742480924184        5.09102695457348
C           -0.15428573204221       -0.88822573556611        5.99665925697073
O           -0.13422212054782       -1.74344246992870        7.03211762570151
C           -1.13908630034109       -2.70856800151982        7.06260402027623
C           -2.29155362082138       -2.44609362263868        7.77866152187768
C           -3.30502497176043       -3.39440085336921        7.81063881601759
O           -4.44671158817918       -3.15516275808025        8.49813847875923
C           -3.15217154860185       -4.59667646579830        7.11694874589905
O           -4.17424620701838       -5.51238990690619        7.15059428475319
C           -1.98041430721860       -4.84545610991813        6.40553281315909
O           -1.90111603564601       -6.04732028055821        5.75146407040904
C           -0.96906949983752       -3.89851851852291        6.37634198916907
C            0.95154873422458        0.14608357959302        6.12173506701634
O            2.18421310106912       -0.55611594595404        6.18705631619623
C            3.28144852861678        0.22520441995225        6.38778799790497
C            4.51619215933615       -0.32026086753042        6.06427686459618
C            5.66701985204623        0.44092769447602        6.20702630066285
O            6.85531604945939       -0.12724268336142        5.88270305551066
C            5.57888423828793        1.76271751772734        6.62504401901366
C            4.34282378679455        2.30536525535285        6.93732044402244
O            4.28160765763611        3.61218990982183        7.30192715771696
C            3.18477349925198        1.52471394852797        6.87720838037768
C            1.87350592063249        2.09901796399756        7.35785281662069
O            1.53655742462658        3.20738127134792        6.52763198263466
C            0.78389668410277        1.00330688389256        7.38413264744880
C           -0.58968508655069        1.59665448807145        7.58415748956525
C           -1.41971523782364        1.94128681927331        6.52692500656714
C           -2.67097321937665        2.49007016398526        6.76718592303011
O           -3.54557011688942        2.82432721190259        5.76180983467708
C           -3.09649238435339        2.73639858877316        8.06994912641973
O           -4.32463258569530        3.29031702287212        8.33682478959223
C           -2.25711851629352        2.40719385423183        9.13596598419807
O           -2.66107383929534        2.63750527326713       10.40968755878128
C           -1.01714800577957        1.83805396888153        8.88273325659176
H           -2.41166314300068       -1.51667259391230        8.30655083672117
H           -5.01846521364727       -3.92747714953317        8.38500310294863
H           -3.89483007633734       -6.26188334263358        6.61048940925432
H           -1.06783380535750       -6.09345944217417        5.27366788183445
H           -0.05905875092559       -4.07723513828295        5.82611013432135
H            0.94674629678321        0.77848093827833        5.22215107105524
H            4.58019702411595       -1.32826616843350        5.69943587099631
H            7.56298914172448        0.51810921219597        5.99607960568094
H            6.45311069361653        2.38894086859116        6.70175105311064
H            3.38237046825115        3.92953490746748        7.11358894822525
H            1.99977760342898        2.46297449364691        8.39269219404213
H            0.71759480054379        3.59717136483035        6.85493524835593
H            0.99959845120040        0.34580865606900        8.23200578865789
H           -1.11966173029296        1.76390302564459        5.50728266147541
H           -3.20787677101386        2.48840403928134        4.92662911606644
H           -4.76386335757810        3.42226642049988        7.48809802639311
H           -3.55493941122420        3.00501679288615       10.36884528263608
H           -0.40215971068197        1.57927970216611        9.72708545076708
B           -6.92330784618636       -4.65243125422126        0.26760054561290
B           -5.10776873014642       -2.25222078825537        0.32135717839623
B           -3.58962662528489       -2.18164004066626        0.21422206365791
B            0.99830868881907       -2.87377444470443        0.07543106197078
B            2.47675979334570       -3.01131845757570       -0.25762431260782
B            5.29764794525183       -3.83030546571199       -0.66479383752890
B            6.31507245803959       -4.83231458875651       -1.15981403422370
B           -6.43538945406612       -3.15719721918118        0.28594600307276
B           -6.75038593225024       -1.63205870462702        0.31492402183078
B           -2.05237232586058       -2.31830574333155        0.34018499940318
B           -0.48323855819098       -2.46398239590724        0.27359163165572
B            4.01982483599220       -2.89991915768460       -0.27029559927186
B            5.75399757137781       -2.28251791747097       -0.29327553174381
B            6.82832463839100       -3.22829276875180       -1.08854895673012
B           -7.65523498846689       -0.25649656619000        0.34072266781237
B           -6.03577791400883       -0.13836210422527        0.19572653331577
B           -4.43061251951185       -0.53963436446821        0.22781463224294
B           -2.73730276734093       -0.66159238125109        0.33502041756163
B           -1.05033639057755       -0.91770320199219        0.64817702136627
B            0.51640557567986       -1.17156987113197        0.73543163063698
B            3.12177055704406       -1.48124477910412       -0.06206424447850
B            4.69868961337466       -1.13632838957914        0.34859403777206
B            6.26492043987248       -0.78811858504622        0.26413896314543
B            7.67495336997651       -0.35313292638420        1.03534996431275
B           -6.91756627917800        1.21140518110667        0.18713117258806
B           -3.41741703739636        0.77966949910211        0.09287387001708
B           -1.65442086141994        0.53502801981841        0.13711813424223
B            1.85908614520059       -0.40247654602856        0.32481549458819
B            3.58211032324850       -0.14945081964692        0.78852538810535
B            6.98380906141395        0.61154923566205       -0.09618492008667
B            8.30577998410994        1.06350152457586        0.63507537277126
B           -7.61557008829639        2.80350252114910        0.30300027287236
B           -6.12979170736123        2.51829004538453       -0.19231875409512
B           -3.58909317472805        2.32636159599384       -0.23005626961174
B           -0.90586926135329        1.81965139128562       -0.41201843921270
B            1.62296740326063        1.02143156240062       -0.40827812634007
B            3.00755231353184        1.30986032861872        0.53727897571596
B            6.37072790866679        1.85908835139780       -0.91028949669772
B           -6.52602433751171        4.04630975265619       -0.15959535599967
B           -4.87449121691548        3.48983107618032       -0.39502681803392
B           -3.41670662345049        3.87602876685269       -0.61005261752760
B           -2.02418899024639        3.21893152870331       -0.67827506358366
B           -0.49744896525914        3.27939984063559       -0.89435689140828
B            0.71144848125909        2.33422738474087       -0.74277810416112
B            2.33470066894140        2.48116560713052       -0.46707343492077
B            3.81442821153443        2.62325078556647       -0.08497787357255
B            5.36810033590897        2.86375562130495       -0.14286592113289
B            6.05729314387488        4.07901170863188        0.63427978918070
H            6.19355812353715        5.15082517332356        0.15549017787283
H            8.22541396938952       -1.11999569675842        1.72812206865451
H            6.62523215717809        1.98495630964303       -2.06061337857568
H           -7.07501488418271       -5.25975022385587       -0.74121318621736
H           -6.78810434203825        5.18262269803578       -0.27624394745498
H            9.16490014436789        1.84051863065261        0.77912910870031
H           -8.82526142276676       -0.37331097199883        0.33314212704687
H            6.78170126053305       -5.86112355743279       -1.46186073406524
H           -8.71559573139787        3.00089110574120        0.65553941989875
H            7.88645341096290       -2.88420295625625       -1.47147151121254
H            6.42768602823631        3.99373231506091        1.75219318557764
H           -7.23562426472929       -5.27127906680121        1.22973114965004
112
 energy: -169.423932179808 gnorm: 0.012643050841 xtb: 6.7.1pre (5071a88)
O           -0.95988104739413       -0.90247132963347        5.08122146068146
C           -0.16235719071151       -0.87203970297906        5.98787848914159
O           -0.14948395169826       -1.72118637167293        7.01737892513551
C           -1.14798339253670       -2.69380158129564        7.05128322048008
C           -2.29973722610221       -2.43875013218067        7.77103397219302
C           -3.30736644557256       -3.39317065801912        7.81029953611391
O           -4.44606815136885       -3.15858505463016        8.49884110783453
C           -3.14771210687997       -4.59629514105510        7.11721548266879
O           -4.16681910090498       -5.51352135885700        7.15632953874946
C           -1.97586599094707       -4.83848020849888        6.40278299216776
O           -1.89270665557371       -6.04108191813954        5.75158751328198
C           -0.97207009733911       -3.88346944189515        6.36630465373980
C            0.95327092278162        0.15304863859108        6.11519173281228
O            2.17898165973053       -0.55322325522264        6.17084009964481
C            3.27660248731279        0.22567191068787        6.37708700790484
C            4.51138419432996       -0.32159134939213        6.05990736425171
C            5.66206820441763        0.43999559982297        6.20316623633692
O            6.84947932719911       -0.13082539210198        5.88775441028899
C            5.57236651745086        1.76363096856916        6.61631476930369
C            4.33742672907742        2.30913099998597        6.92777729015153
O            4.27257367825455        3.61201089804489        7.29344716016774
C            3.18061001046109        1.52595041918941        6.86500460380452
C            1.87251167710085        2.10004250489539        7.35423842504927
O            1.52599193086853        3.20520013035896        6.52918892555451
C            0.79005612614259        0.99851188203525        7.38609385434495
C           -0.58180578072957        1.58629074444746        7.58620952627192
C           -1.40664554796987        1.92711875326443        6.52394147616792
C           -2.65735666014516        2.47695967543589        6.75994469807974
O           -3.52919063327357        2.80939252640335        5.75135752344120
C           -3.08570597603234        2.72748213319528        8.06134483589562
O           -4.31239800735205        3.28188078916094        8.32772706847565
C           -2.24941688110042        2.40098434436062        9.13281138491224
O           -2.65364106713570        2.63484366036556       10.40305047609886
C           -1.00973466519580        1.83112216513430        8.88308017220904
H           -2.42543029220109       -1.50801671887677        8.29604162256281
H           -5.02203165265768       -3.92806479921346        8.39296899000326
H           -3.90076067079228       -6.26494713208476        6.61336134950628
H           -1.06287781105365       -6.08879057168780        5.26832049093062
H           -0.06396178253008       -4.05784448369015        5.81098633664598
H            0.94693527164329        0.80020022594480        5.22533689535807
H            4.57410972264968       -1.33119635980465        5.69868451390971
H            7.55851323893047        0.51512774716406        5.98686714757428
H            6.44675508557343        2.39001358954564        6.69097143155422
H            3.36222962285326        3.92162019021843        7.14504472211546
H            2.00519962129349        2.46113568853361        8.39034284380815
H            0.68358203280687        3.56837791947232        6.83283322194389
H            1.01622271773635        0.34046956459109        8.23024320777196
H           -1.10506342847122        1.74387239563954        5.50571996445219
H           -3.18233550649288        2.48821388822385        4.91380119091166
H           -4.76053142833033        3.41396682864266        7.48471616651865
H           -3.54609174905467        3.00402247923166       10.37021065814989
H           -0.39510367424041        1.57423830221241        9.72868751265872
B           -6.93042895556507       -4.65006685523537        0.27459854277956
B           -5.10765446570766       -2.25392904452781        0.32318418743843
B           -3.58940207316117       -2.18160205037863        0.21804645992057
B            0.99867063139631       -2.87402083932787        0.08501896825129
B            2.47701972010764       -3.01202102285994       -0.24733063686358
B            5.29635766905042       -3.82947376601480       -0.66077398970793
B            6.31102853280212       -4.82871915753728       -1.16698809278247
B           -6.43680184647965       -3.15655579583516        0.28675260192719
B           -6.74972703475396       -1.63123444443354        0.31263792389690
B           -2.05249015165107       -2.31874083219647        0.34594131975457
B           -0.48334529224189       -2.46451717687762        0.28096542733755
B            4.02004177460072       -2.89887785737484       -0.26039414544913
B            5.75365897693429       -2.28230654461723       -0.28537216155835
B            6.82641333558031       -3.22633092334728       -1.08495514375433
B           -7.65453136128002       -0.25672579831570        0.34053005352561
B           -6.03510577802578       -0.13763400370271        0.19426271774313
B           -4.43055306099002       -0.54086368639595        0.23609364862846
B           -2.73745554728939       -0.66196759623607        0.34080118559021
B           -1.05035683563932       -0.91814090732691        0.65399405136857
B            0.51613806387205       -1.17216979723128        0.74253582341315
B            3.12038584366951       -1.48078673534967       -0.05613237537557
B            4.69725012852668       -1.13731672665765        0.35665435806258
B            6.26317379125486       -0.78721758387517        0.27239089492269
B            7.67518472727490       -0.35183417455722        1.03990491505444
B           -6.91732588808035        1.21115147982135        0.18356052366086
B           -3.41713560595720        0.78022419124673        0.10278207298360
B           -1.65473153137975        0.53522097480671        0.14348422230523
B            1.85774519867635       -0.40196038218229        0.33018744882444
B            3.58090672062208       -0.14900536919743        0.79435121665971
B            6.98071517611053        0.61284957068416       -0.08968286928169
B            8.32317413281248        1.04978453278876        0.61404756500906
B           -7.61313793445548        2.80343047847200        0.30753583171443
B           -6.13307522176723        2.51774768431395       -0.20369925124966
B           -3.59109245032115        2.32380115146333       -0.23478130251815
B           -0.90665525197309        1.81873169890487       -0.40899959259761
B            1.62188574196549        1.02108675781547       -0.40413270698845
B            3.00600380327434        1.30978860413765        0.54225740011275
B            6.37225594470922        1.86303494484032       -0.90341764638251
B           -6.52495723290521        4.04650324471210       -0.15859591467053
B           -4.87575020713723        3.48690409522725       -0.40404497952465
B           -3.41721386627549        3.87456926810997       -0.60997021574442
B           -2.02332860526022        3.22007082017639       -0.66898406153132
B           -0.49800644528005        3.27827356919933       -0.89270710206419
B            0.71112653436221        2.33387369572382       -0.74021443958207
B            2.33366653452323        2.48088215268717       -0.46285806978206
B            3.81312473587013        2.62274272231306       -0.08108045225955
B            5.36562814723723        2.86550983454292       -0.13735702785316
B            6.03760749506920        4.08533891875211        0.64750480160554
H            6.20295991450167        5.14878759359527        0.15930789169600
H            8.22706405634512       -1.11933048739604        1.73113497744086
H            6.62454606680283        1.98496552986817       -2.05474895082398
H           -7.05871429274503       -5.27029465414464       -0.73036604599749
H           -6.78637716725513        5.18361157554178       -0.26987976736763
H            9.15723708756637        1.84774806263760        0.78917989579284
H           -8.82474395434989       -0.37185539556508        0.33750936452404
H            6.77956857880583       -5.85648880887993       -1.47009113442798
H           -8.71002744568058        3.00145070724137        0.66992970031446
H            7.88351982417267       -2.88095313255730       -1.46956498351388
H            6.44255755377541        3.98751601193394        1.75308807931696
H           -7.23684814549217       -5.26677392386200        1.23995878835738
112
 energy: -169.424468528840 gnorm: 0.016173127656 xtb: 6.7.1pre (5071a88)
O           -0.96892324360285       -0.86717806771806        5.05926319524204
C           -0.17281981969302       -0.85138064484462        5.97147065999249
O           -0.16983852253006       -1.69397984005504        6.99925800119588
C           -1.16322074770302       -2.67304266037819        7.03313365305548
C           -2.31392131232721       -2.42688482581682        7.75965938658717
C           -3.31236605946779       -3.39054355051474        7.80788057518202
O           -4.44650016428444       -3.16251553858065        8.50136932051822
C           -3.14326791103187       -4.59468801927111        7.11680285353111
O           -4.15624504601489       -5.51571549098149        7.16639010201595
C           -1.97276711512497       -4.82854540147091        6.39676880075628
O           -1.88216061014871       -6.03217745225336        5.75071946055343
C           -0.97839228748855       -3.86318146033674        6.34948419692847
C            0.95618459288420        0.16149009267137        6.10360567709483
O            2.17389001872602       -0.55112482581460        6.14607001290225
C            3.27116112385461        0.22736931039545        6.36059616099899
C            4.50668624503531       -0.32248746555097        6.05161012725033
C            5.65697595995017        0.44015790283227        6.19584502418141
O            6.84378532656298       -0.13487511421234        5.89191292772636
C            5.56662084753524        1.76543530990924        6.60428681972464
C            4.33207881185370        2.31367048794780        6.91516073738753
O            4.26441439375342        3.61220406412506        7.28238211208043
C            3.17575019103854        1.52861017791580        6.84776853579875
C            1.87099679856409        2.09919453632092        7.34895109627338
O            1.51202802922092        3.20132455782124        6.53104824776194
C            0.79769246922414        0.99083992932240        7.38576436949296
C           -0.57289754290636        1.57160046797085        7.58911419493344
C           -1.39273278116323        1.90915294894331        6.51967598684657
C           -2.64326451887522        2.46033049734003        6.75126141204257
O           -3.50956563038051        2.78943625373564        5.73773066694329
C           -3.07360501710123        2.71489459398743        8.05086204430982
O           -4.29777186334929        3.27031473674434        8.31622659557007
C           -2.24199045332167        2.39224333507597        9.12847069576307
O           -2.64542116305258        2.63141404111445       10.39533857125219
C           -1.00194249422652        1.82113464260228        8.88546032141186
H           -2.44681453704953       -1.49434073180244        8.28202761791488
H           -5.02513917603747       -3.93148409963211        8.40380807447420
H           -3.90371301451728       -6.26846307465630        6.61798142867679
H           -1.05547606736592       -6.07928487649810        5.26013231928883
H           -0.07208028274554       -4.03108122301463        5.78784242032721
H            0.94887346445945        0.82563806853049        5.22552360724957
H            4.56840050312119       -1.33523508596227        5.69528600280456
H            7.55438418726586        0.51259334107725        5.97369098340371
H            6.44222636884798        2.39153051291653        6.67646181446882
H            3.34411935007611        3.91296930526613        7.17913535440755
H            2.01222364670182        2.45783069357178        8.38571992847642
H            0.63666320544461        3.52459029777020        6.80278023255355
H            1.03673176925599        0.33034209512801        8.22486512280554
H           -1.08817106641207        1.72011626571993        5.50282995206594
H           -3.14709263264050        2.48730890350752        4.89750617712204
H           -4.75459507234256        3.40090804513977        7.47734700540120
H           -3.53684566429232        3.00348514420191       10.36909293391001
H           -0.38643816266510        1.56713397443165        9.73294976605666
B           -6.91903512689624       -4.65419650177540        0.28721396893221
B           -5.10624856689156       -2.25585123858741        0.33082385335033
B           -3.58819997090447       -2.18142108739200        0.22620886538221
B            0.99982996108467       -2.87376938585521        0.10040211827725
B            2.47770857486918       -3.01290492132461       -0.23147140587424
B            5.29464962963948       -3.82865469443677       -0.65457691548299
B            6.30609959227401       -4.82464052968173       -1.17365898281733
B           -6.43445482542909       -3.15760361084701        0.28904548722576
B           -6.74817608025151       -1.63187570564446        0.30815673943219
B           -2.05183286251067       -2.31875499112686        0.35655261562766
B           -0.48296939222801       -2.46412850021790        0.29225216667239
B            4.02058418567298       -2.89735650167799       -0.24634118598597
B            5.75335493498417       -2.28245136420806       -0.27496585706847
B            6.82317164365849       -3.22360857890077       -1.08164292493002
B           -7.65317582143744       -0.25838715976713        0.34093700012881
B           -6.03407614440268       -0.13739697198891        0.19219448714051
B           -4.43013917687479       -0.54260884096110        0.24282280358770
B           -2.73725093568825       -0.66197803112345        0.34758642508154
B           -1.05010992126867       -0.91742069992670        0.66317272626036
B            0.51655898418353       -1.17203349269247        0.75352134603675
B            3.11910929730303       -1.47988805684438       -0.04632038109629
B            4.69641801899081       -1.13857552675849        0.36766436365006
B            6.26244177748589       -0.78710198621023        0.28232269956558
B            7.67797356990537       -0.35256413432029        1.04351311216529
B           -6.91696708785248        1.21000482880423        0.17828548808649
B           -3.41605837518714        0.78060699880949        0.11081974008720
B           -1.65478403814646        0.53623585461017        0.15285513157970
B            1.85723003625901       -0.40025408953584        0.33968766053809
B            3.58092524550940       -0.14807402317470        0.80347396318857
B            6.97902163712530        0.61283411334497       -0.08279450466182
B            8.30277887538742        1.06650053642560        0.64368748015918
B           -7.60944080351935        2.80260163487702        0.31415542615532
B           -6.13717824966166        2.51640184602216       -0.21965698645255
B           -3.59187497808871        2.32299027239995       -0.22972999803541
B           -0.90706167104097        1.81898785083390       -0.40210230741035
B            1.62167851988101        1.02218213577629       -0.39554141664144
B            3.00596686541504        1.31056568347460        0.55113000337574
B            6.36865762529588        1.86093697017064       -0.89808838667173
B           -6.52388271975709        4.04606266048755       -0.15804647233396
B           -4.87640294104743        3.48357614121200       -0.40835270795579
B           -3.41779625218162        3.87239037539459       -0.61084171034564
B           -2.02392013609246        3.21833669419568       -0.67081259279959
B           -0.49814965259114        3.27807029133978       -0.88753389872621
B            0.71160604978933        2.33499519781124       -0.73279386552825
B            2.33330370049089        2.48228299759068       -0.45297375097732
B            3.81289660608974        2.62446061292446       -0.07163559631245
B            5.36597606796976        2.86486663030542       -0.12980930277210
B            6.05030604450805        4.08011358706537        0.65163411634323
H            6.18792623144515        5.15285727430277        0.17537999987521
H            8.23199692385805       -1.11768566588602        1.73616924875597
H            6.62536411794614        1.98614629483936       -2.04811419741261
H           -7.05025550406176       -5.28050620958436       -0.71329959943364
H           -6.78368491326815        5.18449296566487       -0.26165518504836
H            9.18100146103037        1.82841421010371        0.75930784221981
H           -8.82379655187032       -0.37093091330526        0.34385287855925
H            6.77409572619571       -5.85022043588545       -1.48589368688802
H           -8.70158292765104        3.00133521148762        0.69165053056823
H            7.87990364666096       -2.87668542256062       -1.46680555135204
H            6.43582605211167        3.98699473852287        1.76376298675743
H           -7.25338429973595       -5.25471142126957        1.25467681155770
112
 energy: -169.424811520072 gnorm: 0.010873542590 xtb: 6.7.1pre (5071a88)
O           -0.96538788499857       -0.85683904117157        5.03921602290184
C           -0.17467630240926       -0.84621608019917        5.95734740457421
O           -0.17866124097716       -1.68676467982879        6.99203330185358
C           -1.17390863868100       -2.66365762101490        7.02180097166871
C           -2.32354628978947       -2.41948292096257        7.75190268204460
C           -3.31698745585187       -3.38789272302640        7.80341568049442
O           -4.44895342462048       -3.16384373939279        8.50344511225304
C           -3.14434679765810       -4.59250510534654        7.11484874812741
O           -4.15156359237500       -5.51893208070268        7.17260554205671
C           -1.97621524408443       -4.82306077976971        6.39061496416468
O           -1.87983375625366       -6.02730484899608        5.74759231294105
C           -0.98533505249707       -3.85413397998039        6.33868708464337
C            0.95747388819538        0.16323820817804        6.09478369517716
O            2.17499606687314       -0.55122467312115        6.13286387535193
C            3.27162918815348        0.22919404372576        6.35076677745866
C            4.50789443638450       -0.32111679082449        6.04345792374334
C            5.65775143017782        0.44207004623762        6.18913487630986
O            6.84533526687835       -0.13431466119550        5.88781291431772
C            5.56828278524520        1.76665539250709        6.59871092895582
C            4.33274119433289        2.31406753336257        6.90976400472819
O            4.26638560326342        3.61232053380167        7.27878525134132
C            3.17562148433103        1.53008870320802        6.83932727939615
C            1.87062779845550        2.09612431621849        7.34469775547295
O            1.50529379202598        3.19818709228648        6.52929283704246
C            0.79964862749335        0.98681309951776        7.38059094232712
C           -0.57191716447004        1.56539224679259        7.58913981282157
C           -1.39191557087029        1.90436438154684        6.51864351518912
C           -2.64299735335879        2.45547014421816        6.74925704177724
O           -3.50540742305711        2.78257272191914        5.73305775564359
C           -3.07270455403276        2.70945260144717        8.04823648891091
O           -4.29634037215102        3.26548445649552        8.31233267836662
C           -2.24246307232242        2.38783678374808        9.12597882747125
O           -2.64511811120357        2.62943718050875       10.39323073402158
C           -1.00165239801308        1.81585242226769        8.88628206791191
H           -2.45787187999202       -1.48718590902345        8.27503589910517
H           -5.02321170130534       -3.93724044205014        8.40803186627211
H           -3.89682733406029       -6.26986424819522        6.62184553461563
H           -1.05283577166386       -6.07008022105217        5.25547268458531
H           -0.07906848405950       -4.01855081747577        5.77570398748309
H            0.95217281032851        0.82976003641905        5.21936676486036
H            4.57022216405794       -1.33499627051681        5.68862461341099
H            7.55558563172827        0.51380337352789        5.96795723037878
H            6.44485240758165        2.39203383389249        6.67130701066522
H            3.35134112706016        3.91331048961313        7.17686004526223
H            2.01474076082863        2.45516429022242        8.38078801786332
H            0.62535529184982        3.50666407983128        6.79516288335206
H            1.04123453489212        0.32280946835851        8.21675818626958
H           -1.08550234313950        1.71665701483964        5.50207228342459
H           -3.13505472086026        2.48434177519952        4.89424175355092
H           -4.75105219768960        3.39342667643109        7.47093549472549
H           -3.53659574250918        3.00332888891600       10.36379770906975
H           -0.38496596516798        1.56287204572593        9.73388611501076
B           -6.92057123812437       -4.65406828397877        0.29484789017125
B           -5.10616173741697       -2.25689229181482        0.34062090139929
B           -3.58815092740964       -2.18218172327727        0.23398417250832
B            1.00007917644122       -2.87327046854902        0.11132815754344
B            2.47765926780868       -3.01357886377294       -0.22086268173776
B            5.29385694762215       -3.82735951219994       -0.64998783590744
B            6.30484473104227       -4.82228933822279       -1.17139781919444
B           -6.43429695758299       -3.15813496584495        0.29259812463075
B           -6.74767132305198       -1.63238018316830        0.30656227092207
B           -2.05189294508869       -2.31870542495321        0.36513821769905
B           -0.48328093475898       -2.46323878576527        0.30011392044298
B            4.02043003335571       -2.89628915028783       -0.23849552718240
B            5.75272741116845       -2.28197162684526       -0.26767928777456
B            6.82069402973201       -3.22056253817822       -1.08010472661984
B           -7.65250626424248       -0.25905966255172        0.34254630351404
B           -6.03370503626325       -0.13739036327753        0.19199938832693
B           -4.43034377365578       -0.54394391145909        0.23982176494839
B           -2.73770049583241       -0.66199739168180        0.34944064352672
B           -1.05091345516699       -0.91612007664211        0.66947576744530
B            0.51622597125763       -1.17131264956376        0.76142729959410
B            3.11809530469467       -1.47948985736123       -0.03827186360833
B            4.69551132277531       -1.13937687634984        0.37642798040687
B            6.26139852944755       -0.78661634102637        0.28969519176482
B            7.67818345804059       -0.35132908237982        1.04828667017290
B           -6.91659805921847        1.20954235440911        0.17645780988082
B           -3.41566906658318        0.78013927618705        0.10926168383564
B           -1.65527286100206        0.53686513240889        0.15774335126806
B            1.85697423050694       -0.39917050258779        0.34769140817882
B            3.58079901246481       -0.14769349055729        0.81130028235782
B            6.97810259196953        0.61212362118104       -0.07893344967131
B            8.32015897455052        1.05285864435687        0.62239192218879
B           -7.60696988545219        2.80226602597316        0.31865714724875
B           -6.13855204936030        2.51568079088674       -0.22649578903553
B           -3.59099190641770        2.32457647954790       -0.21944006925128
B           -0.90700809115497        1.81957735569345       -0.39696428915388
B            1.62175761928554        1.02273930984312       -0.38852493232796
B            3.00637832264195        1.31095474069013        0.55781640336293
B            6.36819655063995        1.86019794874126       -0.89426357072870
B           -6.52332488120042        4.04563754219993       -0.15754215175054
B           -4.87615202589952        3.48252072121748       -0.40669272343720
B           -3.41798373211907        3.87123717636706       -0.61255049766148
B           -2.02476498220070        3.21609551257012       -0.67707479440488
B           -0.49764161822640        3.27844063486193       -0.88252074359992
B            0.71214920447198        2.33562991578580       -0.72646687483603
B            2.33370660100404        2.48272839591109       -0.44604690055372
B            3.81364030560472        2.62464653734678       -0.06497436578397
B            5.36739368020061        2.86452556552567       -0.12458344725362
B            6.06190768204413        4.07574607678340        0.65422766717433
H            6.17792637581126        5.15555026437282        0.18680441023866
H            8.23241408332320       -1.11668400607509        1.74050527208411
H            6.62242628375258        1.98440696587896       -2.04482315939811
H           -7.04075954564738       -5.28866332469905       -0.70215198506420
H           -6.78211282146252        5.18455189186654       -0.25843580504508
H            9.17097966006143        1.83678998865587        0.77134201693830
H           -8.82325447990612       -0.37054151755644        0.34766999580515
H            6.76771305306066       -5.84557217089674       -1.49971411324652
H           -8.69648484751825        3.00114650197153        0.70379389856109
H            7.87806792426900       -2.87327982569540       -1.46387848545729
H            6.42869512791545        3.98794106970647        1.77289914473265
H           -7.25624697501849       -5.25047948084201        1.26427891947594
112
 energy: -169.425172521125 gnorm: 0.009707593903 xtb: 6.7.1pre (5071a88)
O           -0.95374372772133       -0.85121491303301        5.00604256803457
C           -0.17470439531288       -0.84187744087993        5.93398098736415
O           -0.19151551003574       -1.67814140292912        6.98121932694329
C           -1.19035061548654       -2.65051324545347        7.00508035108173
C           -2.33819407675548       -2.40832735156018        7.73942263840364
C           -3.32468767101395       -3.38334620113357        7.79544342989086
O           -4.45413183896186       -3.16578569207946        8.50569839368613
C           -3.14804705442480       -4.58861634701991        7.11088824405276
O           -4.14574258289474       -5.52503746853283        7.18110485175565
C           -1.98399059276343       -4.81430165967721        6.37986728521844
O           -1.87911892439767       -6.01936058560840        5.74042140196345
C           -0.99792446687057       -3.84087462828446        6.32232815766789
C            0.95899671591097        0.16477674893489        6.08045210499517
O            2.17858014822462       -0.55071737554196        6.11501285080315
C            3.27472962785443        0.23189791635831        6.33661052059611
C            4.51161947467457       -0.31842648536458        6.02895822319635
C            5.66100877053634        0.44495679898000        6.17669487189628
O            6.85009127789901       -0.13246839860798        5.87680152454111
C            5.57300632183564        1.76837553728814        6.58811288136603
C            4.33621639441827        2.31361997730451        6.90048040124594
O            4.27378749550244        3.61282795428510        7.27174447944722
C            3.17785152989801        1.53163562862849        6.82833659887034
C            1.87138050407671        2.09148259025423        7.33734641419155
O            1.49821523861664        3.19455318575275        6.52487052855629
C            0.80203583051339        0.98190859658217        7.37025327079632
C           -0.57159083083411        1.55826280328853        7.58694044014689
C           -1.39328004565184        1.90012308062809        6.51742594561374
C           -2.64550682790409        2.45019918787220        6.74705880770357
O           -3.50293525842667        2.77481464817670        5.72753070436350
C           -3.07404017560673        2.70210157335871        8.04556011158540
O           -4.29808240918881        3.25875940611695        8.30764999953639
C           -2.24429197264138        2.38094296650120        9.12162511719658
O           -2.64653709891307        2.62518605621978       10.39026117601082
C           -1.00230128386944        1.80802172431183        8.88504995718981
H           -2.47344190068639       -1.47716555039982        8.26417785010404
H           -5.01868289057325       -3.94776186653023        8.41298655908379
H           -3.88270490430315       -6.27244566259782        6.62876808687510
H           -1.05106799301750       -6.05412233254397        5.24793994074563
H           -0.09170884182849       -4.00019155563357        5.75812687126298
H            0.95810869565840        0.83179832295894        5.20703551748483
H            4.57493669848703       -1.33270614978206        5.67478285826963
H            7.55916803284972        0.51620952715507        5.95907860638456
H            6.45063450785893        2.39240904892471        6.66279229078679
H            3.36370369428983        3.91436182913024        7.17389586122127
H            2.01763682752640        2.45114082391751        8.37251669336458
H            0.61589537235396        3.48342329836492        6.78512805352108
H            1.04421769804842        0.31177539135505        8.20179799231571
H           -1.08476017754071        1.71659192191714        5.50099836839105
H           -3.12348108707055        2.47821904927128        4.89248530555629
H           -4.74646883950110        3.38272976448254        7.46109663932545
H           -3.53795868840934        3.00160927232683       10.35337842640862
H           -0.38454290704192        1.55541226639153        9.73212503237166
B           -6.92472492976210       -4.65376922021783        0.30769074343126
B           -5.10641128716054       -2.25844564568437        0.35270470405751
B           -3.58826872499682       -2.18290459952344        0.24596297577141
B            1.00026676849310       -2.87265564360749        0.12933536599663
B            2.47776894121254       -3.01486181557779       -0.20292355757002
B            5.29270175844113       -3.82507779641782       -0.64306647511933
B            6.30029517529266       -4.81729102750193       -1.17598278395538
B           -6.43432632599918       -3.15930650868098        0.29919345668304
B           -6.74711897901715       -1.63354045417271        0.30564226086344
B           -2.05222418842423       -2.31840545954555        0.37931095186104
B           -0.48384341592395       -2.46218252517346        0.31448082759027
B            4.02048790209739       -2.89491440104418       -0.22433552085514
B            5.75169095783396       -2.28062586389123       -0.25754958505714
B            6.81744061491510       -3.21586215149628       -1.07694207843167
B           -7.65160994736069       -0.26029896545028        0.34508893045339
B           -6.03339205203974       -0.13780219916176        0.19159090550243
B           -4.43088245930620       -0.54533726602043        0.24345886621956
B           -2.73844253821088       -0.66177075666854        0.35454372605478
B           -1.05207133362496       -0.91390216498476        0.67989432263328
B            0.51563616542854       -1.17044447961195        0.77489295374655
B            3.11672450866841       -1.47912254230638       -0.02497726287642
B            4.69458156271524       -1.13968200534143        0.38904470198443
B            6.26035368511360       -0.78497435613202        0.29895061003472
B            7.67914666090269       -0.35055613726109        1.05419416907275
B           -6.91598976202353        1.20854344878728        0.17465076734193
B           -3.41567366631099        0.78023330816724        0.11351167711341
B           -1.65631709171520        0.53729690091489        0.16412073639062
B            1.85645121349221       -0.39822181407531        0.36102445509827
B            3.58053596672399       -0.14712063684114        0.82382297019959
B            6.97727148620313        0.61338963019960       -0.07143145101076
B            8.32003007799028        1.05412924707567        0.62766941515464
B           -7.60279430026355        2.80167322572500        0.32710377036541
B           -6.14096464637181        2.51420049049418       -0.23651697409147
B           -3.59237888835251        2.32284211929117       -0.22221516948665
B           -0.90750821778056        1.81905134182091       -0.39229747453612
B            1.62067494667382        1.02195217622563       -0.37802666153857
B            3.00527295132343        1.31069714859847        0.56802721219431
B            6.36855906371400        1.86325011038865       -0.88492663953430
B           -6.52204234134738        4.04471789452995       -0.15481872182132
B           -4.87740231579589        3.47955164526208       -0.41467886851484
B           -3.41833286240784        3.87014854749488       -0.61209790575392
B           -2.02310724909907        3.21795317025221       -0.66498113020493
B           -0.49698992296531        3.27816948953774       -0.87594360990050
B            0.71217652971586        2.33486138138640       -0.71903070075596
B            2.33329046032839        2.48135526450350       -0.43781099898523
B            3.81305870616366        2.62232308718773       -0.05664886723396
B            5.36565610043976        2.86567033506384       -0.11386564456184
B            6.04028231944650        4.08216887564932        0.67389107178499
H            6.19202973319140        5.15124367279784        0.19446718334051
H            8.23382623772898       -1.11530610358782        1.74660414169878
H            6.61811390662827        1.98538210551958       -2.03669197239123
H           -7.02609677838702       -5.30155807725430       -0.68360796858644
H           -6.78032041459935        5.18383345190876       -0.25369336283038
H            9.17900383278128        1.83147676714878        0.76450476236202
H           -8.82242754863826       -0.36999114255952        0.35375723045301
H            6.75904636191276       -5.83841305328893       -1.51665666050598
H           -8.68841227683419        3.00102341043258        0.72251480818844
H            7.87512008810061       -2.86733224068743       -1.45932136590770
H            6.44369943396902        3.98173931437132        1.77952142928546
H           -7.25902592031349       -5.24486609081654        1.28026578974468
112
 energy: -169.425521037289 gnorm: 0.007965418291 xtb: 6.7.1pre (5071a88)
O           -0.94231681125466       -0.84720966014674        4.97314264062845
C           -0.17553635355409       -0.83352623592642        5.91022095278516
O           -0.20840512512907       -1.66117267157933        6.96489268053499
C           -1.20633626160521       -2.63406263382851        6.98775792148405
C           -2.35256889203262       -2.39666871757266        7.72576595399816
C           -3.33195973056953       -3.37881668733747        7.78848139756540
O           -4.45919065213910       -3.16873685570761        8.50568298393451
C           -3.15059468285599       -4.58484508606386        7.10687511894210
O           -4.13935585932351       -5.53081209898241        7.18830188828879
C           -1.98994746595979       -4.80338115031889        6.36851702753815
O           -1.87828792311515       -6.00907145531675        5.73131091764913
C           -1.01090918831801       -3.82327366639379        6.30457742974027
C            0.96085801958509        0.16908113412974        6.06484336209834
O            2.18056487956785       -0.54746450196482        6.09636236113311
C            3.27735367220552        0.23389259710211        6.32165545685108
C            4.51386846736457       -0.31663799225320        6.01298957873524
C            5.66336857070014        0.44599146955813        6.16227771795198
O            6.85297451630429       -0.13203378951764        5.86393103202992
C            5.57565354208153        1.76954178517209        6.57268544740486
C            4.33925051939586        2.31408444126853        6.88722488361739
O            4.28016508548392        3.61332148706306        7.25971695228857
C            3.18071802910725        1.53242339049589        6.81674508045497
C            1.87377414166410        2.08958468344100        7.32918934830914
O            1.49493871537823        3.19425005757772        6.52126606510533
C            0.80695936463309        0.97787137909561        7.36041949229437
C           -0.56756281885895        1.55123037053079        7.58212945204244
C           -1.38973272451103        1.89315530095713        6.51357915530018
C           -2.64301784252275        2.44137354300391        6.74144523050321
O           -3.49773644041130        2.76432452498819        5.71954597598062
C           -3.07200999661932        2.69253732959769        8.03976604402916
O           -4.29706456362055        3.24917787551131        8.30075063662010
C           -2.24188127153427        2.37177088115381        9.11537882935530
O           -2.64510033626922        2.61773132275999       10.38389182617026
C           -0.99917294627129        1.79898742607218        8.87987800196308
H           -2.49064503789663       -1.46605982054118        8.24999328916672
H           -5.01581304626240       -3.95715862245375        8.41873731852226
H           -3.87201944320707       -6.27689246679724        6.63667904403427
H           -1.05097680018826       -6.03785662880312        5.23760599922118
H           -0.10611280936522       -3.97687256464169        5.73692738739035
H            0.96354035509714        0.84145565983481        5.19562928232942
H            4.57688781284132       -1.33015624662624        5.65803762609535
H            7.56159790310161        0.51679991357782        5.94564039483412
H            6.45340840137338        2.39277896940246        6.64878227409414
H            3.36135842714635        3.91095712540533        7.19286853920665
H            2.02073388304434        2.44687821153414        8.36524120532821
H            0.59451207941920        3.45252463253542        6.76147930228223
H            1.05084875558507        0.30232685586336        8.18679798945989
H           -1.08036411213066        1.71142862878214        5.49734408722291
H           -3.11120192371626        2.47254369103000        4.88668846905625
H           -4.74307862681394        3.37149721552872        7.45276690799765
H           -3.53561882016792        2.99617278075682       10.34394571243962
H           -0.38210125817658        1.54580661270551        9.72669477409097
B           -6.91638526472670       -4.65812119406898        0.32445338558720
B           -5.10578830111170       -2.26000507061624        0.36157940497089
B           -3.58750230334145       -2.18289888753886        0.25835368297287
B            1.00075248233769       -2.87162196796251        0.15123136336272
B            2.47798424579925       -3.01568050676184       -0.18148260910629
B            5.29064725536807       -3.82289967481989       -0.63552935508451
B            6.29183567578331       -4.81053900051635       -1.19001454121851
B           -6.43209860858288       -3.16148862244197        0.30632241926161
B           -6.74603951862234       -1.63551332927078        0.30574123063553
B           -2.05202399104139       -2.31779899297251        0.39566240674319
B           -0.48374646776676       -2.46123505612647        0.33350071407182
B            4.02054721705054       -2.89343289548805       -0.20610283936972
B            5.75046402274799       -2.27999742715461       -0.24458101401589
B            6.81408357602816       -3.21161454388326       -1.07090337870734
B           -7.65029859427405       -0.26246816083019        0.34693254601546
B           -6.03282360949777       -0.13885899233657        0.19056741143293
B           -4.43098049041160       -0.54655601696801        0.25601609164997
B           -2.73839443475251       -0.66134687097064        0.36191111527406
B           -1.05226794599001       -0.91132375935063        0.69176772699195
B            0.51562175988613       -1.16889350952220        0.79071087629950
B            3.11531157666243       -1.47820177160375       -0.01005319252086
B            4.69362556290029       -1.14032459282586        0.40424976545062
B            6.25931703746671       -0.78432104741159        0.31114647783803
B            7.68068960558473       -0.34991860800200        1.06132713135556
B           -6.91504648326247        1.20687110740575        0.17253317873661
B           -3.41533343417451        0.78033299115308        0.12164130079239
B           -1.65684903159117        0.53801085577583        0.17117578608036
B            1.85610318205208       -0.39618250615785        0.37562183194531
B            3.58046900418365       -0.14606952956457        0.83813938598733
B            6.97568346874631        0.61299918306477       -0.06313989717605
B            8.32471215544274        1.05098384568092        0.62588873738611
B           -7.59796203979130        2.80047080495825        0.33598430035341
B           -6.14399540542340        2.51224934413765       -0.24833745134440
B           -3.59420548362475        2.31922242566357       -0.22993393444719
B           -0.90726440816426        1.81936176904210       -0.38564354881480
B            1.62057001339688        1.02271722537819       -0.36542056134536
B            3.00502030695860        1.31139964205751        0.58088495631699
B            6.36637586316442        1.86251709775543       -0.87656742612537
B           -6.52080463552651        4.04332206389733       -0.15257373879628
B           -4.87844245959318        3.47595812064586       -0.42117852229931
B           -3.41842764989703        3.86877648143978       -0.60894938233913
B           -2.02171943108114        3.21919757682806       -0.65579851843472
B           -0.49585657086820        3.27898662726534       -0.86719567541346
B            0.71309512816668        2.33568916825910       -0.70876316319428
B            2.33379883014556        2.48191526810498       -0.42570906184381
B            3.81353319273317        2.62235876362184       -0.04418882021484
B            5.36636481113175        2.86530156780793       -0.10250351184764
B            6.04455395473631        4.07983914002940        0.68512352845007
H            6.18713922199368        5.15244070000828        0.21060117635895
H            8.23632512481571       -1.11345035942897        1.75417182500577
H            6.61391893532162        1.98528728236695       -2.02862612101864
H           -7.01861859851698       -5.31223895352890       -0.66141084285168
H           -6.77816978572977        5.18283436311774       -0.24876820817386
H            9.18308246861152        1.82961248396579        0.76146944636825
H           -8.82117209202739       -0.36937161497926        0.36074919596066
H            6.75128370579699       -5.83025322295096       -1.53170275996961
H           -8.67888328152540        2.99981253882567        0.74423605592085
H            7.87061805832765       -2.86060510121075       -1.45393186481281
H            6.44136465788838        3.97982039142181        1.79286114704166
H           -7.27212815699787       -5.23478978608214        1.29917989182036
112
 energy: -169.425934527849 gnorm: 0.010025717224 xtb: 6.7.1pre (5071a88)
O           -0.91957292819569       -0.85179371710066        4.92007287912118
C           -0.17415018483155       -0.82224262804271        5.87283993568480
O           -0.23562827372746       -1.63201914211562        6.93865414851810
C           -1.22936523291861       -2.60845949382803        6.96227443952597
C           -2.37325651383121       -2.37984131687392        7.70565806602577
C           -3.34249598491382       -3.37197154946678        7.77858956022186
O           -4.46738531700546       -3.17320074611976        8.50328926949701
C           -3.15470458902302       -4.57866563656705        7.10002318133382
O           -4.13056782919119       -5.53848608673180        7.19603236704724
C           -1.99917224559300       -4.78552377912591        6.34986788317503
O           -1.87982551888565       -5.99140791419443        5.71348245395002
C           -1.03137002267540       -3.79515680145630        6.27677231983101
C            0.96383957352648        0.17605188060743        6.03951420571546
O            2.18372176839592       -0.54188513703240        6.06863477407401
C            3.28174169233825        0.23594861277363        6.29772355982386
C            4.51729373173092       -0.31391256917537        5.98582574784610
C            5.66729648930567        0.44693089111223        6.13869269339814
O            6.85710083277500       -0.12982144645034        5.83838942350551
C            5.57916927962079        1.76977988021459        6.55145144330844
C            4.34349996903833        2.31337578196928        6.86886131001865
O            4.28833304055793        3.61184143176190        7.24490647810306
C            3.18527089657821        1.53217443950343        6.79902684359065
C            1.87794960667438        2.08741944714833        7.31525122273194
O            1.49408583642754        3.19529946994798        6.51386930697990
C            0.81402265505867        0.97283120651328        7.34323953593102
C           -0.56087335402308        1.54279215895512        7.56992039359884
C           -1.38422361481015        1.88404399556376        6.50379117249802
C           -2.63934195837267        2.42784473771887        6.73046323903778
O           -3.49336504615292        2.74957817071637        5.70731611075657
C           -3.06927086868903        2.67691478974446        8.02951727093644
O           -4.29671380211168        3.23201626134772        8.29041026359299
C           -2.23672169618210        2.35589342909212        9.10387165868178
O           -2.64234763290905        2.60155651665728       10.37204691108435
C           -0.99317584601669        1.78516088509465        8.86701347077622
H           -2.51635936446275       -1.44989744054779        8.22829599287381
H           -5.01164081358932       -3.97087257653298        8.42610525735148
H           -3.85549053762217       -6.28447953846807        6.64900251677216
H           -1.05443563670060       -6.01186306310822        5.21790638236690
H           -0.12979224695705       -3.94004675823185        5.70224225486640
H            0.97160625798108        0.85694215564576        5.17614898543255
H            4.57968119609318       -1.32470457968770        5.62615054553897
H            7.56533107090425        0.51854772940301        5.92279653082778
H            6.45583373293461        2.39330402988528        6.62874132949412
H            3.36328605954859        3.90707640474358        7.21215896626174
H            2.02443758825470        2.43935559980662        8.35371207443166
H            0.57133984751527        3.41280236287872        6.72310351153583
H            1.05943166283702        0.29033739585406        8.16250909109266
H           -1.07543983012474        1.70482525227812        5.48701448906099
H           -3.10083704041887        2.46427956640730        4.87631171351307
H           -4.74030772514582        3.35448322492189        7.44188767678545
H           -3.53141868497482        2.98184250596763       10.32933839260374
H           -0.37816946053092        1.53008080444094        9.71356584763875
B           -6.92458056524871       -4.65753956749364        0.35103510312338
B           -5.10570179452183       -2.26276698563647        0.38053067294856
B           -3.58685620201867       -2.18480687563858        0.28083237148934
B            1.00139558106565       -2.86960070817230        0.18989103728434
B            2.47786393123075       -3.01689881812142       -0.14512628636805
B            5.28735194745332       -3.81852031188364       -0.62377943101326
B            6.28084396456798       -4.80024321282327       -1.20223452800600
B           -6.43235636172345       -3.16331233535584        0.32016181701547
B           -6.74458844878401       -1.63738008254765        0.30929410274024
B           -2.05210914197386       -2.31775865619407        0.42420333019765
B           -0.48373615201168       -2.46002030343903        0.36723612594563
B            4.02002400887826       -2.89077756094211       -0.17789289049693
B            5.74820041873912       -2.27871128037406       -0.22390871412634
B            6.80780723250150       -3.20405330060016       -1.06297662512564
B           -7.64795114161305       -0.26483984380553        0.35155709824366
B           -6.03146446333028       -0.14019539892213        0.19132164868357
B           -4.43117901056066       -0.54997610706885        0.26643071827980
B           -2.73847850391221       -0.66186419093111        0.37047254734158
B           -1.05305761410869       -0.90744083508143        0.71158565650074
B            0.51496960278213       -1.16589117319247        0.81821287277273
B            3.11269247044218       -1.47661070288993        0.01482885006509
B            4.69198796362967       -1.14136533318610        0.42937272919780
B            6.25758704804775       -0.78324924714680        0.33087213734502
B            7.68340656790958       -0.34954040369633        1.07257480187459
B           -6.91267465999921        1.20497434733463        0.17159838952143
B           -3.41454639703575        0.77834378926091        0.12465847081980
B           -1.65788496043133        0.53900647543668        0.18309856185558
B            1.85513657229633       -0.39269131357517        0.40040554743911
B            3.58021402370750       -0.14456373464932        0.86235710240601
B            6.97308649006102        0.61248400152724       -0.04916745120657
B            8.32316609702015        1.05282917501137        0.63544884036130
B           -7.59014959113027        2.79884330136369        0.34867617851474
B           -6.14779076063987        2.50962591113178       -0.26390295388547
B           -3.59389824266955        2.31747225954935       -0.22273786572810
B           -0.90662937877089        1.82075587850773       -0.37171801315648
B            1.62043966691507        1.02424921199199       -0.34362288586230
B            3.00449933603425        1.31246413215470        0.60341627114167
B            6.36206350692542        1.86097882611247       -0.86266008879347
B           -6.51898458816645        4.04114094157212       -0.15032373895041
B           -4.87824387299878        3.47142546935194       -0.42011099595039
B           -3.41864145984001        3.86554759570660       -0.60730209647779
B           -2.02215224992025        3.21664530275262       -0.65955970291703
B           -0.49379778736287        3.28120714116876       -0.85037682970115
B            0.71450281059258        2.33754489598333       -0.68941981730385
B            2.33459968049086        2.48327764358002       -0.40392281978699
B            3.81425685625933        2.62264281022378       -0.02203506051115
B            5.36742846985498        2.86453359161571       -0.08335054787269
B            6.05224403936159        4.07594423886305        0.70319675156519
H            6.17985521049383        5.15439552677788        0.23661174624881
H            8.24094093920365       -1.11056189822127        1.76643521377739
H            6.60649689827938        1.98531231956718       -2.01512999939790
H           -6.99244556766955       -5.33417510577614       -0.62471271556782
H           -6.77430242339236        5.18126346662547       -0.24371367206851
H            9.19573713952901        1.82119460528175        0.74973901436553
H           -8.81878448553166       -0.36712368280823        0.37188207880314
H            6.73474740757302       -5.81552014610006       -1.56473976305554
H           -8.66375213739093        2.99691139256364        0.77661079533649
H            7.86381532172446       -2.85094355261731       -1.44446015167497
H            6.43753065179693        3.97671530949100        1.81470313542615
H           -7.27662788012912       -5.22480698944335        1.33113282807860
112
 energy: -169.426370772496 gnorm: 0.009185141353 xtb: 6.7.1pre (5071a88)
O           -0.88832404915068       -0.87093394694237        4.86338492713952
C           -0.16823977892407       -0.81599684329157        5.83498988299504
O           -0.26263092549227       -1.60292597311433        6.91484675131561
C           -1.25026177323531       -2.58438347380928        6.93876331454947
C           -2.39174923871100       -2.36533567056263        7.68807644723401
C           -3.35213602809799       -3.36549103600355        7.76932005547210
O           -4.47571722287203       -3.17704316705495        8.49908891233217
C           -3.15933115150715       -4.57180099714453        7.09169735135006
O           -4.12360850468763       -5.54368443125358        7.19842743904450
C           -2.00895123141137       -4.76741852967826        6.32973963043068
O           -1.88510393652183       -5.97239162933530        5.69116665005557
C           -1.05154695141176       -3.76822639045359        6.24905716694478
C            0.96713572740895        0.18155741606483        6.01311878108982
O            2.18788140036314       -0.53759843886496        6.04234435227809
C            3.28673901804563        0.23672390258067        6.27275543503420
C            4.52130662133118       -0.31087174391116        5.95513152211547
C            5.67193422909149        0.44814099919727        6.11224699495280
O            6.86153109380504       -0.12508267798461        5.80483967252583
C            5.58307025968008        1.76852129963332        6.53357914230866
C            4.34773817200365        2.31042307978977        6.85409400514000
O            4.29517082014342        3.60746539658979        7.23659369251942
C            3.18995479487854        1.53013083259829        6.78169248742894
C            1.88215549892833        2.08482001861597        7.29907117716324
O            1.49716406395871        3.19567785264205        6.50165279385848
C            0.81884088706660        0.96928518484607        7.32232614053364
C           -0.55595388695597        1.53716903469935        7.55177469484887
C           -1.38179233544069        1.87822397640889        6.48905782106779
C           -2.63878762451517        2.41638068812800        6.71767051563817
O           -3.49601306474923        2.73861347474181        5.69649093100944
C           -3.06873806036219        2.66118359779043        8.01862324312662
O           -4.29896601961606        3.21277076045323        8.28162052939026
C           -2.23197722454421        2.33882266624287        9.09040459691859
O           -2.63990620671719        2.58027285355453       10.35896013353535
C           -0.98769922231417        1.77221135439330        8.84905240510753
H           -2.53957496911876       -1.43636928654198        8.21000379852380
H           -5.00736376926717       -3.98342820470866        8.43068729676501
H           -3.83777042489948       -6.29113832697801        6.65915531220227
H           -1.06211614105028       -5.98480491183050        5.19315822614059
H           -0.15391587644618       -3.90500271182715        5.66656869657923
H            0.97956875207813        0.86823851201379        5.15342351460570
H            4.58340820710331       -1.31781534344510        5.58702340127660
H            7.56956565003531        0.52215343016225        5.89792787964508
H            6.45779003557145        2.39361793312101        6.61220687833571
H            3.37606413813870        3.90606451539323        7.21050579508428
H            2.02706360801191        2.43175780380558        8.33982380295622
H            0.57094937221380        3.39173020563931        6.68996550621298
H            1.06396173236628        0.28190043703531        8.13645126138619
H           -1.07543304766047        1.70266990533187        5.47056608472004
H           -3.10362786076761        2.45720047854861        4.86532243688625
H           -4.74055612143537        3.33803626747405        7.43317486412976
H           -3.52821094723988        2.96059160956986       10.31480085366949
H           -0.37444278325966        1.51490952038521        9.69526763738862
B           -6.90172316435047       -4.66779210111599        0.38224901625804
B           -5.10387137024187       -2.26381581657387        0.40428768333139
B           -3.58504159509189       -2.18640526793125        0.30600241398817
B            1.00244766036007       -2.86712085732255        0.23303798238213
B            2.47773688886097       -3.01800277088302       -0.10557607184538
B            5.28398042598664       -3.81310875879812       -0.61189236029400
B            6.27000502518224       -4.78912961755820       -1.21116609186906
B           -6.42650898392790       -3.16782019874762        0.33780342144725
B           -6.74273604045286       -1.64196357193816        0.31467759693070
B           -2.05144372845684       -2.31711277056168        0.45535490411867
B           -0.48309376112129       -2.45838279122521        0.40524550360741
B            4.01918370138392       -2.88799628702403       -0.14895864218809
B            5.74569967173262       -2.27699145463740       -0.20230827612365
B            6.80099757456688       -3.19567753155385       -1.05512766686055
B           -7.64552153738869       -0.26951875385450        0.35794506427856
B           -6.03012100425602       -0.14347433098875        0.19477998134978
B           -4.43072031590070       -0.55303058728833        0.27382028054676
B           -2.73773055539343       -0.66209999209351        0.38019165276215
B           -1.05318261980130       -0.90286805061565        0.73373513693118
B            0.51468433849209       -1.16202021596741        0.84883378113537
B            3.11016672447780       -1.47487888140799        0.04209584225442
B            4.69051802646976       -1.14197106045571        0.45639608825413
B            6.25593723985083       -0.78189341001899        0.35163872095387
B            7.68602239669602       -0.34889469730167        1.08513339713355
B           -6.91013373693080        1.20141403762914        0.17395606943707
B           -3.41334795821506        0.77660049550856        0.12880661943132
B           -1.65830597289538        0.54017910592699        0.19576223185621
B            1.85435621800929       -0.38864136701582        0.42731449279349
B            3.58014410223366       -0.14276449293830        0.88870397653773
B            6.97050503705254        0.61232930091081       -0.03384592222492
B            8.32544045248888        1.05180235551872        0.64144637877098
B           -7.58233624574544        2.79578830596433        0.36274220919041
B           -6.15124209945803        2.50546188106386       -0.27484068092815
B           -3.59363769633289        2.31515300340402       -0.21848473851370
B           -0.90564951999001        1.82150865762348       -0.35901113671564
B            1.62067377598877        1.02601226574427       -0.32026630893333
B            3.00398542947434        1.31376937486726        0.62787242243419
B            6.35805301033336        1.86035218658295       -0.84678368258920
B           -6.51720411837525        4.03727135541023       -0.14642345103276
B           -4.87923772925882        3.46509323404850       -0.42529122039435
B           -3.41956970526009        3.86213482303571       -0.60684008191957
B           -2.02070891574629        3.21758537169777       -0.64976056920718
B           -0.49166226422040        3.28340955884736       -0.83328696463283
B            0.71596677238769        2.33940995769217       -0.66904435936103
B            2.33546251715378        2.48495649496479       -0.38053388170586
B            3.81487607571888        2.62319251097363        0.00207037143858
B            5.36815934584509        2.86439106952952       -0.06247774328073
B            6.05549861847113        4.07390333297269        0.72448492116187
H            6.17754528599380        5.15522153013974        0.26251938345711
H            8.24550960172916       -1.10785351691360        1.77943136875832
H            6.59723488847229        1.98471386629163       -2.00030153339368
H           -6.99214741866657       -5.34448865299327       -0.58572513637316
H           -6.77134068919528        5.17757823454348       -0.24018497275584
H            9.20387918355292        1.81597088038489        0.74479257786939
H           -8.81631704417070       -0.36646101313121        0.38168740616361
H            6.71559544621527       -5.79890130030685       -1.60134673986133
H           -8.64945936620452        2.99297627490522        0.80605304372025
H            7.85739149613174       -2.84154829778474       -1.43325818273768
H            6.43742708517244        3.97267714063103        1.83693529049257
H           -7.30125756328815       -5.20869046259151        1.36302034170217
112
 energy: -169.426868245672 gnorm: 0.010976842969 xtb: 6.7.1pre (5071a88)
O           -0.85128688764376       -0.89319020580342        4.80411175955012
C           -0.15977282341848       -0.81286986108899        5.79771062503010
O           -0.29064167916509       -1.57292827291731        6.89580106519151
C           -1.27082384876597       -2.56033482745591        6.91591996496796
C           -2.40938478852772       -2.35222269600400        7.67389488917836
C           -3.36131820214947       -3.35922697140417        7.76085596901779
O           -4.48275177309738       -3.18024414305711        8.49643991605880
C           -3.16322013179174       -4.56381791536788        7.08177534471724
O           -4.11728909577247       -5.54475813840055        7.19644880858233
C           -2.01787604540099       -4.74869581834576        6.30885257511309
O           -1.89074210108285       -5.95204075231868        5.66726707755976
C           -1.06986369123441       -3.74174778508533        6.22116351012346
C            0.97203784501682        0.18561091801691        5.98622112070824
O            2.19268714808299       -0.53561059077806        6.01462702550895
C            3.29134315869471        0.23733459960589        6.24700937227958
C            4.52521478113937       -0.30749320531064        5.92269833897288
C            5.67638450178006        0.45049679264464        6.08220761116369
O            6.86528369950647       -0.12000600924027        5.76783257077982
C            5.58776495423588        1.76743842156384        6.51460670616545
C            4.35281981635957        2.30730375886913        6.84098438660940
O            4.30225256204333        3.60222870560811        7.23087003277636
C            3.19501371856410        1.52777777602312        6.76517732490133
C            1.88676272951818        2.08149909880113        7.28248044327077
O            1.50395585958495        3.19560055898512        6.48848060109937
C            0.82245063812616        0.96677475713364        7.29836951811328
C           -0.55294683841282        1.53096448100831        7.53044122162944
C           -1.38188535151332        1.87240909227008        6.46983861925828
C           -2.64018042425057        2.40572735142810        6.70324902903234
O           -3.50211555033968        2.72934087990015        5.68588931496079
C           -3.06858983231281        2.64484513894234        8.00613529684824
O           -4.30005841150837        3.19170396614538        8.27322910214351
C           -2.22844900230106        2.32122804341549        9.07547977046316
O           -2.63642547924364        2.55628171787238       10.34512068983001
C           -0.98311234500229        1.75986101289816        8.82938292546030
H           -2.56132242896200       -1.42502066452531        8.19807335342536
H           -5.00479113148399       -3.99305125351997        8.43452603102805
H           -3.82219546063151       -6.29399207672374        6.66379019980016
H           -1.07109078505207       -5.95687067024230        5.16337321179596
H           -0.17635115718858       -3.87079606326132        5.63006054796256
H            0.98827602207662        0.87590504227252        5.12939726601403
H            4.58693414369416       -1.31171504249873        5.54603314493314
H            7.57378808956124        0.52598218316995        5.86998787679927
H            6.46161592092794        2.39350864347850        6.59579888518903
H            3.38758092481479        3.90318135853418        7.20873586875217
H            2.02908636611332        2.42453922621105        8.32484222373125
H            0.57254697585756        3.37355726484906        6.65296270425766
H            1.06777838826920        0.27615943157941        8.10932055054474
H           -1.07785443697275        1.70144803073930        5.44931320137389
H           -3.11163692898981        2.45317806449015        4.85149816523402
H           -4.74229186400659        3.32092335247372        7.42563085996519
H           -3.52540468165754        2.93501481523769       10.30262762887421
H           -0.36877976776622        1.50219082832209        9.67503985398009
B           -6.90837399250664       -4.66700987489425        0.41241904686648
B           -5.10365485366583       -2.26450580780193        0.42803006690296
B           -3.58427029336990       -2.18854368958123        0.33183221949046
B            1.00338319539500       -2.86530663365958        0.27785692845268
B            2.47743950000423       -3.01935346605183       -0.06443837857752
B            5.27997060117569       -3.80762286261533       -0.60018159972133
B            6.25676210850422       -4.77685371467562       -1.22575405589462
B           -6.42602878024990       -3.16964216211781        0.35845608049166
B           -6.74168312574122       -1.64435946315071        0.32411272850277
B           -2.05142050019481       -2.31686781702344        0.48708391201790
B           -0.48288193180507       -2.45732084424545        0.44451132602879
B            4.01795840329965       -2.88576162091916       -0.11905012957755
B            5.74281942270757       -2.27531792542844       -0.18027220977996
B            6.79396301553433       -3.18745065811405       -1.04623535853813
B           -7.64337387310832       -0.27215551624802        0.36597709582141
B           -6.02851817138949       -0.14594130518673        0.20024148526596
B           -4.43025713458186       -0.55590798348260        0.28450811369891
B           -2.73704171320471       -0.66309618623961        0.39268433031644
B           -1.05347189491295       -0.89912737932563        0.75706029369328
B            0.51424477107996       -1.15848351627368        0.88033978884879
B            3.10767247210289       -1.47347734532749        0.07109337386497
B            4.68914371598654       -1.14218790186419        0.48417128278490
B            6.25438506458539       -0.78065935268541        0.37279449010875
B            7.68849096289544       -0.34815186187137        1.09852385406916
B           -6.90717683343478        1.19891642024885        0.17811542650517
B           -3.41254574018166        0.77494617730612        0.13871169136390
B           -1.65860962857293        0.54005432769957        0.20816611681045
B            1.85354123082370       -0.38471335475889        0.45550663805969
B            3.58019234677396       -0.14093505382185        0.91607226688244
B            6.96806072366986        0.61234639883325       -0.01779512812326
B            8.32901632844760        1.04979248213652        0.64679074339192
B           -7.57472963786920        2.79363841860377        0.37772312672116
B           -6.15419689074400        2.50190456979057       -0.28276557192631
B           -3.59472190108482        2.31018214150953       -0.22385693093090
B           -0.90455932672516        1.82065242719040       -0.34729959812923
B            1.62126958653400        1.02750192969932       -0.29603387133998
B            3.00369435390288        1.31505331976569        0.65321215014635
B            6.35405797867786        1.86003868875795       -0.82977137375823
B           -6.51529695344662        4.03388489272213       -0.14250420043827
B           -4.88074354820182        3.45849076873115       -0.43572137507860
B           -3.42006632667376        3.85882870448256       -0.60428173886789
B           -2.01763258352708        3.22034045876562       -0.62868418405404
B           -0.48983069854798        3.28420749986166       -0.81707139981154
B            0.71734669932841        2.34049801439237       -0.64841374851465
B            2.33606864550283        2.48656249256564       -0.35625585065258
B            3.81525494979241        2.62397508645455        0.02704407847546
B            5.36860620386282        2.86474364995241       -0.04103227178105
B            6.05819174168957        4.07240457660923        0.74655524622056
H            6.17598349548825        5.15582531150808        0.28876923475127
H            8.25014907165819       -1.10562440063486        1.79259581798531
H            6.58760928765246        1.98344553444408       -1.98450552393167
H           -6.97171326151559       -5.36242284727793       -0.54651568618934
H           -6.76898873239207        5.17422519087716       -0.23762092032303
H            9.20874392562764        1.81198718192865        0.74401998746554
H           -8.81422242598745       -0.36463356727888        0.39085031322360
H            6.69728433441741       -5.78146366161828       -1.63336701138403
H           -8.63629516829115        2.99044935544687        0.83331340808515
H            7.85107191198801       -2.83204540216443       -1.42077271666803
H            6.43889479860616        3.96893204709019        1.85921814957311
H           -7.30171122412372       -5.20120824018982        1.39603992050341
112
 energy: -169.427511752502 gnorm: 0.012256998225 xtb: 6.7.1pre (5071a88)
O           -0.80288260678680       -0.92454982470270        4.73683743567512
C           -0.14750933326875       -0.81324587209538        5.75577675657135
O           -0.32533202234628       -1.53484721400341        6.87730273036137
C           -1.29307565912729       -2.53224107653548        6.89065175762816
C           -2.42689865962264       -2.33959771452738        7.66279244481203
C           -3.37030341082403       -3.35249710155964        7.75274865945807
O           -4.48774865600057       -3.18376100003611        8.49596208410074
C           -3.16663601607801       -4.55264485532956        7.06694564627074
O           -4.11084380981916       -5.54019892673562        7.18671608264668
C           -2.02718268629250       -4.72468829988750        6.28196217194789
O           -1.89831954721165       -5.92532761804570        5.63558521349551
C           -1.08895018019815       -3.71005823171553        6.18736972393584
C            0.97915563658838        0.18849113631351        5.95303931100432
O            2.19865835523988       -0.53513459184534        5.97912936525223
C            3.29622911092183        0.23795676821410        6.21450340964410
C            4.52945207137860       -0.30303220328082        5.88114779121990
C            5.68142701361794        0.45408138481288        6.04176604489450
O            6.86850162859473       -0.11362227170372        5.71792649027621
C            5.59401173572914        1.76594800597439        6.48953460654222
C            4.35998874588724        2.30349665977124        6.82594271988497
O            4.31107907946902        3.59441727437050        7.22653984377474
C            3.20175257449357        1.52435680925956        6.74576401973475
C            1.89311292472814        2.07725959173586        7.26148341808496
O            1.51845229857589        3.19689065588620        6.47208183888436
C            0.82590534019157        0.96497038994380        7.26605028519482
C           -0.55043642145884        1.52417759998441        7.49962453499400
C           -1.38389641959744        1.86570970589656        6.44038620060668
C           -2.64302877042963        2.39406218717525        6.68303655312818
O           -3.51347454521388        2.72110924386760        5.67316912559170
C           -3.06817329923719        2.62482295663520        7.98821696972402
O           -4.29941295517405        3.16406445600972        8.26314024294255
C           -2.22475887847673        2.29959550317289        9.05494349150665
O           -2.62998265406569        2.52346692271272       10.32654774549632
C           -0.97762555419773        1.74668521561674        8.80178375666087
H           -2.58213750756174       -1.41592383813176        8.19387310624348
H           -5.00412620399446       -3.99939247032713        8.43793564144102
H           -3.80884424026854       -6.29138469951040        6.65946093786664
H           -1.08485037132900       -5.92260903312024        5.11973836094177
H           -0.20104121107511       -3.83086395276796        5.58515934662036
H            0.99737292060757        0.88104607632179        5.09868753252560
H            4.59013505454327       -1.30478969071101        5.49379371096453
H            7.57854555844891        0.53032286959667        5.83089737234478
H            6.46804872069645        2.39229606948873        6.57524554106738
H            3.39521334234055        3.89582046437743        7.21250668789596
H            2.03043944380386        2.41550532104699        8.30575003700056
H            0.57473542907959        3.35520092821954        6.60053061311661
H            1.07148416226896        0.27292145184968        8.07606449251035
H           -1.08315861282686        1.70013050147982        5.41726376255398
H           -3.13050444091364        2.45179093928148        4.83100896298291
H           -4.74722783354794        3.30015488962361        7.41894342878124
H           -3.52177628208074        2.89705604116509       10.29194951250023
H           -0.35866864523079        1.49013411674930        9.64591134494815
B           -6.91146415609606       -4.66703298674687        0.45052644353700
B           -5.10320870920016       -2.26364146839303        0.45839237170886
B           -3.58313509126522       -2.19133118535726        0.36466476985490
B            1.00473211242845       -2.86382791334599        0.33388335816763
B            2.47713510481259       -3.02123293722093       -0.01350924894395
B            5.27503886341054       -3.80036940997116       -0.58633244666549
B            6.24122640673547       -4.76154358383815       -1.23901534404723
B           -6.42436605760494       -3.17186533414055        0.38638888648815
B           -6.74087651456513       -1.64766956934315        0.34021335360424
B           -2.05118409680022       -2.31688704540677        0.52695344274818
B           -0.48247325410137       -2.45654934163437        0.49385120791043
B            4.01610663217318       -2.88354351437823       -0.08417643423805
B            5.73924788911291       -2.27289969844496       -0.15397209260839
B            6.78553514589010       -3.17754996929839       -1.03474265101243
B           -7.64114754283111       -0.27541473961890        0.37724137434203
B           -6.02647745314308       -0.14988530532130        0.20980767097023
B           -4.42909430298216       -0.55922716571770        0.29808961036732
B           -2.73533393766379       -0.66517633775386        0.40930170570145
B           -1.05329876814566       -0.89536650762796        0.78622299052751
B            0.51400835000867       -1.15446613584326        0.91969195923306
B            3.10491813184715       -1.47215690615793        0.10753906892409
B            4.68778873228935       -1.14175870103884        0.51791641222970
B            6.25266135921448       -0.77883050771060        0.39839328026837
B            7.69096901741934       -0.34692762789770        1.11598099820764
B           -6.90350861737517        1.19553923188351        0.18576573766676
B           -3.41111702872083        0.77110991166678        0.14574541610344
B           -1.65817892724263        0.53926114502167        0.22451946556320
B            1.85257162273576       -0.38011143415114        0.49029703442999
B            3.58043677123649       -0.13878876649952        0.94992682451218
B            6.96514303494564        0.61360078407384        0.00335773779652
B            8.33551767696978        1.04575578913757        0.65254337152004
B           -7.56723857395934        2.79039840279618        0.39297094230758
B           -6.15644783520604        2.49742071403816       -0.28548361500955
B           -3.59328648594535        2.30655336106077       -0.21415607861647
B           -0.90297802117880        1.82070588715693       -0.32787092203004
B            1.62185770581382        1.02937274415611       -0.26541661310177
B            3.00329503031101        1.31632597051861        0.68514911692899
B            6.35050508555062        1.86219459096084       -0.80640540163594
B           -6.51457710730747        4.02910366130690       -0.14071797406546
B           -4.88049406911504        3.45216632285472       -0.43118412451885
B           -3.42079984654257        3.85365450208406       -0.60142218737129
B           -2.01821817415634        3.21682380867925       -0.62816599332179
B           -0.48814822512985        3.28554930969041       -0.79487742053895
B            0.71843321908058        2.34207316284382       -0.62070678268420
B            2.33607031302664        2.48869330254829       -0.32503203229993
B            3.81512443102237        2.62450657385799        0.05803756000157
B            5.36763963494166        2.86665373755275       -0.01372534265956
B            6.04703699123705        4.07637610640615        0.77914625956650
H            6.18536413691565        5.15398009565372        0.31674541890867
H            8.25567616053253       -1.10383427291616        1.80823858497546
H            6.57587322851865        1.98190393443381       -1.96320448374912
H           -6.95360575551199       -5.37872632711619       -0.49949230970265
H           -6.76667019208192        5.16985644940826       -0.23766905677209
H            9.21005362057608        1.80997721125990        0.75071654674255
H           -8.81224626888623       -0.36322750097620        0.39990994786127
H            6.67366388358101       -5.75868309139881       -1.67180533469929
H           -8.62316604282909        2.98624086107967        0.86081526796416
H            7.84445281870873       -2.82145582287935       -1.40389970125594
H            6.45275190394363        3.96226326453221        1.88275092336592
H           -7.30460867236935       -5.19255237851681        1.43594366644913
112
 energy: -169.428090053785 gnorm: 0.013377045374 xtb: 6.7.1pre (5071a88)
O           -0.76684449427956       -0.95297636311942        4.68970051093430
C           -0.13878183021537       -0.81691008269162        5.72075993027791
O           -0.35405266809200       -1.50259504841369        6.85821553365630
C           -1.30923858351491       -2.50948336189522        6.86906609770327
C           -2.43664259893781       -2.33113612161434        7.65672499193892
C           -3.37492920532600       -3.34741834876491        7.74663893986538
O           -4.48676319360773       -3.18775818800203        8.49981046679948
C           -3.16967486331429       -4.54130679312579        7.04959983676103
O           -4.10628371175934       -5.53383234743155        7.17237332089484
C           -2.03638384383561       -4.70118747244390        6.25331745574637
O           -1.90709557667572       -5.89896300030371        5.60163009744001
C           -1.10490226933041       -3.68150905537082        6.15448017221225
C            0.98417437955997        0.18836699541980        5.92004270531648
O            2.20377495790473       -0.53526147931532        5.94228946201300
C            3.30053986425833        0.23863484549483        6.18026083913099
C            4.53359472641728       -0.29846529387134        5.83921356073447
C            5.68628015704380        0.45746263337364        6.00245780369695
O            6.87143725353460       -0.10658779418947        5.66691001902993
C            5.60008596686114        1.76380582950431        6.46567259947616
C            4.36663314494172        2.29903930743845        6.81008298749841
O            4.31849876287575        3.58470543380037        7.22517502005503
C            3.20762161452759        1.52062961028708        6.72306172829299
C            1.89837353546364        2.07233096869186        7.23749956650717
O            1.53126725621847        3.19775148047343        6.45236611762441
C            0.82856269575644        0.96238981633746        7.23350696605791
C           -0.54803529238701        1.52037052880758        7.46712241433162
C           -1.38665034080561        1.86159078124193        6.40998360128312
C           -2.64648673854494        2.38537093972308        6.66243141801396
O           -3.52611309767564        2.71659990952287        5.66086305336338
C           -3.06833116057610        2.60718810268106        7.96953654644115
O           -4.29937861332525        3.13757927041853        8.25297917897323
C           -2.22181734081349        2.28014061367698        9.03322685330573
O           -2.62285537112618        2.49088957148702       10.30741442959883
C           -0.97230856982573        1.73683044423191        8.77209789600175
H           -2.59080213179178       -1.41263869746847        8.19825360262051
H           -5.00290766733559       -4.00253716705496        8.44096454199599
H           -3.80241238295470       -6.28339812466705        6.64385309327558
H           -1.10119085986291       -5.89000855692116        5.07249504280474
H           -0.22280781674241       -3.79577556639628        5.54230799035714
H            1.00052570508306        0.88117618565130        5.06642329613920
H            4.59326070767374       -1.29745210113533        5.44215098002938
H            7.58284288141042        0.53498242517970        5.78950697644761
H            6.47494586719747        2.38933926179981        6.55709574641125
H            3.40113519046703        3.88734867814812        7.21020889527482
H            2.03234987031600        2.40598912479581        8.28346223319087
H            0.59119728577960        3.35488822621121        6.56071763861885
H            1.07276716463630        0.26990664390401        8.04443983424389
H           -1.08965209470434        1.69972286851482        5.38490194836098
H           -3.15614026249867        2.44930017074700        4.81145688345975
H           -4.75439076120955        3.28031053005093        7.41327572375941
H           -3.51889580264270        2.85610117008248       10.28328553852851
H           -0.34730380608085        1.48044725006855        9.61283643081239
B           -6.91353287736660       -4.66688765660561        0.48724839895665
B           -5.10277686210785       -2.26084338640163        0.48591613229280
B           -3.58188872469452       -2.19283934525761        0.39704701439172
B            1.00585897210207       -2.86284899430760        0.38613792271244
B            2.47689186182180       -3.02285348361581        0.03413074291393
B            5.27039125394410       -3.79371653862987       -0.57284421283868
B            6.22702500643073       -4.74729159481085       -1.24853338753661
B           -6.42211395026792       -3.17378001903835        0.41516067883781
B           -6.74085047801931       -1.65098272174247        0.36044085592443
B           -2.05075556911885       -2.31639023296122        0.56579805493289
B           -0.48191826800652       -2.45584626454551        0.54128375846976
B            4.01414466038927       -2.88240861959359       -0.05249396521863
B            5.73596968283957       -2.27071983066260       -0.12970332130457
B            6.77831277750239       -3.16907497737736       -1.02205147175684
B           -7.63989857332332       -0.27837032293123        0.38942089053645
B           -6.02480605408747       -0.15444166298624        0.22222497274505
B           -4.42740060752275       -0.56097642710882        0.31866556937346
B           -2.73282894582074       -0.66688432518175        0.42991542099811
B           -1.05243690712529       -0.89217844839459        0.81495508981044
B            0.51440898595620       -1.15065519906378        0.95716118983799
B            3.10314118770281       -1.47133752597350        0.14320034414333
B            4.68734967105238       -1.14074509719358        0.54937066775210
B            6.25176975538197       -0.77769784032093        0.42239628067044
B            7.69311897266846       -0.34599854949812        1.13357444114556
B           -6.90043761832401        1.19184958800733        0.19643466591172
B           -3.40975273408901        0.76741692296397        0.15514294974823
B           -1.65686577071526        0.53818761887288        0.24167822459703
B            1.85228087195654       -0.37598455635876        0.52353489693054
B            3.58147727498528       -0.13662157240885        0.98210187758209
B            6.96311457810526        0.61443062817157        0.02390490521286
B            8.33694691790924        1.04523112012128        0.66548180565165
B           -7.56241638864534        2.78714474039113        0.40528812470516
B           -6.15761149357583        2.49261191522158       -0.28208605850249
B           -3.59209058470420        2.30194892009038       -0.20893791077724
B           -0.90084002046674        1.81905734996079       -0.31062205085887
B            1.62348680752145        1.03109263063015       -0.23580768373697
B            3.00379653820808        1.31775305125373        0.71618351348478
B            6.34597159837470        1.86249976971652       -0.78437564699424
B           -6.51380702686280        4.02445348128952       -0.13752076051276
B           -4.88072936789827        3.44561124828022       -0.43124682414938
B           -3.42141755574885        3.84852099033373       -0.59920188941812
B           -2.01694777521495        3.21543352218416       -0.61492129906242
B           -0.48672667269292        3.28503410646075       -0.77563188166104
B            0.71989666387858        2.34289630680819       -0.59480811879642
B            2.33623275708556        2.49109248744351       -0.29423051449148
B            3.81522763939544        2.62616749053778        0.08894648890528
B            5.36763649746377        2.86777402485284        0.01261612514155
B            6.04880393973968        4.07667880468148        0.80516283061419
H            6.18652574896087        5.15523823060215        0.34499367628612
H            8.26128686910812       -1.10276362550484        1.82317397445438
H            6.56605041757999        1.98067385050188       -1.94229806532863
H           -6.94061887475946       -5.38823542338448       -0.45682498397098
H           -6.76641774876004        5.16492198370262       -0.23779575004702
H            9.21231472162814        1.80841482011254        0.75846333706158
H           -8.81133418357320       -0.36316323373341        0.40670994133362
H            6.65100219317509       -5.73688654775132       -1.70611178241819
H           -8.61454036884760        2.98260276349987        0.88128422628146
H            7.83904613812976       -2.81278418707488       -1.38637198142687
H            6.45950426834893        3.95925113179922        1.90654378155353
H           -7.30664026516268       -5.18671094166412        1.47436127179012
112
 energy: -169.428744488223 gnorm: 0.012428062532 xtb: 6.7.1pre (5071a88)
O           -0.73397994770430       -0.97750985047009        4.63977856946446
C           -0.13562768861121       -0.81714238369390        5.68237960530761
O           -0.38542829606830       -1.46665747510552        6.83161608778372
C           -1.32753843518255       -2.48358036375746        6.84373930540944
C           -2.44619831948696       -2.32037989394943        7.64901903360742
C           -3.37847759706572       -3.34209474513668        7.74019087454034
O           -4.48186208074431       -3.19381569478649        8.50866823700862
C           -3.17323008001991       -4.52873823666097        7.02965911206233
O           -4.10095327872995       -5.52869296160789        7.15778536475469
C           -2.04768939551089       -4.67387917725759        6.21979483417906
O           -1.91619000265427       -5.86800566911600        5.56188880920093
C           -1.12345424070293       -3.64777388954849        6.11618960176839
C            0.98848316358898        0.18892335968115        5.88111783958687
O            2.20858699423011       -0.53343041348235        5.89750369873434
C            3.30521975907463        0.24117923425911        6.14023831902334
C            4.53814356920134       -0.29273109175928        5.79292100609848
C            5.69137193850264        0.46133522153100        5.96178367157852
O            6.87465966079242       -0.09898581792953        5.61373839701747
C            5.60699775916629        1.76127255928656        6.44217441268297
C            4.37397919701257        2.29404134476933        6.79344135221614
O            4.32567152366476        3.57294412204843        7.22713077431222
C            3.21377688386163        1.51783295648827        6.69484834749215
C            1.90411773645647        2.06734093664412        7.21048210237956
O            1.54485707258957        3.20222755666494        6.43437181933478
C            0.83339936567014        0.95890479699886        7.19675958394263
C           -0.54375821844012        1.51569765174999        7.43238084915534
C           -1.38746016901106        1.85628245409422        6.37807773482616
C           -2.64830110987584        2.37487193734066        6.63892823992301
O           -3.53504065982080        2.70897300366658        5.64407444578775
C           -3.06740677862813        2.58754485210235        7.94748260901327
O           -4.29903039291649        3.10809517572008        8.23882773018688
C           -2.21791690516696        2.25935977449622        9.00793712771477
O           -2.61406858480769        2.45683044202558       10.28493471441736
C           -0.96554203234719        1.72585435482940        8.73954823905817
H           -2.59656171381032       -1.40843237206567        8.20323640975969
H           -4.99937818823180       -4.00794774712118        8.44780854152634
H           -3.80012931943886       -6.27207408508743        6.61962651262006
H           -1.11941768053230       -5.85129606607941        5.01818186587804
H           -0.24824296131438       -3.75343544916585        5.49264307139931
H            1.00199211799975        0.88275549723516        5.02856554833550
H            4.59647720911917       -1.28834940914875        5.38674862976889
H            7.58721251505255        0.54008742068526        5.74166042526621
H            6.48331667614715        2.38461829350458        6.53941813395065
H            3.41258646308202        3.87855019111456        7.19978380120888
H            2.03399804711751        2.39297089771753        8.25963816637921
H            0.58716125325970        3.33813648654879        6.50762394667178
H            1.07546660091278        0.26340481648120        8.00695265004790
H           -1.09337652099151        1.69737043760872        5.35198420821273
H           -3.17620410002600        2.44325444703430        4.78939408308263
H           -4.76143028639747        3.25544908503407        7.40381653267742
H           -3.51482735803043        2.81206398451474       10.27164419141718
H           -0.33370589812206        1.46858030622116        9.57522448195345
B           -6.90714428323780       -4.66961846872717        0.52916181261661
B           -5.10189433044204       -2.25657856066196        0.52060843622070
B           -3.58034622927943       -2.19370107891664        0.43536377772922
B            1.00693492359114       -2.86179152688740        0.44237083415351
B            2.47678608764277       -3.02463952292625        0.08675006773229
B            5.26525178678580       -3.78676614292357       -0.55631654675443
B            6.21097483929679       -4.73104849530954       -1.26102158822205
B           -6.41761472370216       -3.17644433162528        0.44930143236430
B           -6.74127398133142       -1.65522234289658        0.38237933121682
B           -2.05013974951190       -2.31533462796260        0.60969837742648
B           -0.48133175095415       -2.45449561609116        0.59242885589096
B            4.01213729648306       -2.88170973322837       -0.01645464415425
B            5.73256901291993       -2.26823629212794       -0.10203787216992
B            6.77043442615332       -3.15963583132146       -1.00712279143135
B           -7.63922483966067       -0.28211299446840        0.40327259290887
B           -6.02335267298501       -0.15993781260706        0.23734957383399
B           -4.42531415061260       -0.56236842227885        0.33979703854333
B           -2.73003769676769       -0.66822523475177        0.45618334264873
B           -1.05161608203549       -0.88873345516841        0.84831124478939
B            0.51497670989417       -1.14662542086312        0.99901728879591
B            3.10164287368626       -1.47075763942863        0.18438472509121
B            4.68731426616484       -1.13935770411832        0.58478391734457
B            6.25106639890674       -0.77640555588926        0.44986003785641
B            7.69571114270113       -0.34487351433961        1.15404440079921
B           -6.89784204799976        1.18703265934565        0.20844471088123
B           -3.40822457387298        0.76423354665430        0.17035208901023
B           -1.65510700600345        0.53709058281786        0.26300200454892
B            1.85221676546005       -0.37186709656009        0.56140777788540
B            3.58303855523009       -0.13411310524106        1.01854701923407
B            6.96146012929285        0.61530390790912        0.04724692122596
B            8.33738738861451        1.04591945211809        0.68276665878604
B           -7.55815035401049        2.78332243755170        0.41939442635890
B           -6.15880054031214        2.48655569567499       -0.27862360980864
B           -3.59103210622507        2.29646964665808       -0.20424724009421
B           -0.89837895419243        1.81637952336716       -0.29131999785696
B            1.62551793983064        1.03248810239594       -0.20215975645802
B            3.00464756960117        1.31932107452398        0.75126555834402
B            6.34097286608082        1.86249358168622       -0.75952930684132
B           -6.51283623455503        4.01923258839441       -0.13333892725293
B           -4.88130418304614        3.43796557264540       -0.43437624183683
B           -3.42175814309275        3.84283842689139       -0.59620934394444
B           -2.01511442791890        3.21370466357843       -0.59702750003690
B           -0.48523596531702        3.28302348506167       -0.75557672274288
B            0.72186991766485        2.34315970824266       -0.56642409902134
B            2.33648029311972        2.49330132156513       -0.25966822256807
B            3.81549181967518        2.62790715047298        0.12353798682968
B            5.36794851081914        2.86878347212124        0.04235955306622
B            6.05504026614485        4.07601465753859        0.83244259233789
H            6.18457822061111        5.15791391840609        0.37646553856938
H            8.26770840236195       -1.10176443867288        1.84034733720280
H            6.55601289791280        1.97970748573309       -1.91840949708395
H           -6.93244588517362       -5.39480741382821       -0.40997690868102
H           -6.76692455812419        5.15916775162226       -0.23617286697001
H            9.21654841564408        1.80719177531362        0.76742666004331
H           -8.81111820894418       -0.36445536871298        0.41347059493346
H            6.62640373183228       -5.71229526687478       -1.74378601879214
H           -8.60659747529250        2.98003789461013        0.90369785701321
H            7.83323996549621       -2.80348956429145       -1.36613831172127
H            6.46564383041148        3.95765226827701        1.93325218344591
H           -7.31451436156536       -5.17954157666944        1.51786380726584
112
 energy: -169.429490574251 gnorm: 0.008220425568 xtb: 6.7.1pre (5071a88)
O           -0.70306606663163       -1.00833745145703        4.59172860691701
C           -0.13683858391452       -0.81884939193500        5.64757935487067
O           -0.41136382331346       -1.43731358707830        6.80344716052314
C           -1.34278875905090       -2.46265422747023        6.82190943880501
C           -2.45109369360140       -2.31145638232189        7.64282725477649
C           -3.37835883864886       -3.33875921560340        7.73511514772204
O           -4.47218202798955       -3.20172955244117        8.52115418940920
C           -3.17791047611574       -4.51752883628279        7.00968150539662
O           -4.09878753780816       -5.52506092586412        7.14019041669376
C           -2.06089758077670       -4.64915137300478        6.18659338307573
O           -1.92813880157615       -5.83731560458586        5.51790319799564
C           -1.14150184114170       -3.61805557096581        6.08146821616935
C            0.98971675006900        0.18863205078781        5.84337566672795
O            2.21231535014650       -0.53051538337205        5.85514584767302
C            3.31013809591280        0.24408432437322        6.10001596291160
C            4.54250504560603       -0.28749046240637        5.74622992771407
C            5.69585195900051        0.46455578812208        5.92097817294041
O            6.87838475250791       -0.09223505353034        5.56238234596171
C            5.61351802557101        1.75897574185254        6.41517047922100
C            4.38097064155334        2.28861118034931        6.77112140154761
O            4.33365609382743        3.56133859335437        7.22505229427998
C            3.21933635749051        1.51581537537538        6.66216364559550
C            1.90925218500291        2.06307112317199        7.18040448074803
O            1.55035754074107        3.20499085035946        6.41183642029717
C            0.83807475400489        0.95671912858685        7.16060500293542
C           -0.53990357202905        1.51393175497541        7.39944527058923
C           -1.38861028793053        1.85466670388599        6.35001342559277
C           -2.65108518430073        2.36676553760552        6.61685934131429
O           -3.54239151307413        2.70152189146233        5.62645848085001
C           -3.06822611592267        2.57036845501326        7.92701893795769
O           -4.30276295363290        3.08061485333705        8.22419356602398
C           -2.21439670662453        2.24162838190557        8.98286394929735
O           -2.60651254674420        2.42661001766739       10.26312525199513
C           -0.95943304154161        1.71681186387793        8.70787079726995
H           -2.59380440622067       -1.40659975776361        8.20980539164726
H           -4.99110834614849       -4.01625154647967        8.45452384989058
H           -3.80318719001244       -6.25716434074688        6.58415976739681
H           -1.14004623515641       -5.81152750772919        4.96315545626312
H           -0.27367973442651       -3.71421218310317        5.44669542297421
H            0.99972274194283        0.88032828965226        4.98894956793097
H            4.59979815501702       -1.27909253806308        5.33300242908404
H            7.59090750648496        0.54534938019219        5.69176251203226
H            6.49162180135932        2.37815667159368        6.52074541080908
H            3.41873373149987        3.86941226283901        7.18782703778544
H            2.03929013937350        2.38228447735293        8.23147454024397
H            0.59923013794700        3.34013922430617        6.47975366520315
H            1.07588025164161        0.25665802160764        7.96883601502811
H           -1.09680135650866        1.69875322689538        5.32346582361096
H           -3.19186037415760        2.43332529476862        4.77053365777180
H           -4.76857165533607        3.22926825324182        7.39187231528981
H           -3.51147448773230        2.77117834078360       10.25638037337016
H           -0.32182620979738        1.45665937963381        9.53723872360752
B           -6.89613464043232       -4.67369296384301        0.56984866616558
B           -5.10156185054049       -2.25073518193138        0.55607732260538
B           -3.57930552849852       -2.19358683571556        0.47515264675100
B            1.00734343126211       -2.86088784728277        0.49279336204852
B            2.47649577986680       -3.02597068757330        0.13511203687149
B            5.26028792981721       -3.78040692617379       -0.53984521108999
B            6.19469861277666       -4.71462085090252       -1.27595261034675
B           -6.41244821438937       -3.17892311886063        0.48617727947624
B           -6.74293715083938       -1.65941418153080        0.40703322959538
B           -2.04977139851838       -2.31391144883828        0.65319529183449
B           -0.48090553531682       -2.45291821664398        0.64009507704963
B            4.01006652296557       -2.88217222977193        0.01764546855641
B            5.72950199115357       -2.26560376477897       -0.07592949814820
B            6.76395502962827       -3.15099279831160       -0.99086365853960
B           -7.63993867489378       -0.28535518753015        0.41662868472143
B           -6.02285363561457       -0.16571755149909        0.25451632762546
B           -4.42342309456432       -0.56258628532771        0.36237194403317
B           -2.72749390689341       -0.66892945891139        0.48536088060564
B           -1.05119241716488       -0.88562279976213        0.88140793623691
B            0.51540357006434       -1.14281142350720        1.03872456063712
B            3.10107691621679       -1.47084244283758        0.22568879323404
B            4.68816875420963       -1.13718141418464        0.61817798857305
B            6.25108580971913       -0.77509798646503        0.47611902486393
B            7.69837918657515       -0.34389133401733        1.17480459838518
B           -6.89646319253557        1.18213688385462        0.22174871063659
B           -3.40715142343212        0.76132547073749        0.18797664140765
B           -1.65312482452506        0.53566758573541        0.28468254681323
B            1.85256973911750       -0.36890980443170        0.59872021823932
B            3.58508274644223       -0.13181889470286        1.05424973357545
B            6.96123840510232        0.61611733094940        0.06996496380825
B            8.33713962597886        1.04791747381462        0.70327631894433
B           -7.55630232289112        2.77962330685033        0.43113931249323
B           -6.15808514432872        2.48058972950165       -0.26988893056964
B           -3.58907433942087        2.29147739473125       -0.19534972025555
B           -0.89570552058843        1.81437980513120       -0.26909865001250
B            1.62755234554552        1.03317186366215       -0.16852522125179
B            3.00581238324979        1.32066884471179        0.78587976170123
B            6.33651612015445        1.86243231359129       -0.73483833279888
B           -6.51279985512895        4.01414320120686       -0.13049237747815
B           -4.88024609658255        3.43274825502162       -0.42525133979762
B           -3.42107533504400        3.83748381450651       -0.58956841621399
B           -2.01605716568619        3.20679894982354       -0.59612976407993
B           -0.48367433133055        3.28043527610284       -0.73562705634226
B            0.72411540032070        2.34301725767463       -0.53808357168798
B            2.33699858441415        2.49465764771058       -0.22594561524625
B            3.81612324473603        2.62895981657122        0.15706804393053
B            5.36856068567957        2.86974744477127        0.07168460419991
B            6.06362650249774        4.07525538663860        0.85760293569899
H            6.18256284532924        5.16061147966146        0.40497948517691
H            8.27334843068334       -1.10154817555677        1.85760675799284
H            6.54723750903013        1.97985045450870       -1.89440040478605
H           -6.93074512790068       -5.39685371798302       -0.36715125261333
H           -6.76786368480439        5.15348622232300       -0.23567947527635
H            9.22024668095666        1.80810193000024        0.78122672949568
H           -8.81218541853008       -0.36713589008561        0.41779953865411
H            6.60484323698666       -5.68884888437233       -1.77159307988551
H           -8.60289279364224        2.97870321544141        0.91909424448601
H            7.82860157314653       -2.79553194576673       -1.34499546756078
H            6.47162374519853        3.95833515801269        1.95889580099869
H           -7.32112378365081       -5.17618981090258        1.55835568438367
